1748634080554,0,0,0,0,0,0,0,0,0,0,0
1748634080654,0,0,0,0,0,0,0,0,0,0,0
1748634080754,0,0,0,0,0,0,0,0,0,0,0
1748634080854,0,0,0,0,0,0,0,0,0,0,0
1748634080954,0,0,0,0,0,0,0,0,0,0,0
1748634081054,0,0,0,0,0,0,0,0,0,0,0
1748634081154,0,0,0,0,0,0,0,0,0,0,0
1748634081254,0,0,0,0,0,0,0,0,0,0,0
1748634081354,0,0,0,0,0,0,0,0,0,0,0
1748634081454,0,0,0,0,0,0,0,0,0,0,0
1748634081554,0,0,0,0,0,0,0,0,0,0,0
1748634081654,-3750000,-137830,80640,7327,0,0,0,0,0,0,0
1748634081754,-5625000,-208578,93468,56812,0,0,0,0,0,0,0
1748634081854,-7500000,-282992,69641,87967,0,0,0,0,0,0,0
1748634081954,-9375000,-346409,9153,82466,0,0,0,0,0,0,0
1748634082054,-11250000,-420822,3652,58638,0,0,0,0,0,0,0
1748634082154,-13125000,-487904,16481,34811,0,0,0,0,0,0,0
1748634082254,-15000000,-569650,65966,10983,0,0,0,0,0,0,0
1748634082354,-16875000,-633067,-12847,5482,0,0,0,0,0,0,0
1748634082454,-18750000,-711146,-18,73297,0,0,0,0,0,0,0
1748634082554,-18750000,-711146,18311,91623,0,0,0,0,0,0,0
1748634082654,-18750000,-729475,-36675,91623,0,0,0,0,0,0,0
1748634082754,-18750000,-722144,-36675,36637,0,0,0,0,0,0,0
1748634082854,-18750000,-722144,-36675,-18344,0,0,0,0,0,0,0
1748634082954,-18750000,-733140,54967,-36671,0,0,0,0,0,0,0
1748634083054,-18750000,-733140,54967,-36671,0,0,0,0,0,0,0
1748634083154,-18750000,-733140,54967,-36671,0,0,0,0,0,0,0
1748634083254,-18750000,-733140,54967,-36671,0,0,0,0,0,0,0
1748634083354,-18750000,-733140,54967,-36671,0,0,0,0,0,0,0
1748634083454,-18750000,-733140,54967,-36671,0,0,0,0,0,0,0
1748634083554,-18750000,-733140,54967,-36671,0,0,0,0,0,0,0
1748634083654,-18750000,-733140,54967,-36671,0,0,0,0,0,0,0
1748634083754,-18750000,-733140,54967,-36671,0,0,0,0,0,0,0
1748634083854,-18750000,-733140,54967,-36671,0,0,0,0,0,0,0
1748634083954,-18750000,-733140,54967,-36671,0,0,0,0,0,0,0
1748634084054,-18750000,-740472,18307,-55004,0,0,0,0,0,0,0
1748634084154,-18750000,-725809,-36678,-55004,0,0,0,0,0,0,0
1748634084254,-18750000,-736805,36633,-55004,0,0,0,0,0,0,0
1748634084354,-18750000,-740471,-22,-91664,0,0,0,0,0,0,0
1748634084454,-18750000,-725809,-55008,-109991,0,0,0,0,0,0,0
1748634084554,-18750000,-722143,-128321,-164973,0,0,0,0,0,0,0
1748634084654,-18750000,-740471,-128321,-183299,0,0,0,0,0,0,0
1748634084754,-18750000,-733140,-36678,-183299,0,0,0,0,0,0,0
1748634084854,-18750000,-733140,-55004,-164973,0,0,0,0,0,0,0
1748634084954,-18750000,-725809,109953,-146643,0,0,0,0,0,0,0
1748634085054,-18750000,-729475,54971,-91657,0,0,0,0,0,0,0
1748634085154,-18750000,-736806,36645,-55001,0,0,0,0,0,0,0
1748634085254,-18750000,-747803,-36667,-18345,0,0,0,0,0,0,0
1748634085354,-18750000,-744137,-73327,-18345,0,0,0,0,0,0,0
1748634085454,-18750000,-758800,-73327,-18,0,0,0,0,0,0,0
1748634085554,-18750000,-766132,128283,-18,0,0,0,0,0,0,0
1748634085654,-18750000,-769797,91627,-18,0,0,0,0,0,0,0
1748634085754,-18750000,-791792,54967,-36678,0,0,0,0,0,0,0
1748634085854,-18750000,-777129,73293,-22,0,0,0,0,0,0,0
1748634085954,-18750000,-766132,-18348,-22,0,0,0,0,0,0,0
1748634086054,-18750000,-762466,73293,36633,0,0,0,0,0,0,0
1748634086154,-18750000,-755135,91620,-22,0,0,0,0,0,0,0
1748634086254,-18750000,-736806,201588,-55005,0,0,0,0,0,0,0
1748634086354,-18750000,-725809,256575,-55005,0,0,0,0,0,0,0
1748634086454,-18750000,-725809,219918,-109991,0,0,0,0,0,0,0
1748634086554,-18750000,-729474,128276,-128321,0,0,0,0,0,0,0
1748634086654,-18750000,-714811,128276,-164981,0,0,0,0,0,0,0
1748634086754,-18750000,-703814,109950,-128321,0,0,0,0,0,0,0
1748634086854,-18750000,-714811,54967,-183303,0,0,0,0,0,0,0
1748634086954,-18750000,-736805,54967,-128317,0,0,0,0,0,0,0
1748634087054,-18750000,-736805,-18348,-164973,0,0,0,0,0,0,0
1748634087154,-18750000,-740471,-55005,-146647,0,0,0,0,0,0,0
1748634087254,-18750000,-751469,-91661,-128321,0,0,0,0,0,0,0
1748634087354,-18750000,-769797,-73331,-128321,0,0,0,0,0,0,0
1748634087454,-18750000,-777128,18311,-73334,0,0,0,0,0,0,0
1748634087554,-18750000,-762466,-55001,-91664,0,0,0,0,0,0,0
1748634087654,-18750000,-755135,-109987,-22,0,0,0,0,0,0,0
1748634087754,-18750000,-751469,-91661,-22,0,0,0,0,0,0,0
1748634087854,-18750000,-744137,-128321,54960,0,0,0,0,0,0,0
1748634087954,-18750000,-744137,-128321,-55012,0,0,0,0,0,0,0
1748634088054,-18750000,-736806,-201633,-73338,0,0,0,0,0,0,0
1748634088154,-18750000,-740471,-128321,-128324,0,0,0,0,0,0,0
1748634088254,-18750000,-725809,-128321,-128324,0,0,0,0,0,0,0
1748634088354,-18750000,-718478,-164977,-183307,0,0,0,0,0,0,0
1748634088454,-18750000,-711146,-201633,-183307,0,0,0,0,0,0,0
1748634088554,-18750000,-722144,-183303,-164977,0,0,0,0,0,0,0
1748634088654,-18750000,-725809,-183303,-256619,0,0,0,0,0,0,0
1748634088754,-18750000,-711146,-219959,-201637,0,0,0,0,0,0,0
1748634088854,-18750000,-725809,-146643,-293279,0,0,0,0,0,0,0
1748634088954,-18750000,-722144,-128317,-183307,0,0,0,0,0,0,0
1748634089054,-18750000,-725809,-128317,-146651,0,0,0,0,0,0,0
1748634089154,-18750000,-714812,-146643,-91664,0,0,0,0,0,0,0
1748634089254,-18750000,-729475,-219956,-91664,0,0,0,0,0,0,0
1748634089354,-18750000,-718478,-128313,-91664,0,0,0,0,0,0,0
1748634089454,-18750000,-692818,-109987,-128321,0,0,0,0,0,0,0
1748634089554,-18750000,-678155,-164973,-146651,0,0,0,0,0,0,0
1748634089654,-18750000,-689152,-55004,-55008,0,0,0,0,0,0,0
1748634089754,-18750000,-700149,-55004,-109991,0,0,0,0,0,0,0
1748634089854,-18750000,-689152,-128321,-73331,0,0,0,0,0,0,0
1748634089954,-18750000,-685486,-146647,-109991,0,0,0,0,0,0,0
1748634090054,-18750000,-685486,-164977,-109991,0,0,0,0,0,0,0
1748634090154,-18750000,-703814,-146651,-183303,0,0,0,0,0,0,0
1748634090254,-18750000,-700148,-73338,-201630,0,0,0,0,0,0,0
1748634090354,-18750000,-700148,-238297,-201630,0,0,0,0,0,0,0
1748634090454,-18750000,-729474,-293279,-164973,0,0,0,0,0,0,0
1748634090554,-18750000,-722143,-201637,-91657,0,0,0,0,0,0,0
1748634090654,-18750000,-733140,-219963,-128313,0,0,0,0,0,0,0
1748634090754,-18750000,-744137,-164977,-91657,0,0,0,0,0,0,0
1748634090854,-18750000,-762466,-55005,-109987,0,0,0,0,0,0,0
1748634090954,-18750000,-758801,-18,-164970,0,0,0,0,0,0,0
1748634091054,-18750000,-762467,128280,-164970,0,0,0,0,0,0,0
1748634091154,-18750000,-755135,128280,-128313,0,0,0,0,0,0,0
1748634091254,-18750000,-751469,146609,-128313,0,0,0,0,0,0,0
1748634091354,-18750000,-758801,293238,-55001,0,0,0,0,0,0,0
1748634091454,-18750000,-755135,293238,-55001,0,0,0,0,0,0,0
1748634091554,-18750000,-766132,348224,-91657,0,0,0,0,0,0,0
1748634091654,-18750000,-762466,238252,-91657,0,0,0,0,0,0,0
1748634091754,-18750000,-758800,219922,-146643,0,0,0,0,0,0,0
1748634091854,-18750000,-751469,183266,-109987,0,0,0,0,0,0,0
1748634091954,-18750000,-762465,54963,-73331,0,0,0,0,0,0,0
1748634092054,-18750000,-762465,73293,-146647,0,0,0,0,0,0,0
1748634092154,-18750000,-755134,36637,-73334,0,0,0,0,0,0,0
1748634092254,-18750000,-758799,-18,-73334,0,0,0,0,0,0,0
1748634092354,-18750000,-755134,-18,-146647,0,0,0,0,0,0,0
1748634092454,-18750000,-729474,18307,-164973,0,0,0,0,0,0,0
1748634092554,-18750000,-733139,-55008,-164973,0,0,0,0,0,0,0
1748634092654,-18750000,-722142,-22,-164973,0,0,0,0,0,0,0
1748634092754,-18750000,-736805,-91664,-128317,0,0,0,0,0,0,0
1748634092854,-18750000,-736805,-128321,-73331,0,0,0,0,0,0,0
1748634092954,-18750000,-755133,-128321,-109987,0,0,0,0,0,0,0
1748634093054,-18750000,-747802,-201633,-55001,0,0,0,0,0,0,0
1748634093154,-18750000,-766130,-201633,-73327,0,0,0,0,0,0,0
1748634093254,-18750000,-766130,-146651,-73327,0,0,0,0,0,0,0
1748634093354,-18750000,-762464,-274949,-109987,0,0,0,0,0,0,0
1748634093454,-18750000,-784458,-293276,-73331,0,0,0,0,0,0,0
1748634093554,-18750000,-784458,-256619,-18348,0,0,0,0,0,0,0
1748634093654,-18750000,-788124,-219963,-18348,0,0,0,0,0,0,0
1748634093754,-18750000,-758799,-109991,-36675,0,0,0,0,0,0,0
1748634093854,-18750000,-755133,-109991,-91661,0,0,0,0,0,0,0
1748634093954,-18750000,-725808,-18348,-91661,0,0,0,0,0,0,0
1748634094054,-18750000,-722142,-22,-109987,0,0,0,0,0,0,0
1748634094154,-18750000,-696482,18307,-146643,0,0,0,0,0,0,0
1748634094254,-18750000,-700148,-18,-183303,0,0,0,0,0,0,0
1748634094354,-18750000,-700148,54967,-109987,0,0,0,0,0,0,0
1748634094454,-18750000,-714812,91623,-146643,0,0,0,0,0,0,0
1748634094554,-18750000,-711146,73297,-91657,0,0,0,0,0,0,0
1748634094654,-18750000,-692818,128283,54971,0,0,0,0,0,0,0
1748634094754,-18750000,-689152,128283,164939,0,0,0,0,0,0,0
1748634094854,-18750000,-656161,183266,384881,0,0,0,0,0,0,0
1748634094954,-18750000,-641498,164939,623148,0,0,0,0,0,0,0
1748634095054,-18750000,-612173,201596,879746,0,0,0,0,0,0,0
1748634095154,-18750000,-593844,329894,1209656,0,0,0,0,0,0,0
1748634095254,-18750000,-531527,384881,1667868,0,0,0,0,0,0,0
1748634095354,-18750000,-458214,513179,2126077,0,0,0,0,0,0,0
1748634095454,-18750000,-362906,513179,2712584,0,0,0,0,0,0,0
1748634095554,-18750000,-263933,623148,3207453,0,0,0,0,0,0,0
1748634095654,-18750000,-161294,696461,3775634,0,0,0,0,0,0,0
1748634095754,-18750000,-32995,824759,4380472,0,0,0,0,0,0,0
1748634095854,-18750000,98969,916402,4930327,0,0,0,0,0,0,0
1748634095954,-18750000,241930,1044701,5461852,0,0,0,0,0,0,0
1748634096054,-18750000,403220,1282972,6030033,0,0,0,0,0,0,0
1748634096154,-18750000,586505,1429601,6524902,0,0,0,0,0,0,0
1748634096254,-18750000,740463,1576226,6909798,0,0,0,0,0,0,0
1748634096354,-18750000,905420,1704524,7221382,0,0,0,0,0,0,0
1748634096454,-18750000,1074041,1979452,7422997,0,0,0,0,0,0,0
1748634096554,-18750000,1220668,2089424,7642938,0,0,0,0,0,0,0
1748634096654,-18750000,1370962,2291039,7734580,0,0,0,0,0,0,0
1748634096754,-18750000,1517590,2529311,7807897,0,0,0,0,0,0,0
1748634096854,-18750000,1660552,2730926,7862883,0,0,0,0,0,0,0
1748634096954,-18750000,1799848,2987523,7899539,0,0,0,0,0,0,0
1748634097054,-18750000,1928148,3024179,7936195,0,0,0,0,0,0,0
1748634097154,-18750000,2038119,3079162,7917865,0,0,0,0,0,0,0
1748634097254,-18750000,2177416,3170804,7899539,0,0,0,0,0,0,0
1748634097354,-18750000,2294717,3299103,7899539,0,0,0,0,0,0,0
1748634097454,-18750000,2426682,3317429,7899539,0,0,0,0,0,0,0
1748634097554,-18750000,2562313,3372416,7917869,0,0,0,0,0,0,0
1748634097654,-18750000,2690612,3427402,7954526,0,0,0,0,0,0,0
1748634097754,-18750000,2793251,3445728,7954526,0,0,0,0,0,0,0
1748634097854,-18750000,2914219,3500714,7917866,0,0,0,0,0,0,0
1748634097954,-18750000,3013193,3537370,7826223,0,0,0,0,0,0,0
1748634098054,-18750000,3108500,3665669,7771237,0,0,0,0,0,0,0
1748634098154,-18750000,3225802,3775642,7771237,0,0,0,0,0,0,0
1748634098254,-18750000,3310112,3903940,7807893,0,0,0,0,0,0,0
1748634098354,-18750000,3394424,3977253,7752910,0,0,0,0,0,0,0
1748634098454,-18750000,3453075,4087225,7771237,0,0,0,0,0,0,0
1748634098554,-18750000,3522723,4288837,7624608,0,0,0,0,0,0,0
1748634098654,-18750000,3585040,4343819,7569622,0,0,0,0,0,0,0
1748634098754,-18750000,3673016,4417135,7532965,0,0,0,0,0,0,0
1748634098854,-18750000,3728002,4563760,7422997,0,0,0,0,0,0,0
1748634098954,-18750000,3793984,4655403,7441327,0,0,0,0,0,0,0
1748634099054,-18750000,3863632,4710389,7423000,0,0,0,0,0,0,0
1748634099154,-18750000,3918617,4765376,7368018,0,0,0,0,0,0,0
1748634099254,-18750000,3980934,4893674,7276375,0,0,0,0,0,0,0
1748634099354,-18750000,4035920,4966991,7313032,0,0,0,0,0,0,0
1748634099454,-18750000,4094570,5040303,7294706,0,0,0,0,0,0,0
1748634099554,-18750000,4145890,5058633,7368018,0,0,0,0,0,0,0
1748634099654,-18750000,4204540,5150276,7331362,0,0,0,0,0,0,0
1748634099754,-18750000,4252195,5205258,7386344,0,0,0,0,0,0,0
1748634099854,-18750000,4296183,5186932,7587956,0,0,0,0,0,0,0
1748634099954,-18750000,4369497,5186932,7789571,0,0,0,0,0,0,0
1748634100054,-18750000,4409819,5278574,7972856,0,0,0,0,0,0,0
1748634100154,-18750000,4446476,5296901,8266109,0,0,0,0,0,0,0
1748634100254,-18750000,4494131,5241918,8651006,0,0,0,0,0,0,0
1748634100354,-18750000,4549116,5333561,8907603,0,0,0,0,0,0,0
1748634100454,-18750000,4622430,5461859,9274173,0,0,0,0,0,0,0
1748634100554,-18750000,4670084,5535172,9659073,0,0,0,0,0,0,0
1748634100654,-18750000,4721404,5571828,10007313,0,0,0,0,0,0,0
1748634100754,-18750000,4776389,5590158,10337227,0,0,0,0,0,0,0
1748634100854,-18750000,4824043,5718457,10593828,0,0,0,0,0,0,0
1748634100954,-18750000,4868031,5810099,10777110,0,0,0,0,0,0,0
1748634101054,-18750000,4930348,5883412,10960395,0,0,0,0,0,0,0
1748634101154,-18750000,5003662,5956728,11015381,0,0,0,0,0,0,0
1748634101254,-18750000,5073310,6121683,11033711,0,0,0,0,0,0,0
1748634101354,-18750000,5131961,6048367,11162009,0,0,0,0,0,0,0
1748634101454,-18750000,5175949,6085023,11162009,0,0,0,0,0,0,0
1748634101554,-18750000,5238266,6121679,11143679,0,0,0,0,0,0,0
1748634101654,-18750000,5304248,6176666,11180339,0,0,0,0,0,0,0
1748634101754,-18750000,5355568,6249978,11235326,0,0,0,0,0,0,0
1748634101854,-18750000,5403222,6304961,11198666,0,0,0,0,0,0,0
1748634101954,-18750000,5450876,6396603,11198666,0,0,0,0,0,0,0
1748634102054,-18750000,5491199,6433259,11180336,0,0,0,0,0,0,0
1748634102154,-18750000,5520524,6451585,11180336,0,0,0,0,0,0,0
1748634102254,-18750000,5520524,6451585,11180336,0,0,0,0,0,0,0
1748634102354,-18750000,5520524,6451585,11180336,0,0,0,0,0,0,0
1748634102454,-18750000,5520524,6451585,11180336,0,0,0,0,0,0,0
1748634102554,-18750000,5520524,6451585,11180336,0,0,0,0,0,0,0
1748634102654,-18750000,5520524,6451585,11180336,0,0,0,0,0,0,0
1748634102754,-18750000,5520524,6451585,11180336,0,0,0,0,0,0,0
1748634102854,-18750000,5520524,6451585,11180336,0,0,0,0,0,0,0
1748634102954,-18750000,5520524,6451585,11180336,0,0,0,0,0,0,0
1748634103054,-18750000,5520524,6451585,11180336,0,0,0,0,0,0,0
1748634103154,-18750000,5560846,6451585,11143679,0,0,0,0,0,0,0
1748634103254,-18750000,5604834,6708183,11033711,0,0,0,0,0,0,0
1748634103354,-18750000,5637825,6781499,10942068,0,0,0,0,0,0,0
1748634103454,-18750000,5681813,6836485,10758783,0,0,0,0,0,0,0
1748634103554,-18750000,5711138,6818159,10483856,0,0,0,0,0,0,0
1748634103654,-18750000,5740463,6854815,10135616,0,0,0,0,0,0,0
1748634103754,-18750000,5784452,6799833,9860692,0,0,0,0,0,0,0
1748634103854,-18750000,5802780,6763177,9567438,0,0,0,0,0,0,0
1748634103954,-18750000,5846768,6726521,9182542,0,0,0,0,0,0,0
1748634104054,-18750000,5861432,6781507,8834302,0,0,0,0,0,0,0
1748634104154,-18750000,5879760,6726521,8504388,0,0,0,0,0,0,0
1748634104254,-18750000,5879760,6579896,8174474,0,0,0,0,0,0,0
1748634104354,-18750000,5890757,6469923,7771248,0,0,0,0,0,0,0
1748634104454,-18750000,5887091,6469923,7441338,0,0,0,0,0,0,0
1748634104554,-18750000,5887091,6561562,7276379,0,0,0,0,0,0,0
1748634104654,-18750000,5887091,6506579,7093094,0,0,0,0,0,0,0
1748634104754,-18750000,5883425,6506579,6873153,0,0,0,0,0,0,0
1748634104854,-18750000,5890757,6506579,6708198,0,0,0,0,0,0,0
1748634104954,-18750000,5883425,6506579,6689868,0,0,0,0,0,0,0
1748634105054,-18750000,5890757,6543235,6598225,0,0,0,0,0,0,0
1748634105154,-18750000,5883425,6616548,6506583,0,0,0,0,0,0,0
1748634105254,-18750000,5883425,6653204,6451597,0,0,0,0,0,0,0
1748634105354,-18750000,5883425,6689861,6469923,0,0,0,0,0,0,0
1748634105454,-18750000,5883425,6726517,6506579,0,0,0,0,0,0,0
1748634105554,-18750000,5868763,6708191,6414941,0,0,0,0,0,0,0
1748634105654,-18750000,5865098,6689861,6378284,0,0,0,0,0,0,0
1748634105754,-18750000,5850435,6689861,6378284,0,0,0,0,0,0,0
1748634105854,-18750000,5843104,6744847,6359954,0,0,0,0,0,0,0
1748634105954,-18750000,5821109,6781503,6268312,0,0,0,0,0,0,0
1748634106054,-18750000,5810112,6726517,6231656,0,0,0,0,0,0,0
1748634106154,-18750000,5806446,6763177,6249986,0,0,0,0,0,0,0
1748634106254,-18750000,5791784,6763177,6249986,0,0,0,0,0,0,0
1748634106354,-18750000,5795449,6818163,6213329,0,0,0,0,0,0,0
1748634106454,-18750000,5795449,6744850,6176673,0,0,0,0,0,0,0
1748634106554,-18750000,5802780,6763177,6176673,0,0,0,0,0,0,0
1748634106654,-18750000,5788118,6781507,6231656,0,0,0,0,0,0,0
1748634106754,-18750000,5791784,6836489,6268312,0,0,0,0,0,0,0
1748634106854,-18750000,5806447,6744847,6213326,0,0,0,0,0,0,0
1748634106954,-18750000,5828441,6781507,6213326,0,0,0,0,0,0,0
1748634107054,-18750000,5835773,6763180,6249982,0,0,0,0,0,0,0
1748634107154,-18750000,5821110,6708194,6213326,0,0,0,0,0,0,0
1748634107254,-18750000,5824775,6671538,6249982,0,0,0,0,0,0,0
1748634107354,-18750000,5795450,6708194,6231656,0,0,0,0,0,0,0
1748634107454,-18750000,5780788,6726520,6194996,0,0,0,0,0,0,0
1748634107554,-18750000,5788119,6634882,6249978,0,0,0,0,0,0,0
1748634107654,-18750000,5806447,6689864,6249978,0,0,0,0,0,0,0
1748634107754,-18750000,5806447,6689864,6249978,0,0,0,0,0,0,0
1748634107854,-18750000,5795450,6726521,6286638,0,0,0,0,0,0,0
1748634107954,-18750000,5762458,6689861,6231652,0,0,0,0,0,0,0
1748634108054,-18750000,5755127,6726517,6213322,0,0,0,0,0,0,0
1748634108154,-18750000,5755127,6781503,6194992,0,0,0,0,0,0,0
1748634108254,-18750000,5747795,6781503,6121679,0,0,0,0,0,0,0
1748634108354,-18750000,5758793,6726517,6158336,0,0,0,0,0,0,0
1748634108454,-18750000,5762459,6634874,6121679,0,0,0,0,0,0,0
1748634108554,-18750000,5747796,6708187,6066697,0,0,0,0,0,0,0
1748634108654,-18750000,5740465,6671531,6048370,0,0,0,0,0,0,0
1748634108754,-18750000,5729467,6708191,6066697,0,0,0,0,0,0,0
1748634108854,-18750000,5703808,6726517,6121679,0,0,0,0,0,0,0
1748634108954,-18750000,5725802,6726517,6213322,0,0,0,0,0,0,0
1748634109054,-18750000,5722137,6726517,6249978,0,0,0,0,0,0,0
1748634109154,-18750000,5700143,6616544,6213322,0,0,0,0,0,0,0
1748634109254,-18750000,5714806,6671527,6213322,0,0,0,0,0,0,0
1748634109354,-18750000,5707474,6616544,6194992,0,0,0,0,0,0,0
1748634109454,-18750000,5703808,6689860,6268308,0,0,0,0,0,0,0
1748634109554,-18750000,5692810,6708187,6268308,0,0,0,0,0,0,0
1748634109654,-18750000,5681814,6671530,6286634,0,0,0,0,0,0,0
1748634109754,-18750000,5674483,6543232,6249978,0,0,0,0,0,0,0
1748634109854,-18750000,5692811,6488249,6176666,0,0,0,0,0,0,0
1748634109954,-18750000,5674483,6488249,6121683,0,0,0,0,0,0,0
1748634110054,-18750000,5663485,6378277,6085027,0,0,0,0,0,0,0
1748634110154,-18750000,5674482,6433263,6140013,0,0,0,0,0,0,0
1748634110254,-18750000,5663485,6433263,6140013,0,0,0,0,0,0,0
1748634110354,-18750000,5667151,6433263,6158343,0,0,0,0,0,0,0
1748634110454,-18750000,5652489,6359947,6140013,0,0,0,0,0,0,0
1748634110554,-18750000,5667152,6341621,6176669,0,0,0,0,0,0,0
1748634110654,-18750000,5670818,6396607,6176669,0,0,0,0,0,0,0
1748634110754,-18750000,5663486,6433263,6176669,0,0,0,0,0,0,0
1748634110854,-18750000,5645158,6488246,6176669,0,0,0,0,0,0,0
1748634110954,-18750000,5637827,6451589,6140009,0,0,0,0,0,0,0
1748634111054,-18750000,5634161,6543232,6158339,0,0,0,0,0,0,0
1748634111154,-18750000,5634161,6506576,6085023,0,0,0,0,0,0,0
1748634111254,-18750000,5615832,6469919,6103353,0,0,0,0,0,0,0
1748634111354,-18750000,5601170,6561562,6066697,0,0,0,0,0,0,0
1748634111454,-18750000,5619498,6634878,6066697,0,0,0,0,0,0,0
1748634111554,-18750000,5612167,6653204,6011711,0,0,0,0,0,0,0
1748634111654,-18750000,5604835,6653204,5938398,0,0,0,0,0,0,0
1748634111754,-18750000,5615832,6616548,5956728,0,0,0,0,0,0,0
1748634111854,-18750000,5641492,6579892,5993384,0,0,0,0,0,0,0
1748634111954,-18750000,5645157,6598222,6048371,0,0,0,0,0,0,0
1748634112054,-18750000,5648823,6506579,5993384,0,0,0,0,0,0,0
1748634112154,-18750000,5641492,6506579,6030044,0,0,0,0,0,0,0
1748634112254,-18750000,5656154,6488253,6011714,0,0,0,0,0,0,0
1748634112354,-18750000,5659819,6396611,6011714,0,0,0,0,0,0,0
1748634112454,-18750000,5648822,6451593,6085027,0,0,0,0,0,0,0
1748634112554,-18750000,5641490,6341624,6140013,0,0,0,0,0,0,0
1748634112654,-18750000,5623162,6268312,6194999,0,0,0,0,0,0,0
1748634112754,-18750000,5623162,6359951,6194999,0,0,0,0,0,0,0
1748634112854,-18750000,5590171,6304968,6194999,0,0,0,0,0,0,0
1748634112954,-18750000,5579174,6176669,6158343,0,0,0,0,0,0,0
1748634113054,-18750000,5579174,6249985,6176673,0,0,0,0,0,0,0
1748634113154,-18750000,5575509,6249985,6158343,0,0,0,0,0,0,0
1748634113254,-18750000,5579175,6268312,6121687,0,0,0,0,0,0,0
1748634113354,-18750000,5568178,6268312,6103357,0,0,0,0,0,0,0
1748634113454,-18750000,5575509,6231656,6048374,0,0,0,0,0,0,0
1748634113554,-18750000,5557180,6341624,5993388,0,0,0,0,0,0,0
1748634113654,-18750000,5564512,6433263,5938402,0,0,0,0,0,0,0
1748634113754,-18750000,5546183,6451593,5920072,0,0,0,0,0,0,0
1748634113854,-18750000,5538851,6506575,5901746,0,0,0,0,0,0,0
1748634113954,-18750000,5527854,6616544,5938402,0,0,0,0,0,0,0
1748634114054,-18750000,5538851,6579888,5883416,0,0,0,0,0,0,0
1748634114154,-18750000,5542516,6524902,5920072,0,0,0,0,0,0,0
1748634114254,-18750000,5516856,6469919,5938402,0,0,0,0,0,0,0
1748634114354,-18750000,5535184,6433263,5975058,0,0,0,0,0,0,0
1748634114454,-18750000,5520522,6414937,5993384,0,0,0,0,0,0,0
1748634114554,-18750000,5520522,6414937,6030040,0,0,0,0,0,0,0
1748634114654,-18750000,5516857,6378281,6103353,0,0,0,0,0,0,0
1748634114754,-18750000,5524189,6323294,6103353,0,0,0,0,0,0,0
1748634114854,-18750000,5535186,6304968,6066693,0,0,0,0,0,0,0
1748634114954,-18750000,5549848,6268312,6085023,0,0,0,0,0,0,0
1748634115054,-18750000,5520523,6304968,6066693,0,0,0,0,0,0,0
1748634115154,-18750000,5516857,6359954,6048367,0,0,0,0,0,0,0
1748634115254,-18750000,5538852,6341624,6030037,0,0,0,0,0,0,0
1748634115354,-18750000,5538852,6359950,6011711,0,0,0,0,0,0,0
1748634115454,-18750000,5535186,6396607,6011711,0,0,0,0,0,0,0
1748634115554,-18750000,5546183,6304968,5993384,0,0,0,0,0,0,0
1748634115654,-18750000,5546183,6249986,5938402,0,0,0,0,0,0,0
1748634115754,-18750000,5538851,6249986,5938402,0,0,0,0,0,0,0
1748634115854,-18750000,5527854,6249986,5938402,0,0,0,0,0,0,0
1748634115954,-18750000,5535185,6231659,5828429,0,0,0,0,0,0,0
1748634116054,-18750000,5560845,6176673,5883416,0,0,0,0,0,0,0
1748634116154,-18750000,5571841,6140017,5865086,0,0,0,0,0,0,0
1748634116254,-18750000,5549847,6213329,5846756,0,0,0,0,0,0,0
1748634116354,-18750000,5546182,6323302,5883412,0,0,0,0,0,0,0
1748634116454,-18750000,5538850,6249989,5865086,0,0,0,0,0,0,0
1748634116554,-18750000,5527853,6231659,5810099,0,0,0,0,0,0,0
1748634116654,-18750000,5531518,6268316,5736783,0,0,0,0,0,0,0
1748634116754,-18750000,5535184,6249989,5681797,0,0,0,0,0,0,0
1748634116854,-18750000,5535184,6286646,5663471,0,0,0,0,0,0,0
1748634116954,-18750000,5505859,6231659,5736787,0,0,0,0,0,0,0
1748634117054,-18750000,5491197,6231659,5755117,0,0,0,0,0,0,0
1748634117154,-18750000,5461872,6268316,5755117,0,0,0,0,0,0,0
1748634117254,-18750000,5461872,6195003,5791777,0,0,0,0,0,0,0
1748634117354,-18750000,5443543,6103361,5718461,0,0,0,0,0,0,0
1748634117454,-18750000,5458206,6158343,5718461,0,0,0,0,0,0,0
1748634117554,-18750000,5469203,6176673,5773447,0,0,0,0,0,0,0
1748634117654,-18750000,5461872,6176673,5791777,0,0,0,0,0,0,0
1748634117754,-18750000,5447209,6194999,5883419,0,0,0,0,0,0,0
1748634117854,-18750000,5458207,6030044,5901746,0,0,0,0,0,0,0
1748634117954,-18750000,5454541,6121687,5865086,0,0,0,0,0,0,0
1748634118054,-18750000,5443544,6176673,5810099,0,0,0,0,0,0,0
1748634118154,-18750000,5454540,6194999,5773443,0,0,0,0,0,0,0
1748634118254,-18750000,5447209,6268312,5755113,0,0,0,0,0,0,0
1748634118354,-18750000,5458206,6249982,5810099,0,0,0,0,0,0,0
1748634118454,-18750000,5432546,6268312,5810099,0,0,0,0,0,0,0
1748634118554,-18750000,5406886,6304968,5791769,0,0,0,0,0,0,0
1748634118654,-18750000,5384893,6231652,5791769,0,0,0,0,0,0,0
1748634118754,-18750000,5403221,6231652,5645144,0,0,0,0,0,0,0
1748634118854,-18750000,5384893,6378277,5626818,0,0,0,0,0,0,0
1748634118954,-18750000,5410553,6378277,5590162,0,0,0,0,0,0,0
1748634119054,-18750000,5410553,6396603,5626818,0,0,0,0,0,0,0
1748634119154,-18750000,5410553,6378277,5681804,0,0,0,0,0,0,0
1748634119254,-18750000,5421550,6378277,5718461,0,0,0,0,0,0,0
1748634119354,-18750000,5425215,6359951,5700134,0,0,0,0,0,0,0
1748634119454,-18750000,5439878,6341621,5681804,0,0,0,0,0,0,0
1748634119554,-18750000,5447209,6341621,5700134,0,0,0,0,0,0,0
1748634119654,-18750000,5472869,6488249,5736791,0,0,0,0,0,0,0
1748634119754,-18750000,5458205,6451593,5755117,0,0,0,0,0,0,0
1748634119854,-18750000,5458205,6396611,5773443,0,0,0,0,0,0,0
1748634119954,-18750000,5436212,6378281,5773443,0,0,0,0,0,0,0
1748634120054,-18750000,5432546,6378281,5773443,0,0,0,0,0,0,0
1748634120154,-18750000,5410552,6359951,5755113,0,0,0,0,0,0,0
1748634120254,-18750000,5414218,6378281,5755113,0,0,0,0,0,0,0
1748634120354,-18750000,5406887,6341621,5718453,0,0,0,0,0,0,0
1748634120454,-18750000,5399555,6213322,5773439,0,0,0,0,0,0,0
1748634120554,-18750000,5392224,6213322,5791766,0,0,0,0,0,0,0
1748634120654,-18750000,5384892,6085023,5791766,0,0,0,0,0,0,0
1748634120754,-18750000,5384892,6085023,5828422,0,0,0,0,0,0,0
1748634120854,-18750000,5388558,6121679,5828422,0,0,0,0,0,0,0
1748634120954,-18750000,5395889,6121679,5865078,0,0,0,0,0,0,0
1748634121054,-18750000,5388558,6048367,5865078,0,0,0,0,0,0,0
1748634121154,-18750000,5399555,6048367,5828422,0,0,0,0,0,0,0
1748634121254,-18750000,5370230,5975054,5791766,0,0,0,0,0,0,0
1748634121354,-18750000,5340904,5975054,5846752,0,0,0,0,0,0,0
1748634121454,-18750000,5348235,6030041,5773436,0,0,0,0,0,0,0
1748634121554,-18750000,5351901,6030041,5773436,0,0,0,0,0,0,0
1748634121654,-18750000,5315245,6158339,5773436,0,0,0,0,0,0,0
1748634121754,-18750000,5285920,6158339,5828422,0,0,0,0,0,0,0
1748634121854,-18750000,5260260,6158339,5883408,0,0,0,0,0,0,0
1748634121954,-18750000,5252929,6194996,5901738,0,0,0,0,0,0,0
1748634122054,-18750000,5263926,6268308,5901738,0,0,0,0,0,0,0
1748634122154,-18750000,5263926,6231652,5938394,0,0,0,0,0,0,0
1748634122254,-18750000,5256595,6194992,5920064,0,0,0,0,0,0,0
1748634122354,-18750000,5260261,6268308,5901738,0,0,0,0,0,0,0
1748634122454,-18750000,5238267,6323294,5920068,0,0,0,0,0,0,0
1748634122554,-18750000,5216273,6286638,5828426,0,0,0,0,0,0,0
1748634122654,-18750000,5230935,6176669,5865082,0,0,0,0,0,0,0
1748634122754,-18750000,5245598,6066701,5773439,0,0,0,0,0,0,0
1748634122854,-18750000,5263926,6048371,5718453,0,0,0,0,0,0,0
1748634122954,-18750000,5245598,6011714,5700123,0,0,0,0,0,0,0
1748634123054,-18750000,5219938,5956732,5700123,0,0,0,0,0,0,0
1748634123154,-18750000,5205275,5938402,5663467,0,0,0,0,0,0,0
1748634123254,-18750000,5216272,5956732,5663467,0,0,0,0,0,0,0
1748634123354,-18750000,5223603,5938402,5571824,0,0,0,0,0,0,0
1748634123454,-18750000,5208941,5901746,5516838,0,0,0,0,0,0,0
1748634123554,-18750000,5219938,5901746,5571824,0,0,0,0,0,0,0
1748634123654,-18750000,5216272,5956728,5443526,0,0,0,0,0,0,0
1748634123754,-18750000,5208941,6048371,5498512,0,0,0,0,0,0,0
1748634123854,-18750000,5208941,6030044,5553498,0,0,0,0,0,0,0
1748634123954,-18750000,5216272,6048374,5535172,0,0,0,0,0,0,0
1748634124054,-18750000,5230934,6030044,5498516,0,0,0,0,0,0,0
1748634124154,-18750000,5227269,6140017,5535172,0,0,0,0,0,0,0
1748634124254,-18750000,5208941,6195003,5553502,0,0,0,0,0,0,0
1748634124354,-18750000,5219938,6140017,5608484,0,0,0,0,0,0,0
1748634124454,-18750000,5234600,6103357,5663471,0,0,0,0,0,0,0
1748634124554,-18750000,5227269,6194996,5608484,0,0,0,0,0,0,0
1748634124654,-18750000,5238266,6121683,5681797,0,0,0,0,0,0,0
1748634124754,-18750000,5234600,6121683,5645141,0,0,0,0,0,0,0
1748634124854,-18750000,5212606,6085023,5590154,0,0,0,0,0,0,0
1748634124954,-18750000,5201608,5993381,5608481,0,0,0,0,0,0,0
1748634125054,-18750000,5190611,6030037,5645137,0,0,0,0,0,0,0
1748634125154,-18750000,5186945,5938394,5608481,0,0,0,0,0,0,0
1748634125254,-18750000,5201608,5883408,5608481,0,0,0,0,0,0,0
1748634125354,-18750000,5172282,5956724,5571824,0,0,0,0,0,0,0
1748634125454,-18750000,5172282,6030041,5553494,0,0,0,0,0,0,0
1748634125554,-18750000,5172282,5938402,5516838,0,0,0,0,0,0,0
1748634125654,-18750000,5150288,6011714,5498512,0,0,0,0,0,0,0
1748634125754,-18750000,5153954,6030041,5498512,0,0,0,0,0,0,0
1748634125854,-18750000,5157620,6066701,5516842,0,0,0,0,0,0,0
1748634125954,-18750000,5153955,6158343,5498516,0,0,0,0,0,0,0
1748634126054,-18750000,5161287,6158343,5480186,0,0,0,0,0,0,0
1748634126154,-18750000,5150290,6194999,5516842,0,0,0,0,0,0,0
1748634126254,-18750000,5142959,6194999,5553498,0,0,0,0,0,0,0
1748634126354,-18750000,5146625,6121683,5590154,0,0,0,0,0,0,0
1748634126454,-18750000,5142959,6121683,5608484,0,0,0,0,0,0,0
1748634126554,-18750000,5146624,6103353,5700127,0,0,0,0,0,0,0
1748634126654,-18750000,5157620,6048371,5663471,0,0,0,0,0,0,0
1748634126754,-18750000,5153954,5975058,5663471,0,0,0,0,0,0,0
1748634126854,-18750000,5153954,5920072,5663471,0,0,0,0,0,0,0
1748634126954,-18750000,5172283,5865086,5681797,0,0,0,0,0,0,0
1748634127054,-18750000,5153954,5865086,5663471,0,0,0,0,0,0,0
1748634127154,-18750000,5168618,5901742,5663471,0,0,0,0,0,0,0
1748634127254,-18750000,5161286,5938398,5590158,0,0,0,0,0,0,0
1748634127354,-18750000,5157620,5975058,5608488,0,0,0,0,0,0,0
1748634127454,-18750000,5131961,5865086,5535176,0,0,0,0,0,0,0
1748634127554,-18750000,5120964,5956728,5535176,0,0,0,0,0,0,0
1748634127654,-18750000,5128296,5956728,5553502,0,0,0,0,0,0,0
1748634127754,-18750000,5128296,6030041,5535172,0,0,0,0,0,0,0
1748634127854,-18750000,5113633,6103353,5498516,0,0,0,0,0,0,0
1748634127954,-18750000,5084307,6121683,5498516,0,0,0,0,0,0,0
1748634128054,-18750000,5084307,6194996,5498516,0,0,0,0,0,0,0
1748634128154,-18750000,5065979,6158339,5480186,0,0,0,0,0,0,0
1748634128254,-18750000,5069644,6140013,5645141,0,0,0,0,0,0,0
1748634128354,-18750000,5076975,6121683,5956724,0,0,0,0,0,0,0
1748634128454,-18750000,5076975,6121683,5956724,0,0,0,0,0,0,0
1748634128554,-18750000,5076975,6121683,5956724,0,0,0,0,0,0,0
1748634128654,-18750000,5076975,6121683,5956724,0,0,0,0,0,0,0
1748634128754,-18750000,5076975,6121683,5956724,0,0,0,0,0,0,0
1748634128854,-18750000,5076975,6121683,5956724,0,0,0,0,0,0,0
1748634128954,-18750000,5076975,6121683,5956724,0,0,0,0,0,0,0
1748634129054,-18750000,5076975,6121683,5956724,0,0,0,0,0,0,0
1748634129154,-18750000,5076975,6121683,5956724,0,0,0,0,0,0,0
1748634129254,-18750000,5076975,6121683,5956724,0,0,0,0,0,0,0
1748634129354,-18750000,5076975,6121683,5956724,0,0,0,0,0,0,0
1748634129454,-18750000,5120963,6103353,6030037,0,0,0,0,0,0,0
1748634129554,-18750000,5124629,5993381,6085023,0,0,0,0,0,0,0
1748634129654,-18750000,5128295,6030037,6286638,0,0,0,0,0,0,0
1748634129754,-18750000,5146623,6048367,6726521,0,0,0,0,0,0,0
1748634129854,-18750000,5161286,6085023,7166403,0,0,0,0,0,0,0
1748634129954,-18750000,5190611,6085023,7752914,0,0,0,0,0,0,0
1748634130054,-18750000,5241930,6103353,8376082,0,0,0,0,0,0,0
1748634130154,-18750000,5260259,6158336,8907607,0,0,0,0,0,0,0
1748634130254,-18750000,5289584,6158336,9310833,0,0,0,0,0,0,0
1748634130354,-18750000,5318909,6121679,10043969,0,0,0,0,0,0,0
1748634130454,-18750000,5370229,6194992,10813766,0,0,0,0,0,0,0
1748634130554,-18750000,5384892,6304964,11565232,0,0,0,0,0,0,0
1748634130654,-18750000,5425214,6378280,12225056,0,0,0,0,0,0,0
1748634130754,-18750000,5472868,6414937,12573296,0,0,0,0,0,0,0
1748634130854,-18750000,5535185,6524906,12921539,0,0,0,0,0,0,0
1748634130954,-18750000,5579173,6543236,13178137,0,0,0,0,0,0,0
1748634131054,-18750000,5597502,6598218,13361422,0,0,0,0,0,0,0
1748634131154,-18750000,5656153,6616548,13508051,0,0,0,0,0,0,0
1748634131254,-18750000,5670815,6726517,13599693,0,0,0,0,0,0,0
1748634131354,-18750000,5696475,6873146,13673009,0,0,0,0,0,0,0
1748634131454,-18750000,5714803,6799833,13691336,0,0,0,0,0,0,0
1748634131554,-18750000,5744129,6873146,13727992,0,0,0,0,0,0,0
1748634131654,-18750000,5773454,6818159,13764648,0,0,0,0,0,0,0
1748634131754,-18750000,5788117,6854816,13764648,0,0,0,0,0,0,0
1748634131854,-18750000,5810111,6818159,13801304,0,0,0,0,0,0,0
1748634131954,-18750000,5810111,6891472,13764648,0,0,0,0,0,0,0
1748634132054,-18750000,5843102,6873146,13709662,0,0,0,0,0,0,0
1748634132154,-18750000,5861431,6873146,13489721,0,0,0,0,0,0,0
1748634132254,-18750000,5894423,6909806,13068164,0,0,0,0,0,0,0
1748634132354,-18750000,5920082,6928132,12573295,0,0,0,0,0,0,0
1748634132454,-18750000,5938411,7001444,12298368,0,0,0,0,0,0,0
1748634132554,-18750000,5949408,7019770,11931798,0,0,0,0,0,0,0
1748634132654,-18750000,5942077,7038097,11546902,0,0,0,0,0,0,0
1748634132754,-18750000,5956740,7038097,11363617,0,0,0,0,0,0,0
1748634132854,-18750000,5971403,7001440,11180332,0,0,0,0,0,0,0
1748634132954,-18750000,5989731,6928128,11015373,0,0,0,0,0,0,0
1748634133054,-18750000,5986066,6946454,10740449,0,0,0,0,0,0,0
1748634133154,-18750000,5960406,6946454,10667133,0,0,0,0,0,0,0
1748634133254,-18750000,5975069,6854812,10868748,0,0,0,0,0,0,0
1748634133354,-18750000,5964072,6836485,11143676,0,0,0,0,0,0,0
1748634133454,-18750000,5953076,6873145,11088693,0,0,0,0,0,0,0
1748634133554,-18750000,5949410,6873145,11216996,0,0,0,0,0,0,0
1748634133654,-18750000,5956741,6854819,11345294,0,0,0,0,0,0,0
1748634133754,-18750000,5960406,6854819,11418607,0,0,0,0,0,0,0
1748634133854,-18750000,5934746,6818163,11436933,0,0,0,0,0,0,0
1748634133954,-18750000,5923749,6799833,11308634,0,0,0,0,0,0,0
1748634134054,-18750000,5912752,6891475,11455259,0,0,0,0,0,0,0
1748634134154,-18750000,5923749,6909802,11601888,0,0,0,0,0,0,0
1748634134254,-18750000,5901755,6946458,11711857,0,0,0,0,0,0,0
1748634134354,-18750000,5901755,7001444,11803499,0,0,0,0,0,0,0
1748634134454,-18750000,5894423,7001444,12078423,0,0,0,0,0,0,0
1748634134554,-18750000,5909086,6964788,12243378,0,0,0,0,0,0,0
1748634134654,-18750000,5927414,6983114,12426663,0,0,0,0,0,0,0
1748634134754,-18750000,5920083,6946458,12426663,0,0,0,0,0,0,0
1748634134854,-18750000,5934746,6983114,12261708,0,0,0,0,0,0,0
1748634134954,-18750000,5934746,7074757,12426663,0,0,0,0,0,0,0
1748634135054,-18750000,5953074,7001444,12298364,0,0,0,0,0,0,0
1748634135154,-18750000,5956740,6946462,12078423,0,0,0,0,0,0,0
1748634135254,-18750000,5971403,6964788,11821825,0,0,0,0,0,0,0
1748634135354,-18750000,5964071,6964788,11693527,0,0,0,0,0,0,0
1748634135454,-18750000,5971403,6964788,11345287,0,0,0,0,0,0,0
1748634135554,-18750000,5971403,7038104,11125345,0,0,0,0,0,0,0
1748634135654,-18750000,5953075,7019778,10960387,0,0,0,0,0,0,0
1748634135754,-18750000,5953075,7056434,10942061,0,0,0,0,0,0,0
1748634135854,-18750000,5949410,7038104,11143676,0,0,0,0,0,0,0
1748634135954,-18750000,5960407,6909805,11180336,0,0,0,0,0,0,0
1748634136054,-18750000,5964072,6854819,11381951,0,0,0,0,0,0,0
1748634136154,-18750000,5942078,6781503,11491923,0,0,0,0,0,0,0
1748634136254,-18750000,5927414,6763177,11565236,0,0,0,0,0,0,0
1748634136354,-18750000,5938412,6726517,11601892,0,0,0,0,0,0,0
1748634136454,-18750000,5938412,6726517,11601892,0,0,0,0,0,0,0
1748634136554,-18750000,5938412,6726517,11601892,0,0,0,0,0,0,0
1748634136654,-18750000,5938412,6726517,11601892,0,0,0,0,0,0,0
1748634136754,-18750000,5938412,6726517,11601892,0,0,0,0,0,0,0
1748634136854,-18750000,5938412,6726517,11601892,0,0,0,0,0,0,0
1748634136954,-18750000,5938412,6726517,11601892,0,0,0,0,0,0,0
1748634137054,-18750000,5938412,6726517,11601892,0,0,0,0,0,0,0
1748634137154,-18750000,5938412,6726517,11601892,0,0,0,0,0,0,0
1748634137254,-18750000,5938412,6726517,11601892,0,0,0,0,0,0,0
1748634137354,-18750000,5938412,6726517,11601892,0,0,0,0,0,0,0
1748634137454,-18750000,5909086,6561558,10942068,0,0,0,0,0,0,0
1748634137554,-18750000,5890757,6469916,10410543,0,0,0,0,0,0,0
1748634137654,-18750000,5887091,6396603,9897344,0,0,0,0,0,0,0
1748634137754,-18750000,5876094,6414933,9329159,0,0,0,0,0,0,0
1748634137854,-18750000,5846769,6414933,8724318,0,0,0,0,0,0,0
1748634137954,-18750000,5813778,6414933,8046164,0,0,0,0,0,0,0
1748634138054,-18750000,5810113,6451593,7569622,0,0,0,0,0,0,0
1748634138154,-18750000,5802781,6433263,7111413,0,0,0,0,0,0,0
1748634138254,-18750000,5777122,6359951,6579888,0,0,0,0,0,0,0
1748634138354,-18750000,5769790,6488249,6488246,0,0,0,0,0,0,0
1748634138454,-18750000,5751462,6469919,6451589,0,0,0,0,0,0,0
1748634138554,-18750000,5773456,6469919,6414933,0,0,0,0,0,0,0
1748634138654,-18750000,5751462,6451589,6378277,0,0,0,0,0,0,0
1748634138754,-18750000,5751462,6359947,6304964,0,0,0,0,0,0,0
1748634138854,-18750000,5755127,6378277,6249982,0,0,0,0,0,0,0
1748634138954,-18750000,5751462,6286634,6304968,0,0,0,0,0,0,0
1748634139054,-18750000,5747796,6378273,6304968,0,0,0,0,0,0,0
1748634139154,-18750000,5733133,6433259,6268312,0,0,0,0,0,0,0
1748634139254,-18750000,5733133,6451589,6268312,0,0,0,0,0,0,0
1748634139354,-18750000,5733133,6433259,6231656,0,0,0,0,0,0,0
1748634139454,-18750000,5751462,6286634,6194999,0,0,0,0,0,0,0
1748634139554,-18750000,5729468,6378277,6103357,0,0,0,0,0,0,0
1748634139654,-18750000,5733134,6414933,6011714,0,0,0,0,0,0,0
1748634139754,-18750000,5729468,6524902,6048371,0,0,0,0,0,0,0
1748634139854,-18750000,5725803,6524902,6030041,0,0,0,0,0,0,0
1748634139954,-18750000,5722137,6634874,5938398,0,0,0,0,0,0,0
1748634140054,-18750000,5714806,6634874,5865086,0,0,0,0,0,0,0
1748634140154,-18750000,5703808,6598218,5846756,0,0,0,0,0,0,0
1748634140254,-18750000,5692811,6671531,5810099,0,0,0,0,0,0,0
1748634140354,-18750000,5681814,6616548,5828429,0,0,0,0,0,0,0
1748634140454,-18750000,5678148,6726517,5846756,0,0,0,0,0,0,0
1748634140554,-18750000,5681814,6744843,5938398,0,0,0,0,0,0,0
1748634140654,-18750000,5678148,6708187,5993384,0,0,0,0,0,0,0
1748634140754,-18750000,5652488,6671531,5956728,0,0,0,0,0,0,0
1748634140854,-18750000,5648822,6616544,5956728,0,0,0,0,0,0,0
1748634140954,-18750000,5648822,6488245,6048371,0,0,0,0,0,0,0
1748634141054,-18750000,5652488,6433263,6121683,0,0,0,0,0,0,0
1748634141154,-18750000,5652488,6451589,6140013,0,0,0,0,0,0,0
1748634141254,-18750000,5670816,6433259,6158339,0,0,0,0,0,0,0
1748634141354,-18750000,5667150,6469915,6140009,0,0,0,0,0,0,0
1748634141454,-18750000,5667150,6469915,6176666,0,0,0,0,0,0,0
1748634141554,-18750000,5641490,6433259,6158339,0,0,0,0,0,0,0
1748634141654,-18750000,5641490,6433259,6121683,0,0,0,0,0,0,0
1748634141754,-18750000,5641490,6488246,6121683,0,0,0,0,0,0,0
1748634141854,-18750000,5641490,6524902,6140013,0,0,0,0,0,0,0
1748634141954,-18750000,5645156,6671527,6085027,0,0,0,0,0,0,0
1748634142054,-18750000,5637825,6689853,6011714,0,0,0,0,0,0,0
1748634142154,-18750000,5648822,6689853,5993384,0,0,0,0,0,0,0
1748634142254,-18750000,5634160,6726513,5993384,0,0,0,0,0,0,0
1748634142354,-18750000,5634160,6726513,6030041,0,0,0,0,0,0,0
1748634142454,-18750000,5656154,6579884,5993384,0,0,0,0,0,0,0
1748634142554,-18750000,5659819,6653201,5975054,0,0,0,0,0,0,0
1748634142654,-18750000,5656153,6653201,5975054,0,0,0,0,0,0,0
1748634142754,-18750000,5656153,6634870,6048371,0,0,0,0,0,0,0
1748634142854,-18750000,5652488,6634870,6048371,0,0,0,0,0,0,0
1748634142954,-18750000,5645156,6634874,6048367,0,0,0,0,0,0,0
1748634143054,-18750000,5634159,6634874,6030037,0,0,0,0,0,0,0
1748634143154,-18750000,5630493,6671530,6030037,0,0,0,0,0,0,0
1748634143254,-18750000,5641490,6579892,5956721,0,0,0,0,0,0,0
1748634143354,-18750000,5645156,6488249,5956721,0,0,0,0,0,0,0
1748634143454,-18750000,5630493,6616548,5846748,0,0,0,0,0,0,0
1748634143554,-18750000,5634159,6616548,5846748,0,0,0,0,0,0,0
1748634143654,-18750000,5645156,6561562,5700119,0,0,0,0,0,0,0
1748634143754,-18750000,5630494,6543236,5700119,0,0,0,0,0,0,0
1748634143854,-18750000,5634159,6451597,5681789,0,0,0,0,0,0,0
1748634143954,-18750000,5630494,6469923,5663463,0,0,0,0,0,0,0
1748634144054,-18750000,5630494,6433267,5663463,0,0,0,0,0,0,0
1748634144154,-18750000,5626829,6433267,5736779,0,0,0,0,0,0,0
1748634144254,-18750000,5619497,6488249,5736779,0,0,0,0,0,0,0
1748634144354,-18750000,5612165,6488249,5773439,0,0,0,0,0,0,0
1748634144454,-18750000,5593837,6469923,5828426,0,0,0,0,0,0,0
1748634144554,-18750000,5582840,6451597,5865086,0,0,0,0,0,0,0
1748634144654,-18750000,5571842,6414941,5865086,0,0,0,0,0,0,0
1748634144754,-18750000,5586505,6488253,5956728,0,0,0,0,0,0,0
1748634144854,-18750000,5597502,6543236,5920072,0,0,0,0,0,0,0
1748634144954,-18750000,5597502,6506579,5920072,0,0,0,0,0,0,0
1748634145054,-18750000,5619497,6561562,5901742,0,0,0,0,0,0,0
1748634145154,-18750000,5626828,6524906,5846756,0,0,0,0,0,0,0
1748634145254,-18750000,5626828,6543236,5865086,0,0,0,0,0,0,0
1748634145354,-18750000,5619496,6561562,5828426,0,0,0,0,0,0,0
1748634145454,-18750000,5634160,6598218,5810100,0,0,0,0,0,0,0
1748634145554,-18750000,5645157,6616544,5810100,0,0,0,0,0,0,0
1748634145654,-18750000,5626828,6671527,5883416,0,0,0,0,0,0,0
1748634145754,-18750000,5612166,6689853,5883416,0,0,0,0,0,0,0
1748634145854,-18750000,5604835,6689853,5901746,0,0,0,0,0,0,0
1748634145954,-18750000,5612166,6708183,5828433,0,0,0,0,0,0,0
1748634146054,-18750000,5590171,6653201,5865093,0,0,0,0,0,0,0
1748634146154,-18750000,5590171,6653201,5846763,0,0,0,0,0,0,0
1748634146254,-18750000,5601169,6598214,5791777,0,0,0,0,0,0,0
1748634146354,-18750000,5590172,6543232,5810107,0,0,0,0,0,0,0
1748634146454,-18750000,5571843,6524902,5791777,0,0,0,0,0,0,0
1748634146554,-18750000,5568177,6469919,5810103,0,0,0,0,0,0,0
1748634146654,-18750000,5593838,6469919,5755117,0,0,0,0,0,0,0
1748634146754,-18750000,5593838,6469919,5681801,0,0,0,0,0,0,0
1748634146854,-18750000,5582840,6506575,5663471,0,0,0,0,0,0,0
1748634146954,-18750000,5571843,6506575,5663471,0,0,0,0,0,0,0
1748634147054,-18750000,5571843,6561558,5553498,0,0,0,0,0,0,0
1748634147154,-18750000,5549849,6561558,5535172,0,0,0,0,0,0,0
1748634147254,-18750000,5542517,6561558,5480186,0,0,0,0,0,0,0
1748634147354,-18750000,5553514,6598214,5370213,0,0,0,0,0,0,0
1748634147454,-18750000,5564512,6634870,5205258,0,0,0,0,0,0,0
1748634147554,-18750000,5575509,6653197,5040303,0,0,0,0,0,0,0
1748634147654,-18750000,5560846,6561558,4857018,0,0,0,0,0,0,0
1748634147754,-18750000,5560846,6506576,4765376,0,0,0,0,0,0,0
1748634147854,-18750000,5571843,6414937,4655403,0,0,0,0,0,0,0
1748634147954,-18750000,5568178,6433263,4545431,0,0,0,0,0,0,0
1748634148054,-18750000,5560846,6341624,4435462,0,0,0,0,0,0,0
1748634148154,-18750000,5557181,6268312,4233847,0,0,0,0,0,0,0
1748634148254,-18750000,5546184,6359954,4087222,0,0,0,0,0,0,0
1748634148354,-18750000,5531521,6359954,3922267,0,0,0,0,0,0,0
1748634148454,-18750000,5542517,6341628,3793968,0,0,0,0,0,0,0
1748634148554,-18750000,5513192,6323302,3629013,0,0,0,0,0,0,0
1748634148654,-18750000,5505860,6378284,3500714,0,0,0,0,0,0,0
1748634148754,-18750000,5498528,6378284,3335759,0,0,0,0,0,0,0
1748634148854,-18750000,5491197,6433267,3097492,0,0,0,0,0,0,0
1748634148954,-18750000,5494862,6433267,2932537,0,0,0,0,0,0,0
1748634149054,-18750000,5483865,6396607,2767578,0,0,0,0,0,0,0
1748634149154,-18750000,5502194,6469919,2694266,0,0,0,0,0,0,0
1748634149254,-18750000,5520522,6414933,2639279,0,0,0,0,0,0,0
1748634149354,-18750000,5531519,6469916,2602623,0,0,0,0,0,0,0
1748634149454,-18750000,5516857,6543228,2602623,0,0,0,0,0,0,0
1748634149554,-18750000,5524189,6506572,2657605,0,0,0,0,0,0,0
1748634149654,-18750000,5520523,6524902,2694262,0,0,0,0,0,0,0
1748634149754,-18750000,5535186,6561558,2694262,0,0,0,0,0,0,0
1748634149854,-18750000,5535186,6506576,2694262,0,0,0,0,0,0,0
1748634149954,-18750000,5524189,6506576,2730918,0,0,0,0,0,0,0
1748634150054,-18750000,5531520,6561562,2822560,0,0,0,0,0,0,0
1748634150154,-18750000,5516857,6598218,2840890,0,0,0,0,0,0,0
1748634150254,-18750000,5487531,6598218,2914203,0,0,0,0,0,0,0
1748634150354,-18750000,5487531,6524906,2877547,0,0,0,0,0,0,0
1748634150454,-18750000,5487531,6488249,2914203,0,0,0,0,0,0,0
1748634150554,-18750000,5476534,6524906,2859221,0,0,0,0,0,0,0
1748634150654,-18750000,5476534,6469919,2804234,0,0,0,0,0,0,0
1748634150754,-18750000,5458205,6396607,2804234,0,0,0,0,0,0,0
1748634150854,-18750000,5450873,6488245,2822560,0,0,0,0,0,0,0
1748634150954,-18750000,5458205,6433263,2822560,0,0,0,0,0,0,0
1748634151054,-18750000,5454540,6506575,2730918,0,0,0,0,0,0,0
1748634151154,-18750000,5465537,6396607,2694258,0,0,0,0,0,0,0
1748634151254,-18750000,5461872,6396607,2547633,0,0,0,0,0,0,0
1748634151354,-18750000,5469203,6414937,2547633,0,0,0,0,0,0,0
1748634151454,-18750000,5472869,6433263,2437660,0,0,0,0,0,0,0
1748634151554,-18750000,5476535,6378277,2382674,0,0,0,0,0,0,0
1748634151654,-18750000,5465538,6323291,2346018,0,0,0,0,0,0,0
1748634151754,-18750000,5476535,6378273,2327688,0,0,0,0,0,0,0
1748634151854,-18750000,5469204,6323291,2236046,0,0,0,0,0,0,0
1748634151954,-18750000,5469204,6341617,2199389,0,0,0,0,0,0,0
1748634152054,-18750000,5480201,6323291,2217719,0,0,0,0,0,0,0
1748634152154,-18750000,5469204,6268304,2162737,0,0,0,0,0,0,0
1748634152254,-18750000,5476535,6176662,2199393,0,0,0,0,0,0,0
1748634152354,-18750000,5469204,6176662,2217719,0,0,0,0,0,0,0
1748634152454,-18750000,5458207,6158336,2199393,0,0,0,0,0,0,0
1748634152554,-18750000,5458207,6194992,2162737,0,0,0,0,0,0,0
1748634152654,-18750000,5472869,6249978,2199393,0,0,0,0,0,0,0
1748634152754,-18750000,5458206,6194996,2144410,0,0,0,0,0,0,0
1748634152854,-18750000,5458206,6213322,2236053,0,0,0,0,0,0,0
1748634152954,-18750000,5436211,6194996,2236053,0,0,0,0,0,0,0
1748634153054,-18750000,5436211,6140009,2217723,0,0,0,0,0,0,0
1748634153154,-18750000,5425215,6213326,2217723,0,0,0,0,0,0,0
1748634153254,-18750000,5425215,6304968,2181067,0,0,0,0,0,0,0
1748634153354,-18750000,5410552,6231652,2089424,0,0,0,0,0,0,0
1748634153454,-18750000,5403221,6176666,2089424,0,0,0,0,0,0,0
1748634153554,-18750000,5384893,6140009,2089424,0,0,0,0,0,0,0
1748634153654,-18750000,5370231,6158339,1997782,0,0,0,0,0,0,0
1748634153754,-18750000,5355568,6213322,1961122,0,0,0,0,0,0,0
1748634153854,-18750000,5351903,6140009,1851153,0,0,0,0,0,0,0
1748634153954,-18750000,5359234,6121679,1832823,0,0,0,0,0,0,0
1748634154054,-18750000,5333575,6066693,1759510,0,0,0,0,0,0,0
1748634154154,-18750000,5344571,6085019,1777837,0,0,0,0,0,0,0
1748634154254,-18750000,5329909,6048363,1777837,0,0,0,0,0,0,0
1748634154354,-18750000,5315246,6121679,1832823,0,0,0,0,0,0,0
1748634154454,-18750000,5304248,6103353,1906136,0,0,0,0,0,0,0
1748634154554,-18750000,5307914,6103353,1942792,0,0,0,0,0,0,0
1748634154654,-18750000,5282254,6030037,1979452,0,0,0,0,0,0,0
1748634154754,-18750000,5300582,5956724,2071094,0,0,0,0,0,0,0
1748634154854,-18750000,5278588,5956724,2181063,0,0,0,0,0,0,0
1748634154954,-18750000,5278588,5993381,2181063,0,0,0,0,0,0,0
1748634155054,-18750000,5278588,6066697,2254376,0,0,0,0,0,0,0
1748634155154,-18750000,5267591,6030041,2272706,0,0,0,0,0,0,0
1748634155254,-18750000,5249263,6030041,2291032,0,0,0,0,0,0,0
1748634155354,-18750000,5256595,5993384,2327688,0,0,0,0,0,0,0
1748634155454,-18750000,5241932,6011711,2309358,0,0,0,0,0,0,0
1748634155554,-18750000,5223604,6048367,2346014,0,0,0,0,0,0,0
1748634155654,-18750000,5223604,6085027,2382671,0,0,0,0,0,0,0
1748634155754,-18750000,5194278,6158339,2382671,0,0,0,0,0,0,0
1748634155854,-18750000,5201609,6176669,2346014,0,0,0,0,0,0,0
1748634155954,-18750000,5172284,6158343,2364344,0,0,0,0,0,0,0
1748634156054,-18750000,5153956,6121687,2309358,0,0,0,0,0,0,0
1748634156154,-18750000,5135627,6048374,2291028,0,0,0,0,0,0,0
1748634156254,-18750000,5131961,6066704,2291028,0,0,0,0,0,0,0
1748634156354,-18750000,5102636,6103361,2272702,0,0,0,0,0,0,0
1748634156454,-18750000,5106301,6103361,2309362,0,0,0,0,0,0,0
1748634156554,-18750000,5095304,6103361,2675932,0,0,0,0,0,0,0
1748634156654,-18750000,5091638,6121687,2932529,0,0,0,0,0,0,0
1748634156754,-18750000,5091638,5975062,3134144,0,0,0,0,0,0,0
1748634156854,-18750000,5084306,5901745,3335759,0,0,0,0,0,0,0
1748634156954,-18750000,5084306,5883415,3519044,0,0,0,0,0,0,0
1748634157054,-18750000,5080640,5883415,3702329,0,0,0,0,0,0,0
1748634157154,-18750000,5076974,6011714,3793972,0,0,0,0,0,0,0
1748634157254,-18750000,5084306,5938398,3922271,0,0,0,0,0,0,0
1748634157354,-18750000,5080640,5883412,4013913,0,0,0,0,0,0,0
1748634157454,-18750000,5069642,5828426,4068896,0,0,0,0,0,0,0
1748634157554,-18750000,5073308,5828426,4087222,0,0,0,0,0,0,0
1748634157654,-18750000,5069642,5846756,4105552,0,0,0,0,0,0,0
1748634157754,-18750000,5062311,5993381,4160538,0,0,0,0,0,0,0
1748634157854,-18750000,5054980,6030037,4123882,0,0,0,0,0,0,0
1748634157954,-18750000,5043983,5920068,4105552,0,0,0,0,0,0,0
1748634158054,-18750000,5032985,5956724,4160538,0,0,0,0,0,0,0
1748634158154,-18750000,5029320,5828426,4527108,0,0,0,0,0,0,0
1748634158254,-18750000,4999995,5901742,4710393,0,0,0,0,0,0,0
1748634158354,-18750000,5003661,5956728,4966991,0,0,0,0,0,0,0
1748634158454,-18750000,5007327,5938402,5406873,0,0,0,0,0,0,0
1748634158554,-18750000,5018324,5920076,5736787,0,0,0,0,0,0,0
1748634158654,-18750000,5036653,5865089,5901742,0,0,0,0,0,0,0
1748634158754,-18750000,5032987,5773447,5956724,0,0,0,0,0,0,0
1748634158854,-18750000,5047649,5773447,6121679,0,0,0,0,0,0,0
1748634158954,-18750000,5054981,5828429,6249978,0,0,0,0,0,0,0
1748634159054,-18750000,5080640,5773443,6286634,0,0,0,0,0,0,0
1748634159154,-18750000,5084306,5865086,6030037,0,0,0,0,0,0,0
1748634159254,-18750000,5087971,5883412,5901738,0,0,0,0,0,0,0
1748634159354,-18750000,5098968,5828426,5810096,0,0,0,0,0,0,0
1748634159454,-18750000,5095302,5883412,5773439,0,0,0,0,0,0,0
1748634159554,-18750000,5084305,5865082,5333557,0,0,0,0,0,0,0
1748634159654,-18750000,5073308,5846752,5186928,0,0,0,0,0,0,0
1748634159754,-18750000,5062312,5901738,5021973,0,0,0,0,0,0,0
1748634159854,-18750000,5040318,5901738,4985317,0,0,0,0,0,0,0
1748634159954,-18750000,5040318,6030037,5260244,0,0,0,0,0,0,0
1748634160054,-18750000,5029322,5993381,5810099,0,0,0,0,0,0,0
1748634160154,-18750000,5036653,5956721,6066697,0,0,0,0,0,0,0
1748634160254,-18750000,5043984,5920064,6194996,0,0,0,0,0,0,0
1748634160354,-18750000,5032987,5901734,6213326,0,0,0,0,0,0,0
1748634160454,-18750000,5032987,5975047,5956728,0,0,0,0,0,0,0
1748634160554,-18750000,5040318,5920061,6249982,0,0,0,0,0,0,0
1748634160654,-18750000,5043983,5920061,6359954,0,0,0,0,0,0,0
1748634160754,-18750000,5051315,5938391,6469927,0,0,0,0,0,0,0
1748634160854,-18750000,5065977,5975051,6579896,0,0,0,0,0,0,0
1748634160954,-18750000,5069643,5846752,6543239,0,0,0,0,0,0,0
1748634161054,-18750000,5073308,5865078,6158343,0,0,0,0,0,0,0
1748634161154,-18750000,5065977,5901738,5993388,0,0,0,0,0,0,0
1748634161254,-18750000,5076974,5865082,5956732,0,0,0,0,0,0,0
1748634161354,-18750000,5091637,5828426,5846759,0,0,0,0,0,0,0
1748634161454,-18750000,5095303,5755113,5791773,0,0,0,0,0,0,0
1748634161554,-18750000,5084305,5865086,5351891,0,0,0,0,0,0,0
1748634161654,-18750000,5084305,5883416,5076963,0,0,0,0,0,0,0
1748634161754,-18750000,5098968,5828429,4930334,0,0,0,0,0,0,0
1748634161854,-18750000,5084305,5846756,4673737,0,0,0,0,0,0,0
1748634161954,-18750000,5073308,5901742,4252181,0,0,0,0,0,0,0
1748634162054,-18750000,5051314,5901742,4362149,0,0,0,0,0,0,0
1748634162154,-18750000,5047649,5883412,4710389,0,0,0,0,0,0,0
1748634162254,-18750000,5036652,6011711,4893674,0,0,0,0,0,0,0
1748634162354,-18750000,5043983,6103353,5058629,0,0,0,0,0,0,0
1748634162454,-18750000,5036652,6030037,5113616,0,0,0,0,0,0,0
1748634162554,-18750000,5029321,6011707,5205258,0,0,0,0,0,0,0
1748634162654,-18750000,5018324,6085019,5590154,0,0,0,0,0,0,0
1748634162754,-18750000,4996330,6140005,5846752,0,0,0,0,0,0,0
1748634162854,-18750000,5014658,6158335,6085023,0,0,0,0,0,0,0
1748634162954,-18750000,5021990,6103349,6543236,0,0,0,0,0,0,0
1748634163054,-18750000,5032986,6140009,6433267,0,0,0,0,0,0,0
1748634163154,-18750000,5025654,6176665,6121683,0,0,0,0,0,0,0
1748634163254,-18750000,5025654,6066697,5865086,0,0,0,0,0,0,0
1748634163354,-18750000,5010992,6048371,5736787,0,0,0,0,0,0,0
1748634163454,-18750000,5032985,6048371,5645144,0,0,0,0,0,0,0
1748634163554,-18750000,5036651,5993384,5516846,0,0,0,0,0,0,0
1748634163654,-18750000,5054980,5920072,5186936,0,0,0,0,0,0,0
1748634163754,-18750000,5062311,5901742,4893682,0,0,0,0,0,0,0
1748634163854,-18750000,5054980,5773443,4747053,0,0,0,0,0,0,0
1748634163954,-18750000,5047649,5901742,4637081,0,0,0,0,0,0,0
1748634164054,-18750000,5032986,5883412,4545438,0,0,0,0,0,0,0
1748634164154,-18750000,5021990,5828426,4728723,0,0,0,0,0,0,0
1748634164254,-18750000,5014658,5755109,5223592,0,0,0,0,0,0,0
1748634164354,-18750000,5032987,5791766,5773447,0,0,0,0,0,0,0
1748634164454,-18750000,5021990,5846752,6433270,0,0,0,0,0,0,0
1748634164554,-18750000,5043984,5901738,6781510,0,0,0,0,0,0,0
1748634164654,-18750000,5029322,5901738,7019778,0,0,0,0,0,0,0
1748634164754,-18750000,5051315,5865082,7258045,0,0,0,0,0,0,0
1748634164854,-18750000,5058647,5993381,7313032,0,0,0,0,0,0,0
1748634164954,-18750000,5058647,5828426,7074764,0,0,0,0,0,0,0
1748634165054,-18750000,5087972,5846756,7019778,0,0,0,0,0,0,0
1748634165154,-18750000,5117297,5865086,7001448,0,0,0,0,0,0,0
1748634165254,-18750000,5150289,5956728,6763177,0,0,0,0,0,0,0
1748634165354,-18750000,5128295,5920072,6359951,0,0,0,0,0,0,0
1748634165454,-18750000,5128295,5901742,5773439,0,0,0,0,0,0,0
1748634165554,-18750000,5131961,5975054,5498512,0,0,0,0,0,0,0
1748634165654,-18750000,5161286,6048367,5278571,0,0,0,0,0,0,0
1748634165754,-18750000,5157621,6085023,5058629,0,0,0,0,0,0,0
1748634165854,-18750000,5150290,6048367,4966987,0,0,0,0,0,0,0
1748634165954,-18750000,5150290,6140009,4857014,0,0,0,0,0,0,0
1748634166054,-18750000,5131961,6103349,4728716,0,0,0,0,0,0,0
1748634166154,-18750000,5109968,6140006,4655403,0,0,0,0,0,0,0
1748634166254,-18750000,5080642,6176662,4765372,0,0,0,0,0,0,0
1748634166354,-18750000,5080642,6176662,5113612,0,0,0,0,0,0,0
1748634166454,-18750000,5065978,6213322,5608480,0,0,0,0,0,0,0
1748634166554,-18750000,5047650,6121683,5883408,0,0,0,0,0,0,0
1748634166654,-18750000,5029321,6085027,6359950,0,0,0,0,0,0,0
1748634166754,-18750000,5021990,6066701,6726520,0,0,0,0,0,0,0
1748634166854,-18750000,5025655,6066701,6928132,0,0,0,0,0,0,0
1748634166954,-18750000,5036653,5975058,7148073,0,0,0,0,0,0,0
1748634167054,-18750000,5051315,6030044,7276372,0,0,0,0,0,0,0
1748634167154,-18750000,5062313,6011718,7093087,0,0,0,0,0,0,0
1748634167254,-18750000,5095304,5975062,6708190,0,0,0,0,0,0,0
1748634167354,-18750000,5113632,5975062,6249978,0,0,0,0,0,0,0
1748634167454,-18750000,5139292,5956732,5681797,0,0,0,0,0,0,0
1748634167554,-18750000,5131961,5920072,5315227,0,0,0,0,0,0,0
1748634167654,-18750000,5128295,5901746,4802028,0,0,0,0,0,0,0
1748634167754,-18750000,5128295,5883416,4417132,0,0,0,0,0,0,0
1748634167854,-18750000,5120963,5938398,4142204,0,0,0,0,0,0,0
1748634167954,-18750000,5124629,6066697,3903937,0,0,0,0,0,0,0
1748634168054,-18750000,5102635,5938398,3775638,0,0,0,0,0,0,0
1748634168154,-18750000,5091638,5865082,3683996,0,0,0,0,0,0,0
1748634168254,-18750000,5058647,5846756,3793968,0,0,0,0,0,0,0
1748634168354,-18750000,5047650,5700127,4068896,0,0,0,0,0,0,0
1748634168454,-18750000,5025656,5700127,4472122,0,0,0,0,0,0,0
1748634168554,-18750000,5043985,5755113,4692063,0,0,0,0,0,0,0
1748634168654,-18750000,5032988,5663471,5131946,0,0,0,0,0,0,0
1748634168754,-18750000,5032988,5645141,5498512,0,0,0,0,0,0,0
1748634168854,-18750000,5032988,5626814,5718453,0,0,0,0,0,0,0
1748634168954,-18750000,5014659,5571832,5901738,0,0,0,0,0,0,0
1748634169054,-18750000,5025656,5645144,6048363,0,0,0,0,0,0,0
1748634169154,-18750000,5047649,5663474,6359947,0,0,0,0,0,0,0
1748634169254,-18750000,5054981,5700131,6469916,0,0,0,0,0,0,0
1748634169354,-18750000,5062312,5846759,6249974,0,0,0,0,0,0,0
1748634169454,-18750000,5076974,5956728,5883404,0,0,0,0,0,0,0
1748634169554,-18750000,5073308,5901742,5791762,0,0,0,0,0,0,0
1748634169654,-18750000,5084306,5975054,5425192,0,0,0,0,0,0,0
1748634169754,-18750000,5073308,5993384,5150268,0,0,0,0,0,0,0
1748634169854,-18750000,5062311,5865086,5040299,0,0,0,0,0,0,0
1748634169954,-18750000,5054980,5773443,5278567,0,0,0,0,0,0,0
1748634170054,-18750000,5047648,5791773,5736779,0,0,0,0,0,0,0
1748634170154,-18750000,5029320,5865086,6030033,0,0,0,0,0,0,0
1748634170254,-18750000,5029320,5828429,6194988,0,0,0,0,0,0,0
1748634170354,-18750000,5014657,5828429,6304961,0,0,0,0,0,0,0
1748634170454,-18750000,5010992,5681804,6451589,0,0,0,0,0,0,0
1748634170554,-18750000,5010992,5645148,6469919,0,0,0,0,0,0,0
1748634170654,-18750000,4999994,5645148,6433263,0,0,0,0,0,0,0
1748634170754,-18750000,5007326,5700134,6451589,0,0,0,0,0,0,0
1748634170854,-18750000,5021989,5810103,6451589,0,0,0,0,0,0,0
1748634170954,-18750000,5062312,5883416,6103349,0,0,0,0,0,0,0
1748634171054,-18750000,5073309,5828429,5516838,0,0,0,0,0,0,0
1748634171154,-18750000,5073309,5755117,4912000,0,0,0,0,0,0,0
1748634171254,-18750000,5069643,5773443,4472118,0,0,0,0,0,0,0
1748634171354,-18750000,5080640,5645140,4178860,0,0,0,0,0,0,0
1748634171454,-18750000,5080640,5681797,3903933,0,0,0,0,0,0,0
1748634171554,-18750000,5080640,5755113,3738978,0,0,0,0,0,0,0
1748634171654,-18750000,5080640,5773443,3647335,0,0,0,0,0,0,0
1748634171754,-18750000,5080640,5718457,3537367,0,0,0,0,0,0,0
1748634171854,-18750000,5065977,5681801,3354082,0,0,0,0,0,0,0
1748634171954,-18750000,5021989,5718457,3244113,0,0,0,0,0,0,0
1748634172054,-18750000,5010992,5773443,3610683,0,0,0,0,0,0,0
1748634172154,-18750000,5003660,5810099,4068895,0,0,0,0,0,0,0
1748634172254,-18750000,4988998,5755113,4637080,0,0,0,0,0,0,0
1748634172354,-18750000,4959673,5865086,5333564,0,0,0,0,0,0,0
1748634172454,-18750000,4956007,5791773,6103360,0,0,0,0,0,0,0
1748634172554,-18750000,4945010,5736787,6891483,0,0,0,0,0,0,0
1748634172654,-18750000,4941344,5755113,7386352,0,0,0,0,0,0,0
1748634172754,-18750000,4937678,5736783,8046175,0,0,0,0,0,0,0
1748634172854,-18750000,4963338,5810096,8687673,0,0,0,0,0,0,0
1748634172954,-18750000,4999994,5846752,9035913,0,0,0,0,0,0,0
1748634173054,-18750000,5036651,5901738,8944270,0,0,0,0,0,0,0
1748634173154,-18750000,5065977,5865082,8687669,0,0,0,0,0,0,0
1748634173254,-18750000,5095303,5828426,8266113,0,0,0,0,0,0,0
1748634173354,-18750000,5139291,5883412,7679602,0,0,0,0,0,0,0
1748634173454,-18750000,5150288,5956724,7038104,0,0,0,0,0,0,0
1748634173554,-18750000,5153954,6048367,6323294,0,0,0,0,0,0,0
1748634173654,-18750000,5168617,5938398,5883412,0,0,0,0,0,0,0
1748634173754,-18750000,5172283,5901742,5205258,0,0,0,0,0,0,0
1748634173854,-18750000,5172283,5901742,4600417,0,0,0,0,0,0,0
1748634173954,-18750000,5175949,5846759,4270503,0,0,0,0,0,0,0
1748634174054,-18750000,5142958,5810103,3958919,0,0,0,0,0,0,0
1748634174154,-18750000,5109967,5828429,3665666,0,0,0,0,0,0,0
1748634174254,-18750000,5102636,5865086,3702322,0,0,0,0,0,0,0
1748634174354,-18750000,5069644,5773443,3848951,0,0,0,0,0,0,0
1748634174454,-18750000,5051315,5718457,3903937,0,0,0,0,0,0,0
1748634174554,-18750000,5047649,5645141,4252177,0,0,0,0,0,0,0
1748634174654,-18750000,5047649,5700123,4765376,0,0,0,0,0,0,0
1748634174754,-18750000,5058647,5736779,5223588,0,0,0,0,0,0,0
1748634174854,-18750000,5043984,5718453,5516846,0,0,0,0,0,0,0
1748634174954,-18750000,5040318,5718453,5755117,0,0,0,0,0,0,0
1748634175054,-18750000,5043983,5718453,5938402,0,0,0,0,0,0,0
1748634175154,-18750000,5051315,5736783,6158343,0,0,0,0,0,0,0
1748634175254,-18750000,5054980,5681801,6268316,0,0,0,0,0,0,0
1748634175354,-18750000,5054980,5755113,6359954,0,0,0,0,0,0,0
1748634175454,-18750000,5062311,5846756,6469927,0,0,0,0,0,0,0
1748634175554,-18750000,5062311,5920072,6524913,0,0,0,0,0,0,0
1748634175654,-18750000,5051314,5938402,6231656,0,0,0,0,0,0,0
1748634175754,-18750000,5058645,5975062,5993384,0,0,0,0,0,0,0
1748634175854,-18750000,5054979,5920076,5865082,0,0,0,0,0,0,0
1748634175954,-18750000,5043983,5901746,5791766,0,0,0,0,0,0,0
1748634176054,-18750000,5047649,5865086,5755109,0,0,0,0,0,0,0
1748634176154,-18750000,5047649,5865086,5681797,0,0,0,0,0,0,0
1748634176254,-18750000,5047649,5938398,5645141,0,0,0,0,0,0,0
1748634176354,-18750000,5040317,5883412,5553502,0,0,0,0,0,0,0
1748634176454,-18750000,5047649,5956724,5535172,0,0,0,0,0,0,0
1748634176554,-18750000,5051315,5938394,5516842,0,0,0,0,0,0,0
1748634176654,-18750000,5065978,6011707,5480186,0,0,0,0,0,0,0
1748634176754,-18750000,5043983,6066689,5461859,0,0,0,0,0,0,0
1748634176854,-18750000,5036652,6066689,5498519,0,0,0,0,0,0,0
1748634176954,-18750000,5025655,6085019,5461863,0,0,0,0,0,0,0
1748634177054,-18750000,5025655,6048363,5791773,0,0,0,0,0,0,0
1748634177154,-18750000,5040317,6085019,6304968,0,0,0,0,0,0,0
1748634177254,-18750000,5047649,6048363,6378281,0,0,0,0,0,0,0
1748634177354,-18750000,5073308,6030037,6359951,0,0,0,0,0,0,0
1748634177454,-18750000,5073308,5865082,6323294,0,0,0,0,0,0,0
1748634177554,-18750000,5076974,5865082,6030041,0,0,0,0,0,0,0
1748634177654,-18750000,5069643,5736783,5938398,0,0,0,0,0,0,0
1748634177754,-18750000,5073309,5590158,5791769,0,0,0,0,0,0,0
1748634177854,-18750000,5087972,5590158,5663471,0,0,0,0,0,0,0
1748634177954,-18750000,5087972,5571828,5535172,0,0,0,0,0,0,0
1748634178054,-18750000,5087972,5645144,5168606,0,0,0,0,0,0,0
1748634178154,-18750000,5073310,5681801,4893678,0,0,0,0,0,0,0
1748634178254,-18750000,5062313,5718457,5021977,0,0,0,0,0,0,0
1748634178354,-18750000,5043985,5791769,5241918,0,0,0,0,0,0,0
1748634178454,-18750000,5051316,5883412,5278574,0,0,0,0,0,0,0
1748634178554,-18750000,5054981,5883412,5681801,0,0,0,0,0,0,0
1748634178654,-18750000,5040318,5956728,5865086,0,0,0,0,0,0,0
1748634178754,-18750000,5043984,6048371,6268312,0,0,0,0,0,0,0
1748634178854,-18750000,5036652,6085027,6634878,0,0,0,0,0,0,0
1748634178954,-18750000,5069643,6103357,6928136,0,0,0,0,0,0,0
1748634179054,-18750000,5084306,6121683,7056434,0,0,0,0,0,0,0
1748634179154,-18750000,5098968,6085027,6873149,0,0,0,0,0,0,0
1748634179254,-18750000,5106299,6103357,6543236,0,0,0,0,0,0,0
1748634179354,-18750000,5128294,6048371,6158339,0,0,0,0,0,0,0
1748634179454,-18750000,5109965,5993384,5993384,0,0,0,0,0,0,0
1748634179554,-18750000,5109965,5975058,5516846,0,0,0,0,0,0,0
1748634179654,-18750000,5128294,6011714,5241918,0,0,0,0,0,0,0
1748634179754,-18750000,5131959,6011714,4838692,0,0,0,0,0,0,0
1748634179854,-18750000,5139291,6085027,4380483,0,0,0,0,0,0,0
1748634179954,-18750000,5113631,6066697,4178868,0,0,0,0,0,0,0
1748634180054,-18750000,5098969,5956728,3958927,0,0,0,0,0,0,0
1748634180154,-18750000,5091638,5938402,3793972,0,0,0,0,0,0,0
1748634180254,-18750000,5069643,5956728,3629017,0,0,0,0,0,0,0
1748634180354,-18750000,5040317,6011714,3592361,0,0,0,0,0,0,0
1748634180454,-18750000,5025655,6121687,3830628,0,0,0,0,0,0,0
1748634180554,-18750000,4999995,6066701,4307167,0,0,0,0,0,0,0
1748634180654,-18750000,4999995,5993384,4893678,0,0,0,0,0,0,0
1748634180754,-18750000,4992664,5956724,5296904,0,0,0,0,0,0,0
1748634180854,-18750000,4981667,5828426,5608488,0,0,0,0,0,0,0
1748634180954,-18750000,4970669,5810096,5736787,0,0,0,0,0,0,0
1748634181054,-18750000,4978001,5938394,6249982,0,0,0,0,0,0,0
1748634181154,-18750000,4967003,5938394,6873149,0,0,0,0,0,0,0
1748634181254,-18750000,4967003,5938394,7569629,0,0,0,0,0,0,0
1748634181354,-18750000,5007326,5920068,8229453,0,0,0,0,0,0,0
1748634181454,-18750000,5021989,5791769,8687666,0,0,0,0,0,0,0
1748634181554,-18750000,5062312,5883412,8596023,0,0,0,0,0,0,0
1748634181654,-18750000,5058647,5846756,8211127,0,0,0,0,0,0,0
1748634181754,-18750000,5076975,5901742,7991186,0,0,0,0,0,0,0
1748634181854,-18750000,5095304,5975058,7936199,0,0,0,0,0,0,0
1748634181954,-18750000,5135627,5938402,7899543,0,0,0,0,0,0,0
1748634182054,-18750000,5128295,5938402,7532973,0,0,0,0,0,0,0
1748634182154,-18750000,5142959,5956728,7001448,0,0,0,0,0,0,0
1748634182254,-18750000,5161287,5938402,6378284,0,0,0,0,0,0,0
1748634182354,-18750000,5142959,5993384,5645144,0,0,0,0,0,0,0
1748634182454,-18750000,5146625,6030040,4948664,0,0,0,0,0,0,0
1748634182554,-18750000,5128296,6048367,4453796,0,0,0,0,0,0,0
1748634182654,-18750000,5120964,6140009,4160538,0,0,0,0,0,0,0
1748634182754,-18750000,5098970,6103353,3940597,0,0,0,0,0,0,0
1748634182854,-18750000,5087972,6030037,3720656,0,0,0,0,0,0,0
1748634182954,-18750000,5051315,6121679,3537371,0,0,0,0,0,0,0
1748634183054,-18750000,5054981,6085023,3409072,0,0,0,0,0,0,0
1748634183154,-18750000,5036653,6048367,3647343,0,0,0,0,0,0,0
1748634183254,-18750000,5029322,6030037,4087226,0,0,0,0,0,0,0
1748634183354,-18750000,5014658,5956724,4582094,0,0,0,0,0,0,0
1748634183454,-18750000,5010992,6011711,4765379,0,0,0,0,0,0,0
1748634183554,-18750000,5010992,5993384,5370221,0,0,0,0,0,0,0
1748634183654,-18750000,5018324,6066697,5736791,0,0,0,0,0,0,0
1748634183754,-18750000,5018324,6121683,5956732,0,0,0,0,0,0,0
1748634183854,-18750000,5021990,6121683,6121687,0,0,0,0,0,0,0
1748634183954,-18750000,5029322,6140013,6268315,0,0,0,0,0,0,0
1748634184054,-18750000,5036653,6066697,6359958,0,0,0,0,0,0,0
1748634184154,-18750000,5051315,6066697,6140017,0,0,0,0,0,0,0
1748634184254,-18750000,5047649,6103353,5718461,0,0,0,0,0,0,0
1748634184354,-18750000,5062313,6140009,5278578,0,0,0,0,0,0,0
1748634184454,-18750000,5065979,6085023,5021977,0,0,0,0,0,0,0
1748634184554,-18750000,5062313,6121679,4472122,0,0,0,0,0,0,0
1748634184654,-18750000,5069644,5975054,4142208,0,0,0,0,0,0,0
1748634184754,-18750000,5054981,5920068,3903937,0,0,0,0,0,0,0
1748634184854,-18750000,5032987,5846756,3793968,0,0,0,0,0,0,0
1748634184954,-18750000,5029321,5773439,4105552,0,0,0,0,0,0,0
1748634185054,-18750000,5014658,5810096,4508778,0,0,0,0,0,0,0
1748634185154,-18750000,5010992,5828426,4747046,0,0,0,0,0,0,0
1748634185254,-18750000,5007326,5810099,4912001,0,0,0,0,0,0,0
1748634185354,-18750000,5014658,5810099,5150272,0,0,0,0,0,0,0
1748634185454,-18750000,5014658,5828429,5626814,0,0,0,0,0,0,0
1748634185554,-18750000,5010992,5718457,5828426,0,0,0,0,0,0,0
1748634185654,-18750000,4999994,5865082,5975054,0,0,0,0,0,0,0
1748634185754,-18750000,5010992,5883412,6103353,0,0,0,0,0,0,0
1748634185854,-18750000,5029320,5956724,6249978,0,0,0,0,0,0,0
1748634185954,-18750000,5021989,5975054,6194992,0,0,0,0,0,0,0
1748634186054,-18750000,5021989,5993384,5901738,0,0,0,0,0,0,0
1748634186154,-18750000,5029321,5993384,6011711,0,0,0,0,0,0,0
1748634186254,-18750000,5025655,5938398,6121683,0,0,0,0,0,0,0
1748634186354,-18750000,5021989,5956728,6158339,0,0,0,0,0,0,0
1748634186454,-18750000,5021989,5956728,6176666,0,0,0,0,0,0,0
1748634186554,-18750000,5014658,5975058,6194996,0,0,0,0,0,0,0
1748634186654,-18750000,4999995,5883419,6231652,0,0,0,0,0,0,0
1748634186754,-18750000,5018324,5883419,6469923,0,0,0,0,0,0,0
1748634186854,-18750000,5025655,5901749,6653208,0,0,0,0,0,0,0
1748634186954,-18750000,5036652,5846763,6506579,0,0,0,0,0,0,0
1748634187054,-18750000,5043984,5865093,6451593,0,0,0,0,0,0,0
1748634187154,-18750000,5065978,5846763,6140009,0,0,0,0,0,0,0
1748634187254,-18750000,5091638,5938406,5865082,0,0,0,0,0,0,0
1748634187354,-18750000,5080640,5901749,5608484,0,0,0,0,0,0,0
1748634187454,-18750000,5091638,5920076,5186932,0,0,0,0,0,0,0
1748634187554,-18750000,5117297,5975062,4966991,0,0,0,0,0,0,0
1748634187654,-18750000,5124629,5956732,4838692,0,0,0,0,0,0,0
1748634187754,-18750000,5113631,6011714,4673737,0,0,0,0,0,0,0
1748634187854,-18750000,5091638,6048371,4563768,0,0,0,0,0,0,0
1748634187954,-18750000,5076975,6103357,4508786,0,0,0,0,0,0,0
1748634188054,-18750000,5065978,6066697,4747057,0,0,0,0,0,0,0
1748634188154,-18750000,5032987,6048367,5186939,0,0,0,0,0,0,0
1748634188254,-18750000,5032987,6030037,5828437,0,0,0,0,0,0,0
1748634188354,-18750000,5043984,5993377,6414944,0,0,0,0,0,0,0
1748634188454,-18750000,5029321,5938391,6689868,0,0,0,0,0,0,0
1748634188554,-18750000,5018324,5865074,6909809,0,0,0,0,0,0,0
1748634188654,-18750000,5025656,5883404,7019782,0,0,0,0,0,0,0
1748634188754,-18750000,5032987,5846748,7001452,0,0,0,0,0,0,0
1748634188854,-18750000,5040318,5865078,6873149,0,0,0,0,0,0,0
1748634188954,-18750000,5073309,5938391,6836489,0,0,0,0,0,0,0
1748634189054,-18750000,5087972,5993377,6836489,0,0,0,0,0,0,0
1748634189154,-18750000,5087972,6030037,6524906,0,0,0,0,0,0,0
1748634189254,-18750000,5073309,6011711,6213322,0,0,0,0,0,0,0
1748634189354,-18750000,5076975,6066697,5938394,0,0,0,0,0,0,0
1748634189454,-18750000,5109967,6176669,5810096,0,0,0,0,0,0,0
1748634189554,-18750000,5109967,6304968,5736783,0,0,0,0,0,0,0
1748634189654,-18750000,5106301,6304968,5773439,0,0,0,0,0,0,0
1748634189754,-18750000,5095304,6304968,5773439,0,0,0,0,0,0,0
1748634189854,-18750000,5113632,6286638,5681801,0,0,0,0,0,0,0
1748634189954,-18750000,5102635,6213326,5645144,0,0,0,0,0,0,0
1748634190054,-18750000,5098970,6194999,5223588,0,0,0,0,0,0,0
1748634190154,-18750000,5098970,6085027,4985317,0,0,0,0,0,0,0
1748634190254,-18750000,5080641,6048367,4783702,0,0,0,0,0,0,0
1748634190354,-18750000,5073310,5956724,4875344,0,0,0,0,0,0,0
1748634190454,-18750000,5043984,5846752,5168602,0,0,0,0,0,0,0
1748634190554,-18750000,5036652,5810096,5296900,0,0,0,0,0,0,0
1748634190654,-18750000,5029321,5810096,5260244,0,0,0,0,0,0,0
1748634190754,-18750000,5036653,5718453,5480185,0,0,0,0,0,0,0
1748634190854,-18750000,5047650,5700127,5810095,0,0,0,0,0,0,0
1748634190954,-18750000,5036653,5736783,5901738,0,0,0,0,0,0,0
1748634191054,-18750000,5032987,5700123,6103353,0,0,0,0,0,0,0
1748634191154,-18750000,5029321,5755109,6249982,0,0,0,0,0,0,0
1748634191254,-18750000,5043983,5810096,6414937,0,0,0,0,0,0,0
1748634191354,-18750000,5047649,5883412,6286638,0,0,0,0,0,0,0
1748634191454,-18750000,5058646,5938398,5938398,0,0,0,0,0,0,0
1748634191554,-18750000,5065978,5920072,5810099,0,0,0,0,0,0,0
1748634191654,-18750000,5065978,5975054,5718457,0,0,0,0,0,0,0
1748634191754,-18750000,5073309,6048371,5681801,0,0,0,0,0,0,0
1748634191854,-18750000,5051315,6048371,5608488,0,0,0,0,0,0,0
1748634191954,-18750000,5073309,6011714,5608488,0,0,0,0,0,0,0
1748634192054,-18750000,5069643,5975058,5553502,0,0,0,0,0,0,0
1748634192154,-18750000,5073309,5975058,5516846,0,0,0,0,0,0,0
1748634192254,-18750000,5084306,5975058,5461863,0,0,0,0,0,0,0
1748634192354,-18750000,5069644,5975058,5461863,0,0,0,0,0,0,0
1748634192454,-18750000,5051315,5883416,5535176,0,0,0,0,0,0,0
1748634192554,-18750000,5036652,5883416,5865086,0,0,0,0,0,0,0
1748634192654,-18750000,5040318,5773447,6359954,0,0,0,0,0,0,0
1748634192754,-18750000,5040318,5773447,6671538,0,0,0,0,0,0,0
1748634192854,-18750000,5043984,5755117,7019778,0,0,0,0,0,0,0
1748634192954,-18750000,5029321,5755117,7203063,0,0,0,0,0,0,0
1748634193054,-18750000,5043985,5901746,7349692,0,0,0,0,0,0,0
1748634193154,-18750000,5069644,5901746,7477991,0,0,0,0,0,0,0
1748634193254,-18750000,5087973,5883419,7368018,0,0,0,0,0,0,0
1748634193354,-18750000,5095304,5901746,7129751,0,0,0,0,0,0,0
1748634193454,-18750000,5124630,6066701,6928139,0,0,0,0,0,0,0
1748634193554,-18750000,5150290,6048371,6524913,0,0,0,0,0,0,0
1748634193654,-18750000,5164952,6194996,5938402,0,0,0,0,0,0,0
1748634193754,-18750000,5146624,6231652,5333564,0,0,0,0,0,0,0
1748634193854,-18750000,5153955,6268308,4802039,0,0,0,0,0,0,0
1748634193954,-18750000,5164952,6268308,4783709,0,0,0,0,0,0,0
1748634194054,-18750000,5153954,6194995,4710393,0,0,0,0,0,0,0
1748634194154,-18750000,5135626,6213322,4582094,0,0,0,0,0,0,0
1748634194254,-18750000,5135626,6213322,4582094,0,0,0,0,0,0,0
1748634194354,-18750000,5135626,6213322,4582094,0,0,0,0,0,0,0
1748634194454,-18750000,5135626,6213322,4582094,0,0,0,0,0,0,0
1748634194554,-18750000,5135626,6213322,4582094,0,0,0,0,0,0,0
1748634194654,-18750000,5135626,6213322,4582094,0,0,0,0,0,0,0
1748634194754,-18750000,5135626,6213322,4582094,0,0,0,0,0,0,0
1748634194854,-18750000,5135626,6213322,4582094,0,0,0,0,0,0,0
1748634194954,-18750000,5135626,6213322,4582094,0,0,0,0,0,0,0
1748634195054,-18750000,5135626,6213322,4582094,0,0,0,0,0,0,0
1748634195154,-18750000,5135626,6213322,4582094,0,0,0,0,0,0,0
1748634195254,-18750000,5098969,6231648,4618750,0,0,0,0,0,0,0
1748634195354,-18750000,5084306,6176662,4985317,0,0,0,0,0,0,0
1748634195454,-18750000,5043983,6103349,5480182,0,0,0,0,0,0,0
1748634195554,-18750000,5014658,6085023,6048363,0,0,0,0,0,0,0
1748634195654,-18750000,5014658,5956724,6763173,0,0,0,0,0,0,0
1748634195754,-18750000,5003661,5846752,7514639,0,0,0,0,0,0,0
1748634195854,-18750000,4985333,5846752,8192793,0,0,0,0,0,0,0
1748634195954,-18750000,4992665,5773439,8651006,0,0,0,0,0,0,0
1748634196054,-18750000,4988999,5810096,9347486,0,0,0,0,0,0,0
1748634196154,-18750000,5003661,5865082,10135608,0,0,0,0,0,0,0
1748634196254,-18750000,5018324,5773439,10795432,0,0,0,0,0,0,0
1748634196354,-18750000,5058647,5846755,11326957,0,0,0,0,0,0,0
1748634196454,-18750000,5109966,5865085,11730183,0,0,0,0,0,0,0
1748634196554,-18750000,5139291,5920068,11986784,0,0,0,0,0,0,0
1748634196654,-18750000,5179614,6011710,12225052,0,0,0,0,0,0,0
1748634196754,-18750000,5234600,6121683,12408333,0,0,0,0,0,0,0
1748634196854,-18750000,5282253,6194995,12609944,0,0,0,0,0,0,0
1748634196954,-18750000,5300581,6231652,12756573,0,0,0,0,0,0,0
1748634197054,-18750000,5366564,6249978,12848215,0,0,0,0,0,0,0
1748634197154,-18750000,5414218,6341620,12958188,0,0,0,0,0,0,0
1748634197254,-18750000,5454540,6488249,13049830,0,0,0,0,0,0,0
1748634197354,-18750000,5469202,6488249,12994848,0,0,0,0,0,0,0
1748634197454,-18750000,5483866,6488249,12994848,0,0,0,0,0,0,0
1748634197554,-18750000,5516857,6524905,12994848,0,0,0,0,0,0,0
1748634197654,-18750000,5535186,6543235,13013178,0,0,0,0,0,0,0
1748634197754,-18750000,5549848,6543235,13013178,0,0,0,0,0,0,0
1748634197854,-18750000,5564512,6488253,12976522,0,0,0,0,0,0,0
1748634197954,-18750000,5575509,6524909,12976522,0,0,0,0,0,0,0
1748634198054,-18750000,5571843,6524909,12994852,0,0,0,0,0,0,0
1748634198154,-18750000,5564512,6451597,12994852,0,0,0,0,0,0,0
1748634198254,-18750000,5575509,6433267,12976526,0,0,0,0,0,0,0
1748634198354,-18750000,5604835,6414937,13068168,0,0,0,0,0,0,0
1748634198454,-18750000,5630495,6378281,13068168,0,0,0,0,0,0,0
1748634198554,-18750000,5656154,6286642,13159811,0,0,0,0,0,0,0
1748634198654,-18750000,5659820,6304968,13196467,0,0,0,0,0,0,0
1748634198754,-18750000,5681814,6304968,13178141,0,0,0,0,0,0,0
1748634198854,-18750000,5685479,6323294,13159811,0,0,0,0,0,0,0
1748634198954,-18750000,5696477,6378281,13178137,0,0,0,0,0,0,0
1748634199054,-18750000,5703809,6378281,13159807,0,0,0,0,0,0,0
1748634199154,-18750000,5714806,6469923,13104821,0,0,0,0,0,0,0
1748634199254,-18750000,5740466,6469923,13123147,0,0,0,0,0,0,0
1748634199354,-18750000,5740466,6524909,13068161,0,0,0,0,0,0,0
1748634199454,-18750000,5740466,6616548,13141477,0,0,0,0,0,0,0
1748634199554,-18750000,5718471,6598218,13049834,0,0,0,0,0,0,0
1748634199654,-18750000,5722137,6561562,13013178,0,0,0,0,0,0,0
1748634199754,-18750000,5722137,6561562,13013178,0,0,0,0,0,0,0
1748634199854,-18750000,5747797,6579892,13031508,0,0,0,0,0,0,0
1748634199954,-18750000,5751463,6598218,12994852,0,0,0,0,0,0,0
1748634200054,-18750000,5747797,6616548,12921539,0,0,0,0,0,0,0
1748634200154,-18750000,5736800,6543232,12921539,0,0,0,0,0,0,0
1748634200254,-18750000,5707474,6524906,12921539,0,0,0,0,0,0,0
1748634200354,-18750000,5700143,6543232,12921539,0,0,0,0,0,0,0
1748634200454,-18750000,5689145,6543232,12866553,0,0,0,0,0,0,0
1748634200554,-18750000,5707474,6598218,12903209,0,0,0,0,0,0,0
1748634200654,-18750000,5703808,6506576,12903209,0,0,0,0,0,0,0
1748634200754,-18750000,5703808,6543232,12921536,0,0,0,0,0,0,0
1748634200854,-18750000,5685480,6469919,12939862,0,0,0,0,0,0,0
1748634200954,-18750000,5678148,6488249,12939862,0,0,0,0,0,0,0
1748634201054,-18750000,5681814,6488249,13013174,0,0,0,0,0,0,0
1748634201154,-18750000,5703808,6524906,13013174,0,0,0,0,0,0,0
1748634201254,-18750000,5722136,6506576,13013174,0,0,0,0,0,0,0
1748634201354,-18750000,5707474,6451593,12976518,0,0,0,0,0,0,0
1748634201454,-18750000,5707474,6396611,12994844,0,0,0,0,0,0,0
1748634201554,-18750000,5700142,6433267,13013170,0,0,0,0,0,0,0
1748634201654,-18750000,5678149,6524909,13031497,0,0,0,0,0,0,0
1748634201754,-18750000,5652489,6579896,13031497,0,0,0,0,0,0,0
1748634201854,-18750000,5634160,6561566,13013170,0,0,0,0,0,0,0
1748634201954,-18750000,5637826,6524909,13031500,0,0,0,0,0,0,0
1748634202054,-18750000,5637826,6543235,13031500,0,0,0,0,0,0,0
1748634202154,-18750000,5612167,6506579,13031500,0,0,0,0,0,0,0
1748634202254,-18750000,5601169,6579892,12976518,0,0,0,0,0,0,0
1748634202354,-18750000,5612166,6579892,13031500,0,0,0,0,0,0,0
1748634202454,-18750000,5593837,6543236,13031500,0,0,0,0,0,0,0
1748634202554,-18750000,5586506,6451593,12994844,0,0,0,0,0,0,0
1748634202654,-18750000,5597503,6396611,12976518,0,0,0,0,0,0,0
1748634202754,-18750000,5593837,6341624,12939862,0,0,0,0,0,0,0
1748634202854,-18750000,5601168,6396611,12939862,0,0,0,0,0,0,0
1748634202954,-18750000,5604834,6451593,12939862,0,0,0,0,0,0,0
1748634203054,-18750000,5601168,6469923,12884879,0,0,0,0,0,0,0
1748634203154,-18750000,5608499,6378281,12884879,0,0,0,0,0,0,0
1748634203254,-18750000,5604834,6341624,12866549,0,0,0,0,0,0,0
1748634203354,-18750000,5604834,6359951,12848223,0,0,0,0,0,0,0
1748634203454,-18750000,5619496,6396607,12811567,0,0,0,0,0,0,0
1748634203554,-18750000,5601168,6488249,12848223,0,0,0,0,0,0,0
1748634203654,-18750000,5604834,6579888,12903209,0,0,0,0,0,0,0
1748634203754,-18750000,5612165,6598214,12884883,0,0,0,0,0,0,0
1748634203854,-18750000,5593837,6543228,12884883,0,0,0,0,0,0,0
1748634203954,-18750000,5568176,6433259,12903209,0,0,0,0,0,0,0
1748634204054,-18750000,5553514,6341617,12884879,0,0,0,0,0,0,0
1748634204154,-18750000,5546183,6359947,12829893,0,0,0,0,0,0,0
1748634204254,-18750000,5542517,6323291,12884879,0,0,0,0,0,0,0
1748634204354,-18750000,5535185,6268308,12884879,0,0,0,0,0,0,0
1748634204454,-18750000,5524189,6231652,12884879,0,0,0,0,0,0,0
1748634204554,-18750000,5524189,6249978,12848223,0,0,0,0,0,0,0
1748634204654,-18750000,5502194,6268308,12756581,0,0,0,0,0,0,0
1748634204754,-18750000,5498529,6213326,12774907,0,0,0,0,0,0,0
1748634204854,-18750000,5505860,6304968,12793233,0,0,0,0,0,0,0
1748634204954,-18750000,5502195,6378281,12756577,0,0,0,0,0,0,0
1748634205054,-18750000,5505860,6396611,12793233,0,0,0,0,0,0,0
1748634205154,-18750000,5498529,6414941,12848219,0,0,0,0,0,0,0
1748634205254,-18750000,5487532,6433271,12848219,0,0,0,0,0,0,0
1748634205354,-18750000,5491198,6488253,12903206,0,0,0,0,0,0,0
1748634205454,-18750000,5476535,6543236,12921536,0,0,0,0,0,0,0
1748634205554,-18750000,5483866,6469923,12976522,0,0,0,0,0,0,0
1748634205654,-18750000,5472869,6433267,12994848,0,0,0,0,0,0,0
1748634205754,-18750000,5461872,6433267,13013178,0,0,0,0,0,0,0
1748634205854,-18750000,5450875,6433267,13013178,0,0,0,0,0,0,0
1748634205954,-18750000,5447209,6433267,13068164,0,0,0,0,0,0,0
1748634206054,-18750000,5443544,6378281,13049838,0,0,0,0,0,0,0
1748634206154,-18750000,5428881,6414937,13013182,0,0,0,0,0,0,0
1748634206254,-18750000,5428881,6433263,12994852,0,0,0,0,0,0,0
1748634206354,-18750000,5406887,6378281,12939866,0,0,0,0,0,0,0
1748634206454,-18750000,5403221,6359954,12939866,0,0,0,0,0,0,0
1748634206554,-18750000,5414219,6359954,12848223,0,0,0,0,0,0,0
1748634206654,-18750000,5425215,6378281,12829897,0,0,0,0,0,0,0
1748634206754,-18750000,5403221,6396607,12829897,0,0,0,0,0,0,0
1748634206854,-18750000,5399555,6268308,12774914,0,0,0,0,0,0,0
1748634206954,-18750000,5384893,6140009,12738258,0,0,0,0,0,0,0
1748634207054,-18750000,5351901,6121679,12719928,0,0,0,0,0,0,0
1748634207154,-18750000,5340904,6121679,12774911,0,0,0,0,0,0,0
1748634207254,-18750000,5340904,6048367,12774911,0,0,0,0,0,0,0
1748634207354,-18750000,5340904,6066693,12756581,0,0,0,0,0,0,0
1748634207454,-18750000,5318909,6048363,12756581,0,0,0,0,0,0,0
1748634207554,-18750000,5282252,6085019,12774911,0,0,0,0,0,0,0
1748634207654,-18750000,5260259,6048363,12793237,0,0,0,0,0,0,0
1748634207754,-18750000,5260259,6030037,12793237,0,0,0,0,0,0,0
1748634207854,-18750000,5234599,6121679,12848219,0,0,0,0,0,0,0
1748634207954,-18750000,5230933,6231652,12793233,0,0,0,0,0,0,0
1748634208054,-18750000,5230933,6231652,12793233,0,0,0,0,0,0,0
1748634208154,-18750000,5230933,6231652,12793233,0,0,0,0,0,0,0
1748634208254,-18750000,5230933,6231652,12793233,0,0,0,0,0,0,0
1748634208354,-18750000,5230933,6231652,12793233,0,0,0,0,0,0,0
1748634208454,-18750000,5230933,6231652,12793233,0,0,0,0,0,0,0
1748634208554,-18750000,5230933,6231652,12793233,0,0,0,0,0,0,0
1748634208654,-18750000,5230933,6231652,12793233,0,0,0,0,0,0,0
1748634208754,-18750000,5230933,6231652,12793233,0,0,0,0,0,0,0
1748634208854,-18750000,5230933,6231652,12793233,0,0,0,0,0,0,0
1748634208954,-18750000,5230933,6231652,12793233,0,0,0,0,0,0,0
1748634209054,-18750000,5227268,6268312,12829889,0,0,0,0,0,0,0
1748634209154,-18750000,5197943,6249982,12848219,0,0,0,0,0,0,0
1748634209254,-18750000,5175949,6249982,12628278,0,0,0,0,0,0,0
1748634209354,-18750000,5186946,6213326,12115079,0,0,0,0,0,0,0
1748634209454,-18750000,5183280,6140013,11583554,0,0,0,0,0,0,0
1748634209554,-18750000,5168618,5975058,10905404,0,0,0,0,0,0,0
1748634209654,-18750000,5153955,5920072,10208924,0,0,0,0,0,0,0
1748634209754,-18750000,5150289,5865086,9384146,0,0,0,0,0,0,0
1748634209854,-18750000,5135627,5828429,8596023,0,0,0,0,0,0,0
1748634209954,-18750000,5117298,5883412,7752914,0,0,0,0,0,0,0
1748634210054,-18750000,5102635,5846756,6873149,0,0,0,0,0,0,0
1748634210154,-18750000,5095304,5975054,5956728,0,0,0,0,0,0,0
1748634210254,-18750000,5080641,5920068,5241918,0,0,0,0,0,0,0
1748634210354,-18750000,5062312,5938398,4802035,0,0,0,0,0,0,0
1748634210454,-18750000,5043984,5993384,4417135,0,0,0,0,0,0,0
1748634210554,-18750000,5036652,6121683,4123878,0,0,0,0,0,0,0
1748634210654,-18750000,5032986,6121683,3885607,0,0,0,0,0,0,0
1748634210754,-18750000,5025654,6121683,3702322,0,0,0,0,0,0,0
1748634210854,-18750000,5032985,6048367,3720648,0,0,0,0,0,0,0
1748634210954,-18750000,5051314,6011711,3995575,0,0,0,0,0,0,0
1748634211054,-18750000,5054980,6011711,4013905,0,0,0,0,0,0,0
1748634211154,-18750000,5054980,5920072,4068888,0,0,0,0,0,0,0
1748634211254,-18750000,5058646,5883416,4160530,0,0,0,0,0,0,0
1748634211354,-18750000,5058646,5828429,4197190,0,0,0,0,0,0,0
1748634211454,-18750000,5054981,5810099,4233850,0,0,0,0,0,0,0
1748634211554,-18750000,5051315,5755113,4270507,0,0,0,0,0,0,0
1748634211654,-18750000,5043984,5810099,4527104,0,0,0,0,0,0,0
1748634211754,-18750000,5051315,5828429,5003643,0,0,0,0,0,0,0
1748634211854,-18750000,5029322,5920072,5333557,0,0,0,0,0,0,0
1748634211954,-18750000,5025656,5883416,5186928,0,0,0,0,0,0,0
1748634212054,-18750000,5025656,5901742,5480182,0,0,0,0,0,0,0
1748634212154,-18750000,5010992,5920068,5736779,0,0,0,0,0,0,0
1748634212254,-18750000,5003661,6030040,6048363,0,0,0,0,0,0,0
1748634212354,-18750000,4999995,6030040,6543228,0,0,0,0,0,0,0
1748634212454,-18750000,5003660,5956728,7166392,0,0,0,0,0,0,0
1748634212554,-18750000,5003660,5956728,7477976,0,0,0,0,0,0,0
1748634212654,-18750000,5029320,5938398,7441319,0,0,0,0,0,0,0
1748634212754,-18750000,5036651,5920068,7184722,0,0,0,0,0,0,0
1748634212854,-18750000,5051314,5883412,6891468,0,0,0,0,0,0,0
1748634212954,-18750000,5036651,5956724,6818156,0,0,0,0,0,0,0
1748634213054,-18750000,5043983,5920068,6543228,0,0,0,0,0,0,0
1748634213154,-18750000,5036651,5810099,6231648,0,0,0,0,0,0,0
1748634213254,-18750000,5058645,5791769,6121679,0,0,0,0,0,0,0
1748634213354,-18750000,5073308,5755113,5938394,0,0,0,0,0,0,0
1748634213454,-18750000,5069643,5791769,5425199,0,0,0,0,0,0,0
1748634213554,-18750000,5065977,5846756,5186932,0,0,0,0,0,0,0
1748634213654,-18750000,5051315,5828429,5351887,0,0,0,0,0,0,0
1748634213754,-18750000,5040317,5810099,5443529,0,0,0,0,0,0,0
1748634213854,-18750000,5040317,5828429,5480186,0,0,0,0,0,0,0
1748634213954,-18750000,5032986,5718461,5443529,0,0,0,0,0,0,0
1748634214054,-18750000,5014658,5663474,5388547,0,0,0,0,0,0,0
1748634214154,-18750000,5018324,5773443,5700127,0,0,0,0,0,0,0
1748634214254,-18750000,4992664,5736787,5901738,0,0,0,0,0,0,0
1748634214354,-18750000,4970669,5791769,6158339,0,0,0,0,0,0,0
1748634214454,-18750000,4956007,5828426,6671534,0,0,0,0,0,0,0
1748634214554,-18750000,4970670,5791769,7349684,0,0,0,0,0,0,0
1748634214654,-18750000,4974336,5810096,7789567,0,0,0,0,0,0,0
1748634214754,-18750000,4978002,5901738,8119481,0,0,0,0,0,0,0
1748634214854,-18750000,4992665,5828422,8266106,0,0,0,0,0,0,0
1748634214954,-18750000,4999996,5883408,8412734,0,0,0,0,0,0,0
1748634215054,-18750000,5007327,5956724,8522703,0,0,0,0,0,0,0
1748634215154,-18750000,5010992,5828426,8339422,0,0,0,0,0,0,0
1748634215254,-18750000,5021990,5865082,8211123,0,0,0,0,0,0,0
1748634215354,-18750000,5021990,5883412,7936196,0,0,0,0,0,0,0
1748634215454,-18750000,5047649,5828426,7477987,0,0,0,0,0,0,0
1748634215554,-18750000,5032986,5846756,7129747,0,0,0,0,0,0,0
1748634215654,-18750000,5032986,5865086,6543239,0,0,0,0,0,0,0
1748634215754,-18750000,5018324,5846759,6140013,0,0,0,0,0,0,0
1748634215854,-18750000,4999995,5938402,6066701,0,0,0,0,0,0,0
1748634215954,-18750000,4999995,5846759,6249982,0,0,0,0,0,0,0
1748634216054,-18750000,4992664,5865086,6359954,0,0,0,0,0,0,0
1748634216154,-18750000,4996330,5956728,6396610,0,0,0,0,0,0,0
1748634216254,-18750000,4988999,5920072,6396610,0,0,0,0,0,0,0
1748634216354,-18750000,4985333,5791773,6543239,0,0,0,0,0,0,0
1748634216454,-18750000,4985333,5828433,6946465,0,0,0,0,0,0,0
1748634216554,-18750000,5003662,5755117,7221393,0,0,0,0,0,0,0
1748634216654,-18750000,5007327,5700131,7349692,0,0,0,0,0,0,0
1748634216754,-18750000,5010992,5755113,7459660,0,0,0,0,0,0,0
1748634216854,-18750000,5018324,5755113,7514647,0,0,0,0,0,0,0
1748634216954,-18750000,5007327,5828426,7551307,0,0,0,0,0,0,0
1748634217054,-18750000,5025655,5736783,7569633,0,0,0,0,0,0,0
1748634217154,-18750000,5025655,5755113,7807901,0,0,0,0,0,0,0
1748634217254,-18750000,5025655,5810099,8027842,0,0,0,0,0,0,0
1748634217354,-18750000,5021989,5938398,8211123,0,0,0,0,0,0,0
1748634217454,-18750000,4999995,5920068,8339422,0,0,0,0,0,0,0
1748634217554,-18750000,4988998,5975054,8467721,0,0,0,0,0,0,0
1748634217654,-18750000,4974335,5956724,8907603,0,0,0,0,0,0,0
1748634217754,-18750000,4974335,5773443,9402472,0,0,0,0,0,0,0
1748634217854,-18750000,4959672,5663474,9933997,0,0,0,0,0,0,0
1748634217954,-18750000,4959672,5681804,10300563,0,0,0,0,0,0,0
1748634218054,-18750000,4952341,5773447,10905404,0,0,0,0,0,0,0
1748634218154,-18750000,4956006,5755117,11363617,0,0,0,0,0,0,0
1748634218254,-18750000,4963337,5736787,11418603,0,0,0,0,0,0,0
1748634218354,-18750000,4970669,5681801,11253648,0,0,0,0,0,0,0
1748634218454,-18750000,4988997,5700131,10887078,0,0,0,0,0,0,0
1748634218554,-18750000,4974335,5700131,10593824,0,0,0,0,0,0,0
1748634218654,-18750000,4963337,5736791,10117282,0,0,0,0,0,0,0
1748634218754,-18750000,4959672,5810103,9750712,0,0,0,0,0,0,0
1748634218854,-18750000,4974335,5865086,9439128,0,0,0,0,0,0,0
1748634218954,-18750000,4959673,5828426,9219187,0,0,0,0,0,0,0
1748634219054,-18750000,4941344,5755113,8632675,0,0,0,0,0,0,0
1748634219154,-18750000,4923017,5810099,8302765,0,0,0,0,0,0,0
1748634219254,-18750000,4923017,5755113,8339422,0,0,0,0,0,0,0
1748634219354,-18750000,4934014,5755113,8412738,0,0,0,0,0,0,0
1748634219454,-18750000,4923017,5736783,8339425,0,0,0,0,0,0,0
1748634219554,-18750000,4930348,5755113,8027842,0,0,0,0,0,0,0
1748634219654,-18750000,4937679,5718453,8174470,0,0,0,0,0,0,0
1748634219754,-18750000,4930348,5828422,8339429,0,0,0,0,0,0,0
1748634219854,-18750000,4926682,5791766,8412742,0,0,0,0,0,0,0
1748634219954,-18750000,4941344,5755109,8467728,0,0,0,0,0,0,0
1748634220054,-18750000,4937679,5828422,8559371,0,0,0,0,0,0,0
1748634220154,-18750000,4945010,5810092,8614353,0,0,0,0,0,0,0
1748634220254,-18750000,4948676,5810092,8614353,0,0,0,0,0,0,0
1748634220354,-18750000,4937679,5883408,8687666,0,0,0,0,0,0,0
1748634220454,-18750000,4941345,5846752,8815964,0,0,0,0,0,0,0
1748634220554,-18750000,4937680,5773435,9255847,0,0,0,0,0,0,0
1748634220654,-18750000,4937680,5810095,9494118,0,0,0,0,0,0,0
1748634220754,-18750000,4926683,5663470,9585761,0,0,0,0,0,0,0
1748634220854,-18750000,4923017,5736787,9769046,0,0,0,0,0,0,0
1748634220954,-18750000,4930348,5736787,9915674,0,0,0,0,0,0,0
1748634221054,-18750000,4937679,5718461,9934000,0,0,0,0,0,0,0
1748634221154,-18750000,4937679,5681804,9659073,0,0,0,0,0,0,0
1748634221254,-18750000,4904687,5681804,9439132,0,0,0,0,0,0,0
1748634221354,-18750000,4912019,5663474,9347489,0,0,0,0,0,0,0
1748634221454,-18750000,4890024,5645144,9530774,0,0,0,0,0,0,0
1748634221554,-18750000,4890024,5718461,9310833,0,0,0,0,0,0,0
1748634221654,-18750000,4912019,5700131,9164204,0,0,0,0,0,0,0
1748634221754,-18750000,4948676,5755117,8834290,0,0,0,0,0,0,0
1748634221854,-18750000,4959673,5736787,8229453,0,0,0,0,0,0,0
1748634221954,-18750000,4948676,5755117,7624612,0,0,0,0,0,0,0
1748634222054,-18750000,4952342,5773443,7313028,0,0,0,0,0,0,0
1748634222154,-18750000,4956007,5755113,7404671,0,0,0,0,0,0,0
1748634222254,-18750000,4974335,5828429,7459657,0,0,0,0,0,0,0
1748634222354,-18750000,4967004,5791773,7532969,0,0,0,0,0,0,0
1748634222454,-18750000,4974336,5828429,7642938,0,0,0,0,0,0,0
1748634222554,-18750000,4970670,5846756,7954522,0,0,0,0,0,0,0
1748634222654,-18750000,4952341,5828426,8174463,0,0,0,0,0,0,0
1748634222754,-18750000,4937678,5791766,8669332,0,0,0,0,0,0,0
1748634222854,-18750000,4897356,5773436,9292499,0,0,0,0,0,0,0
1748634222954,-18750000,4893690,5773436,9933997,0,0,0,0,0,0,0
1748634223054,-18750000,4879027,5773436,10722123,0,0,0,0,0,0,0
1748634223154,-18750000,4875362,5828422,11235322,0,0,0,0,0,0,0
1748634223254,-18750000,4868031,5773436,11638548,0,0,0,0,0,0,0
1748634223354,-18750000,4879028,5810092,11913475,0,0,0,0,0,0,0
1748634223454,-18750000,4890025,5810092,12115090,0,0,0,0,0,0,0
1748634223554,-18750000,4901022,5810092,11950135,0,0,0,0,0,0,0
1748634223654,-18750000,4904687,5828422,11821837,0,0,0,0,0,0,0
1748634223754,-18750000,4904687,5865082,11436940,0,0,0,0,0,0,0
1748634223854,-18750000,4923016,5938398,11070370,0,0,0,0,0,0,0
1748634223954,-18750000,4915685,5975054,10887085,0,0,0,0,0,0,0
1748634224054,-18750000,4930347,5901742,10722127,0,0,0,0,0,0,0
1748634224154,-18750000,4919350,5883416,10502185,0,0,0,0,0,0,0
1748634224254,-18750000,4912018,5846759,10392213,0,0,0,0,0,0,0
1748634224354,-18750000,4901021,5846759,10282244,0,0,0,0,0,0,0
1748634224454,-18750000,4879027,5810103,10190602,0,0,0,0,0,0,0
1748634224554,-18750000,4871696,5700134,10465526,0,0,0,0,0,0,0
1748634224654,-18750000,4853368,5681804,10612154,0,0,0,0,0,0,0
1748634224754,-18750000,4835040,5626818,11088693,0,0,0,0,0,0,0
1748634224854,-18750000,4816711,5498519,11528576,0,0,0,0,0,0,0
1748634224954,-18750000,4824043,5425207,11785173,0,0,0,0,0,0,0
1748634225054,-18750000,4809380,5406877,11931802,0,0,0,0,0,0,0
1748634225154,-18750000,4820378,5296904,12133413,0,0,0,0,0,0,0
1748634225254,-18750000,4824044,5278574,12225056,0,0,0,0,0,0,0
1748634225354,-18750000,4809381,5315231,12353354,0,0,0,0,0,0,0
1748634225454,-18750000,4809381,5370217,12481653,0,0,0,0,0,0,0
1748634225554,-18750000,4802050,5425199,12554969,0,0,0,0,0,0,0
1748634225654,-18750000,4802050,5388543,12628282,0,0,0,0,0,0,0
1748634225754,-18750000,4794719,5461856,12573295,0,0,0,0,0,0,0
1748634225854,-18750000,4805716,5571824,12591625,0,0,0,0,0,0,0
1748634225954,-18750000,4813047,5535164,12591625,0,0,0,0,0,0,0
1748634226054,-18750000,4813047,5553494,12664938,0,0,0,0,0,0,0
1748634226154,-18750000,4805716,5681793,12664938,0,0,0,0,0,0,0
1748634226254,-18750000,4798384,5718449,12719924,0,0,0,0,0,0,0
1748634226354,-18750000,4805715,5681793,12738251,0,0,0,0,0,0,0
1748634226454,-18750000,4809380,5608481,12701594,0,0,0,0,0,0,0
1748634226554,-18750000,4798383,5590154,12738251,0,0,0,0,0,0,0
1748634226654,-18750000,4794717,5608484,12774907,0,0,0,0,0,0,0
1748634226754,-18750000,4809380,5443529,12811563,0,0,0,0,0,0,0
1748634226854,-18750000,4802048,5406873,12793233,0,0,0,0,0,0,0
1748634226954,-18750000,4802048,5498516,12756577,0,0,0,0,0,0,0
1748634227054,-18750000,4794717,5516842,12719921,0,0,0,0,0,0,0
1748634227154,-18750000,4791051,5406873,12683264,0,0,0,0,0,0,0
1748634227254,-18750000,4780054,5370217,12664934,0,0,0,0,0,0,0
1748634227354,-18750000,4769057,5388547,12664934,0,0,0,0,0,0,0
1748634227454,-18750000,4769057,5461859,12701591,0,0,0,0,0,0,0
1748634227554,-18750000,4809379,5516846,12683261,0,0,0,0,0,0,0
1748634227654,-18750000,4809379,5626814,12701591,0,0,0,0,0,0,0
1748634227754,-18750000,4805713,5736783,12664934,0,0,0,0,0,0,0
1748634227854,-18750000,4805713,5681797,12701591,0,0,0,0,0,0,0
1748634227954,-18750000,4820377,5645141,12738247,0,0,0,0,0,0,0
1748634228054,-18750000,4824043,5608484,12756577,0,0,0,0,0,0,0
1748634228154,-18750000,4824043,5608484,12774907,0,0,0,0,0,0,0
1748634228254,-18750000,4864365,5718453,12793237,0,0,0,0,0,0,0
1748634228354,-18750000,4864365,5718453,12793237,0,0,0,0,0,0,0
1748634228454,-18750000,4868031,5663467,12774907,0,0,0,0,0,0,0
1748634228554,-18750000,4846037,5645137,12774907,0,0,0,0,0,0,0
1748634228654,-18750000,4838706,5645137,12774907,0,0,0,0,0,0,0
1748634228754,-18750000,4824043,5571824,12793237,0,0,0,0,0,0,0
1748634228854,-18750000,4831374,5571824,12774911,0,0,0,0,0,0,0
1748634228954,-18750000,4820377,5736779,12811567,0,0,0,0,0,0,0
1748634229054,-18750000,4813045,5736779,12848223,0,0,0,0,0,0,0
1748634229154,-18750000,4820377,5773436,12848223,0,0,0,0,0,0,0
1748634229254,-18750000,4802048,5773436,12921532,0,0,0,0,0,0,0
1748634229354,-18750000,4794717,5773436,12921532,0,0,0,0,0,0,0
1748634229454,-18750000,4780054,5828418,12866549,0,0,0,0,0,0,0
1748634229554,-18750000,4787386,5828418,12866549,0,0,0,0,0,0,0
1748634229654,-18750000,4780054,5846748,12884879,0,0,0,0,0,0,0
1748634229754,-18750000,4783720,5791762,12866549,0,0,0,0,0,0,0
1748634229854,-18750000,4776389,5791762,12866549,0,0,0,0,0,0,0
1748634229954,-18750000,4769058,5791762,12866549,0,0,0,0,0,0,0
1748634230054,-18750000,4761726,5663463,12866549,0,0,0,0,0,0,0
1748634230154,-18750000,4765392,5608481,12793237,0,0,0,0,0,0,0
1748634230254,-18750000,4765392,5590151,12793237,0,0,0,0,0,0,0
1748634230354,-18750000,4747063,5535168,12793237,0,0,0,0,0,0,0
1748634230454,-18750000,4743397,5498512,12829893,0,0,0,0,0,0,0
1748634230554,-18750000,4743397,5461856,12884879,0,0,0,0,0,0,0
1748634230654,-18750000,4754395,5406869,12921536,0,0,0,0,0,0,0
1748634230754,-18750000,4739732,5425199,12921536,0,0,0,0,0,0,0
1748634230854,-18750000,4739732,5461856,12884879,0,0,0,0,0,0,0
1748634230954,-18750000,4750729,5461856,12921536,0,0,0,0,0,0,0
1748634231054,-18750000,4758061,5461856,12921536,0,0,0,0,0,0,0
1748634231154,-18750000,4743398,5480182,12921536,0,0,0,0,0,0,0
1748634231254,-18750000,4747064,5535168,12958192,0,0,0,0,0,0,0
1748634231354,-18750000,4765393,5571824,12903209,0,0,0,0,0,0,0
1748634231454,-18750000,4772724,5571824,12866553,0,0,0,0,0,0,0
1748634231554,-18750000,4772724,5608481,12866553,0,0,0,0,0,0,0
1748634231654,-18750000,4754395,5590151,12903209,0,0,0,0,0,0,0
1748634231754,-18750000,4754395,5516838,12848223,0,0,0,0,0,0,0
1748634231854,-18750000,4758061,5535168,12848223,0,0,0,0,0,0,0
1748634231954,-18750000,4761727,5516842,12866553,0,0,0,0,0,0,0
1748634232054,-18750000,4761727,5590158,12848223,0,0,0,0,0,0,0
1748634232154,-18750000,4765393,5663474,12811567,0,0,0,0,0,0,0
1748634232254,-18750000,4750730,5626818,12829893,0,0,0,0,0,0,0
1748634232354,-18750000,4736067,5608488,12884875,0,0,0,0,0,0,0
1748634232454,-18750000,4743398,5608488,12884875,0,0,0,0,0,0,0
1748634232554,-18750000,4721404,5498519,12848219,0,0,0,0,0,0,0
1748634232654,-18750000,4717738,5535176,12793237,0,0,0,0,0,0,0
1748634232754,-18750000,4732400,5645144,12829893,0,0,0,0,0,0,0
1748634232854,-18750000,4732400,5553502,12866549,0,0,0,0,0,0,0
1748634232954,-18750000,4710406,5571828,12903206,0,0,0,0,0,0,0
1748634233054,-18750000,4706740,5535168,12921536,0,0,0,0,0,0,0
1748634233154,-18750000,4706740,5498508,12958192,0,0,0,0,0,0,0
1748634233254,-18750000,4710406,5535164,12958192,0,0,0,0,0,0,0
1748634233354,-18750000,4721403,5516838,12921536,0,0,0,0,0,0,0
1748634233454,-18750000,4728735,5516838,13013178,0,0,0,0,0,0,0
1748634233554,-18750000,4739732,5645137,13031504,0,0,0,0,0,0,0
1748634233654,-18750000,4754395,5663467,13031504,0,0,0,0,0,0,0
1748634233754,-18750000,4743398,5590154,12994848,0,0,0,0,0,0,0
1748634233854,-18750000,4750729,5663467,12994848,0,0,0,0,0,0,0
1748634233954,-18750000,4754395,5626811,12903206,0,0,0,0,0,0,0
1748634234054,-18750000,4750729,5645141,12884876,0,0,0,0,0,0,0
1748634234154,-18750000,4747063,5626814,12866549,0,0,0,0,0,0,0
1748634234254,-18750000,4758060,5590158,12848223,0,0,0,0,0,0,0
1748634234354,-18750000,4772722,5516842,12903209,0,0,0,0,0,0,0
1748634234454,-18750000,4761725,5461856,12811567,0,0,0,0,0,0,0
1748634234554,-18750000,4765391,5461856,12811567,0,0,0,0,0,0,0
1748634234654,-18750000,4765391,5406869,12829893,0,0,0,0,0,0,0
1748634234754,-18750000,4765391,5425196,12848223,0,0,0,0,0,0,0
1748634234854,-18750000,4761725,5425196,12793237,0,0,0,0,0,0,0
1748634234954,-18750000,4776388,5480182,12811567,0,0,0,0,0,0,0
1748634235054,-18750000,4780054,5516838,12848223,0,0,0,0,0,0,0
1748634235154,-18750000,4769058,5498508,12866549,0,0,0,0,0,0,0
1748634235254,-18750000,4765392,5425196,12884875,0,0,0,0,0,0,0
1748634235354,-18750000,4769058,5571824,12811563,0,0,0,0,0,0,0
1748634235454,-18750000,4787386,5553498,12866545,0,0,0,0,0,0,0
1748634235554,-18750000,4791052,5535168,12903202,0,0,0,0,0,0,0
1748634235654,-18750000,4791052,5626811,12921532,0,0,0,0,0,0,0
1748634235754,-18750000,4813046,5608484,12976514,0,0,0,0,0,0,0
1748634235854,-18750000,4809381,5645144,13086487,0,0,0,0,0,0,0
1748634235954,-18750000,4805715,5681801,13049830,0,0,0,0,0,0,0
1748634236054,-18750000,4794718,5553502,13049830,0,0,0,0,0,0,0
1748634236154,-18750000,4813046,5516846,13031504,0,0,0,0,0,0,0
1748634236254,-18750000,4809381,5535172,12958192,0,0,0,0,0,0,0
1748634236354,-18750000,4780055,5535172,12921532,0,0,0,0,0,0,0
1748634236454,-18750000,4780055,5535172,12866549,0,0,0,0,0,0,0
1748634236554,-18750000,4769059,5535172,12793237,0,0,0,0,0,0,0
1748634236654,-18750000,4758062,5480186,12646608,0,0,0,0,0,0,0
1748634236754,-18750000,4754396,5553498,12408340,0,0,0,0,0,0,0
1748634236854,-18750000,4758061,5425196,12115083,0,0,0,0,0,0,0
1748634236954,-18750000,4761727,5315227,11840155,0,0,0,0,0,0,0
1748634237054,-18750000,4761727,5406869,11400273,0,0,0,0,0,0,0
1748634237154,-18750000,4761727,5498512,10997047,0,0,0,0,0,0,0
1748634237254,-18750000,4769058,5425199,10575494,0,0,0,0,0,0,0
1748634237354,-18750000,4783721,5425199,10135612,0,0,0,0,0,0,0
1748634237454,-18750000,4765393,5516842,9659069,0,0,0,0,0,0,0
1748634237554,-18750000,4780055,5535172,9090888,0,0,0,0,0,0,0
1748634237654,-18750000,4783720,5498516,8651005,0,0,0,0,0,0,0
1748634237754,-18750000,4769058,5461859,8229449,0,0,0,0,0,0,0
1748634237854,-18750000,4758061,5553502,7807897,0,0,0,0,0,0,0
1748634237954,-18750000,4743398,5645144,7441327,0,0,0,0,0,0,0
1748634238054,-18750000,4736067,5645144,7184729,0,0,0,0,0,0,0
1748634238154,-18750000,4732401,5608488,6928132,0,0,0,0,0,0,0
1748634238254,-18750000,4725070,5681801,6689860,0,0,0,0,0,0,0
1748634238354,-18750000,4714073,5663471,6433263,0,0,0,0,0,0,0
1748634238454,-18750000,4717738,5608484,6213322,0,0,0,0,0,0,0
1748634238554,-18750000,4710407,5608484,6066693,0,0,0,0,0,0,0
1748634238654,-18750000,4710407,5645141,5901738,0,0,0,0,0,0,0
1748634238754,-18750000,4703075,5626811,5828425,0,0,0,0,0,0,0
1748634238854,-18750000,4703075,5626811,5828425,0,0,0,0,0,0,0
1748634238954,-18750000,4703075,5626811,5828425,0,0,0,0,0,0,0
1748634239054,-18750000,4703075,5626811,5828425,0,0,0,0,0,0,0
1748634239154,-18750000,4703075,5626811,5828425,0,0,0,0,0,0,0
1748634239254,-18750000,4703075,5626811,5828425,0,0,0,0,0,0,0
1748634239354,-18750000,4703075,5626811,5828425,0,0,0,0,0,0,0
1748634239454,-18750000,4703075,5626811,5828425,0,0,0,0,0,0,0
1748634239554,-18750000,4703075,5626811,5828425,0,0,0,0,0,0,0
1748634239654,-18750000,4703075,5626811,5828425,0,0,0,0,0,0,0
1748634239754,-18750000,4714072,5590154,5681797,0,0,0,0,0,0,0
1748634239854,-18750000,4699409,5571824,5608484,0,0,0,0,0,0,0
1748634239954,-18750000,4706741,5498512,5498516,0,0,0,0,0,0,0
1748634240054,-18750000,4699409,5516838,5131946,0,0,0,0,0,0,0
1748634240154,-18750000,4684746,5571824,4838692,0,0,0,0,0,0,0
1748634240254,-18750000,4684746,5626811,4508782,0,0,0,0,0,0,0
1748634240354,-18750000,4666418,5645137,4105555,0,0,0,0,0,0,0
1748634240454,-18750000,4662752,5645137,3720659,0,0,0,0,0,0,0
1748634240554,-18750000,4651755,5645137,3280777,0,0,0,0,0,0,0
1748634240654,-18750000,4651755,5645137,2749252,0,0,0,0,0,0,0
1748634240754,-18750000,4644424,5700123,2382682,0,0,0,0,0,0,0
1748634240854,-18750000,4648089,5700123,1906143,0,0,0,0,0,0,0
1748634240954,-18750000,4648089,5736779,1466261,0,0,0,0,0,0,0
1748634241054,-18750000,4651754,5645137,1264649,0,0,0,0,0,0,0
1748634241154,-18750000,4677415,5571824,989722,0,0,0,0,0,0,0
1748634241254,-18750000,4662751,5516838,843093,0,0,0,0,0,0,0
1748634241354,-18750000,4659086,5535168,751454,0,0,0,0,0,0,0
1748634241454,-18750000,4651755,5425196,714798,0,0,0,0,0,0,0
1748634241554,-18750000,4659086,5388539,678142,0,0,0,0,0,0,0
1748634241654,-18750000,4662752,5351883,641486,0,0,0,0,0,0,0
1748634241754,-18750000,4651754,5315227,623159,0,0,0,0,0,0,0
1748634241854,-18750000,4644423,5278571,604829,0,0,0,0,0,0,0
1748634241954,-18750000,4626095,5168598,623156,0,0,0,0,0,0,0
1748634242054,-18750000,4618763,5278571,623156,0,0,0,0,0,0,0
1748634242154,-18750000,4596769,5296897,678142,0,0,0,0,0,0,0
1748634242254,-18750000,4604101,5241914,733128,0,0,0,0,0,0,0
1748634242354,-18750000,4611432,5150272,678142,0,0,0,0,0,0,0
1748634242454,-18750000,4615098,5223588,641486,0,0,0,0,0,0,0
1748634242554,-18750000,4600435,5260244,659812,0,0,0,0,0,0,0
1748634242654,-18750000,4596769,5241918,659812,0,0,0,0,0,0,0
1748634242754,-18750000,4600435,5260244,586496,0,0,0,0,0,0,0
1748634242854,-18750000,4626095,5260244,641482,0,0,0,0,0,0,0
1748634242954,-18750000,4626095,5406873,604826,0,0,0,0,0,0,0
1748634243054,-18750000,4622430,5406873,623152,0,0,0,0,0,0,0
1748634243154,-18750000,4611433,5406873,604822,0,0,0,0,0,0,0
1748634243254,-18750000,4615098,5443529,549836,0,0,0,0,0,0,0
1748634243354,-18750000,4622429,5498516,604822,0,0,0,0,0,0,0
1748634243454,-18750000,4611432,5461859,586492,0,0,0,0,0,0,0
1748634243554,-18750000,4618764,5388547,513179,0,0,0,0,0,0,0
1748634243654,-18750000,4593104,5406873,513179,0,0,0,0,0,0,0
1748634243754,-18750000,4585772,5351891,568166,0,0,0,0,0,0,0
1748634243854,-18750000,4552781,5333561,513179,0,0,0,0,0,0,0
1748634243954,-18750000,4552781,5278574,513179,0,0,0,0,0,0,0
1748634244054,-18750000,4552781,5315230,531509,0,0,0,0,0,0,0
1748634244154,-18750000,4549116,5351887,494853,0,0,0,0,0,0,0
1748634244254,-18750000,4534454,5370213,494853,0,0,0,0,0,0,0
1748634244354,-18750000,4523456,5296897,476523,0,0,0,0,0,0,0
1748634244454,-18750000,4519790,5406866,494853,0,0,0,0,0,0,0
1748634244554,-18750000,4497796,5498508,586496,0,0,0,0,0,0,0
1748634244654,-18750000,4523456,5461852,604822,0,0,0,0,0,0,0
1748634244754,-18750000,4527121,5498508,623152,0,0,0,0,0,0,0
1748634244854,-18750000,4530787,5498508,623152,0,0,0,0,0,0,0
1748634244954,-18750000,4534453,5516838,678138,0,0,0,0,0,0,0
1748634245054,-18750000,4527121,5406869,641482,0,0,0,0,0,0,0
1748634245154,-18750000,4530787,5388543,641482,0,0,0,0,0,0,0
1748634245254,-18750000,4541784,5388543,678138,0,0,0,0,0,0,0
1748634245354,-18750000,4549116,5443529,714794,0,0,0,0,0,0,0
1748634245454,-18750000,4560113,5370217,696464,0,0,0,0,0,0,0
1748634245554,-18750000,4578442,5296904,641478,0,0,0,0,0,0,0
1748634245654,-18750000,4567444,5370217,659808,0,0,0,0,0,0,0
1748634245754,-18750000,4571110,5333561,586492,0,0,0,0,0,0,0
1748634245854,-18750000,4567444,5351891,549836,0,0,0,0,0,0,0
1748634245954,-18750000,4563778,5351891,513179,0,0,0,0,0,0,0
1748634246054,-18750000,4549116,5351891,531506,0,0,0,0,0,0,0
1748634246154,-18750000,4556447,5333561,604818,0,0,0,0,0,0,0
1748634246254,-18750000,4549115,5241918,586492,0,0,0,0,0,0,0
1748634246354,-18750000,4538118,5223592,604822,0,0,0,0,0,0,0
1748634246454,-18750000,4527121,5205262,568166,0,0,0,0,0,0,0
1748634246554,-18750000,4519790,5205262,531509,0,0,0,0,0,0,0
1748634246654,-18750000,4519790,5168606,549839,0,0,0,0,0,0,0
1748634246754,-18750000,4501461,5150276,623155,0,0,0,0,0,0,0
1748634246854,-18750000,4530787,5021977,678142,0,0,0,0,0,0,0
1748634246954,-18750000,4530787,4985321,659812,0,0,0,0,0,0,0
1748634247054,-18750000,4519790,4985321,586499,0,0,0,0,0,0,0
1748634247154,-18750000,4516124,4948664,531513,0,0,0,0,0,0,0
1748634247254,-18750000,4505128,5003651,568169,0,0,0,0,0,0,0
1748634247354,-18750000,4512459,5003651,513183,0,0,0,0,0,0,0
1748634247454,-18750000,4508794,4930338,549839,0,0,0,0,0,0,0
1748634247554,-18750000,4508794,4912008,623152,0,0,0,0,0,0,0
1748634247654,-18750000,4512459,4930338,586492,0,0,0,0,0,0,0
1748634247754,-18750000,4519790,4948668,513176,0,0,0,0,0,0,0
1748634247854,-18750000,4494131,5076967,513176,0,0,0,0,0,0,0
1748634247954,-18750000,4490465,5113623,513176,0,0,0,0,0,0,0
1748634248054,-18750000,4497796,5095293,568162,0,0,0,0,0,0,0
1748634248154,-18750000,4483133,5095293,641478,0,0,0,0,0,0,0
1748634248254,-18750000,4472136,5150279,586492,0,0,0,0,0,0,0
1748634248354,-18750000,4453807,5150279,586492,0,0,0,0,0,0,0
1748634248454,-18750000,4450141,5278578,549836,0,0,0,0,0,0,0
1748634248554,-18750000,4428147,5296908,513179,0,0,0,0,0,0,0
1748634248654,-18750000,4417150,5260252,494853,0,0,0,0,0,0,0
1748634248754,-18750000,4395157,5315234,513183,0,0,0,0,0,0,0
1748634248854,-18750000,4398822,5260248,476523,0,0,0,0,0,0,0
1748634248954,-18750000,4398822,5260248,494853,0,0,0,0,0,0,0
1748634249054,-18750000,4420816,5241918,476523,0,0,0,0,0,0,0
1748634249154,-18750000,4417151,5168606,384881,0,0,0,0,0,0,0
1748634249254,-18750000,4417151,5131949,403211,0,0,0,0,0,0,0
1748634249354,-18750000,4420817,5168606,366554,0,0,0,0,0,0,0
1748634249454,-18750000,4431815,5058633,403211,0,0,0,0,0,0,0
1748634249554,-18750000,4431815,5058633,403211,0,0,0,0,0,0,0
1748634249654,-18750000,4424483,5076959,403211,0,0,0,0,0,0,0
1748634249754,-18750000,4442811,4985317,439867,0,0,0,0,0,0,0
1748634249854,-18750000,4431814,5003647,458197,0,0,0,0,0,0,0
1748634249954,-18750000,4442810,4912004,476523,0,0,0,0,0,0,0
1748634250054,-18750000,4413485,4966991,513179,0,0,0,0,0,0,0
1748634250154,-18750000,4431813,5058633,568166,0,0,0,0,0,0,0
1748634250254,-18750000,4442810,5058633,549836,0,0,0,0,0,0,0
1748634250354,-18750000,4450142,5021977,659804,0,0,0,0,0,0,0
1748634250454,-18750000,4446476,5058637,714791,0,0,0,0,0,0,0
1748634250554,-18750000,4461139,5003651,769777,0,0,0,0,0,0,0
1748634250654,-18750000,4464805,5021981,769777,0,0,0,0,0,0,0
1748634250754,-18750000,4464805,5058641,733121,0,0,0,0,0,0,0
1748634250854,-18750000,4453808,4985324,788107,0,0,0,0,0,0,0
1748634250954,-18750000,4435480,5058637,733121,0,0,0,0,0,0,0
1748634251054,-18750000,4457474,5076967,696464,0,0,0,0,0,0,0
1748634251154,-18750000,4457474,5113623,696464,0,0,0,0,0,0,0
1748634251254,-18750000,4461140,5058637,659808,0,0,0,0,0,0,0
1748634251354,-18750000,4446476,5095293,549839,0,0,0,0,0,0,0
1748634251454,-18750000,4435479,5150275,476523,0,0,0,0,0,0,0
1748634251554,-18750000,4435479,5205262,421537,0,0,0,0,0,0,0
1748634251654,-18750000,4431813,5131946,458193,0,0,0,0,0,0,0
1748634251754,-18750000,4417150,5113616,403207,0,0,0,0,0,0,0
1748634251854,-18750000,4417150,5150272,366551,0,0,0,0,0,0,0
1748634251954,-18750000,4417150,5131946,366551,0,0,0,0,0,0,0
1748634252054,-18750000,4402486,5076959,384881,0,0,0,0,0,0,0
1748634252154,-18750000,4387823,5058629,348221,0,0,0,0,0,0,0
1748634252254,-18750000,4369495,5058629,384877,0,0,0,0,0,0,0
1748634252354,-18750000,4365829,5040299,403203,0,0,0,0,0,0,0
1748634252454,-18750000,4347502,4985317,421533,0,0,0,0,0,0,0
1748634252554,-18750000,4343836,4966987,458190,0,0,0,0,0,0,0
1748634252654,-18750000,4351168,4948661,476520,0,0,0,0,0,0,0
1748634252754,-18750000,4365831,4966991,604818,0,0,0,0,0,0,0
1748634252854,-18750000,4384159,5040307,604818,0,0,0,0,0,0,0
1748634252954,-18750000,4384159,5003647,586492,0,0,0,0,0,0,0
1748634253054,-18750000,4380494,5021977,531506,0,0,0,0,0,0,0
1748634253154,-18750000,4376829,4985321,549836,0,0,0,0,0,0,0
1748634253254,-18750000,4391492,5003651,549836,0,0,0,0,0,0,0
1748634253354,-18750000,4395157,5021981,586496,0,0,0,0,0,0,0
1748634253454,-18750000,4417151,5058637,568166,0,0,0,0,0,0,0
1748634253554,-18750000,4409820,5076967,531509,0,0,0,0,0,0,0
1748634253654,-18750000,4391491,5150279,513179,0,0,0,0,0,0,0
1748634253754,-18750000,4380494,5186936,403211,0,0,0,0,0,0,0
1748634253854,-18750000,4380494,5205262,384881,0,0,0,0,0,0,0
1748634253954,-18750000,4380494,5223592,366551,0,0,0,0,0,0,0
1748634254054,-18750000,4369497,5241918,421537,0,0,0,0,0,0,0
1748634254154,-18750000,4358500,5315231,348225,0,0,0,0,0,0,0
1748634254254,-18750000,4343836,5370213,384881,0,0,0,0,0,0,0
1748634254354,-18750000,4351168,5351883,384881,0,0,0,0,0,0,0
1748634254454,-18750000,4329175,5260241,439867,0,0,0,0,0,0,0
1748634254554,-18750000,4347503,5278567,458197,0,0,0,0,0,0,0
1748634254654,-18750000,4340172,5296897,458197,0,0,0,0,0,0,0
1748634254754,-18750000,4329175,5315223,531509,0,0,0,0,0,0,0
1748634254854,-18750000,4325509,5278567,531509,0,0,0,0,0,0,0
1748634254954,-18750000,4314512,5296897,604826,0,0,0,0,0,0,0
1748634255054,-18750000,4310847,5278571,604826,0,0,0,0,0,0,0
1748634255154,-18750000,4329176,5186928,659808,0,0,0,0,0,0,0
1748634255254,-18750000,4343839,5150272,678138,0,0,0,0,0,0,0
1748634255354,-18750000,4336507,5186928,641478,0,0,0,0,0,0,0
1748634255454,-18750000,4351169,5223584,549836,0,0,0,0,0,0,0
1748634255554,-18750000,4340172,5113616,513176,0,0,0,0,0,0,0
1748634255654,-18750000,4354834,5095286,513176,0,0,0,0,0,0,0
1748634255754,-18750000,4369497,5076959,476520,0,0,0,0,0,0,0
1748634255854,-18750000,4369497,5040303,513176,0,0,0,0,0,0,0
1748634255954,-18750000,4376828,5003643,513176,0,0,0,0,0,0,0
1748634256054,-18750000,4413484,5040299,513176,0,0,0,0,0,0,0
1748634256154,-18750000,4402487,5150272,513176,0,0,0,0,0,0,0
1748634256254,-18750000,4387824,5168602,384877,0,0,0,0,0,0,0
1748634256354,-18750000,4387824,5150276,384877,0,0,0,0,0,0,0
1748634256454,-18750000,4373162,5205262,403207,0,0,0,0,0,0,0
1748634256554,-18750000,4362164,5278574,439867,0,0,0,0,0,0,0
1748634256654,-18750000,4358498,5296904,421537,0,0,0,0,0,0,0
1748634256754,-18750000,4365830,5260248,458193,0,0,0,0,0,0,0
1748634256854,-18750000,4351168,5315234,384881,0,0,0,0,0,0,0
1748634256954,-18750000,4336505,5333564,348221,0,0,0,0,0,0,0
1748634257054,-18750000,4310846,5315234,311561,0,0,0,0,0,0,0
1748634257154,-18750000,4314512,5296904,366547,0,0,0,0,0,0,0
1748634257254,-18750000,4318178,5333561,476516,0,0,0,0,0,0,0
1748634257354,-18750000,4307181,5278574,494846,0,0,0,0,0,0,0
1748634257454,-18750000,4336506,5205258,513172,0,0,0,0,0,0,0
1748634257554,-18750000,4343837,5241914,513172,0,0,0,0,0,0,0
1748634257654,-18750000,4336506,5205258,513172,0,0,0,0,0,0,0
1748634257754,-18750000,4321843,5205258,531502,0,0,0,0,0,0,0
1748634257854,-18750000,4321843,5205258,568158,0,0,0,0,0,0,0
1748634257954,-18750000,4329174,5186928,586488,0,0,0,0,0,0,0
1748634258054,-18750000,4321843,5150272,604818,0,0,0,0,0,0,0
1748634258154,-18750000,4325508,5113616,604818,0,0,0,0,0,0,0
1748634258254,-18750000,4314511,5058629,531506,0,0,0,0,0,0,0
1748634258354,-18750000,4325507,5113616,513176,0,0,0,0,0,0,0
1748634258454,-18750000,4296182,5186932,568162,0,0,0,0,0,0,0
1748634258554,-18750000,4281520,5186932,568162,0,0,0,0,0,0,0
1748634258654,-18750000,4281520,5186932,568162,0,0,0,0,0,0,0
1748634258754,-18750000,4274188,5205258,458189,0,0,0,0,0,0,0
1748634258854,-18750000,4266857,5131942,421533,0,0,0,0,0,0,0
1748634258954,-18750000,4252194,5131942,421533,0,0,0,0,0,0,0
1748634259054,-18750000,4274188,5168598,458189,0,0,0,0,0,0,0
1748634259154,-18750000,4255861,5095285,421533,0,0,0,0,0,0,0
1748634259254,-18750000,4255861,4985317,458189,0,0,0,0,0,0,0
1748634259354,-18750000,4244864,4948661,513176,0,0,0,0,0,0,0
1748634259454,-18750000,4248529,4857018,458189,0,0,0,0,0,0,0
1748634259554,-18750000,4248529,4838692,439859,0,0,0,0,0,0,0
1748634259654,-18750000,4244864,4747049,439859,0,0,0,0,0,0,0
1748634259754,-18750000,4248530,4765379,458189,0,0,0,0,0,0,0
1748634259854,-18750000,4255861,4802039,439859,0,0,0,0,0,0,0
1748634259954,-18750000,4277856,4857026,439859,0,0,0,0,0,0,0
1748634260054,-18750000,4263193,4820369,421533,0,0,0,0,0,0,0
1748634260154,-18750000,4281520,4893682,384877,0,0,0,0,0,0,0
1748634260254,-18750000,4292518,5021981,439863,0,0,0,0,0,0,0
1748634260354,-18750000,4296183,4966994,403207,0,0,0,0,0,0,0
1748634260454,-18750000,4299849,4930338,384881,0,0,0,0,0,0,0
1748634260554,-18750000,4303515,4912008,384881,0,0,0,0,0,0,0
1748634260654,-18750000,4303515,5076963,366554,0,0,0,0,0,0,0
1748634260754,-18750000,4303515,5003647,476523,0,0,0,0,0,0,0
1748634260854,-18750000,4314512,4966987,531509,0,0,0,0,0,0,0
1748634260954,-18750000,4307180,4966987,494853,0,0,0,0,0,0,0
1748634261054,-18750000,4292518,4930331,476523,0,0,0,0,0,0,0
1748634261154,-18750000,4274190,4820362,513179,0,0,0,0,0,0,0
1748634261254,-18750000,4248530,4655407,476523,0,0,0,0,0,0,0
1748634261354,-18750000,4255861,4692063,476523,0,0,0,0,0,0,0
1748634261454,-18750000,4233867,4820362,439867,0,0,0,0,0,0,0
1748634261554,-18750000,4226536,4893674,421537,0,0,0,0,0,0,0
1748634261654,-18750000,4222870,4820362,439863,0,0,0,0,0,0,0
1748634261754,-18750000,4230201,4802036,329894,0,0,0,0,0,0,0
1748634261854,-18750000,4211873,4857022,311564,0,0,0,0,0,0,0
1748634261954,-18750000,4215539,4820366,311564,0,0,0,0,0,0,0
1748634262054,-18750000,4233867,4930334,274908,0,0,0,0,0,0,0
1748634262154,-18750000,4237532,5003647,238252,0,0,0,0,0,0,0
1748634262254,-18750000,4266857,5113616,201592,0,0,0,0,0,0,0
1748634262354,-18750000,4263192,5113616,219922,0,0,0,0,0,0,0
1748634262454,-18750000,4281521,5113616,274904,0,0,0,0,0,0,0
1748634262554,-18750000,4288852,5058633,274904,0,0,0,0,0,0,0
1748634262654,-18750000,4307180,5095289,293234,0,0,0,0,0,0,0
1748634262754,-18750000,4299849,5095289,329891,0,0,0,0,0,0,0
1748634262854,-18750000,4303514,5150276,311564,0,0,0,0,0,0,0
1748634262954,-18750000,4303514,5168606,293234,0,0,0,0,0,0,0
1748634263054,-18750000,4296183,5113623,329891,0,0,0,0,0,0,0
1748634263154,-18750000,4296183,5150279,384877,0,0,0,0,0,0,0
1748634263254,-18750000,4288852,5131949,403207,0,0,0,0,0,0,0
1748634263354,-18750000,4285186,5131949,348221,0,0,0,0,0,0,0
1748634263454,-18750000,4296183,5040307,329894,0,0,0,0,0,0,0
1748634263554,-18750000,4303514,4966991,366554,0,0,0,0,0,0,0
1748634263654,-18750000,4292517,4966991,366554,0,0,0,0,0,0,0
1748634263754,-18750000,4296182,5040303,384884,0,0,0,0,0,0,0
1748634263854,-18750000,4296182,5058633,439871,0,0,0,0,0,0,0
1748634263954,-18750000,4292517,5058633,494857,0,0,0,0,0,0,0
1748634264054,-18750000,4285186,5040303,458201,0,0,0,0,0,0,0
1748634264154,-18750000,4288852,4948661,366558,0,0,0,0,0,0,0
1748634264254,-18750000,4299849,5021977,366558,0,0,0,0,0,0,0
1748634264354,-18750000,4288853,5021977,384884,0,0,0,0,0,0,0
1748634264454,-18750000,4292518,5076963,439871,0,0,0,0,0,0,0
1748634264554,-18750000,4281520,5205262,403211,0,0,0,0,0,0,0
1748634264654,-18750000,4274189,5095289,403211,0,0,0,0,0,0,0
1748634264754,-18750000,4266858,5021977,348224,0,0,0,0,0,0,0
1748634264854,-18750000,4263193,4966991,274908,0,0,0,0,0,0,0
1748634264954,-18750000,4266858,5003647,274908,0,0,0,0,0,0,0
1748634265054,-18750000,4292518,5003647,329895,0,0,0,0,0,0,0
1748634265154,-18750000,4299849,5021977,439863,0,0,0,0,0,0,0
1748634265254,-18750000,4277855,4985321,421533,0,0,0,0,0,0,0
1748634265354,-18750000,4270523,4985321,421533,0,0,0,0,0,0,0
1748634265454,-18750000,4263192,4966991,421533,0,0,0,0,0,0,0
1748634265554,-18750000,4255861,4966991,439863,0,0,0,0,0,0,0
1748634265654,-18750000,4270523,5003647,439863,0,0,0,0,0,0,0
1748634265754,-18750000,4270523,5113616,476520,0,0,0,0,0,0,0
1748634265854,-18750000,4274189,5040299,531506,0,0,0,0,0,0,0
1748634265954,-18750000,4274189,5003643,531506,0,0,0,0,0,0,0
1748634266054,-18750000,4259525,5021973,439863,0,0,0,0,0,0,0
1748634266154,-18750000,4248528,5076960,403207,0,0,0,0,0,0,0
1748634266254,-18750000,4263191,5150272,421537,0,0,0,0,0,0,0
1748634266354,-18750000,4274188,5186928,458197,0,0,0,0,0,0,0
1748634266454,-18750000,4281519,5223584,366555,0,0,0,0,0,0,0
1748634266554,-18750000,4296182,5186928,329898,0,0,0,0,0,0,0
1748634266654,-18750000,4281519,5186928,348228,0,0,0,0,0,0,0
1748634266754,-18750000,4285185,5095286,311572,0,0,0,0,0,0,0
1748634266854,-18750000,4277854,5205258,274916,0,0,0,0,0,0,0
1748634266954,-18750000,4266857,5205258,219929,0,0,0,0,0,0,0
1748634267054,-18750000,4255861,5205258,256586,0,0,0,0,0,0,0
1748634267154,-18750000,4263192,5205258,219929,0,0,0,0,0,0,0
1748634267254,-18750000,4266857,5150272,238259,0,0,0,0,0,0,0
1748634267354,-18750000,4285186,5131946,238259,0,0,0,0,0,0,0
1748634267454,-18750000,4285186,5131946,329902,0,0,0,0,0,0,0
1748634267554,-18750000,4270523,5095289,421544,0,0,0,0,0,0,0
1748634267654,-18750000,4288852,5205262,403214,0,0,0,0,0,0,0
1748634267754,-18750000,4299848,5278578,439871,0,0,0,0,0,0,0
1748634267854,-18750000,4314511,5241922,494857,0,0,0,0,0,0,0
1748634267954,-18750000,4307179,5278578,568173,0,0,0,0,0,0,0
1748634268054,-18750000,4321841,5241918,623159,0,0,0,0,0,0,0
1748634268154,-18750000,4314510,5205258,659816,0,0,0,0,0,0,0
1748634268254,-18750000,4307179,5131946,659816,0,0,0,0,0,0,0
1748634268354,-18750000,4292516,5095286,696472,0,0,0,0,0,0,0
1748634268454,-18750000,4277854,5040299,659812,0,0,0,0,0,0,0
1748634268554,-18750000,4281520,5076956,659812,0,0,0,0,0,0,0
1748634268654,-18750000,4281520,5076956,678142,0,0,0,0,0,0,0
1748634268754,-18750000,4277855,4948657,659812,0,0,0,0,0,0,0
1748634268854,-18750000,4274189,4893671,641482,0,0,0,0,0,0,0
1748634268954,-18750000,4292518,4857014,623152,0,0,0,0,0,0,0
1748634269054,-18750000,4288852,4857014,623152,0,0,0,0,0,0,0
1748634269154,-18750000,4296183,4857014,604822,0,0,0,0,0,0,0
1748634269254,-18750000,4292518,4930327,604822,0,0,0,0,0,0,0
1748634269354,-18750000,4292518,4948657,494850,0,0,0,0,0,0,0
1748634269454,-18750000,4310846,4930331,494850,0,0,0,0,0,0,0
1748634269554,-18750000,4321843,4893674,439863,0,0,0,0,0,0,0
1748634269654,-18750000,4307180,4802032,403203,0,0,0,0,0,0,0
1748634269754,-18750000,4296183,4912001,421533,0,0,0,0,0,0,0
1748634269854,-18750000,4288852,4930331,366547,0,0,0,0,0,0,0
1748634269954,-18750000,4274189,4838688,348217,0,0,0,0,0,0,0
1748634270054,-18750000,4263193,4930331,293231,0,0,0,0,0,0,0
1748634270154,-18750000,4255862,4985317,311561,0,0,0,0,0,0,0
1748634270254,-18750000,4252196,4985317,219918,0,0,0,0,0,0,0
1748634270354,-18750000,4266858,5003647,238248,0,0,0,0,0,0,0
1748634270454,-18750000,4237532,5076959,256578,0,0,0,0,0,0,0
1748634270554,-18750000,4237532,5131946,274908,0,0,0,0,0,0,0
1748634270654,-18750000,4230200,5186932,274908,0,0,0,0,0,0,0
1748634270754,-18750000,4230200,5113619,274908,0,0,0,0,0,0,0
1748634270854,-18750000,4222868,5058633,329894,0,0,0,0,0,0,0
1748634270954,-18750000,4248528,5168602,348224,0,0,0,0,0,0,0
1748634271054,-18750000,4244862,5076959,366551,0,0,0,0,0,0,0
1748634271154,-18750000,4226534,4985317,366551,0,0,0,0,0,0,0
1748634271254,-18750000,4215536,5003647,421533,0,0,0,0,0,0,0
1748634271354,-18750000,4204539,5040303,513176,0,0,0,0,0,0,0
1748634271454,-18750000,4222868,4985317,458190,0,0,0,0,0,0,0
1748634271554,-18750000,4222868,5003643,384873,0,0,0,0,0,0,0
1748634271654,-18750000,4233865,4912000,366547,0,0,0,0,0,0,0
1748634271754,-18750000,4237531,4930327,366547,0,0,0,0,0,0,0
1748634271854,-18750000,4252194,4966983,348217,0,0,0,0,0,0,0
1748634271954,-18750000,4241197,4985313,366547,0,0,0,0,0,0,0
1748634272054,-18750000,4259525,5058629,403207,0,0,0,0,0,0,0
1748634272154,-18750000,4285185,5150272,403207,0,0,0,0,0,0,0
1748634272254,-18750000,4314511,5058629,421537,0,0,0,0,0,0,0
1748634272354,-18750000,4321842,5040299,348221,0,0,0,0,0,0,0
1748634272454,-18750000,4307180,4985317,439863,0,0,0,0,0,0,0
1748634272554,-18750000,4296183,4966990,458193,0,0,0,0,0,0,0
1748634272654,-18750000,4296183,5040303,513179,0,0,0,0,0,0,0
1748634272754,-18750000,4310846,5095289,513179,0,0,0,0,0,0,0
1748634272854,-18750000,4321842,5076959,494853,0,0,0,0,0,0,0
1748634272954,-18750000,4307180,5021973,458193,0,0,0,0,0,0,0
1748634273054,-18750000,4285185,5003643,421533,0,0,0,0,0,0,0
1748634273154,-18750000,4274189,5003643,476519,0,0,0,0,0,0,0
1748634273254,-18750000,4259526,5040299,476519,0,0,0,0,0,0,0
1748634273354,-18750000,4259526,5058629,476519,0,0,0,0,0,0,0
1748634273454,-18750000,4255860,5168598,403207,0,0,0,0,0,0,0
1748634273554,-18750000,4266857,5095282,421533,0,0,0,0,0,0,0
1748634273654,-18750000,4274188,5058626,384873,0,0,0,0,0,0,0
1748634273754,-18750000,4252194,5040299,439859,0,0,0,0,0,0,0
1748634273854,-18750000,4244863,5058629,439859,0,0,0,0,0,0,0
1748634273954,-18750000,4263191,5095286,458189,0,0,0,0,0,0,0
1748634274054,-18750000,4288851,5076959,494849,0,0,0,0,0,0,0
1748634274154,-18750000,4281519,5095289,403207,0,0,0,0,0,0,0
1748634274254,-18750000,4299848,5150276,439863,0,0,0,0,0,0,0
1748634274354,-18750000,4288851,5076959,421537,0,0,0,0,0,0,0
1748634274454,-18750000,4288851,5058633,458193,0,0,0,0,0,0,0
1748634274554,-18750000,4288851,5095293,494853,0,0,0,0,0,0,0
1748634274654,-18750000,4292517,5131949,494853,0,0,0,0,0,0,0
1748634274754,-18750000,4307180,5168606,421537,0,0,0,0,0,0,0
1748634274854,-18750000,4307180,5168606,476523,0,0,0,0,0,0,0
1748634274954,-18750000,4303514,5150279,458193,0,0,0,0,0,0,0
1748634275054,-18750000,4303514,5168606,421533,0,0,0,0,0,0,0
1748634275154,-18750000,4310846,5095289,494846,0,0,0,0,0,0,0
1748634275254,-18750000,4296182,5131946,439859,0,0,0,0,0,0,0
1748634275354,-18750000,4281519,5241918,494846,0,0,0,0,0,0,0
1748634275454,-18750000,4303514,5260244,549832,0,0,0,0,0,0,0
1748634275554,-18750000,4296182,5260244,513172,0,0,0,0,0,0,0
1748634275654,-18750000,4296182,5241918,531502,0,0,0,0,0,0,0
1748634275754,-18750000,4296182,5241918,513176,0,0,0,0,0,0,0
1748634275854,-18750000,4292517,5278574,458189,0,0,0,0,0,0,0
1748634275954,-18750000,4277855,5388543,458189,0,0,0,0,0,0,0
1748634276054,-18750000,4259527,5351887,439863,0,0,0,0,0,0,0
1748634276154,-18750000,4266858,5498516,384877,0,0,0,0,0,0,0
1748634276254,-18750000,4274189,5406873,439863,0,0,0,0,0,0,0
1748634276354,-18750000,4292518,5351887,403203,0,0,0,0,0,0,0
1748634276454,-18750000,4288852,5333561,293231,0,0,0,0,0,0,0
1748634276554,-18750000,4296183,5278574,256574,0,0,0,0,0,0,0
1748634276654,-18750000,4292517,5260244,238244,0,0,0,0,0,0,0
1748634276754,-18750000,4281520,5131946,311557,0,0,0,0,0,0,0
1748634276854,-18750000,4274189,5168602,366543,0,0,0,0,0,0,0
1748634276954,-18750000,4307180,5058633,384873,0,0,0,0,0,0,0
1748634277054,-18750000,4318176,5076963,439860,0,0,0,0,0,0,0
1748634277154,-18750000,4325507,4966994,384877,0,0,0,0,0,0,0
1748634277254,-18750000,4314511,5003651,366551,0,0,0,0,0,0,0
1748634277354,-18750000,4318177,4948664,348225,0,0,0,0,0,0,0
1748634277454,-18750000,4325508,4930334,348225,0,0,0,0,0,0,0
1748634277554,-18750000,4329174,5003647,366554,0,0,0,0,0,0,0
1748634277654,-18750000,4343837,5040303,366554,0,0,0,0,0,0,0
1748634277754,-18750000,4351169,5150272,348228,0,0,0,0,0,0,0
1748634277854,-18750000,4376828,5113616,329898,0,0,0,0,0,0,0
1748634277954,-18750000,4369497,5131942,348228,0,0,0,0,0,0,0
1748634278054,-18750000,4362166,5150268,311568,0,0,0,0,0,0,0
1748634278154,-18750000,4365831,5260237,348224,0,0,0,0,0,0,0
1748634278254,-18750000,4373162,5241910,274908,0,0,0,0,0,0,0
1748634278354,-18750000,4384159,5278570,329895,0,0,0,0,0,0,0
1748634278454,-18750000,4373163,5333557,366551,0,0,0,0,0,0,0
1748634278554,-18750000,4365832,5406873,403207,0,0,0,0,0,0,0
1748634278654,-18750000,4351168,5333560,403207,0,0,0,0,0,0,0
1748634278754,-18750000,4358500,5333560,366547,0,0,0,0,0,0,0
1748634278854,-18750000,4358500,5351890,384877,0,0,0,0,0,0,0
1748634278954,-18750000,4343837,5315234,421533,0,0,0,0,0,0,0
1748634279054,-18750000,4343837,5278578,403207,0,0,0,0,0,0,0
1748634279154,-18750000,4340172,5205266,458193,0,0,0,0,0,0,0
1748634279254,-18750000,4351169,5315234,531509,0,0,0,0,0,0,0
1748634279354,-18750000,4343837,5351890,531509,0,0,0,0,0,0,0
1748634279454,-18750000,4365831,5315234,549839,0,0,0,0,0,0,0
1748634279554,-18750000,4373162,5241918,549839,0,0,0,0,0,0,0
1748634279654,-18750000,4376828,5333560,568169,0,0,0,0,0,0,0
1748634279754,-18750000,4384160,5333560,586499,0,0,0,0,0,0,0
1748634279854,-18750000,4365832,5296904,549839,0,0,0,0,0,0,0
1748634279954,-18750000,4376828,5260248,439867,0,0,0,0,0,0,0
1748634280054,-18750000,4387826,5260248,531510,0,0,0,0,0,0,0
1748634280154,-18750000,4406154,5260248,476523,0,0,0,0,0,0,0
1748634280254,-18750000,4391491,5205262,439863,0,0,0,0,0,0,0
1748634280354,-18750000,4387826,5168606,439863,0,0,0,0,0,0,0
1748634280454,-18750000,4384160,5186932,439863,0,0,0,0,0,0,0
1748634280554,-18750000,4384160,5223588,439863,0,0,0,0,0,0,0
1748634280654,-18750000,4391492,5260244,421533,0,0,0,0,0,0,0
1748634280754,-18750000,4380494,5278574,458189,0,0,0,0,0,0,0
1748634280854,-18750000,4384160,5241914,458189,0,0,0,0,0,0,0
1748634280954,-18750000,4398823,5370213,494846,0,0,0,0,0,0,0
1748634281054,-18750000,4413485,5443526,403203,0,0,0,0,0,0,0
1748634281154,-18750000,4398822,5425196,458189,0,0,0,0,0,0,0
1748634281254,-18750000,4413485,5351883,494849,0,0,0,0,0,0,0
1748634281354,-18750000,4413485,5370209,458189,0,0,0,0,0,0,0
1748634281454,-18750000,4402488,5425196,403203,0,0,0,0,0,0,0
1748634281554,-18750000,4417151,5351883,384873,0,0,0,0,0,0,0
1748634281654,-18750000,4428148,5296897,384873,0,0,0,0,0,0,0
1748634281754,-18750000,4442810,5278567,348217,0,0,0,0,0,0,0
1748634281854,-18750000,4446476,5296897,329891,0,0,0,0,0,0,0
1748634281954,-18750000,4435479,5241911,366551,0,0,0,0,0,0,0
1748634282054,-18750000,4413485,5296897,348221,0,0,0,0,0,0,0
1748634282154,-18750000,4424483,5315227,311561,0,0,0,0,0,0,0
1748634282254,-18750000,4428148,5278570,274901,0,0,0,0,0,0,0
1748634282354,-18750000,4453808,5296900,311561,0,0,0,0,0,0,0
1748634282454,-18750000,4461139,5241914,421533,0,0,0,0,0,0,0
1748634282554,-18750000,4468470,5205258,403207,0,0,0,0,0,0,0
1748634282654,-18750000,4461139,5241914,476523,0,0,0,0,0,0,0
1748634282754,-18750000,4464805,5260244,476523,0,0,0,0,0,0,0
1748634282854,-18750000,4475802,5278574,476523,0,0,0,0,0,0,0
1748634282954,-18750000,4479468,5241918,458193,0,0,0,0,0,0,0
1748634283054,-18750000,4486799,5168605,531509,0,0,0,0,0,0,0
1748634283154,-18750000,4486799,5113619,549839,0,0,0,0,0,0,0
1748634283254,-18750000,4483134,5186932,568169,0,0,0,0,0,0,0
1748634283354,-18750000,4464805,5186932,549839,0,0,0,0,0,0,0
1748634283454,-18750000,4457474,5168606,476523,0,0,0,0,0,0,0
1748634283554,-18750000,4450143,5223592,439867,0,0,0,0,0,0,0
1748634283654,-18750000,4461140,5168609,366551,0,0,0,0,0,0,0
1748634283754,-18750000,4453808,5150279,384881,0,0,0,0,0,0,0
1748634283854,-18750000,4450142,5205262,421537,0,0,0,0,0,0,0
1748634283954,-18750000,4464805,5260248,421537,0,0,0,0,0,0,0
1748634284054,-18750000,4479467,5186932,421537,0,0,0,0,0,0,0
1748634284154,-18750000,4464805,5223588,476523,0,0,0,0,0,0,0
1748634284254,-18750000,4453808,5278574,439867,0,0,0,0,0,0,0
1748634284354,-18750000,4472136,5241918,421537,0,0,0,0,0,0,0
1748634284454,-18750000,4494130,5260244,458197,0,0,0,0,0,0,0
1748634284554,-18750000,4486798,5315227,549839,0,0,0,0,0,0,0
1748634284654,-18750000,4461139,5370209,586499,0,0,0,0,0,0,0
1748634284754,-18750000,4475801,5351883,549839,0,0,0,0,0,0,0
1748634284854,-18750000,4483133,5315227,568169,0,0,0,0,0,0,0
1748634284954,-18750000,4450142,5260241,586499,0,0,0,0,0,0,0
1748634285054,-18750000,4461139,5351883,531513,0,0,0,0,0,0,0
1748634285154,-18750000,4472136,5370213,421541,0,0,0,0,0,0,0
1748634285254,-18750000,4479467,5296901,439867,0,0,0,0,0,0,0
1748634285354,-18750000,4472136,5296901,421541,0,0,0,0,0,0,0
1748634285454,-18750000,4464805,5278574,403211,0,0,0,0,0,0,0
1748634285554,-18750000,4457474,5260248,403211,0,0,0,0,0,0,0
1748634285654,-18750000,4468471,5241922,403211,0,0,0,0,0,0,0
1748634285754,-18750000,4457474,5278578,421541,0,0,0,0,0,0,0
1748634285854,-18750000,4457474,5278578,384881,0,0,0,0,0,0,0
1748634285954,-18750000,4475802,5296908,421537,0,0,0,0,0,0,0
1748634286054,-18750000,4472136,5205266,421537,0,0,0,0,0,0,0
1748634286154,-18750000,4472136,5205266,476523,0,0,0,0,0,0,0
1748634286254,-18750000,4475802,5241922,439867,0,0,0,0,0,0,0
1748634286354,-18750000,4479467,5186935,421537,0,0,0,0,0,0,0
1748634286454,-18750000,4497796,5186935,458193,0,0,0,0,0,0,0
1748634286554,-18750000,4501461,5205262,439863,0,0,0,0,0,0,0
1748634286654,-18750000,4519789,5205262,439863,0,0,0,0,0,0,0
1748634286754,-18750000,4497796,5186932,421533,0,0,0,0,0,0,0
1748634286854,-18750000,4490464,5186932,421533,0,0,0,0,0,0,0
1748634286954,-18750000,4494130,5205258,329891,0,0,0,0,0,0,0
1748634287054,-18750000,4483133,5260244,384877,0,0,0,0,0,0,0
1748634287154,-18750000,4486798,5241914,384877,0,0,0,0,0,0,0
1748634287254,-18750000,4490464,5205258,439863,0,0,0,0,0,0,0
1748634287354,-18750000,4475801,5278570,439863,0,0,0,0,0,0,0
1748634287454,-18750000,4453807,5296897,476520,0,0,0,0,0,0,0
1748634287554,-18750000,4457473,5168598,476520,0,0,0,0,0,0,0
1748634287654,-18750000,4431814,5168598,421533,0,0,0,0,0,0,0
1748634287754,-18750000,4472136,5186928,403207,0,0,0,0,0,0,0
1748634287854,-18750000,4483133,5168602,403207,0,0,0,0,0,0,0
1748634287954,-18750000,4475802,5168602,494849,0,0,0,0,0,0,0
1748634288054,-18750000,4479467,5150275,476519,0,0,0,0,0,0,0
1748634288154,-18750000,4479467,5186932,439863,0,0,0,0,0,0,0
1748634288254,-18750000,4494131,5260244,384877,0,0,0,0,0,0,0
1748634288354,-18750000,4497797,5296901,439863,0,0,0,0,0,0,0
1748634288454,-18750000,4494131,5333557,348221,0,0,0,0,0,0,0
1748634288554,-18750000,4501462,5461856,348221,0,0,0,0,0,0,0
1748634288654,-18750000,4516124,5370213,384877,0,0,0,0,0,0,0
1748634288754,-18750000,4508793,5333557,421533,0,0,0,0,0,0,0
1748634288854,-18750000,4519790,5443526,458193,0,0,0,0,0,0,0
1748634288954,-18750000,4530788,5406869,421537,0,0,0,0,0,0,0
1748634289054,-18750000,4534454,5333553,384881,0,0,0,0,0,0,0
1748634289154,-18750000,4527122,5296897,384881,0,0,0,0,0,0,0
1748634289254,-18750000,4523456,5131942,458197,0,0,0,0,0,0,0
1748634289354,-18750000,4508793,5040299,476527,0,0,0,0,0,0,0
1748634289454,-18750000,4523456,4985317,549843,0,0,0,0,0,0,0
1748634289554,-18750000,4527122,4948661,513187,0,0,0,0,0,0,0
1748634289654,-18750000,4541785,5003647,513187,0,0,0,0,0,0,0
1748634289754,-18750000,4527122,4948661,494857,0,0,0,0,0,0,0
1748634289854,-18750000,4519790,4838692,421541,0,0,0,0,0,0,0
1748634289954,-18750000,4516124,4912004,348224,0,0,0,0,0,0,0
1748634290054,-18750000,4508793,5003647,348224,0,0,0,0,0,0,0
1748634290154,-18750000,4519790,5003647,348224,0,0,0,0,0,0,0
1748634290254,-18750000,4508793,5076959,329894,0,0,0,0,0,0,0
1748634290354,-18750000,4530788,5168602,293234,0,0,0,0,0,0,0
1748634290454,-18750000,4516125,5205258,238248,0,0,0,0,0,0,0
1748634290554,-18750000,4523456,5168602,274905,0,0,0,0,0,0,0
1748634290654,-18750000,4523456,5205258,274905,0,0,0,0,0,0,0
1748634290754,-18750000,4534453,5278571,329891,0,0,0,0,0,0,0
1748634290854,-18750000,4519790,5296897,366547,0,0,0,0,0,0,0
1748634290954,-18750000,4545450,5223584,384877,0,0,0,0,0,0,0
1748634291054,-18750000,4541784,5333557,421533,0,0,0,0,0,0,0
1748634291154,-18750000,4538118,5315231,458189,0,0,0,0,0,0,0
1748634291254,-18750000,4534453,5388543,421533,0,0,0,0,0,0,0
1748634291354,-18750000,4541784,5333561,476519,0,0,0,0,0,0,0
1748634291454,-18750000,4534453,5351887,458189,0,0,0,0,0,0,0
1748634291554,-18750000,4519790,5351887,458189,0,0,0,0,0,0,0
1748634291654,-18750000,4516124,5351887,439859,0,0,0,0,0,0,0
1748634291754,-18750000,4501462,5351887,366547,0,0,0,0,0,0,0
1748634291854,-18750000,4505128,5315231,329891,0,0,0,0,0,0,0
1748634291954,-18750000,4486799,5315231,329891,0,0,0,0,0,0,0
1748634292054,-18750000,4486799,5241914,293234,0,0,0,0,0,0,0
1748634292154,-18750000,4497796,5223584,256578,0,0,0,0,0,0,0
1748634292254,-18750000,4512459,5241914,311564,0,0,0,0,0,0,0
1748634292354,-18750000,4490464,5296897,274908,0,0,0,0,0,0,0
1748634292454,-18750000,4490464,5351883,274908,0,0,0,0,0,0,0
1748634292554,-18750000,4505127,5278571,274908,0,0,0,0,0,0,0
1748634292654,-18750000,4497796,5241914,348224,0,0,0,0,0,0,0
1748634292754,-18750000,4516124,5333557,384881,0,0,0,0,0,0,0
1748634292854,-18750000,4523455,5406869,458197,0,0,0,0,0,0,0
1748634292954,-18750000,4523455,5425199,494853,0,0,0,0,0,0,0
1748634293054,-18750000,4519789,5370217,513179,0,0,0,0,0,0,0
1748634293154,-18750000,4519789,5351887,549836,0,0,0,0,0,0,0
1748634293254,-18750000,4505127,5333557,494849,0,0,0,0,0,0,0
1748634293354,-18750000,4508793,5333557,476519,0,0,0,0,0,0,0
1748634293454,-18750000,4512458,5260244,494849,0,0,0,0,0,0,0
1748634293554,-18750000,4501461,5388543,476519,0,0,0,0,0,0,0
1748634293654,-18750000,4486798,5333557,439863,0,0,0,0,0,0,0
1748634293754,-18750000,4464803,5223588,421533,0,0,0,0,0,0,0
1748634293854,-18750000,4472134,5241918,439859,0,0,0,0,0,0,0
1748634293954,-18750000,4450141,5205258,403203,0,0,0,0,0,0,0
1748634294054,-18750000,4453807,5205258,421533,0,0,0,0,0,0,0
1748634294154,-18750000,4446475,5223588,403203,0,0,0,0,0,0,0
1748634294254,-18750000,4457472,5186932,439859,0,0,0,0,0,0,0
1748634294354,-18750000,4453806,5095289,494846,0,0,0,0,0,0,0
1748634294454,-18750000,4442809,5095289,494846,0,0,0,0,0,0,0
1748634294554,-18750000,4442809,5076959,531506,0,0,0,0,0,0,0
1748634294654,-18750000,4450141,5131946,494846,0,0,0,0,0,0,0
1748634294754,-18750000,4450141,5131946,494846,0,0,0,0,0,0,0
1748634294854,-18750000,4413484,5058633,458189,0,0,0,0,0,0,0
1748634294954,-18750000,4413484,5113619,458189,0,0,0,0,0,0,0
1748634295054,-18750000,4398822,5040303,476519,0,0,0,0,0,0,0
1748634295154,-18750000,4380493,5076959,494849,0,0,0,0,0,0,0
1748634295254,-18750000,4354834,5058633,494849,0,0,0,0,0,0,0
1748634295354,-18750000,4340171,5131949,513179,0,0,0,0,0,0,0
1748634295454,-18750000,4336505,5131949,513179,0,0,0,0,0,0,0
1748634295554,-18750000,4314511,5058637,549836,0,0,0,0,0,0,0
1748634295654,-18750000,4296183,5076963,513179,0,0,0,0,0,0,0
1748634295754,-18750000,4270523,5003647,531509,0,0,0,0,0,0,0
1748634295854,-18750000,4263192,5040303,568166,0,0,0,0,0,0,0
1748634295954,-18750000,4248530,5058633,604822,0,0,0,0,0,0,0
1748634296054,-18750000,4241198,5113619,586492,0,0,0,0,0,0,0
1748634296154,-18750000,4237532,5058633,531506,0,0,0,0,0,0,0
1748634296254,-18750000,4230201,5003647,494849,0,0,0,0,0,0,0
1748634296354,-18750000,4219204,4985317,421533,0,0,0,0,0,0,0
1748634296454,-18750000,4204541,5021973,348221,0,0,0,0,0,0,0
1748634296554,-18750000,4197210,5113615,274905,0,0,0,0,0,0,0
1748634296654,-18750000,4171550,5076959,311561,0,0,0,0,0,0,0
1748634296754,-18750000,4171550,5168602,293231,0,0,0,0,0,0,0
1748634296854,-18750000,4156888,5150272,201588,0,0,0,0,0,0,0
1748634296954,-18750000,4153222,5113616,183258,0,0,0,0,0,0,0
1748634297054,-18750000,4131227,5040303,146602,0,0,0,0,0,0,0
1748634297154,-18750000,4105568,5003647,183258,0,0,0,0,0,0,0
1748634297254,-18750000,4065245,5040303,183258,0,0,0,0,0,0,0
1748634297354,-18750000,4039586,5003647,219918,0,0,0,0,0,0,0
1748634297454,-18750000,4017591,4838692,439859,0,0,0,0,0,0,0
1748634297554,-18750000,3991931,4710393,568158,0,0,0,0,0,0,0
1748634297654,-18750000,3969936,4710393,751443,0,0,0,0,0,0,0
1748634297754,-18750000,3936945,4673737,953058,0,0,0,0,0,0,0
1748634297854,-18750000,3929613,4673737,1118013,0,0,0,0,0,0,0
1748634297954,-18750000,3889291,4655407,1319628,0,0,0,0,0,0,0
1748634298054,-18750000,3885625,4673733,1502913,0,0,0,0,0,0,0
1748634298154,-18750000,3848968,4728719,1686198,0,0,0,0,0,0,0
1748634298254,-18750000,3863630,4710389,1942796,0,0,0,0,0,0,0
1748634298354,-18750000,3863630,4600421,2126077,0,0,0,0,0,0,0
1748634298454,-18750000,3841637,4618747,2126077,0,0,0,0,0,0,0
1748634298554,-18750000,3815977,4710389,2217719,0,0,0,0,0,0,0
1748634298654,-18750000,3812312,4673733,2254375,0,0,0,0,0,0,0
1748634298754,-18750000,3797649,4637077,2254375,0,0,0,0,0,0,0
1748634298854,-18750000,3760993,4582091,2346018,0,0,0,0,0,0,0
1748634298954,-18750000,3735332,4563761,2346018,0,0,0,0,0,0,0
1748634299054,-18750000,3706007,4582091,2419330,0,0,0,0,0,0,0
1748634299154,-18750000,3687679,4563761,2455987,0,0,0,0,0,0,0
1748634299254,-18750000,3643690,4563761,2419330,0,0,0,0,0,0,0
1748634299354,-18750000,3596037,4600417,2382674,0,0,0,0,0,0,0
1748634299454,-18750000,3588706,4600417,2455987,0,0,0,0,0,0,0
1748634299554,-18750000,3577709,4527101,2474317,0,0,0,0,0,0,0
1748634299654,-18750000,3552049,4453788,2455991,0,0,0,0,0,0,0
1748634299754,-18750000,3537385,4362146,2437661,0,0,0,0,0,0,0
1748634299854,-18750000,3526388,4288833,2437661,0,0,0,0,0,0,0
1748634299954,-18750000,3500728,4160534,2455987,0,0,0,0,0,0,0
1748634300054,-18750000,3464071,4123878,2455987,0,0,0,0,0,0,0
1748634300154,-18750000,3453075,4087222,2474317,0,0,0,0,0,0,0
1748634300254,-18750000,3442078,3995583,2455987,0,0,0,0,0,0,0
1748634300354,-18750000,3427415,4032239,2474317,0,0,0,0,0,0,0
1748634300454,-18750000,3405420,4032239,2401004,0,0,0,0,0,0,0
1748634300554,-18750000,3387092,4105555,2364348,0,0,0,0,0,0,0
1748634300654,-18750000,3368764,4087225,2327692,0,0,0,0,0,0,0
1748634300754,-18750000,3343104,4160538,2327692,0,0,0,0,0,0,0
1748634300854,-18750000,3328442,4123882,2291036,0,0,0,0,0,0,0
1748634300954,-18750000,3332108,4142212,2291036,0,0,0,0,0,0,0
1748634301054,-18750000,3313779,4068895,2217723,0,0,0,0,0,0,0
1748634301154,-18750000,3288119,3977253,2181067,0,0,0,0,0,0,0
1748634301254,-18750000,3269791,3995579,2162741,0,0,0,0,0,0,0
1748634301354,-18750000,3251462,3903937,2126084,0,0,0,0,0,0,0
1748634301454,-18750000,3218471,3848954,2144411,0,0,0,0,0,0,0
1748634301554,-18750000,3200143,3775638,2126081,0,0,0,0,0,0,0
1748634301654,-18750000,3170817,3812294,2144407,0,0,0,0,0,0,0
1748634301754,-18750000,3145157,3683995,2126081,0,0,0,0,0,0,0
1748634301854,-18750000,3104834,3738982,2107754,0,0,0,0,0,0,0
1748634301954,-18750000,3068177,3793968,2052772,0,0,0,0,0,0,0
1748634302054,-18750000,3060846,3830628,2107754,0,0,0,0,0,0,0
1748634302154,-18750000,3027854,3940601,2126080,0,0,0,0,0,0,0
1748634302254,-18750000,2994863,3995587,2181063,0,0,0,0,0,0,0
1748634302354,-18750000,2976535,3922274,2181063,0,0,0,0,0,0,0
1748634302454,-18750000,2947209,3848958,2107750,0,0,0,0,0,0,0
1748634302554,-18750000,2895890,3720659,2089424,0,0,0,0,0,0,0
1748634302654,-18750000,2892224,3684003,2089424,0,0,0,0,0,0,0
1748634302754,-18750000,2873895,3775646,2052764,0,0,0,0,0,0,0
1748634302854,-18750000,2855567,3738989,2016104,0,0,0,0,0,0,0
1748634302954,-18750000,2840904,3665673,2034430,0,0,0,0,0,0,0
1748634303054,-18750000,2807913,3647343,1942788,0,0,0,0,0,0,0
1748634303154,-18750000,2793251,3464058,1851145,0,0,0,0,0,0,0
1748634303254,-18750000,2763925,3280773,1851145,0,0,0,0,0,0,0
1748634303354,-18750000,2723602,3372415,1851145,0,0,0,0,0,0,0
1748634303454,-18750000,2694277,3445732,1869472,0,0,0,0,0,0,0
1748634303554,-18750000,2683279,3519048,1869472,0,0,0,0,0,0,0
1748634303654,-18750000,2683279,3519048,1869472,0,0,0,0,0,0,0
1748634303754,-18750000,2683279,3519048,1869472,0,0,0,0,0,0,0
1748634303854,-18750000,2683279,3519048,1869472,0,0,0,0,0,0,0
1748634303954,-18750000,2683279,3519048,1869472,0,0,0,0,0,0,0
1748634304054,-18750000,2683279,3519048,1869472,0,0,0,0,0,0,0
1748634304154,-18750000,2683279,3519048,1869472,0,0,0,0,0,0,0
1748634304254,-18750000,2683279,3519048,1869472,0,0,0,0,0,0,0
1748634304354,-18750000,2683279,3519048,1869472,0,0,0,0,0,0,0
1748634304454,-18750000,2683279,3519048,1869472,0,0,0,0,0,0,0
1748634304554,-18750000,2683279,3519048,1869472,0,0,0,0,0,0,0
1748634304654,-18750000,2547650,3409075,1832815,0,0,0,0,0,0,0
1748634304754,-18750000,2499996,3317433,1869475,0,0,0,0,0,0,0
1748634304854,-18750000,2430348,3317433,1814489,0,0,0,0,0,0,0
1748634304954,-18750000,2364365,3262447,1814489,0,0,0,0,0,0,0
1748634305054,-18750000,2316711,3317433,1869475,0,0,0,0,0,0,0
1748634305154,-18750000,2272723,3335763,1741177,0,0,0,0,0,0,0
1748634305254,-18750000,2236066,3152478,1722847,0,0,0,0,0,0,0
1748634305354,-18750000,2188412,3079162,1704520,0,0,0,0,0,0,0
1748634305454,-18750000,2144424,2969189,1686190,0,0,0,0,0,0,0
1748634305554,-18750000,2115098,2932533,1631204,0,0,0,0,0,0,0
1748634305654,-18750000,2085773,2785908,1612878,0,0,0,0,0,0,0
1748634305754,-18750000,2052782,2785908,1576218,0,0,0,0,0,0,0
1748634305854,-18750000,2030787,2675939,1521236,0,0,0,0,0,0,0
1748634305954,-18750000,2023456,2639283,1539566,0,0,0,0,0,0,0
1748634306054,-18750000,1994131,2639283,1502909,0,0,0,0,0,0,0
1748634306154,-18750000,1975802,2620953,1502909,0,0,0,0,0,0,0
1748634306254,-18750000,1942811,2730922,1484579,0,0,0,0,0,0,0
1748634306354,-18750000,1928149,2712595,1447923,0,0,0,0,0,0,0
1748634306454,-18750000,1880495,2675939,1429593,0,0,0,0,0,0,0
1748634306554,-18750000,1847504,2767582,1466249,0,0,0,0,0,0,0
1748634306654,-18750000,1821844,2877551,1484575,0,0,0,0,0,0,0
1748634306754,-18750000,1799850,2859221,1447919,0,0,0,0,0,0,0
1748634306854,-18750000,1770524,2914207,1429589,0,0,0,0,0,0,0
1748634306954,-18750000,1741199,2895877,1337947,0,0,0,0,0,0,0
1748634307054,-18750000,1715539,2730918,1301290,0,0,0,0,0,0,0
1748634307154,-18750000,1689879,2712588,1282964,0,0,0,0,0,0,0
1748634307254,-18750000,1682548,2639275,1209652,0,0,0,0,0,0,0
1748634307354,-18750000,1671551,2547633,1227978,0,0,0,0,0,0,0
1748634307454,-18750000,1653222,2529303,1191322,0,0,0,0,0,0,0
1748634307554,-18750000,1638559,2419330,1099683,0,0,0,0,0,0,0
1748634307654,-18750000,1609233,2346018,1063027,0,0,0,0,0,0,0
1748634307754,-18750000,1565245,2291032,1008044,0,0,0,0,0,0,0
1748634307854,-18750000,1543251,2217716,1044701,0,0,0,0,0,0,0
1748634307954,-18750000,1517591,2144403,1118013,0,0,0,0,0,0,0
1748634308054,-18750000,1506594,2107747,1118013,0,0,0,0,0,0,0
1748634308154,-18750000,1458941,2126077,1172996,0,0,0,0,0,0,0
1748634308254,-18750000,1425949,2144403,1209652,0,0,0,0,0,0,0
1748634308354,-18750000,1389292,2107743,1154669,0,0,0,0,0,0,0
1748634308454,-18750000,1370963,2162729,1136343,0,0,0,0,0,0,0
1748634308554,-18750000,1356301,2107747,1136343,0,0,0,0,0,0,0
1748634308654,-18750000,1348970,2107747,1099687,0,0,0,0,0,0,0
1748634308754,-18750000,1330641,2071090,1172999,0,0,0,0,0,0,0
1748634308854,-18750000,1301315,2052764,1136343,0,0,0,0,0,0,0
1748634308954,-18750000,1253661,2034434,1099687,0,0,0,0,0,0,0
1748634309054,-18750000,1213338,2034434,1044701,0,0,0,0,0,0,0
1748634309154,-18750000,1198675,1942792,953062,0,0,0,0,0,0,0
1748634309254,-18750000,1165684,1851149,934736,0,0,0,0,0,0,0
1748634309354,-18750000,1121696,1942792,953062,0,0,0,0,0,0,0
1748634309454,-18750000,1088705,1887805,916406,0,0,0,0,0,0,0
1748634309554,-18750000,1059379,1796163,934732,0,0,0,0,0,0,0
1748634309654,-18750000,1033719,1832819,953062,0,0,0,0,0,0,0
1748634309754,-18750000,1019056,1832819,879749,0,0,0,0,0,0,0
1748634309854,-18750000,997062,1814489,916406,0,0,0,0,0,0,0
1748634309954,-18750000,1004394,1869475,879749,0,0,0,0,0,0,0
1748634310054,-18750000,997063,1906132,861423,0,0,0,0,0,0,0
1748634310154,-18750000,982400,1796163,898079,0,0,0,0,0,0,0
1748634310254,-18750000,975069,1759507,898079,0,0,0,0,0,0,0
1748634310354,-18750000,964072,1667864,934736,0,0,0,0,0,0,0
1748634310454,-18750000,960406,1612878,971392,0,0,0,0,0,0,0
1748634310554,-18750000,931081,1612878,971392,0,0,0,0,0,0,0
1748634310654,-18750000,912752,1484579,971392,0,0,0,0,0,0,0
1748634310754,-18750000,905421,1447923,1008048,0,0,0,0,0,0,0
1748634310854,-18750000,894424,1447923,934735,0,0,0,0,0,0,0
1748634310954,-18750000,879761,1447923,971392,0,0,0,0,0,0,0
1748634311054,-18750000,846770,1484583,989718,0,0,0,0,0,0,0
1748634311154,-18750000,824776,1484583,989718,0,0,0,0,0,0,0
1748634311254,-18750000,802782,1502913,934732,0,0,0,0,0,0,0
1748634311354,-18750000,791785,1521243,916405,0,0,0,0,0,0,0
1748634311454,-18750000,777122,1466261,861419,0,0,0,0,0,0,0
1748634311554,-18750000,758794,1502917,861419,0,0,0,0,0,0,0
1748634311654,-18750000,747796,1539573,861419,0,0,0,0,0,0,0
1748634311754,-18750000,718471,1484587,806433,0,0,0,0,0,0,0
1748634311854,-18750000,711140,1447931,879746,0,0,0,0,0,0,0
1748634311954,-18750000,689146,1337962,843089,0,0,0,0,0,0,0
1748634312054,-18750000,685480,1282976,806433,0,0,0,0,0,0,0
1748634312154,-18750000,681814,1356288,806433,0,0,0,0,0,0,0
1748634312254,-18750000,652489,1356288,824763,0,0,0,0,0,0,0
1748634312354,-18750000,645158,1246319,824763,0,0,0,0,0,0,0
1748634312454,-18750000,601169,1282976,788107,0,0,0,0,0,0,0
1748634312554,-18750000,597503,1227989,733121,0,0,0,0,0,0,0
1748634312654,-18750000,568178,1173003,714791,0,0,0,0,0,0,0
1748634312754,-18750000,557180,1227989,714791,0,0,0,0,0,0,0
1748634312854,-18750000,546183,1099691,659808,0,0,0,0,0,0,0
1748634312954,-18750000,520523,1008048,659808,0,0,0,0,0,0,0
1748634313054,-18750000,494864,1044704,714794,0,0,0,0,0,0,0
1748634313154,-18750000,465538,1008048,678138,0,0,0,0,0,0,0
1748634313254,-18750000,458207,989718,696464,0,0,0,0,0,0,0
1748634313354,-18750000,432547,1081357,696464,0,0,0,0,0,0,0
1748634313454,-18750000,432547,1026370,733121,0,0,0,0,0,0,0
1748634313554,-18750000,432547,1081357,696464,0,0,0,0,0,0,0
1748634313654,-18750000,428881,1063030,696464,0,0,0,0,0,0,0
1748634313754,-18750000,414218,1118017,659808,0,0,0,0,0,0,0
1748634313854,-18750000,373896,1227985,659808,0,0,0,0,0,0,0
1748634313954,-18750000,373896,1319628,659808,0,0,0,0,0,0,0
1748634314054,-18750000,362899,1227985,678134,0,0,0,0,0,0,0
1748634314154,-18750000,362899,1227985,659804,0,0,0,0,0,0,0
1748634314254,-18750000,340905,1173003,604818,0,0,0,0,0,0,0
1748634314354,-18750000,329908,1136347,513176,0,0,0,0,0,0,0
1748634314454,-18750000,326242,1136347,476519,0,0,0,0,0,0,0
1748634314554,-18750000,296916,1063034,586492,0,0,0,0,0,0,0
1748634314654,-18750000,296916,1063034,549836,0,0,0,0,0,0,0
1748634314754,-18750000,274921,1008044,549836,0,0,0,0,0,0,0
1748634314854,-18750000,271256,1008044,494849,0,0,0,0,0,0,0
1748634314954,-18750000,267590,953062,458193,0,0,0,0,0,0,0
1748634315054,-18750000,227268,934732,458193,0,0,0,0,0,0,0
1748634315154,-18750000,223602,934732,458193,0,0,0,0,0,0,0
1748634315254,-18750000,223602,953054,384881,0,0,0,0,0,0,0
1748634315354,-18750000,197942,953054,384881,0,0,0,0,0,0,0
1748634315454,-18750000,186946,934728,458193,0,0,0,0,0,0,0
1748634315554,-18750000,150289,953058,348221,0,0,0,0,0,0,0
1748634315654,-18750000,146624,971384,348221,0,0,0,0,0,0,0
1748634315754,-18750000,139292,898072,366547,0,0,0,0,0,0,0
1748634315854,-18750000,124630,879746,366547,0,0,0,0,0,0,0
1748634315954,-18750000,113633,971384,366547,0,0,0,0,0,0,0
1748634316054,-18750000,113633,971384,366547,0,0,0,0,0,0,0
1748634316154,-18750000,84308,934728,293235,0,0,0,0,0,0,0
1748634316254,-18750000,58648,843089,348221,0,0,0,0,0,0,0
1748634316354,-18750000,51317,916405,348221,0,0,0,0,0,0,0
1748634316454,-18750000,36654,879749,293235,0,0,0,0,0,0,0
1748634316554,-18750000,21991,916406,293235,0,0,0,0,0,0,0
1748634316654,-18750000,-2,861419,366551,0,0,0,0,0,0,0
1748634316754,-18750000,3663,916406,366551,0,0,0,0,0,0,0
1748634316854,-18750000,-18331,916406,348221,0,0,0,0,0,0,0
1748634316954,-18750000,-29328,824763,329891,0,0,0,0,0,0,0
1748634317054,-18750000,-18332,861419,366547,0,0,0,0,0,0,0
1748634317154,-18750000,-43991,898076,329887,0,0,0,0,0,0,0
1748634317254,-18750000,-43991,934732,329887,0,0,0,0,0,0,0
1748634317354,-18750000,-47657,934732,329887,0,0,0,0,0,0,0
1748634317454,-18750000,-58654,861416,348217,0,0,0,0,0,0,0
1748634317554,-18750000,-54989,788103,329891,0,0,0,0,0,0,0
1748634317654,-18750000,-36660,751447,293234,0,0,0,0,0,0,0
1748634317754,-18750000,-51324,623148,274905,0,0,0,0,0,0,0
1748634317854,-18750000,-54990,623148,274905,0,0,0,0,0,0,0
1748634317954,-18750000,-25664,659808,256578,0,0,0,0,0,0,0
1748634318054,-18750000,-47658,641482,238248,0,0,0,0,0,0,0
1748634318154,-18750000,-29329,549839,256578,0,0,0,0,0,0,0
1748634318254,-18750000,-32995,494853,274908,0,0,0,0,0,0,0
1748634318354,-18750000,-43992,458197,311565,0,0,0,0,0,0,0
1748634318454,-18750000,-73318,513183,274905,0,0,0,0,0,0,0
1748634318554,-18750000,-76983,458197,293231,0,0,0,0,0,0,0
1748634318654,-18750000,-120971,568169,274901,0,0,0,0,0,0,0
1748634318754,-18750000,-128303,604826,256575,0,0,0,0,0,0,0
1748634318854,-18750000,-128303,604826,256575,0,0,0,0,0,0,0
1748634318954,-18750000,-128303,604826,256575,0,0,0,0,0,0,0
1748634319054,-18750000,-128303,604826,256575,0,0,0,0,0,0,0
1748634319154,-18750000,-128303,604826,256575,0,0,0,0,0,0,0
1748634319254,-18750000,-128303,604826,256575,0,0,0,0,0,0,0
1748634319354,-18750000,-128303,604826,256575,0,0,0,0,0,0,0
1748634319454,-18750000,-128303,604826,256575,0,0,0,0,0,0,0
1748634319554,-18750000,-128303,604826,256575,0,0,0,0,0,0,0
1748634319654,-18750000,-128303,604826,256575,0,0,0,0,0,0,0
1748634319754,-18750000,-128303,604826,256575,0,0,0,0,0,0,0
1748634319854,-18750000,-128303,568166,256575,0,0,0,0,0,0,0
1748634319954,-18750000,-183288,623148,183258,0,0,0,0,0,0,0
1748634320054,-18750000,-197951,641474,183258,0,0,0,0,0,0,0
1748634320154,-18750000,-230942,586492,109946,0,0,0,0,0,0,0
1748634320254,-18750000,-249271,531506,109946,0,0,0,0,0,0,0
1748634320354,-18750000,-267599,586488,54960,0,0,0,0,0,0,0
1748634320454,-18750000,-260268,568158,-22,0,0,0,0,0,0,0
1748634320554,-18750000,-289594,586485,36633,0,0,0,0,0,0,0
1748634320654,-18750000,-300591,531498,18307,0,0,0,0,0,0,0
1748634320754,-18750000,-333582,568155,36633,0,0,0,0,0,0,0
1748634320854,-18750000,-362907,531498,-22,0,0,0,0,0,0,0
1748634320954,-18750000,-377570,439856,-22,0,0,0,0,0,0,0
1748634321054,-18750000,-392233,348213,-36678,0,0,0,0,0,0,0
1748634321154,-18750000,-399564,421526,-22,0,0,0,0,0,0,0
1748634321254,-18750000,-432555,513168,-109994,0,0,0,0,0,0,0
1748634321354,-18750000,-443552,403199,-109994,0,0,0,0,0,0,0
1748634321454,-18750000,-480209,366543,-146654,0,0,0,0,0,0,0
1748634321554,-18750000,-476543,311561,-201637,0,0,0,0,0,0,0
1748634321654,-18750000,-480208,256575,-256623,0,0,0,0,0,0,0
1748634321754,-18750000,-469211,183262,-238293,0,0,0,0,0,0,0
1748634321854,-18750000,-487539,238248,-256620,0,0,0,0,0,0,0
1748634321954,-18750000,-494870,256578,-256620,0,0,0,0,0,0,0
1748634322054,-18750000,-505868,164936,-238290,0,0,0,0,0,0,0
1748634322154,-18750000,-505868,109950,-274946,0,0,0,0,0,0,0
1748634322254,-18750000,-494870,18307,-238286,0,0,0,0,0,0,0
1748634322354,-18750000,-498536,-55008,-238286,0,0,0,0,0,0,0
1748634322454,-18750000,-502202,-36678,-238286,0,0,0,0,0,0,0
1748634322554,-18750000,-535193,-18352,-238286,0,0,0,0,0,0,0
1748634322654,-18750000,-564518,-22,-238286,0,0,0,0,0,0,0
1748634322754,-18750000,-597510,-36678,-274942,0,0,0,0,0,0,0
1748634322854,-18750000,-604841,-146651,-293272,0,0,0,0,0,0,0
1748634322954,-18750000,-604841,-128321,-311598,0,0,0,0,0,0,0
1748634323054,-18750000,-608507,-18348,-311598,0,0,0,0,0,0,0
1748634323154,-18750000,-626835,-109991,-311598,0,0,0,0,0,0,0
1748634323254,-18750000,-648830,-18,-329928,0,0,0,0,0,0,0
1748634323354,-18750000,-670823,73297,-384915,0,0,0,0,0,0,0
1748634323454,-18750000,-656161,-18,-293272,0,0,0,0,0,0,0
1748634323554,-18750000,-645164,18311,-238290,0,0,0,0,0,0,0
1748634323654,-18750000,-652496,-18345,-183303,0,0,0,0,0,0,0
1748634323754,-18750000,-659827,18311,-164977,0,0,0,0,0,0,0
1748634323854,-18750000,-648830,128283,-128321,0,0,0,0,0,0,0
1748634323954,-18750000,-667159,73297,-22,0,0,0,0,0,0,0
1748634324054,-18750000,-681821,73297,-18352,0,0,0,0,0,0,0
1748634324154,-18750000,-685487,109953,-26,0,0,0,0,0,0,0
1748634324254,-18750000,-681821,54967,36630,0,0,0,0,0,0,0
1748634324354,-18750000,-670824,109953,73290,0,0,0,0,0,0,0
1748634324454,-18750000,-703815,256582,36634,0,0,0,0,0,0,0
1748634324554,-18750000,-707480,256582,-55008,0,0,0,0,0,0,0
1748634324654,-18750000,-714811,219922,-73338,0,0,0,0,0,0,0
1748634324754,-18750000,-718477,238248,-73338,0,0,0,0,0,0,0
1748634324854,-18750000,-725808,146606,-91664,0,0,0,0,0,0,0
1748634324954,-18750000,-722142,164932,-128321,0,0,0,0,0,0,0
1748634325054,-18750000,-707480,128276,-146647,0,0,0,0,0,0,0
1748634325154,-18750000,-718477,164936,-146647,0,0,0,0,0,0,0
1748634325254,-18750000,-714812,164936,-183303,0,0,0,0,0,0,0
1748634325354,-18750000,-725808,128276,-183303,0,0,0,0,0,0,0
1748634325454,-18750000,-718477,109949,-219959,0,0,0,0,0,0,0
1748634325554,-18750000,-722143,109949,-164973,0,0,0,0,0,0,0
1748634325654,-18750000,-700149,201592,-146643,0,0,0,0,0,0,0
1748634325754,-18750000,-707481,274908,-146643,0,0,0,0,0,0,0
1748634325854,-18750000,-718478,348221,-91661,0,0,0,0,0,0,0
1748634325954,-18750000,-703815,329894,-109991,0,0,0,0,0,0,0
1748634326054,-18750000,-703815,311564,-109991,0,0,0,0,0,0,0
1748634326154,-18750000,-692818,348221,-109991,0,0,0,0,0,0,0
1748634326254,-18750000,-703814,329891,-73334,0,0,0,0,0,0,0
1748634326354,-18750000,-692818,311564,-36678,0,0,0,0,0,0,0
1748634326454,-18750000,-681821,293234,-22,0,0,0,0,0,0,0
1748634326554,-18750000,-692818,238248,18307,0,0,0,0,0,0,0
1748634326654,-18750000,-689152,219922,-18348,0,0,0,0,0,0,0
1748634326754,-18750000,-692817,128279,-36674,0,0,0,0,0,0,0
1748634326854,-18750000,-685486,128279,-73331,0,0,0,0,0,0,0
1748634326954,-18750000,-711146,91623,-91657,0,0,0,0,0,0,0
1748634327054,-18750000,-703814,36637,-91657,0,0,0,0,0,0,0
1748634327154,-18750000,-700149,54963,-128313,0,0,0,0,0,0,0
1748634327254,-18750000,-700149,-18,-91657,0,0,0,0,0,0,0
1748634327354,-18750000,-718478,-18,-146643,0,0,0,0,0,0,0
1748634327454,-18750000,-714812,-18348,-146643,0,0,0,0,0,0,0
1748634327554,-18750000,-700149,128279,-164973,0,0,0,0,0,0,0
1748634327654,-18750000,-711146,128279,-146647,0,0,0,0,0,0,0
1748634327754,-18750000,-692818,73293,-109991,0,0,0,0,0,0,0
1748634327854,-18750000,-689153,36637,-109991,0,0,0,0,0,0,0
1748634327954,-18750000,-670824,54963,-55008,0,0,0,0,0,0,0
1748634328054,-18750000,-678155,128279,-55008,0,0,0,0,0,0,0
1748634328154,-18750000,-681821,54967,-18352,0,0,0,0,0,0,0
1748634328254,-18750000,-700149,128279,-36678,0,0,0,0,0,0,0
1748634328354,-18750000,-681821,109950,36633,0,0,0,0,0,0,0
1748634328454,-18750000,-700149,109950,73290,0,0,0,0,0,0,0
1748634328554,-18750000,-703815,-18348,54963,0,0,0,0,0,0,0
1748634328654,-18750000,-707480,-22,18307,0,0,0,0,0,0,0
1748634328754,-18750000,-711146,109950,-22,0,0,0,0,0,0,0
1748634328854,-18750000,-725809,146606,-18348,0,0,0,0,0,0,0
1748634328954,-18750000,-722144,164936,-73331,0,0,0,0,0,0,0
1748634329054,-18750000,-718478,183262,-36675,0,0,0,0,0,0,0
1748634329154,-18750000,-736807,183262,-91661,0,0,0,0,0,0,0
1748634329254,-18750000,-711147,109950,-164977,0,0,0,0,0,0,0
1748634329354,-18750000,-729476,128279,-219960,0,0,0,0,0,0,0
1748634329454,-18750000,-736807,146609,-311602,0,0,0,0,0,0,0
1748634329554,-18750000,-736807,274908,-274946,0,0,0,0,0,0,0
1748634329654,-18750000,-755135,238252,-201633,0,0,0,0,0,0,0
1748634329754,-18750000,-773464,128279,-256620,0,0,0,0,0,0,0
1748634329854,-18750000,-762466,73297,-293280,0,0,0,0,0,0,0
1748634329954,-18750000,-777129,73297,-256623,0,0,0,0,0,0,0
1748634330054,-18750000,-799123,54971,-293280,0,0,0,0,0,0,0
1748634330154,-18750000,-788126,73301,-256620,0,0,0,0,0,0,0
1748634330254,-18750000,-802789,36641,-201633,0,0,0,0,0,0,0
1748634330354,-18750000,-806454,-15,-238293,0,0,0,0,0,0,0
1748634330454,-18750000,-791791,-15,-183307,0,0,0,0,0,0,0
1748634330554,-18750000,-795456,-146643,-219963,0,0,0,0,0,0,0
1748634330654,-18750000,-777128,-109987,-274946,0,0,0,0,0,0,0
1748634330754,-18750000,-777128,-15,-274946,0,0,0,0,0,0,0
1748634330854,-18750000,-784459,91627,-219959,0,0,0,0,0,0,0
1748634330954,-18750000,-769796,128283,-201633,0,0,0,0,0,0,0
1748634331054,-18750000,-777128,146610,-183307,0,0,0,0,0,0,0
1748634331154,-18750000,-777128,164936,-183307,0,0,0,0,0,0,0
1748634331254,-18750000,-766130,219922,-219963,0,0,0,0,0,0,0
1748634331354,-18750000,-751468,256578,-146647,0,0,0,0,0,0,0
1748634331454,-18750000,-747803,219922,-183303,0,0,0,0,0,0,0
1748634331554,-18750000,-747803,311565,-219963,0,0,0,0,0,0,0
1748634331654,-18750000,-751469,256582,-201637,0,0,0,0,0,0,0
1748634331754,-18750000,-740471,183266,-183307,0,0,0,0,0,0,0
1748634331854,-18750000,-733140,164936,-201633,0,0,0,0,0,0,0
1748634331954,-18750000,-740471,54963,-256616,0,0,0,0,0,0,0
1748634332054,-18750000,-740471,-55004,-201630,0,0,0,0,0,0,0
1748634332154,-18750000,-755134,-146647,-238290,0,0,0,0,0,0,0
1748634332254,-18750000,-755134,-109991,-146647,0,0,0,0,0,0,0
1748634332354,-18750000,-769797,-91664,-164977,0,0,0,0,0,0,0
1748634332454,-18750000,-791791,-109994,-128321,0,0,0,0,0,0,0
1748634332554,-18750000,-795457,-109994,-73334,0,0,0,0,0,0,0
1748634332654,-18750000,-780794,-55012,-109991,0,0,0,0,0,0,0
1748634332754,-18750000,-784460,-73338,-73334,0,0,0,0,0,0,0
1748634332854,-18750000,-791792,-109994,-73334,0,0,0,0,0,0,0
1748634332954,-18750000,-802789,-36678,-73334,0,0,0,0,0,0,0
1748634333054,-18750000,-784460,36633,-128321,0,0,0,0,0,0,0
1748634333154,-18750000,-769797,164932,-91661,0,0,0,0,0,0,0
1748634333254,-18750000,-784460,109950,-146647,0,0,0,0,0,0,0
1748634333354,-18750000,-773462,91623,-201633,0,0,0,0,0,0,0
1748634333454,-18750000,-758800,164939,-201633,0,0,0,0,0,0,0
1748634333554,-18750000,-773462,109953,-219959,0,0,0,0,0,0,0
1748634333654,-18750000,-780794,54971,-201629,0,0,0,0,0,0,0
1748634333754,-18750000,-777128,54971,-219956,0,0,0,0,0,0,0
1748634333854,-18750000,-788125,18315,-201629,0,0,0,0,0,0,0
1748634333954,-18750000,-773462,-55001,-128317,0,0,0,0,0,0,0
1748634334054,-18750000,-784459,-55001,-146643,0,0,0,0,0,0,0
1748634334154,-18750000,-788125,-73327,-128317,0,0,0,0,0,0,0
1748634334254,-18750000,-777128,-91657,-91661,0,0,0,0,0,0,0
1748634334354,-18750000,-773462,-91657,-55001,0,0,0,0,0,0,0
1748634334454,-18750000,-755134,-238286,-55001,0,0,0,0,0,0,0
1748634334554,-18750000,-725809,-311598,-55001,0,0,0,0,0,0,0
1748634334654,-18750000,-729474,-293272,-18344,0,0,0,0,0,0,0
1748634334754,-18750000,-740471,-274946,54967,0,0,0,0,0,0,0
1748634334854,-18750000,-733140,-311606,73297,0,0,0,0,0,0,0
1748634334954,-18750000,-733140,-183303,-36675,0,0,0,0,0,0,0
1748634335054,-18750000,-718478,-219959,-18,0,0,0,0,0,0,0
1748634335154,-18750000,-718478,-293276,-18,0,0,0,0,0,0,0
1748634335254,-18750000,-711146,-311606,-55001,0,0,0,0,0,0,0
1748634335354,-18750000,-703815,-293279,-36675,0,0,0,0,0,0,0
1748634335454,-18750000,-725810,-183311,-18,0,0,0,0,0,0,0
1748634335554,-18750000,-729475,-55012,-55005,0,0,0,0,0,0,0
1748634335654,-18750000,-744138,-91668,-91661,0,0,0,0,0,0,0
1748634335754,-18750000,-725810,-146655,-91661,0,0,0,0,0,0,0
1748634335854,-18750000,-718478,-18352,-109991,0,0,0,0,0,0,0
1748634335954,-18750000,-718478,-109995,-18348,0,0,0,0,0,0,0
1748634336054,-18750000,-747803,-18352,-55004,0,0,0,0,0,0,0
1748634336154,-18750000,-744137,-55008,-55004,0,0,0,0,0,0,0
1748634336254,-18750000,-740472,18307,-55004,0,0,0,0,0,0,0
1748634336354,-18750000,-747803,-36675,-109991,0,0,0,0,0,0,0
1748634336454,-18750000,-747803,-164973,-146647,0,0,0,0,0,0,0
1748634336554,-18750000,-747803,-238286,-109991,0,0,0,0,0,0,0
1748634336654,-18750000,-736806,-183300,-91664,0,0,0,0,0,0,0
1748634336754,-18750000,-751469,-164970,-183307,0,0,0,0,0,0,0
1748634336854,-18750000,-755134,-274942,-238293,0,0,0,0,0,0,0
1748634336954,-18750000,-747803,-274942,-329936,0,0,0,0,0,0,0
1748634337054,-18750000,-729474,-293272,-348266,0,0,0,0,0,0,0
1748634337154,-18750000,-722143,-256616,-348266,0,0,0,0,0,0,0
1748634337254,-18750000,-740471,-293272,-329939,0,0,0,0,0,0,0
1748634337354,-18750000,-729474,-274946,-274953,0,0,0,0,0,0,0
1748634337454,-18750000,-718477,-146647,-293279,0,0,0,0,0,0,0
1748634337554,-18750000,-733140,-128321,-274949,0,0,0,0,0,0,0
1748634337654,-18750000,-722143,-183307,-311606,0,0,0,0,0,0,0
1748634337754,-18750000,-707480,-146651,-256619,0,0,0,0,0,0,0
1748634337854,-18750000,-703815,-128321,-256619,0,0,0,0,0,0,0
1748634337954,-18750000,-718478,-73338,-219959,0,0,0,0,0,0,0
1748634338054,-18750000,-703815,-73338,-238289,0,0,0,0,0,0,0
1748634338154,-18750000,-692819,-22,-238289,0,0,0,0,0,0,0
1748634338254,-18750000,-678155,-22,-201633,0,0,0,0,0,0,0
1748634338354,-18750000,-685486,-73334,-164977,0,0,0,0,0,0,0
1748634338454,-18750000,-700149,-91661,-128321,0,0,0,0,0,0,0
1748634338554,-18750000,-692817,-109987,-109995,0,0,0,0,0,0,0
1748634338654,-18750000,-707480,-73331,-73338,0,0,0,0,0,0,0
1748634338754,-18750000,-714812,-201630,-91668,0,0,0,0,0,0,0
1748634338854,-18750000,-703814,-146647,-55008,0,0,0,0,0,0,0
1748634338954,-18750000,-703814,-238290,-55008,0,0,0,0,0,0,0
1748634339054,-18750000,-729474,-238290,-18348,0,0,0,0,0,0,0
1748634339154,-18750000,-758799,-274946,-18348,0,0,0,0,0,0,0
1748634339254,-18750000,-758799,-238290,-18348,0,0,0,0,0,0,0
1748634339354,-18750000,-762465,-109991,-18348,0,0,0,0,0,0,0
1748634339454,-18750000,-758800,-146647,-22,0,0,0,0,0,0,0
1748634339554,-18750000,-762466,-146647,-22,0,0,0,0,0,0,0
1748634339654,-18750000,-758800,-128317,36633,0,0,0,0,0,0,0
1748634339754,-18750000,-758800,18311,73290,0,0,0,0,0,0,0
1748634339854,-18750000,-762466,-55001,36630,0,0,0,0,0,0,0
1748634339954,-18750000,-777129,-73327,54956,0,0,0,0,0,0,0
1748634340054,-18750000,-773464,-128310,109938,0,0,0,0,0,0,0
1748634340154,-18750000,-733142,-109983,54952,0,0,0,0,0,0,0
1748634340254,-18750000,-744139,-128313,18296,0,0,0,0,0,0,0
1748634340354,-18750000,-747804,-219956,-29,0,0,0,0,0,0,0
1748634340454,-18750000,-747804,-219956,-55012,0,0,0,0,0,0,0
1748634340554,-18750000,-736807,-219956,-91668,0,0,0,0,0,0,0
1748634340654,-18750000,-740473,-219956,-128324,0,0,0,0,0,0,0
1748634340754,-18750000,-755135,-238286,-183307,0,0,0,0,0,0,0
1748634340854,-18750000,-762467,-164973,-183307,0,0,0,0,0,0,0
1748634340954,-18750000,-744138,-18,-238293,0,0,0,0,0,0,0
1748634341054,-18750000,-736806,36637,-293276,0,0,0,0,0,0,0
1748634341154,-18750000,-758800,36637,-256616,0,0,0,0,0,0,0
1748634341254,-18750000,-751469,36637,-274942,0,0,0,0,0,0,0
1748634341354,-18750000,-736806,91623,-274942,0,0,0,0,0,0,0
1748634341454,-18750000,-733140,109950,-274942,0,0,0,0,0,0,0
1748634341554,-18750000,-736806,146606,-256612,0,0,0,0,0,0,0
1748634341654,-18750000,-714812,128276,-274938,0,0,0,0,0,0,0
1748634341754,-18750000,-703815,219918,-256612,0,0,0,0,0,0,0
1748634341854,-18750000,-703815,219918,-256612,0,0,0,0,0,0,0
1748634341954,-18750000,-714812,146606,-201626,0,0,0,0,0,0,0
1748634342054,-18750000,-722144,146606,-183299,0,0,0,0,0,0,0
1748634342154,-18750000,-725810,201592,-238286,0,0,0,0,0,0,0
1748634342254,-18750000,-725810,183266,-274946,0,0,0,0,0,0,0
1748634342354,-18750000,-751470,146609,-274946,0,0,0,0,0,0,0
1748634342454,-18750000,-755136,183266,-274946,0,0,0,0,0,0,0
1748634342554,-18750000,-751470,164936,-311606,0,0,0,0,0,0,0
1748634342654,-18750000,-755136,183266,-274949,0,0,0,0,0,0,0
1748634342754,-18750000,-740473,109953,-329936,0,0,0,0,0,0,0
1748634342854,-18750000,-733142,54971,-274949,0,0,0,0,0,0,0
1748634342954,-18750000,-711147,54971,-311606,0,0,0,0,0,0,0
1748634343054,-18750000,-692819,91627,-329932,0,0,0,0,0,0,0
1748634343154,-18750000,-700150,-36671,-293276,0,0,0,0,0,0,0
1748634343254,-18750000,-711147,-36671,-238290,0,0,0,0,0,0,0
1748634343354,-18750000,-703816,-18345,-274946,0,0,0,0,0,0,0
1748634343454,-18750000,-696484,-18345,-293276,0,0,0,0,0,0,0
1748634343554,-18750000,-692819,18311,-274946,0,0,0,0,0,0,0
1748634343654,-18750000,-718478,36637,-311602,0,0,0,0,0,0,0
1748634343754,-18750000,-711147,73293,-274942,0,0,0,0,0,0,0
1748634343854,-18750000,-736807,128276,-238286,0,0,0,0,0,0,0
1748634343954,-18750000,-769798,73290,-201629,0,0,0,0,0,0,0
1748634344054,-18750000,-777129,-22,-238289,0,0,0,0,0,0,0
1748634344154,-18750000,-777129,18303,-183303,0,0,0,0,0,0,0
1748634344254,-18750000,-777129,18303,-201630,0,0,0,0,0,0,0
1748634344354,-18750000,-777129,54960,-146647,0,0,0,0,0,0,0
1748634344454,-18750000,-769798,36633,-109991,0,0,0,0,0,0,0
1748634344554,-18750000,-780794,-36678,-91661,0,0,0,0,0,0,0
1748634344654,-18750000,-766131,-91661,-36678,0,0,0,0,0,0,0
1748634344754,-18750000,-762466,-109991,18303,0,0,0,0,0,0,0
1748634344854,-18750000,-755135,-146647,-36678,0,0,0,0,0,0,0
1748634344954,-18750000,-725810,-91661,-91665,0,0,0,0,0,0,0
1748634345054,-18750000,-747803,-91661,-36678,0,0,0,0,0,0,0
1748634345154,-18750000,-733141,-18345,-109994,0,0,0,0,0,0,0
1748634345254,-18750000,-718478,-36675,-109994,0,0,0,0,0,0,0
1748634345354,-18750000,-718478,-36675,-146651,0,0,0,0,0,0,0
1748634345454,-18750000,-744137,-18348,-164977,0,0,0,0,0,0,0
1748634345554,-18750000,-740472,109949,-128321,0,0,0,0,0,0,0
1748634345654,-18750000,-751469,109949,-219963,0,0,0,0,0,0,0
1748634345754,-18750000,-795458,18307,-274946,0,0,0,0,0,0,0
1748634345854,-18750000,-802789,36637,-238290,0,0,0,0,0,0,0
1748634345954,-18750000,-813785,-18348,-238290,0,0,0,0,0,0,0
1748634346054,-18750000,-784460,36633,-293276,0,0,0,0,0,0,0
1748634346154,-18750000,-795457,73289,-201633,0,0,0,0,0,0,0
1748634346254,-18750000,-802788,146602,-146651,0,0,0,0,0,0,0
1748634346354,-18750000,-791791,201588,-164977,0,0,0,0,0,0,0
1748634346454,-18750000,-777128,109946,-146651,0,0,0,0,0,0,0
1748634346554,-18750000,-791791,-36682,-128325,0,0,0,0,0,0,0
1748634346654,-18750000,-773462,-36682,-73338,0,0,0,0,0,0,0
1748634346754,-18750000,-755134,36633,-55012,0,0,0,0,0,0,0
1748634346854,-18750000,-747803,73289,-73342,0,0,0,0,0,0,0
1748634346954,-18750000,-758800,164932,-36682,0,0,0,0,0,0,0
1748634347054,-18750000,-773462,146606,73290,0,0,0,0,0,0,0
1748634347154,-18750000,-766131,36633,73290,0,0,0,0,0,0,0
1748634347254,-18750000,-758800,-18348,36634,0,0,0,0,0,0,0
1748634347354,-18750000,-784460,-91661,36634,0,0,0,0,0,0,0
1748634347454,-18750000,-766131,-18345,36634,0,0,0,0,0,0,0
1748634347554,-18750000,-740471,91627,-22,0,0,0,0,0,0,0
1748634347654,-18750000,-733140,54967,-18348,0,0,0,0,0,0,0
1748634347754,-18750000,-740471,-36675,-18,0,0,0,0,0,0,0
1748634347854,-18750000,-729474,-55005,-18,0,0,0,0,0,0,0
1748634347954,-18750000,-714812,-146647,36637,0,0,0,0,0,0,0
1748634348054,-18750000,-700149,-164977,-18348,0,0,0,0,0,0,0
1748634348154,-18750000,-714812,-55005,-55004,0,0,0,0,0,0,0
1748634348254,-18750000,-729476,36637,-18348,0,0,0,0,0,0,0
1748634348354,-18750000,-718479,-18,36633,0,0,0,0,0,0,0
1748634348454,-18750000,-725810,-18,18307,0,0,0,0,0,0,0
1748634348554,-18750000,-747805,-73331,36637,0,0,0,0,0,0,0
1748634348654,-18750000,-773465,-73331,73293,0,0,0,0,0,0,0
1748634348754,-18750000,-769799,-18,18307,0,0,0,0,0,0,0
1748634348854,-18750000,-769799,-18,-18,0,0,0,0,0,0,0
1748634348954,-18750000,-773464,-18348,-18348,0,0,0,0,0,0,0
1748634349054,-18750000,-791792,-18,-18348,0,0,0,0,0,0,0
1748634349154,-18750000,-780795,-73331,-109991,0,0,0,0,0,0,0
1748634349254,-18750000,-773463,-109991,-146647,0,0,0,0,0,0,0
1748634349354,-18750000,-755135,-22,-201629,0,0,0,0,0,0,0
1748634349454,-18750000,-755135,-73338,-219959,0,0,0,0,0,0,0
1748634349554,-18750000,-740471,-91668,-256616,0,0,0,0,0,0,0
1748634349654,-18750000,-729474,-36682,-293272,0,0,0,0,0,0,0
1748634349754,-18750000,-714812,-55008,-274942,0,0,0,0,0,0,0
1748634349854,-18750000,-733140,-55008,-293272,0,0,0,0,0,0,0
1748634349954,-18750000,-729475,18307,-256616,0,0,0,0,0,0,0
1748634350054,-18750000,-722143,36633,-256616,0,0,0,0,0,0,0
1748634350154,-18750000,-725808,18303,-128317,0,0,0,0,0,0,0
1748634350254,-18750000,-711146,-18352,-109987,0,0,0,0,0,0,0
1748634350354,-18750000,-718477,-109994,-91661,0,0,0,0,0,0,0
1748634350454,-18750000,-729474,36633,-73331,0,0,0,0,0,0,0
1748634350554,-18750000,-755134,73290,-73331,0,0,0,0,0,0,0
1748634350654,-18750000,-751469,73290,-73331,0,0,0,0,0,0,0
1748634350754,-18750000,-766131,18303,-55004,0,0,0,0,0,0,0
1748634350854,-18750000,-758800,-22,-18,0,0,0,0,0,0,0
1748634350954,-18750000,-736805,-18352,18311,0,0,0,0,0,0,0
1748634351054,-18750000,-729474,-73334,-15,0,0,0,0,0,0,0
1748634351154,-18750000,-733140,73293,-54997,0,0,0,0,0,0,0
1748634351254,-18750000,-762466,91623,-128313,0,0,0,0,0,0,0
1748634351354,-18750000,-766131,109953,-183300,0,0,0,0,0,0,0
1748634351454,-18750000,-751469,-18345,-183300,0,0,0,0,0,0,0
1748634351554,-18750000,-744137,36641,-146643,0,0,0,0,0,0,0
1748634351654,-18750000,-751469,-15,-146643,0,0,0,0,0,0,0
1748634351754,-18750000,-733140,18311,-128313,0,0,0,0,0,0,0
1748634351854,-18750000,-725808,36637,-238286,0,0,0,0,0,0,0
1748634351954,-18750000,-733140,73293,-329928,0,0,0,0,0,0,0
1748634352054,-18750000,-700149,54963,-311602,0,0,0,0,0,0,0
1748634352154,-18750000,-626835,54963,-238290,0,0,0,0,0,0,0
1748634352254,-18750000,-612172,36633,-219960,0,0,0,0,0,0,0
1748634352354,-18750000,-634166,18303,-183300,0,0,0,0,0,0,0
1748634352454,-18750000,-648829,54960,-128317,0,0,0,0,0,0,0
1748634352554,-18750000,-645164,-18352,-146647,0,0,0,0,0,0,0
1748634352654,-18750000,-634166,-18352,-183307,0,0,0,0,0,0,0
1748634352754,-18750000,-656161,36633,-183307,0,0,0,0,0,0,0
1748634352854,-18750000,-663493,-18348,-109991,0,0,0,0,0,0,0
1748634352954,-18750000,-678155,-91661,-73334,0,0,0,0,0,0,0
1748634353054,-18750000,-718478,-73331,-73334,0,0,0,0,0,0,0
1748634353154,-18750000,-799123,-183303,-128321,0,0,0,0,0,0,0
1748634353254,-18750000,-788126,-183303,-146651,0,0,0,0,0,0,0
1748634353354,-18750000,-780795,-164973,-183311,0,0,0,0,0,0,0
1748634353454,-18750000,-784461,-164973,-238293,0,0,0,0,0,0,0
1748634353554,-18750000,-795458,-109991,-274949,0,0,0,0,0,0,0
1748634353654,-18750000,-799124,-109991,-238289,0,0,0,0,0,0,0
1748634353754,-18750000,-788126,-109991,-256619,0,0,0,0,0,0,0
1748634353854,-18750000,-773463,-73334,-238293,0,0,0,0,0,0,0
1748634353954,-18750000,-791792,-18348,-219963,0,0,0,0,0,0,0
1748634354054,-18750000,-791792,36633,-219963,0,0,0,0,0,0,0
1748634354154,-18750000,-773463,73290,-238289,0,0,0,0,0,0,0
1748634354254,-18750000,-777128,36633,-219959,0,0,0,0,0,0,0
1748634354354,-18750000,-766131,-73338,-201629,0,0,0,0,0,0,0
1748634354454,-18750000,-747803,-73338,-183303,0,0,0,0,0,0,0
1748634354554,-18750000,-744137,-128321,-164973,0,0,0,0,0,0,0
1748634354654,-18750000,-744137,-146651,-164973,0,0,0,0,0,0,0
1748634354754,-18750000,-755134,-164977,-201629,0,0,0,0,0,0,0
1748634354854,-18750000,-769798,-201633,-183300,0,0,0,0,0,0,0
1748634354954,-18750000,-773463,-219963,-256616,0,0,0,0,0,0,0
1748634355054,-18750000,-780795,-311606,-256616,0,0,0,0,0,0,0
1748634355154,-18750000,-777130,-329932,-274946,0,0,0,0,0,0,0
1748634355254,-18750000,-795458,-311602,-256616,0,0,0,0,0,0,0
1748634355354,-18750000,-791792,-164973,-201630,0,0,0,0,0,0,0
1748634355454,-18750000,-806455,-146643,-219956,0,0,0,0,0,0,0
1748634355554,-18750000,-802789,-91661,-219956,0,0,0,0,0,0,0
1748634355654,-18750000,-813786,-73331,-164973,0,0,0,0,0,0,0
1748634355754,-18750000,-791792,-18348,-146643,0,0,0,0,0,0,0
1748634355854,-18750000,-795457,36633,-164973,0,0,0,0,0,0,0
1748634355954,-18750000,-784460,-36678,-109987,0,0,0,0,0,0,0
1748634356054,-18750000,-769797,18307,-146643,0,0,0,0,0,0,0
1748634356154,-18750000,-769797,54963,-109987,0,0,0,0,0,0,0
1748634356254,-18750000,-758800,128276,-109987,0,0,0,0,0,0,0
1748634356354,-18750000,-758800,54963,-128317,0,0,0,0,0,0,0
1748634356454,-18750000,-758800,54963,-91661,0,0,0,0,0,0,0
1748634356554,-18750000,-758800,18307,-36678,0,0,0,0,0,0,0
1748634356654,-18750000,-758800,91620,-91661,0,0,0,0,0,0,0
1748634356754,-18750000,-766131,73293,-128321,0,0,0,0,0,0,0
1748634356854,-18750000,-758800,-18,-91664,0,0,0,0,0,0,0
1748634356954,-18750000,-740471,73293,-73335,0,0,0,0,0,0,0
1748634357054,-18750000,-747803,73293,-22,0,0,0,0,0,0,0
1748634357154,-18750000,-762465,36637,-18348,0,0,0,0,0,0,0
1748634357254,-18750000,-777128,-73335,-22,0,0,0,0,0,0,0
1748634357354,-18750000,-769797,-109995,-22,0,0,0,0,0,0,0
1748634357454,-18750000,-758800,-55008,-36678,0,0,0,0,0,0,0
1748634357554,-18750000,-762466,-36678,-91661,0,0,0,0,0,0,0
1748634357654,-18750000,-747803,-55005,-91661,0,0,0,0,0,0,0
1748634357754,-18750000,-758800,-73335,-18345,0,0,0,0,0,0,0
1748634357854,-18750000,-744137,-91665,-73327,0,0,0,0,0,0,0
1748634357954,-18750000,-747802,-55008,-55001,0,0,0,0,0,0,0
1748634358054,-18750000,-740471,-36678,-91657,0,0,0,0,0,0,0
1748634358154,-18750000,-744137,-55008,-128317,0,0,0,0,0,0,0
1748634358254,-18750000,-733140,-36678,-183303,0,0,0,0,0,0,0
1748634358354,-18750000,-744137,128279,-183303,0,0,0,0,0,0,0
1748634358454,-18750000,-762466,91619,-164977,0,0,0,0,0,0,0
1748634358554,-18750000,-740471,91619,-109994,0,0,0,0,0,0,0
1748634358654,-18750000,-747803,54963,-91668,0,0,0,0,0,0,0
1748634358754,-18750000,-722143,54963,-73342,0,0,0,0,0,0,0
1748634358854,-18750000,-736805,128279,-29,0,0,0,0,0,0,0
1748634358954,-18750000,-747803,109953,-73342,0,0,0,0,0,0,0
1748634359054,-18750000,-740471,146609,-36686,0,0,0,0,0,0,0
1748634359154,-18750000,-736805,201596,36630,0,0,0,0,0,0,0
1748634359254,-18750000,-740471,201596,18303,0,0,0,0,0,0,0
1748634359354,-18750000,-744137,146609,18303,0,0,0,0,0,0,0
1748634359454,-18750000,-733140,109953,54960,0,0,0,0,0,0,0
1748634359554,-18750000,-747804,164940,54960,0,0,0,0,0,0,0
1748634359654,-18750000,-736807,183266,36633,0,0,0,0,0,0,0
1748634359754,-18750000,-755136,256582,-22,0,0,0,0,0,0,0
1748634359854,-18750000,-751470,311568,-91664,0,0,0,0,0,0,0
1748634359954,-18750000,-740472,311568,-109994,0,0,0,0,0,0,0
1748634360054,-18750000,-747803,201596,-109994,0,0,0,0,0,0,0
1748634360154,-18750000,-755135,201596,-164981,0,0,0,0,0,0,0
1748634360254,-18750000,-751469,201596,-146654,0,0,0,0,0,0,0
1748634360354,-18750000,-755134,36641,-109998,0,0,0,0,0,0,0
1748634360454,-18750000,-755134,-36671,-146654,0,0,0,0,0,0,0
1748634360554,-18750000,-751468,-73331,-183311,0,0,0,0,0,0,0
1748634360654,-18750000,-762464,-15,-183311,0,0,0,0,0,0,0
1748634360754,-18750000,-744136,-36675,-146654,0,0,0,0,0,0,0
1748634360854,-18750000,-747802,-146647,-109998,0,0,0,0,0,0,0
1748634360954,-18750000,-766130,-183303,-18356,0,0,0,0,0,0,0
1748634361054,-18750000,-769796,-201629,-73338,0,0,0,0,0,0,0
1748634361154,-18750000,-758799,-219959,36633,0,0,0,0,0,0,0
1748634361254,-18750000,-755133,-164973,128276,0,0,0,0,0,0,0
1748634361354,-18750000,-744136,-73331,91620,0,0,0,0,0,0,0
1748634361454,-18750000,-747802,36637,73293,0,0,0,0,0,0,0
1748634361554,-18750000,-751468,36637,54967,0,0,0,0,0,0,0
1748634361654,-18750000,-758800,-73335,18307,0,0,0,0,0,0,0
1748634361754,-18750000,-784460,-128317,18307,0,0,0,0,0,0,0
1748634361854,-18750000,-784460,-183303,-55004,0,0,0,0,0,0,0
1748634361954,-18750000,-773462,-128321,-36674,0,0,0,0,0,0,0
1748634362054,-18750000,-773462,-36678,-18348,0,0,0,0,0,0,0
1748634362154,-18750000,-773462,-91661,-73334,0,0,0,0,0,0,0
1748634362254,-18750000,-769797,-128317,-55004,0,0,0,0,0,0,0
1748634362354,-18750000,-762466,-128317,-55004,0,0,0,0,0,0,0
1748634362454,-18750000,-755135,-183300,-55004,0,0,0,0,0,0,0
1748634362554,-18750000,-758800,-219956,-91664,0,0,0,0,0,0,0
1748634362654,-18750000,-751468,-164970,-91664,0,0,0,0,0,0,0
1748634362754,-18750000,-729474,-91657,-109991,0,0,0,0,0,0,0
1748634362854,-18750000,-729474,36641,-36678,0,0,0,0,0,0,0
1748634362954,-18750000,-733140,-15,-109991,0,0,0,0,0,0,0
1748634363054,-18750000,-736805,73297,-146647,0,0,0,0,0,0,0
1748634363154,-18750000,-740471,146610,-201633,0,0,0,0,0,0,0
1748634363254,-18750000,-751469,109950,-238290,0,0,0,0,0,0,0
1748634363354,-18750000,-758800,128276,-256616,0,0,0,0,0,0,0
1748634363454,-18750000,-740471,201588,-256616,0,0,0,0,0,0,0
1748634363554,-18750000,-729474,201588,-219956,0,0,0,0,0,0,0
1748634363654,-18750000,-736806,293231,-164970,0,0,0,0,0,0,0
1748634363754,-18750000,-740471,293231,-201626,0,0,0,0,0,0,0
1748634363854,-18750000,-733140,256575,-183296,0,0,0,0,0,0,0
1748634363954,-18750000,-722143,238248,-201626,0,0,0,0,0,0,0
1748634364054,-18750000,-725809,164936,-238282,0,0,0,0,0,0,0
1748634364154,-18750000,-725809,91623,-164970,0,0,0,0,0,0,0
1748634364254,-18750000,-714812,109953,-201626,0,0,0,0,0,0,0
1748634364354,-18750000,-714812,54967,-146643,0,0,0,0,0,0,0
1748634364454,-18750000,-736805,-18,-146643,0,0,0,0,0,0,0
1748634364554,-18750000,-733140,18311,-146643,0,0,0,0,0,0,0
1748634364654,-18750000,-711146,-91661,-91657,0,0,0,0,0,0,0
1748634364754,-18750000,-714812,-73331,-55001,0,0,0,0,0,0,0
1748634364854,-18750000,-736805,-73331,-91657,0,0,0,0,0,0,0
1748634364954,-18750000,-744137,-128317,-18345,0,0,0,0,0,0,0
1748634365054,-18750000,-740471,-201633,18311,0,0,0,0,0,0,0
1748634365154,-18750000,-729473,-164977,18311,0,0,0,0,0,0,0
1748634365254,-18750000,-729473,-109991,-18,0,0,0,0,0,0,0
1748634365354,-18750000,-733139,-55004,18311,0,0,0,0,0,0,0
1748634365454,-18750000,-751468,-109991,91623,0,0,0,0,0,0,0
1748634365554,-18750000,-769796,-109991,128279,0,0,0,0,0,0,0
1748634365654,-18750000,-780794,-55005,73293,0,0,0,0,0,0,0
1748634365754,-18750000,-780794,-109991,91620,0,0,0,0,0,0,0
1748634365854,-18750000,-758800,-109991,146602,0,0,0,0,0,0,0
1748634365954,-18750000,-758800,-36678,73290,0,0,0,0,0,0,0
1748634366054,-18750000,-766132,73293,146602,0,0,0,0,0,0,0
1748634366154,-18750000,-780795,-36678,73290,0,0,0,0,0,0,0
1748634366254,-18750000,-777129,-18352,109946,0,0,0,0,0,0,0
1748634366354,-18750000,-769798,-55008,-26,0,0,0,0,0,0,0
1748634366454,-18750000,-755135,73293,-36682,0,0,0,0,0,0,0
1748634366554,-18750000,-733141,91620,-18356,0,0,0,0,0,0,0
1748634366654,-18750000,-722144,128276,-18356,0,0,0,0,0,0,0
1748634366754,-18750000,-722144,146602,-55012,0,0,0,0,0,0,0
1748634366854,-18750000,-740472,164932,-146654,0,0,0,0,0,0,0
1748634366954,-18750000,-755135,164932,-164984,0,0,0,0,0,0,0
1748634367054,-18750000,-740472,128276,-201641,0,0,0,0,0,0,0
1748634367154,-18750000,-744137,183262,-128328,0,0,0,0,0,0,0
1748634367254,-18750000,-747803,91619,-128328,0,0,0,0,0,0,0
1748634367354,-18750000,-758800,91619,-91668,0,0,0,0,0,0,0
1748634367454,-18750000,-758800,36633,-128324,0,0,0,0,0,0,0
1748634367554,-18750000,-766132,36633,-128324,0,0,0,0,0,0,0
1748634367654,-18750000,-780794,-73335,-128324,0,0,0,0,0,0,0
1748634367754,-18750000,-788126,-91661,-201637,0,0,0,0,0,0,0
1748634367854,-18750000,-780794,-91661,-109994,0,0,0,0,0,0,0
1748634367954,-18750000,-758800,-109987,-73334,0,0,0,0,0,0,0
1748634368054,-18750000,-773463,-201630,-36678,0,0,0,0,0,0,0
1748634368154,-18750000,-766132,-128317,-73334,0,0,0,0,0,0,0
1748634368254,-18750000,-762466,-73331,-73334,0,0,0,0,0,0,0
1748634368354,-18750000,-766131,-18345,-55008,0,0,0,0,0,0,0
1748634368454,-18750000,-755134,18311,-73338,0,0,0,0,0,0,0
1748634368554,-18750000,-755134,-36671,-146651,0,0,0,0,0,0,0
1748634368654,-18750000,-758800,-36671,-164977,0,0,0,0,0,0,0
1748634368754,-18750000,-766131,-18345,-128321,0,0,0,0,0,0,0
1748634368854,-18750000,-755134,-36674,-183303,0,0,0,0,0,0,0
1748634368954,-18750000,-755134,-55004,-183303,0,0,0,0,0,0,0
1748634369054,-18750000,-736805,36637,-219959,0,0,0,0,0,0,0
1748634369154,-18750000,-733139,-55005,-238286,0,0,0,0,0,0,0
1748634369254,-18750000,-744137,-128317,-293272,0,0,0,0,0,0,0
1748634369354,-18750000,-740471,-109991,-311598,0,0,0,0,0,0,0
1748634369454,-18750000,-751469,-164977,-293268,0,0,0,0,0,0,0
1748634369554,-18750000,-751469,-146651,-201626,0,0,0,0,0,0,0
1748634369654,-18750000,-747803,-91668,-164970,0,0,0,0,0,0,0
1748634369754,-18750000,-751469,-164981,-146640,0,0,0,0,0,0,0
1748634369854,-18750000,-755134,-109994,-183300,0,0,0,0,0,0,0
1748634369954,-18750000,-751469,-36682,-146643,0,0,0,0,0,0,0
1748634370054,-18750000,-766131,-91668,-201630,0,0,0,0,0,0,0
1748634370154,-18750000,-766131,-36682,-256616,0,0,0,0,0,0,0
1748634370254,-18750000,-769797,54960,-238286,0,0,0,0,0,0,0
1748634370354,-18750000,-755134,18303,-219960,0,0,0,0,0,0,0
1748634370454,-18750000,-766131,36633,-219960,0,0,0,0,0,0,0
1748634370554,-18750000,-769797,36633,-293272,0,0,0,0,0,0,0
1748634370654,-18750000,-766132,73293,-384914,0,0,0,0,0,0,0
1748634370754,-18750000,-747803,128280,-348258,0,0,0,0,0,0,0
1748634370854,-18750000,-751469,128280,-293272,0,0,0,0,0,0,0
1748634370954,-18750000,-769798,128280,-329928,0,0,0,0,0,0,0
1748634371054,-18750000,-758801,201592,-329928,0,0,0,0,0,0,0
1748634371154,-18750000,-762467,219922,-274942,0,0,0,0,0,0,0
1748634371254,-18750000,-769798,146606,-201629,0,0,0,0,0,0,0
1748634371354,-18750000,-762467,73293,-164973,0,0,0,0,0,0,0
1748634371454,-18750000,-740472,91620,-128317,0,0,0,0,0,0,0
1748634371554,-18750000,-729475,36633,-73335,0,0,0,0,0,0,0
1748634371654,-18750000,-747803,-26,-55008,0,0,0,0,0,0,0
1748634371754,-18750000,-769797,36630,-73338,0,0,0,0,0,0,0
1748634371854,-18750000,-773463,-73342,-73338,0,0,0,0,0,0,0
1748634371954,-18750000,-769797,-128325,-55012,0,0,0,0,0,0,0
1748634372054,-18750000,-762466,-164981,-26,0,0,0,0,0,0,0
1748634372154,-18750000,-758800,-219967,54956,0,0,0,0,0,0,0
1748634372254,-18750000,-755134,-164981,36630,0,0,0,0,0,0,0
1748634372354,-18750000,-758800,-55012,-55012,0,0,0,0,0,0,0
1748634372454,-18750000,-762466,-36682,-128328,0,0,0,0,0,0,0
1748634372554,-18750000,-784460,18303,-128328,0,0,0,0,0,0,0
1748634372654,-18750000,-780794,36633,-91668,0,0,0,0,0,0,0
1748634372754,-18750000,-755135,54963,-109994,0,0,0,0,0,0,0
1748634372854,-18750000,-751469,54963,-128321,0,0,0,0,0,0,0
1748634372954,-18750000,-758800,109946,-128321,0,0,0,0,0,0,0
1748634373054,-18750000,-788125,164932,-128321,0,0,0,0,0,0,0
1748634373154,-18750000,-799123,238245,-164977,0,0,0,0,0,0,0
1748634373254,-18750000,-780794,293231,-183307,0,0,0,0,0,0,0
1748634373354,-18750000,-784459,256575,-183307,0,0,0,0,0,0,0
1748634373454,-18750000,-780793,183262,-183307,0,0,0,0,0,0,0
1748634373554,-18750000,-766130,164936,-219963,0,0,0,0,0,0,0
1748634373654,-18750000,-751468,128280,-146651,0,0,0,0,0,0,0
1748634373754,-18750000,-766131,73293,-128324,0,0,0,0,0,0,0
1748634373854,-18750000,-762465,238252,-109998,0,0,0,0,0,0,0
1748634373954,-18750000,-736805,238252,-164984,0,0,0,0,0,0,0
1748634374054,-18750000,-718477,201596,-219971,0,0,0,0,0,0,0
1748634374154,-18750000,-700148,109953,-219971,0,0,0,0,0,0,0
1748634374254,-18750000,-714812,18311,-238297,0,0,0,0,0,0,0
1748634374354,-18750000,-725809,36641,-238297,0,0,0,0,0,0,0
1748634374454,-18750000,-718478,73297,-238297,0,0,0,0,0,0,0
1748634374554,-18750000,-703815,146609,-238297,0,0,0,0,0,0,0
1748634374654,-18750000,-696484,164936,-329939,0,0,0,0,0,0,0
1748634374754,-18750000,-703815,91619,-329939,0,0,0,0,0,0,0
1748634374854,-18750000,-718478,-55008,-403252,0,0,0,0,0,0,0
1748634374954,-18750000,-736807,-128321,-366592,0,0,0,0,0,0,0
1748634375054,-18750000,-747804,-109995,-348262,0,0,0,0,0,0,0
1748634375154,-18750000,-758801,-22,-348262,0,0,0,0,0,0,0
1748634375254,-18750000,-762467,18307,-293279,0,0,0,0,0,0,0
1748634375354,-18750000,-755135,-55008,-201637,0,0,0,0,0,0,0
1748634375454,-18750000,-777130,-91665,-201637,0,0,0,0,0,0,0
1748634375554,-18750000,-802790,-128321,-238293,0,0,0,0,0,0,0
1748634375654,-18750000,-802790,-146647,-219963,0,0,0,0,0,0,0
1748634375754,-18750000,-780795,-36675,-201633,0,0,0,0,0,0,0
1748634375854,-18750000,-766132,-55005,-109991,0,0,0,0,0,0,0
1748634375954,-18750000,-766132,-73335,-109991,0,0,0,0,0,0,0
1748634376054,-18750000,-766132,-18348,-73335,0,0,0,0,0,0,0
1748634376154,-18750000,-769798,-91661,-91661,0,0,0,0,0,0,0
1748634376254,-18750000,-747804,-18348,-146643,0,0,0,0,0,0,0
1748634376354,-18750000,-740473,54967,-219956,0,0,0,0,0,0,0
1748634376454,-18750000,-733141,36637,-219956,0,0,0,0,0,0,0
1748634376554,-18750000,-707481,54963,-219956,0,0,0,0,0,0,0
1748634376654,-18750000,-722144,54963,-219956,0,0,0,0,0,0,0
1748634376754,-18750000,-718479,36633,-201630,0,0,0,0,0,0,0
1748634376854,-18750000,-725811,36633,-238286,0,0,0,0,0,0,0
1748634376954,-18750000,-736808,128276,-219959,0,0,0,0,0,0,0
1748634377054,-18750000,-747804,18307,-201630,0,0,0,0,0,0,0
1748634377154,-18750000,-747804,18307,-183303,0,0,0,0,0,0,0
1748634377254,-18750000,-751469,-55005,-164977,0,0,0,0,0,0,0
1748634377354,-18750000,-762466,-109991,-183307,0,0,0,0,0,0,0
1748634377454,-18750000,-769798,-146647,-183307,0,0,0,0,0,0,0
1748634377554,-18750000,-784460,-164973,-146651,0,0,0,0,0,0,0
1748634377654,-18750000,-780794,-109987,-109994,0,0,0,0,0,0,0
1748634377754,-18750000,-788126,-146643,-201637,0,0,0,0,0,0,0
1748634377854,-18750000,-788126,-55001,-146654,0,0,0,0,0,0,0
1748634377954,-18750000,-788126,-36671,-146654,0,0,0,0,0,0,0
1748634378054,-18750000,-747803,-15,-201641,0,0,0,0,0,0,0
1748634378154,-18750000,-725809,73297,-201641,0,0,0,0,0,0,0
1748634378254,-18750000,-725809,54967,-256627,0,0,0,0,0,0,0
1748634378354,-18750000,-725809,54967,-219967,0,0,0,0,0,0,0
1748634378454,-18750000,-718477,164936,-183307,0,0,0,0,0,0,0
1748634378554,-18750000,-722143,109950,-146651,0,0,0,0,0,0,0
1748634378654,-18750000,-725809,-36678,-146651,0,0,0,0,0,0,0
1748634378754,-18750000,-729474,-55005,-128321,0,0,0,0,0,0,0
1748634378854,-18750000,-725808,-109987,-109991,0,0,0,0,0,0,0
1748634378954,-18750000,-714811,-128317,-109991,0,0,0,0,0,0,0
1748634379054,-18750000,-740471,-128317,-128321,0,0,0,0,0,0,0
1748634379154,-18750000,-747802,-238290,-183307,0,0,0,0,0,0,0
1748634379254,-18750000,-766130,-201633,-146647,0,0,0,0,0,0,0
1748634379354,-18750000,-773462,-91661,-164977,0,0,0,0,0,0,0
1748634379454,-18750000,-773462,-183303,-146651,0,0,0,0,0,0,0
1748634379554,-18750000,-769796,-109991,-128321,0,0,0,0,0,0,0
1748634379654,-18750000,-766130,18307,-201637,0,0,0,0,0,0,0
1748634379754,-18750000,-766130,36633,-128324,0,0,0,0,0,0,0
1748634379854,-18750000,-766130,91616,-146654,0,0,0,0,0,0,0
1748634379954,-18750000,-755133,91616,-146654,0,0,0,0,0,0,0
1748634380054,-18750000,-747802,73286,-55012,0,0,0,0,0,0,0
1748634380154,-18750000,-758799,146602,-36682,0,0,0,0,0,0,0
1748634380254,-18750000,-755134,128276,18300,0,0,0,0,0,0,0
1748634380354,-18750000,-740471,54960,36630,0,0,0,0,0,0,0
1748634380454,-18750000,-744137,219918,-18356,0,0,0,0,0,0,0
1748634380554,-18750000,-755134,146606,-109998,0,0,0,0,0,0,0
1748634380654,-18750000,-747803,91620,-73338,0,0,0,0,0,0,0
1748634380754,-18750000,-736806,73293,-109994,0,0,0,0,0,0,0
1748634380854,-18750000,-740472,73293,-109994,0,0,0,0,0,0,0
1748634380954,-18750000,-758801,73293,-73338,0,0,0,0,0,0,0
1748634381054,-18750000,-777129,73293,-128321,0,0,0,0,0,0,0
1748634381154,-18750000,-784460,109950,-109991,0,0,0,0,0,0,0
1748634381254,-18750000,-769797,146606,-109991,0,0,0,0,0,0,0
1748634381354,-18750000,-762466,146606,-109991,0,0,0,0,0,0,0
1748634381454,-18750000,-762466,73290,-18348,0,0,0,0,0,0,0
1748634381554,-18750000,-769797,36633,36637,0,0,0,0,0,0,0
1748634381654,-18750000,-769797,54963,91620,0,0,0,0,0,0,0
1748634381754,-18750000,-773462,146606,91620,0,0,0,0,0,0,0
1748634381854,-18750000,-762465,128280,-22,0,0,0,0,0,0,0
1748634381954,-18750000,-762465,18311,-22,0,0,0,0,0,0,0
1748634382054,-18750000,-762465,36641,-22,0,0,0,0,0,0,0
1748634382154,-18750000,-751468,-15,54960,0,0,0,0,0,0,0
1748634382254,-18750000,-758799,36641,-18352,0,0,0,0,0,0,0
1748634382354,-18750000,-747802,18314,-36682,0,0,0,0,0,0,0
1748634382454,-18750000,-733139,-18341,-73338,0,0,0,0,0,0,0
1748634382554,-18750000,-714811,91627,-109994,0,0,0,0,0,0,0
1748634382654,-18750000,-729474,91627,-183307,0,0,0,0,0,0,0
1748634382754,-18750000,-755134,54967,-183307,0,0,0,0,0,0,0
1748634382854,-18750000,-755134,54967,-201633,0,0,0,0,0,0,0
1748634382954,-18750000,-736805,109953,-238289,0,0,0,0,0,0,0
1748634383054,-18750000,-718477,73297,-219963,0,0,0,0,0,0,0
1748634383154,-18750000,-736805,18311,-256619,0,0,0,0,0,0,0
1748634383254,-18750000,-736805,-36675,-201633,0,0,0,0,0,0,0
1748634383354,-18750000,-766131,-55005,-146647,0,0,0,0,0,0,0
1748634383454,-18750000,-777128,-55005,-201633,0,0,0,0,0,0,0
1748634383554,-18750000,-795456,-73331,-219963,0,0,0,0,0,0,0
1748634383654,-18750000,-769796,-36675,-183307,0,0,0,0,0,0,0
1748634383754,-18750000,-777128,-91657,-164977,0,0,0,0,0,0,0
1748634383854,-18750000,-777128,-36671,-91664,0,0,0,0,0,0,0
1748634383954,-18750000,-788126,18311,-55008,0,0,0,0,0,0,0
1748634384054,-18750000,-795457,73293,-91665,0,0,0,0,0,0,0
1748634384154,-18750000,-769797,109950,-109991,0,0,0,0,0,0,0
1748634384254,-18750000,-762466,54963,-91665,0,0,0,0,0,0,0
1748634384354,-18750000,-758800,128276,-183307,0,0,0,0,0,0,0
1748634384454,-18750000,-751469,164932,-109991,0,0,0,0,0,0,0
1748634384554,-18750000,-725809,128276,-91661,0,0,0,0,0,0,0
1748634384654,-18750000,-747803,146606,-55005,0,0,0,0,0,0,0
1748634384754,-18750000,-722142,164932,-109991,0,0,0,0,0,0,0
1748634384854,-18750000,-729473,128272,-146647,0,0,0,0,0,0,0
1748634384954,-18750000,-733139,91616,-164973,0,0,0,0,0,0,0
1748634385054,-18750000,-718477,36633,-146643,0,0,0,0,0,0,0
1748634385154,-18750000,-733140,54963,-146643,0,0,0,0,0,0,0
1748634385254,-18750000,-758800,128280,-201626,0,0,0,0,0,0,0
1748634385354,-18750000,-747803,73297,-146640,0,0,0,0,0,0,0
1748634385454,-18750000,-740472,-15,-183296,0,0,0,0,0,0,0
1748634385554,-18750000,-744138,-55001,-219956,0,0,0,0,0,0,0
1748634385654,-18750000,-747804,-164973,-274938,0,0,0,0,0,0,0
1748634385754,-18750000,-740473,-183300,-238282,0,0,0,0,0,0,0
1748634385854,-18750000,-744139,-219956,-201626,0,0,0,0,0,0,0
1748634385954,-18750000,-747804,-219956,-274942,0,0,0,0,0,0,0
1748634386054,-18750000,-740473,-146643,-274942,0,0,0,0,0,0,0
1748634386154,-18750000,-725810,-146643,-256616,0,0,0,0,0,0,0
1748634386254,-18750000,-711147,-146643,-201633,0,0,0,0,0,0,0
1748634386354,-18750000,-725810,-146643,-238293,0,0,0,0,0,0,0
1748634386454,-18750000,-747804,-128313,-293279,0,0,0,0,0,0,0
1748634386554,-18750000,-769798,-55001,-256619,0,0,0,0,0,0,0
1748634386654,-18750000,-769798,-55001,-219963,0,0,0,0,0,0,0
1748634386754,-18750000,-791792,-91661,-183307,0,0,0,0,0,0,0
1748634386854,-18750000,-777129,-55005,-238293,0,0,0,0,0,0,0
1748634386954,-18750000,-777129,-146647,-146651,0,0,0,0,0,0,0
1748634387054,-18750000,-802789,-201633,-183311,0,0,0,0,0,0,0
1748634387154,-18750000,-817452,-238289,-183311,0,0,0,0,0,0,0
1748634387254,-18750000,-832115,-164977,-274953,0,0,0,0,0,0,0
1748634387354,-18750000,-846777,-128321,-201637,0,0,0,0,0,0,0
1748634387454,-18750000,-846777,-73338,-146651,0,0,0,0,0,0,0
1748634387554,-18750000,-828449,-18352,-91668,0,0,0,0,0,0,0
1748634387654,-18750000,-824783,128276,-73342,0,0,0,0,0,0,0
1748634387754,-18750000,-828448,164936,-128325,0,0,0,0,0,0,0
1748634387854,-18750000,-846776,128280,-73338,0,0,0,0,0,0,0
1748634387954,-18750000,-832114,146610,-164981,0,0,0,0,0,0,0
1748634388054,-18750000,-832114,201596,-128321,0,0,0,0,0,0,0
1748634388154,-18750000,-824782,256578,-164977,0,0,0,0,0,0,0
1748634388254,-18750000,-817451,201592,-183303,0,0,0,0,0,0,0
1748634388354,-18750000,-799122,201592,-238289,0,0,0,0,0,0,0
1748634388454,-18750000,-795456,109950,-164977,0,0,0,0,0,0,0
1748634388554,-18750000,-791791,91620,-219959,0,0,0,0,0,0,0
1748634388654,-18750000,-799122,-55008,-274942,0,0,0,0,0,0,0
1748634388754,-18750000,-784460,18303,-219959,0,0,0,0,0,0,0
1748634388854,-18750000,-780794,-22,-238286,0,0,0,0,0,0,0
1748634388954,-18750000,-777128,73290,-201626,0,0,0,0,0,0,0
1748634389054,-18750000,-780794,18303,-238286,0,0,0,0,0,0,0
1748634389154,-18750000,-795457,-22,-219956,0,0,0,0,0,0,0
1748634389254,-18750000,-788126,-128321,-128313,0,0,0,0,0,0,0
1748634389354,-18750000,-780794,-219963,-109983,0,0,0,0,0,0,0
1748634389454,-18750000,-773463,-164977,-183296,0,0,0,0,0,0,0
1748634389554,-18750000,-788125,-219959,-128313,0,0,0,0,0,0,0
1748634389654,-18750000,-766132,-201629,-73331,0,0,0,0,0,0,0
1748634389754,-18750000,-755134,-201629,-128313,0,0,0,0,0,0,0
1748634389854,-18750000,-758800,-183303,-183300,0,0,0,0,0,0,0
1748634389954,-18750000,-769797,-146647,-183300,0,0,0,0,0,0,0
1748634390054,-18750000,-758800,-109991,-146640,0,0,0,0,0,0,0
1748634390154,-18750000,-762465,-146647,-146640,0,0,0,0,0,0,0
1748634390254,-18750000,-769796,-73331,-219956,0,0,0,0,0,0,0
1748634390354,-18750000,-766131,18311,-219956,0,0,0,0,0,0,0
1748634390454,-18750000,-777128,36641,-164973,0,0,0,0,0,0,0
1748634390554,-18750000,-758800,-36675,-238286,0,0,0,0,0,0,0
1748634390654,-18750000,-769796,-18,-256612,0,0,0,0,0,0,0
1748634390754,-18750000,-795456,-18348,-293272,0,0,0,0,0,0,0
1748634390854,-18750000,-769796,36637,-219960,0,0,0,0,0,0,0
1748634390954,-18750000,-762465,18311,-256620,0,0,0,0,0,0,0
1748634391054,-18750000,-755134,-55001,-201637,0,0,0,0,0,0,0
1748634391154,-18750000,-733140,-55001,-146655,0,0,0,0,0,0,0
1748634391254,-18750000,-722143,-55001,-109995,0,0,0,0,0,0,0
1748634391354,-18750000,-722143,-36675,-128325,0,0,0,0,0,0,0
1748634391454,-18750000,-707480,-73331,-128325,0,0,0,0,0,0,0
1748634391554,-18750000,-714811,18311,-164981,0,0,0,0,0,0,0
1748634391654,-18750000,-722143,-18,-238297,0,0,0,0,0,0,0
1748634391754,-18750000,-711146,-18345,-183311,0,0,0,0,0,0,0
1748634391854,-18750000,-729475,-73331,-219967,0,0,0,0,0,0,0
1748634391954,-18750000,-744137,-55004,-183307,0,0,0,0,0,0,0
1748634392054,-18750000,-755135,-55004,-219963,0,0,0,0,0,0,0
1748634392154,-18750000,-758800,-18348,-274946,0,0,0,0,0,0,0
1748634392254,-18750000,-744137,36633,-293276,0,0,0,0,0,0,0
1748634392354,-18750000,-755134,54963,-274946,0,0,0,0,0,0,0
1748634392454,-18750000,-755134,36633,-311602,0,0,0,0,0,0,0
1748634392554,-18750000,-751469,91620,-293276,0,0,0,0,0,0,0
1748634392654,-18750000,-733140,109949,-293276,0,0,0,0,0,0,0
1748634392754,-18750000,-725808,128276,-348262,0,0,0,0,0,0,0
1748634392854,-18750000,-729474,128276,-293276,0,0,0,0,0,0,0
1748634392954,-18750000,-722143,128276,-274949,0,0,0,0,0,0,0
1748634393054,-18750000,-722143,146606,-329936,0,0,0,0,0,0,0
1748634393154,-18750000,-725809,201592,-274953,0,0,0,0,0,0,0
1748634393254,-18750000,-751469,201592,-238297,0,0,0,0,0,0,0
1748634393354,-18750000,-718478,164936,-238297,0,0,0,0,0,0,0
1748634393454,-18750000,-736806,91623,-238297,0,0,0,0,0,0,0
1748634393554,-18750000,-703815,109953,-183311,0,0,0,0,0,0,0
1748634393654,-18750000,-718478,36637,-128324,0,0,0,0,0,0,0
1748634393754,-18750000,-736806,-18,-128324,0,0,0,0,0,0,0
1748634393854,-18750000,-729474,54967,-128324,0,0,0,0,0,0,0
1748634393954,-18750000,-733140,54967,-183311,0,0,0,0,0,0,0
1748634394054,-18750000,-733140,73293,-146651,0,0,0,0,0,0,0
1748634394154,-18750000,-733140,54963,-183307,0,0,0,0,0,0,0
1748634394254,-18750000,-729475,18307,-183307,0,0,0,0,0,0,0
1748634394354,-18750000,-769798,18307,-201637,0,0,0,0,0,0,0
1748634394454,-18750000,-762467,164932,-238293,0,0,0,0,0,0,0
1748634394554,-18750000,-802789,73290,-219963,0,0,0,0,0,0,0
1748634394654,-18750000,-784461,109950,-256620,0,0,0,0,0,0,0
1748634394754,-18750000,-758801,219922,-219960,0,0,0,0,0,0,0
1748634394854,-18750000,-762467,164936,-256616,0,0,0,0,0,0,0
1748634394954,-18750000,-751469,219922,-256616,0,0,0,0,0,0,0
1748634395054,-18750000,-744138,238252,-256616,0,0,0,0,0,0,0
1748634395154,-18750000,-744138,109953,-293272,0,0,0,0,0,0,0
1748634395254,-18750000,-733141,91627,-293272,0,0,0,0,0,0,0
1748634395354,-18750000,-725809,146613,-311602,0,0,0,0,0,0,0
1748634395454,-18750000,-714812,128287,-274946,0,0,0,0,0,0,0
1748634395554,-18750000,-711146,128287,-311602,0,0,0,0,0,0,0
1748634395654,-18750000,-733140,164943,-201629,0,0,0,0,0,0,0
1748634395754,-18750000,-747803,-18341,-238289,0,0,0,0,0,0,0
1748634395854,-18750000,-740472,-36667,-219963,0,0,0,0,0,0,0
1748634395954,-18750000,-744137,-91653,-238289,0,0,0,0,0,0,0
1748634396054,-18750000,-762466,-73327,-274949,0,0,0,0,0,0,0
1748634396154,-18750000,-758800,-55001,-238293,0,0,0,0,0,0,0
1748634396254,-18750000,-762465,-73331,-219963,0,0,0,0,0,0,0
1748634396354,-18750000,-766131,-164973,-128321,0,0,0,0,0,0,0
1748634396454,-18750000,-780794,-201630,-128321,0,0,0,0,0,0,0
1748634396554,-18750000,-780794,-164973,-164981,0,0,0,0,0,0,0
1748634396654,-18750000,-773462,-146647,-238297,0,0,0,0,0,0,0
1748634396754,-18750000,-777128,-91661,-146654,0,0,0,0,0,0,0
1748634396854,-18750000,-777128,-55005,-128324,0,0,0,0,0,0,0
1748634396954,-18750000,-777128,-146647,-18356,0,0,0,0,0,0,0
1748634397054,-18750000,-762464,-183303,73286,0,0,0,0,0,0,0
1748634397154,-18750000,-766130,-164973,109942,0,0,0,0,0,0,0
1748634397254,-18750000,-758799,-91661,73286,0,0,0,0,0,0,0
1748634397354,-18750000,-744137,-73335,54960,0,0,0,0,0,0,0
1748634397454,-18750000,-740471,-73335,91616,0,0,0,0,0,0,0
1748634397554,-18750000,-766131,-55008,73290,0,0,0,0,0,0,0
1748634397654,-18750000,-769797,-128321,36633,0,0,0,0,0,0,0
1748634397754,-18750000,-762466,-91665,-18348,0,0,0,0,0,0,0
1748634397854,-18750000,-777128,-164981,-18348,0,0,0,0,0,0,0
1748634397954,-18750000,-780794,-109994,-55005,0,0,0,0,0,0,0
1748634398054,-18750000,-777129,-91665,-91661,0,0,0,0,0,0,0
1748634398154,-18750000,-780795,-36678,-128317,0,0,0,0,0,0,0
1748634398254,-18750000,-799124,-109991,-146647,0,0,0,0,0,0,0
1748634398354,-18750000,-813786,-128317,-183303,0,0,0,0,0,0,0
1748634398454,-18750000,-810120,-109991,-274946,0,0,0,0,0,0,0
1748634398554,-18750000,-791792,-146647,-201633,0,0,0,0,0,0,0
1748634398654,-18750000,-788126,-91661,-183303,0,0,0,0,0,0,0
1748634398754,-18750000,-788126,-91661,-183303,0,0,0,0,0,0,0
1748634398854,-18750000,-791792,-18345,-238289,0,0,0,0,0,0,0
1748634398954,-18750000,-799123,36641,-274946,0,0,0,0,0,0,0
1748634399054,-18750000,-821117,-15,-274946,0,0,0,0,0,0,0
1748634399154,-18750000,-821117,-15,-274946,0,0,0,0,0,0,0
1748634399254,-18750000,-821117,91627,-293276,0,0,0,0,0,0,0
1748634399354,-18750000,-806454,146609,-311606,0,0,0,0,0,0,0
1748634399454,-18750000,-806454,128283,-238289,0,0,0,0,0,0,0
1748634399554,-18750000,-784460,91627,-219960,0,0,0,0,0,0,0
1748634399654,-18750000,-788126,18311,-164977,0,0,0,0,0,0,0
1748634399754,-18750000,-788126,18311,-164977,0,0,0,0,0,0,0
1748634399854,-18750000,-751469,-73331,-73335,0,0,0,0,0,0,0
1748634399954,-18750000,-751469,-73331,-55005,0,0,0,0,0,0,0
1748634400054,-18750000,-744137,54967,-55005,0,0,0,0,0,0,0
1748634400154,-18750000,-744137,-36675,-55005,0,0,0,0,0,0,0
1748634400254,-18750000,-744137,-164973,36637,0,0,0,0,0,0,0
1748634400354,-18750000,-747803,-219956,128280,0,0,0,0,0,0,0
1748634400454,-18750000,-740471,-219956,73293,0,0,0,0,0,0,0
1748634400554,-18750000,-755134,-219959,18307,0,0,0,0,0,0,0
1748634400654,-18750000,-755134,-219959,18307,0,0,0,0,0,0,0
1748634400754,-18750000,-755134,-238289,54963,0,0,0,0,0,0,0
1748634400854,-18750000,-758799,-219963,-55008,0,0,0,0,0,0,0
1748634400954,-18750000,-777128,-219963,-26,0,0,0,0,0,0,0
1748634401054,-18750000,-766130,-476561,-26,0,0,0,0,0,0,0
1748634401154,-18750000,-744137,-476561,-26,0,0,0,0,0,0,0
1748634401254,-18750000,-733139,-274946,-91668,0,0,0,0,0,0,0
1748634401354,-18750000,-733139,-274946,-146654,0,0,0,0,0,0,0
1748634401454,-18750000,-744137,-256619,-73342,0,0,0,0,0,0,0
1748634401554,-18750000,-755134,-348262,-55012,0,0,0,0,0,0,0
1748634401654,-18750000,-747802,-293276,-55012,0,0,0,0,0,0,0
1748634401754,-18750000,-744136,-183303,-109994,0,0,0,0,0,0,0
1748634401854,-18750000,-751468,-183303,-109994,0,0,0,0,0,0,0
1748634401954,-18750000,-744137,-55001,-73334,0,0,0,0,0,0,0
1748634402054,-18750000,-762466,54967,-73334,0,0,0,0,0,0,0
1748634402154,-18750000,-773463,91623,-73334,0,0,0,0,0,0,0
1748634402254,-18750000,-788125,109950,-18348,0,0,0,0,0,0,0
1748634402354,-18750000,-806454,73290,-18348,0,0,0,0,0,0,0
1748634402454,-18750000,-777128,73290,36637,0,0,0,0,0,0,0
1748634402554,-18750000,-755135,146606,36637,0,0,0,0,0,0,0
1748634402654,-18750000,-784460,54963,36637,0,0,0,0,0,0,0
1748634402754,-18750000,-795458,36637,36637,0,0,0,0,0,0,0
1748634402854,-18750000,-788126,18307,-55004,0,0,0,0,0,0,0
1748634402954,-18750000,-810119,-18352,-109991,0,0,0,0,0,0,0
1748634403054,-18750000,-806454,-73334,-183307,0,0,0,0,0,0,0
1748634403154,-18750000,-821117,-128321,-183307,0,0,0,0,0,0,0
1748634403254,-18750000,-821117,-183307,-238293,0,0,0,0,0,0,0
1748634403354,-18750000,-817451,-183307,-256619,0,0,0,0,0,0,0
1748634403454,-18750000,-835780,-128321,-329932,0,0,0,0,0,0,0
1748634403554,-18750000,-850442,-128321,-366588,0,0,0,0,0,0,0
1748634403654,-18750000,-824783,-22,-311606,0,0,0,0,0,0,0
1748634403754,-18750000,-806454,-18352,-274949,0,0,0,0,0,0,0
1748634403854,-18750000,-795458,-73338,-146651,0,0,0,0,0,0,0
1748634403954,-18750000,-791792,-73338,-146651,0,0,0,0,0,0,0
1748634404054,-18750000,-791792,-55012,-73335,0,0,0,0,0,0,0
1748634404154,-18750000,-762467,18300,-55005,0,0,0,0,0,0,0
1748634404254,-18750000,-755135,109942,18311,0,0,0,0,0,0,0
1748634404354,-18750000,-758801,73286,36637,0,0,0,0,0,0,0
1748634404454,-18750000,-747803,73286,-22,0,0,0,0,0,0,0
1748634404554,-18750000,-751469,-18356,-55008,0,0,0,0,0,0,0
1748634404654,-18750000,-758801,-55012,-109991,0,0,0,0,0,0,0
1748634404754,-18750000,-777129,-36682,-128321,0,0,0,0,0,0,0
1748634404854,-18750000,-784460,18303,-201633,0,0,0,0,0,0,0
1748634404954,-18750000,-773463,18303,-201633,0,0,0,0,0,0,0
1748634405054,-18750000,-751469,18303,-238290,0,0,0,0,0,0,0
1748634405154,-18750000,-755135,-73338,-219963,0,0,0,0,0,0,0
1748634405254,-18750000,-751469,-109994,-256619,0,0,0,0,0,0,0
1748634405354,-18750000,-747803,-55008,-274946,0,0,0,0,0,0,0
1748634405454,-18750000,-766132,-109994,-238286,0,0,0,0,0,0,0
1748634405554,-18750000,-773463,-18352,-183299,0,0,0,0,0,0,0
1748634405654,-18750000,-788126,-55008,-201629,0,0,0,0,0,0,0
1748634405754,-18750000,-780794,-55008,-164973,0,0,0,0,0,0,0
1748634405854,-18750000,-777128,-22,-183303,0,0,0,0,0,0,0
1748634405954,-18750000,-758800,-36678,-109987,0,0,0,0,0,0,0
1748634406054,-18750000,-762466,-73334,-91661,0,0,0,0,0,0,0
1748634406154,-18750000,-769797,18307,-128317,0,0,0,0,0,0,0
1748634406254,-18750000,-762466,54963,-73334,0,0,0,0,0,0,0
1748634406354,-18750000,-766131,36633,-55008,0,0,0,0,0,0,0
1748634406454,-18750000,-755134,54963,-73338,0,0,0,0,0,0,0
1748634406554,-18750000,-751468,18303,-73338,0,0,0,0,0,0,0
1748634406654,-18750000,-711146,164932,-36682,0,0,0,0,0,0,0
1748634406754,-18750000,-703814,128276,-91664,0,0,0,0,0,0,0
1748634406854,-18750000,-711146,183262,-18352,0,0,0,0,0,0,0
1748634406954,-18750000,-718477,219918,-55008,0,0,0,0,0,0,0
1748634407054,-18750000,-740470,274904,-73334,0,0,0,0,0,0,0
1748634407154,-18750000,-729473,219922,-73334,0,0,0,0,0,0,0
1748634407254,-18750000,-747802,219922,-109991,0,0,0,0,0,0,0
1748634407354,-18750000,-736804,146609,-91661,0,0,0,0,0,0,0
1748634407454,-18750000,-747802,91623,-55004,0,0,0,0,0,0,0
1748634407554,-18750000,-740470,109953,-36674,0,0,0,0,0,0,0
1748634407654,-18750000,-747802,-18345,-18,0,0,0,0,0,0,0
1748634407754,-18750000,-769796,36637,36637,0,0,0,0,0,0,0
1748634407854,-18750000,-795456,-18,18311,0,0,0,0,0,0,0
1748634407954,-18750000,-817451,-18,36637,0,0,0,0,0,0,0
1748634408054,-18750000,-806453,-18,-22,0,0,0,0,0,0,0
1748634408154,-18750000,-832113,73293,36633,0,0,0,0,0,0,0
1748634408254,-18750000,-832113,91623,18307,0,0,0,0,0,0,0
1748634408354,-18750000,-828448,54967,-36678,0,0,0,0,0,0,0
1748634408454,-18750000,-828448,128280,18307,0,0,0,0,0,0,0
1748634408554,-18750000,-843110,146610,-36678,0,0,0,0,0,0,0
1748634408654,-18750000,-861439,164936,-146647,0,0,0,0,0,0,0
1748634408754,-18750000,-843110,183266,-128321,0,0,0,0,0,0,0
1748634408854,-18750000,-828447,73293,-164977,0,0,0,0,0,0,0
1748634408954,-18750000,-817450,36637,-128321,0,0,0,0,0,0,0
1748634409054,-18750000,-821116,-18,-36678,0,0,0,0,0,0,0
1748634409154,-18750000,-810119,-18,-91661,0,0,0,0,0,0,0
1748634409254,-18750000,-817451,-18348,-36678,0,0,0,0,0,0,0
1748634409354,-18750000,-821116,109950,36633,0,0,0,0,0,0,0
1748634409454,-18750000,-802787,128280,-73338,0,0,0,0,0,0,0
1748634409554,-18750000,-791791,183262,-26,0,0,0,0,0,0,0
1748634409654,-18750000,-791791,238248,54960,0,0,0,0,0,0,0
1748634409754,-18750000,-802788,128276,18303,0,0,0,0,0,0,0
1748634409854,-18750000,-784460,128276,18303,0,0,0,0,0,0,0
1748634409954,-18750000,-773462,146606,-36678,0,0,0,0,0,0,0
1748634410054,-18750000,-769796,238248,-91661,0,0,0,0,0,0,0
1748634410154,-18750000,-777128,183262,-73334,0,0,0,0,0,0,0
1748634410254,-18750000,-751468,128280,-146647,0,0,0,0,0,0,0
1748634410354,-18750000,-755134,109950,-164973,0,0,0,0,0,0,0
1748634410454,-18750000,-766131,54963,-73331,0,0,0,0,0,0,0
1748634410554,-18750000,-766131,18307,-91657,0,0,0,0,0,0,0
1748634410654,-18750000,-766131,-18348,-91657,0,0,0,0,0,0,0
1748634410754,-18750000,-747803,91623,-109983,0,0,0,0,0,0,0
1748634410854,-18750000,-780794,128280,-55001,0,0,0,0,0,0,0
1748634410954,-18750000,-795458,73293,-91661,0,0,0,0,0,0,0
1748634411054,-18750000,-813786,-36678,-36678,0,0,0,0,0,0,0
1748634411154,-18750000,-788126,18307,-22,0,0,0,0,0,0,0
1748634411254,-18750000,-802790,54963,36633,0,0,0,0,0,0,0
1748634411354,-18750000,-802790,128280,-22,0,0,0,0,0,0,0
1748634411454,-18750000,-810121,146609,-55005,0,0,0,0,0,0,0
1748634411554,-18750000,-817452,146609,-128321,0,0,0,0,0,0,0
1748634411654,-18750000,-821118,164936,-109994,0,0,0,0,0,0,0
1748634411754,-18750000,-843113,54963,-91668,0,0,0,0,0,0,0
1748634411854,-18750000,-824784,91619,-128324,0,0,0,0,0,0,0
1748634411954,-18750000,-828449,183262,-91664,0,0,0,0,0,0,0
1748634412054,-18750000,-806456,238248,-128321,0,0,0,0,0,0,0
1748634412154,-18750000,-806456,146606,-219963,0,0,0,0,0,0,0
1748634412254,-18750000,-817452,73289,-219963,0,0,0,0,0,0,0
1748634412354,-18750000,-817452,18303,-164981,0,0,0,0,0,0,0
1748634412454,-18750000,-791792,18303,-91668,0,0,0,0,0,0,0
1748634412554,-18750000,-784461,36633,-91668,0,0,0,0,0,0,0
1748634412654,-18750000,-788126,-22,-91668,0,0,0,0,0,0,0
1748634412754,-18750000,-784460,54963,-109994,0,0,0,0,0,0,0
1748634412854,-18750000,-777128,36637,-164981,0,0,0,0,0,0,0
1748634412954,-18750000,-777128,-55005,-109998,0,0,0,0,0,0,0
1748634413054,-18750000,-777128,-91661,-109998,0,0,0,0,0,0,0
1748634413154,-18750000,-802788,-18,18303,0,0,0,0,0,0,0
1748634413254,-18750000,-777128,18311,54960,0,0,0,0,0,0,0
1748634413354,-18750000,-773462,-18345,54960,0,0,0,0,0,0,0
1748634413454,-18750000,-773462,-109987,-26,0,0,0,0,0,0,0
1748634413554,-18750000,-777127,-73331,91616,0,0,0,0,0,0,0
1748634413654,-18750000,-766130,-36675,36630,0,0,0,0,0,0,0
1748634413754,-18750000,-762465,-18,91612,0,0,0,0,0,0,0
1748634413854,-18750000,-758800,-18348,146598,0,0,0,0,0,0,0
1748634413954,-18750000,-755135,54963,91616,0,0,0,0,0,0,0
1748634414054,-18750000,-769797,54963,36630,0,0,0,0,0,0,0
1748634414154,-18750000,-758800,109950,-29,0,0,0,0,0,0,0
1748634414254,-18750000,-777128,73293,-55012,0,0,0,0,0,0,0
1748634414354,-18750000,-784460,91620,-91668,0,0,0,0,0,0,0
1748634414454,-18750000,-813786,183262,-146654,0,0,0,0,0,0,0
1748634414554,-18750000,-799124,54963,-183311,0,0,0,0,0,0,0
1748634414654,-18750000,-799124,91623,-128324,0,0,0,0,0,0,0
1748634414754,-18750000,-799124,36641,-183307,0,0,0,0,0,0,0
1748634414854,-18750000,-806455,18315,-238293,0,0,0,0,0,0,0
1748634414954,-18750000,-799123,-36667,-201637,0,0,0,0,0,0,0
1748634415054,-18750000,-802789,-18341,-164977,0,0,0,0,0,0,0
1748634415154,-18750000,-806455,-91657,-201633,0,0,0,0,0,0,0
1748634415254,-18750000,-802790,18311,-201633,0,0,0,0,0,0,0
1748634415354,-18750000,-806455,-15,-164977,0,0,0,0,0,0,0
1748634415454,-18750000,-817452,-18344,-128317,0,0,0,0,0,0,0
1748634415554,-18750000,-828449,91623,-91661,0,0,0,0,0,0,0
1748634415654,-18750000,-835781,36637,-109987,0,0,0,0,0,0,0
1748634415754,-18750000,-839447,128280,-91661,0,0,0,0,0,0,0
1748634415854,-18750000,-824784,128280,18311,0,0,0,0,0,0,0
1748634415954,-18750000,-817453,128280,-18344,0,0,0,0,0,0,0
1748634416054,-18750000,-813787,128280,-18,0,0,0,0,0,0,0
1748634416154,-18750000,-802790,91623,36637,0,0,0,0,0,0,0
1748634416254,-18750000,-802790,-18,-22,0,0,0,0,0,0,0
1748634416354,-18750000,-780796,-18348,-18348,0,0,0,0,0,0,0
1748634416454,-18750000,-744139,-18348,-18348,0,0,0,0,0,0,0
1748634416554,-18750000,-736807,-55004,-36675,0,0,0,0,0,0,0
1748634416654,-18750000,-729475,-91661,-73335,0,0,0,0,0,0,0
1748634416754,-18750000,-725810,-219963,-36678,0,0,0,0,0,0,0
1748634416854,-18750000,-747803,-219963,-73335,0,0,0,0,0,0,0
1748634416954,-18750000,-751469,-164981,-91665,0,0,0,0,0,0,0
1748634417054,-18750000,-740472,-128324,-91665,0,0,0,0,0,0,0
1748634417154,-18750000,-744137,-73338,-128321,0,0,0,0,0,0,0
1748634417254,-18750000,-751469,-109994,-73335,0,0,0,0,0,0,0
1748634417354,-18750000,-747803,-55008,-146651,0,0,0,0,0,0,0
1748634417454,-18750000,-766131,-22,-109995,0,0,0,0,0,0,0
1748634417554,-18750000,-769797,-22,-164981,0,0,0,0,0,0,0
1748634417654,-18750000,-766132,-36682,-73338,0,0,0,0,0,0,0
1748634417754,-18750000,-747803,-22,-109994,0,0,0,0,0,0,0
1748634417854,-18750000,-733141,36633,-109994,0,0,0,0,0,0,0
1748634417954,-18750000,-744138,-73334,-22,0,0,0,0,0,0,0
1748634418054,-18750000,-740473,-164977,-18348,0,0,0,0,0,0,0
1748634418154,-18750000,-744139,-201633,54967,0,0,0,0,0,0,0
1748634418254,-18750000,-740473,-91661,73297,0,0,0,0,0,0,0
1748634418354,-18750000,-766133,-109991,73297,0,0,0,0,0,0,0
1748634418454,-18750000,-751469,-256620,91623,0,0,0,0,0,0,0
1748634418554,-18750000,-758800,-238290,164936,0,0,0,0,0,0,0
1748634418654,-18750000,-758800,-164973,146609,0,0,0,0,0,0,0
1748634418754,-18750000,-769797,-109991,109953,0,0,0,0,0,0,0
1748634418854,-18750000,-769797,-91665,91623,0,0,0,0,0,0,0
1748634418954,-18750000,-758800,-73338,54963,0,0,0,0,0,0,0
1748634419054,-18750000,-766131,18303,73290,0,0,0,0,0,0,0
1748634419154,-18750000,-769797,-36682,36630,0,0,0,0,0,0,0
1748634419254,-18750000,-773463,-18356,54956,0,0,0,0,0,0,0
1748634419354,-18750000,-766132,-36682,91616,0,0,0,0,0,0,0
1748634419454,-18750000,-777129,73289,36633,0,0,0,0,0,0,0
1748634419554,-18750000,-762467,73289,-18348,0,0,0,0,0,0,0
1748634419654,-18750000,-762467,54959,-36678,0,0,0,0,0,0,0
1748634419754,-18750000,-769799,36633,-18348,0,0,0,0,0,0,0
1748634419854,-18750000,-784461,-55008,-91661,0,0,0,0,0,0,0
1748634419954,-18750000,-788126,-18348,-128317,0,0,0,0,0,0,0
1748634420054,-18750000,-788126,-18348,-91661,0,0,0,0,0,0,0
1748634420154,-18750000,-791792,54963,-128317,0,0,0,0,0,0,0
1748634420254,-18750000,-788126,54963,-109987,0,0,0,0,0,0,0
1748634420354,-18750000,-795457,36633,-91661,0,0,0,0,0,0,0
1748634420454,-18750000,-810119,-22,-73334,0,0,0,0,0,0,0
1748634420554,-18750000,-821117,18303,-73334,0,0,0,0,0,0,0
1748634420654,-18750000,-813785,54960,-36678,0,0,0,0,0,0,0
1748634420754,-18750000,-802788,-18356,-18352,0,0,0,0,0,0,0
1748634420854,-18750000,-802788,109946,54960,0,0,0,0,0,0,0
1748634420954,-18750000,-806454,146602,-26,0,0,0,0,0,0,0
1748634421054,-18750000,-802788,73290,-18352,0,0,0,0,0,0,0
1748634421154,-18750000,-810119,146606,-18352,0,0,0,0,0,0,0
1748634421254,-18750000,-788126,109950,-91664,0,0,0,0,0,0,0
1748634421354,-18750000,-795457,54963,-109991,0,0,0,0,0,0,0
1748634421454,-18750000,-773463,91619,-164977,0,0,0,0,0,0,0
1748634421554,-18750000,-755135,36637,-146651,0,0,0,0,0,0,0
1748634421654,-18750000,-777128,18311,-164977,0,0,0,0,0,0,0
1748634421754,-18750000,-784460,73297,-183303,0,0,0,0,0,0,0
1748634421854,-18750000,-773462,36637,-256616,0,0,0,0,0,0,0
1748634421954,-18750000,-777128,-73335,-164973,0,0,0,0,0,0,0
1748634422054,-18750000,-795457,-18348,-201629,0,0,0,0,0,0,0
1748634422154,-18750000,-788126,-109991,-219956,0,0,0,0,0,0,0
1748634422254,-18750000,-810119,-146647,-183300,0,0,0,0,0,0,0
1748634422354,-18750000,-795457,-109987,-219960,0,0,0,0,0,0,0
1748634422454,-18750000,-802788,-91661,-238286,0,0,0,0,0,0,0
1748634422554,-18750000,-813785,-18348,-183300,0,0,0,0,0,0,0
1748634422654,-18750000,-810119,-73335,-183300,0,0,0,0,0,0,0
1748634422754,-18750000,-795457,-18,-146643,0,0,0,0,0,0,0
1748634422854,-18750000,-802789,-36675,-128317,0,0,0,0,0,0,0
1748634422954,-18750000,-795457,54967,-146643,0,0,0,0,0,0,0
1748634423054,-18750000,-795457,-18,-146643,0,0,0,0,0,0,0
1748634423154,-18750000,-784460,36637,-91661,0,0,0,0,0,0,0
1748634423254,-18750000,-773463,91623,-128317,0,0,0,0,0,0,0
1748634423354,-18750000,-788125,54963,-36675,0,0,0,0,0,0,0
1748634423454,-18750000,-777128,18307,-18,0,0,0,0,0,0,0
1748634423554,-18750000,-795456,-55004,-18348,0,0,0,0,0,0,0
1748634423654,-18750000,-802787,18307,-36678,0,0,0,0,0,0,0
1748634423754,-18750000,-802787,-109994,-109995,0,0,0,0,0,0,0
1748634423854,-18750000,-795455,-128321,-18352,0,0,0,0,0,0,0
1748634423954,-18750000,-799121,-91665,-73338,0,0,0,0,0,0,0
1748634424054,-18750000,-780793,-55008,-18356,0,0,0,0,0,0,0
1748634424154,-18750000,-777128,-73338,-55012,0,0,0,0,0,0,0
1748634424254,-18750000,-769796,-55012,-29,0,0,0,0,0,0,0
1748634424354,-18750000,-747803,-36682,-18356,0,0,0,0,0,0,0
1748634424454,-18750000,-755134,-26,54956,0,0,0,0,0,0,0
1748634424554,-18750000,-733140,18300,-36686,0,0,0,0,0,0,0
1748634424654,-18750000,-729474,18300,-109998,0,0,0,0,0,0,0
1748634424754,-18750000,-733139,73286,-73338,0,0,0,0,0,0,0
1748634424854,-18750000,-736805,91612,-73338,0,0,0,0,0,0,0
1748634424954,-18750000,-744136,91612,-26,0,0,0,0,0,0,0
1748634425054,-18750000,-747802,91612,-91668,0,0,0,0,0,0,0
1748634425154,-18750000,-762465,91612,-164981,0,0,0,0,0,0,0
1748634425254,-18750000,-758800,54956,-219963,0,0,0,0,0,0,0
1748634425354,-18750000,-751469,73286,-201637,0,0,0,0,0,0,0
1748634425454,-18750000,-758801,73286,-256619,0,0,0,0,0,0,0
1748634425554,-18750000,-773463,109942,-238289,0,0,0,0,0,0,0
1748634425654,-18750000,-762466,54960,-183303,0,0,0,0,0,0,0
1748634425754,-18750000,-773463,-18352,-164977,0,0,0,0,0,0,0
1748634425854,-18750000,-755135,-73338,-256619,0,0,0,0,0,0,0
1748634425954,-18750000,-744137,-18352,-293276,0,0,0,0,0,0,0
1748634426054,-18750000,-725809,-91664,-293276,0,0,0,0,0,0,0
1748634426154,-18750000,-711146,-109991,-274949,0,0,0,0,0,0,0
1748634426254,-18750000,-733140,-55005,-219967,0,0,0,0,0,0,0
1748634426354,-18750000,-747803,-22,-311609,0,0,0,0,0,0,0
1748634426454,-18750000,-740471,-22,-366596,0,0,0,0,0,0,0
1748634426554,-18750000,-729473,-55005,-384926,0,0,0,0,0,0,0
1748634426654,-18750000,-736805,-36678,-384926,0,0,0,0,0,0,0
1748634426754,-18750000,-736805,18307,-439912,0,0,0,0,0,0,0
1748634426854,-18750000,-729474,-18,-421582,0,0,0,0,0,0,0
1748634426954,-18750000,-722143,-55004,-458238,0,0,0,0,0,0,0
1748634427054,-18750000,-751469,-18,-403252,0,0,0,0,0,0,0
1748634427154,-18750000,-740471,-36674,-311609,0,0,0,0,0,0,0
1748634427254,-18750000,-722143,-55004,-329936,0,0,0,0,0,0,0
1748634427354,-18750000,-744137,-73331,-274949,0,0,0,0,0,0,0
1748634427454,-18750000,-747803,-128313,-256623,0,0,0,0,0,0,0
1748634427554,-18750000,-769798,-128313,-219963,0,0,0,0,0,0,0
1748634427654,-18750000,-762466,-164970,-201637,0,0,0,0,0,0,0
1748634427754,-18750000,-777128,-201630,-146651,0,0,0,0,0,0,0
1748634427854,-18750000,-799122,-91661,-164981,0,0,0,0,0,0,0
1748634427954,-18750000,-817451,-55001,-91668,0,0,0,0,0,0,0
1748634428054,-18750000,-802787,-18,-73338,0,0,0,0,0,0,0
1748634428154,-18750000,-824782,54963,-146651,0,0,0,0,0,0,0
1748634428254,-18750000,-835779,73293,-146651,0,0,0,0,0,0,0
1748634428354,-18750000,-821116,109950,-109995,0,0,0,0,0,0,0
1748634428454,-18750000,-824782,128276,-36678,0,0,0,0,0,0,0
1748634428554,-18750000,-821116,164932,-22,0,0,0,0,0,0,0
1748634428654,-18750000,-828448,238245,-22,0,0,0,0,0,0,0
1748634428754,-18750000,-817451,238245,-18348,0,0,0,0,0,0,0
1748634428854,-18750000,-806455,183262,54967,0,0,0,0,0,0,0
1748634428954,-18750000,-791792,54960,54967,0,0,0,0,0,0,0
1748634429054,-18750000,-795458,-22,-18,0,0,0,0,0,0,0
1748634429154,-18750000,-791792,36637,36637,0,0,0,0,0,0,0
1748634429254,-18750000,-795458,-36675,18307,0,0,0,0,0,0,0
1748634429354,-18750000,-777130,-164973,-18348,0,0,0,0,0,0,0
1748634429454,-18750000,-766133,-109987,-22,0,0,0,0,0,0,0
1748634429554,-18750000,-744139,-91661,18303,0,0,0,0,0,0,0
1748634429654,-18750000,-736807,-55001,-36682,0,0,0,0,0,0,0
1748634429754,-18750000,-729475,18315,18300,0,0,0,0,0,0,0
1748634429854,-18750000,-744137,54971,-18356,0,0,0,0,0,0,0
1748634429954,-18750000,-747803,91631,-55012,0,0,0,0,0,0,0
1748634430054,-18750000,-758800,128287,-18356,0,0,0,0,0,0,0
1748634430154,-18750000,-766131,73301,-26,0,0,0,0,0,0,0
1748634430254,-18750000,-766131,146613,-26,0,0,0,0,0,0,0
1748634430354,-18750000,-780794,219926,-36682,0,0,0,0,0,0,0
1748634430454,-18750000,-784460,201596,-128324,0,0,0,0,0,0,0
1748634430554,-18750000,-780794,201596,-164981,0,0,0,0,0,0,0
1748634430654,-18750000,-795457,128279,-73338,0,0,0,0,0,0,0
1748634430754,-18750000,-799123,128279,-91664,0,0,0,0,0,0,0
1748634430854,-18750000,-810120,128279,-91664,0,0,0,0,0,0,0
1748634430954,-18750000,-813786,183262,-128321,0,0,0,0,0,0,0
1748634431054,-18750000,-795458,201588,-164977,0,0,0,0,0,0,0
1748634431154,-18750000,-795458,183258,-146651,0,0,0,0,0,0,0
1748634431254,-18750000,-802789,109946,-164977,0,0,0,0,0,0,0
1748634431354,-18750000,-791791,91620,-91665,0,0,0,0,0,0,0
1748634431454,-18750000,-810120,-36678,-22,0,0,0,0,0,0,0
1748634431554,-18750000,-821117,-36678,-18348,0,0,0,0,0,0,0
1748634431654,-18750000,-802789,36637,-18348,0,0,0,0,0,0,0
1748634431754,-18750000,-795457,-36678,-109991,0,0,0,0,0,0,0
1748634431854,-18750000,-788126,-146651,-73335,0,0,0,0,0,0,0
1748634431954,-18750000,-791792,-146651,-36678,0,0,0,0,0,0,0
1748634432054,-18750000,-799124,-201633,54963,0,0,0,0,0,0,0
1748634432154,-18750000,-784461,-219959,36637,0,0,0,0,0,0,0
1748634432254,-18750000,-773464,-201633,-22,0,0,0,0,0,0,0
1748634432354,-18750000,-762467,-238293,-36678,0,0,0,0,0,0,0
1748634432454,-18750000,-747804,-109994,-36678,0,0,0,0,0,0,0
1748634432554,-18750000,-751470,-109994,-36678,0,0,0,0,0,0,0
1748634432654,-18750000,-755135,-183311,-55005,0,0,0,0,0,0,0
1748634432754,-18750000,-751469,-146651,-18,0,0,0,0,0,0,0
1748634432854,-18750000,-755135,-18352,-55005,0,0,0,0,0,0,0
1748634432954,-18750000,-751469,-73334,-55005,0,0,0,0,0,0,0
1748634433054,-18750000,-736806,-22,-91661,0,0,0,0,0,0,0
1748634433154,-18750000,-736806,36633,-73335,0,0,0,0,0,0,0
1748634433254,-18750000,-736806,73290,18307,0,0,0,0,0,0,0
1748634433354,-18750000,-755135,146606,18307,0,0,0,0,0,0,0
1748634433454,-18750000,-751469,54963,-36675,0,0,0,0,0,0,0
1748634433554,-18750000,-755134,-55005,-55005,0,0,0,0,0,0,0
1748634433654,-18750000,-751469,-109991,-91661,0,0,0,0,0,0,0
1748634433754,-18750000,-766132,-73335,-91661,0,0,0,0,0,0,0
1748634433854,-18750000,-747803,-164977,-55004,0,0,0,0,0,0,0
1748634433954,-18750000,-736806,-91665,-73331,0,0,0,0,0,0,0
1748634434054,-18750000,-758800,-164977,-73331,0,0,0,0,0,0,0
1748634434154,-18750000,-755134,-201633,-109987,0,0,0,0,0,0,0
1748634434254,-18750000,-747802,-238290,-164969,0,0,0,0,0,0,0
1748634434354,-18750000,-751468,-256619,-219956,0,0,0,0,0,0,0
1748634434454,-18750000,-755134,-183303,-201629,0,0,0,0,0,0,0
1748634434554,-18750000,-744137,-73335,-219959,0,0,0,0,0,0,0
1748634434654,-18750000,-758800,-18348,-201633,0,0,0,0,0,0,0
1748634434754,-18750000,-751468,-91664,-183307,0,0,0,0,0,0,0
1748634434854,-18750000,-758799,36637,-146651,0,0,0,0,0,0,0
1748634434954,-18750000,-773462,-18,-109994,0,0,0,0,0,0,0
1748634435054,-18750000,-773462,54963,-128324,0,0,0,0,0,0,0
1748634435154,-18750000,-769797,73290,-109994,0,0,0,0,0,0,0
1748634435254,-18750000,-788126,183262,-73338,0,0,0,0,0,0,0
1748634435354,-18750000,-780794,219918,-73338,0,0,0,0,0,0,0
1748634435454,-18750000,-795456,238245,-73338,0,0,0,0,0,0,0
1748634435554,-18750000,-802788,256575,18303,0,0,0,0,0,0,0
1748634435654,-18750000,-795457,219918,-22,0,0,0,0,0,0,0
1748634435754,-18750000,-788126,348221,-18348,0,0,0,0,0,0,0
1748634435854,-18750000,-799123,329891,-109991,0,0,0,0,0,0,0
1748634435954,-18750000,-791791,384877,-146647,0,0,0,0,0,0,0
1748634436054,-18750000,-784460,366551,-164973,0,0,0,0,0,0,0
1748634436154,-18750000,-795456,366551,-146647,0,0,0,0,0,0,0
1748634436254,-18750000,-769796,366551,-219963,0,0,0,0,0,0,0
1748634436354,-18750000,-788125,366551,-109991,0,0,0,0,0,0,0
1748634436454,-18750000,-780794,329895,-91661,0,0,0,0,0,0,0
1748634436554,-18750000,-769796,256582,-164973,0,0,0,0,0,0,0
1748634436654,-18750000,-784459,311568,-146647,0,0,0,0,0,0,0
1748634436754,-18750000,-784459,219926,-91665,0,0,0,0,0,0,0
1748634436854,-18750000,-762465,201596,-55005,0,0,0,0,0,0,0
1748634436954,-18750000,-773462,183266,-91665,0,0,0,0,0,0,0
1748634437054,-18750000,-773462,201592,-91665,0,0,0,0,0,0,0
1748634437154,-18750000,-799123,164936,-146647,0,0,0,0,0,0,0
1748634437254,-18750000,-813785,109950,-91661,0,0,0,0,0,0,0
1748634437354,-18750000,-777129,18307,-164973,0,0,0,0,0,0,0
1748634437454,-18750000,-766132,54963,-183303,0,0,0,0,0,0,0
1748634437554,-18750000,-780794,73290,-219959,0,0,0,0,0,0,0
1748634437654,-18750000,-773463,54960,-256616,0,0,0,0,0,0,0
1748634437754,-18750000,-784460,54960,-311598,0,0,0,0,0,0,0
1748634437854,-18750000,-810120,18303,-329928,0,0,0,0,0,0,0
1748634437954,-18750000,-813786,-18352,-293268,0,0,0,0,0,0,0
1748634438054,-18750000,-821117,18307,-256612,0,0,0,0,0,0,0
1748634438154,-18750000,-791791,-22,-219956,0,0,0,0,0,0,0
1748634438254,-18750000,-791791,18307,-183300,0,0,0,0,0,0,0
1748634438354,-18750000,-824782,91623,-219960,0,0,0,0,0,0,0
1748634438454,-18750000,-817451,73297,-238286,0,0,0,0,0,0,0
1748634438554,-18750000,-806454,54971,-183300,0,0,0,0,0,0,0
1748634438654,-18750000,-806454,73301,-164970,0,0,0,0,0,0,0
1748634438754,-18750000,-810120,109957,-164970,0,0,0,0,0,0,0
1748634438854,-18750000,-802789,73301,-146640,0,0,0,0,0,0,0
1748634438954,-18750000,-799123,73301,-91657,0,0,0,0,0,0,0
1748634439054,-18750000,-780794,-18341,-109987,0,0,0,0,0,0,0
1748634439154,-18750000,-762466,91631,-183303,0,0,0,0,0,0,0
1748634439254,-18750000,-784460,54971,-164973,0,0,0,0,0,0,0
1748634439354,-18750000,-758801,18314,-128313,0,0,0,0,0,0,0
1748634439454,-18750000,-769798,36641,-164973,0,0,0,0,0,0,0
1748634439554,-18750000,-766133,36641,-146647,0,0,0,0,0,0,0
1748634439654,-18750000,-762467,-36675,-146647,0,0,0,0,0,0,0
1748634439754,-18750000,-762467,-18348,-146647,0,0,0,0,0,0,0
1748634439854,-18750000,-758801,36637,-128321,0,0,0,0,0,0,0
1748634439954,-18750000,-747804,54963,-183303,0,0,0,0,0,0,0
1748634440054,-18750000,-747804,36633,-183303,0,0,0,0,0,0,0
1748634440154,-18750000,-766133,18303,-128317,0,0,0,0,0,0,0
1748634440254,-18750000,-733141,-22,-146647,0,0,0,0,0,0,0
1748634440354,-18750000,-736806,-22,-146647,0,0,0,0,0,0,0
1748634440454,-18750000,-733140,-55005,-109987,0,0,0,0,0,0,0
1748634440554,-18750000,-762466,-36678,-128313,0,0,0,0,0,0,0
1748634440654,-18750000,-758800,54963,-73331,0,0,0,0,0,0,0
1748634440754,-18750000,-758800,91623,-18348,0,0,0,0,0,0,0
1748634440854,-18750000,-755134,18307,-73334,0,0,0,0,0,0,0
1748634440954,-18750000,-755134,-18348,-18352,0,0,0,0,0,0,0
1748634441054,-18750000,-766131,54963,-73338,0,0,0,0,0,0,0
1748634441154,-18750000,-773462,-36678,-91665,0,0,0,0,0,0,0
1748634441254,-18750000,-784460,-73334,-146647,0,0,0,0,0,0,0
1748634441354,-18750000,-780795,-36678,-146647,0,0,0,0,0,0,0
1748634441454,-18750000,-773463,-22,-128321,0,0,0,0,0,0,0
1748634441554,-18750000,-736806,-91665,-109994,0,0,0,0,0,0,0
1748634441654,-18750000,-736806,-91665,-146651,0,0,0,0,0,0,0
1748634441754,-18750000,-740471,-128325,-201633,0,0,0,0,0,0,0
1748634441854,-18750000,-747803,-91665,-109991,0,0,0,0,0,0,0
1748634441954,-18750000,-758801,-55008,-109991,0,0,0,0,0,0,0
1748634442054,-18750000,-751469,-36678,-18348,0,0,0,0,0,0,0
1748634442154,-18750000,-744138,54963,-22,0,0,0,0,0,0,0
1748634442254,-18750000,-747804,54963,18304,0,0,0,0,0,0,0
1748634442354,-18750000,-769798,18307,36630,0,0,0,0,0,0,0
1748634442454,-18750000,-766133,36633,36630,0,0,0,0,0,0,0
1748634442554,-18750000,-773464,128276,-26,0,0,0,0,0,0,0
1748634442654,-18750000,-777130,-22,-36682,0,0,0,0,0,0,0
1748634442754,-18750000,-766133,-18348,-18356,0,0,0,0,0,0,0
1748634442854,-18750000,-766133,-128321,-55012,0,0,0,0,0,0,0
1748634442954,-18750000,-773464,-183303,-109994,0,0,0,0,0,0,0
1748634443054,-18750000,-769798,-256616,-146650,0,0,0,0,0,0,0
1748634443154,-18750000,-751469,-366584,-128321,0,0,0,0,0,0,0
1748634443254,-18750000,-729475,-293272,-164977,0,0,0,0,0,0,0
1748634443354,-18750000,-718478,-329932,-183303,0,0,0,0,0,0,0
1748634443454,-18750000,-722143,-348258,-183303,0,0,0,0,0,0,0
1748634443554,-18750000,-736805,-348258,-146647,0,0,0,0,0,0,0
1748634443654,-18750000,-747802,-219960,-164977,0,0,0,0,0,0,0
1748634443754,-18750000,-766130,-238289,-146647,0,0,0,0,0,0,0
1748634443854,-18750000,-751467,-18,-201633,0,0,0,0,0,0,0
1748634443954,-18750000,-744136,36637,-183307,0,0,0,0,0,0,0
1748634444054,-18750000,-766130,36637,-183307,0,0,0,0,0,0,0
1748634444154,-18750000,-777128,164936,-238293,0,0,0,0,0,0,0
1748634444254,-18750000,-799122,109950,-183307,0,0,0,0,0,0,0
1748634444354,-18750000,-784460,164936,-146651,0,0,0,0,0,0,0
1748634444454,-18750000,-795457,128280,-146651,0,0,0,0,0,0,0
1748634444554,-18750000,-769797,36637,-146651,0,0,0,0,0,0,0
1748634444654,-18750000,-755135,-18344,-36678,0,0,0,0,0,0,0
1748634444754,-18750000,-744138,18311,-22,0,0,0,0,0,0,0
1748634444854,-18750000,-755135,-73331,-22,0,0,0,0,0,0,0
1748634444954,-18750000,-733142,18311,-22,0,0,0,0,0,0,0
1748634445054,-18750000,-711147,-55004,-55008,0,0,0,0,0,0,0
1748634445154,-18750000,-729476,-55004,18303,0,0,0,0,0,0,0
1748634445254,-18750000,-740472,-146647,-55012,0,0,0,0,0,0,0
1748634445354,-18750000,-747803,-109991,-109998,0,0,0,0,0,0,0
1748634445454,-18750000,-773463,-91664,-109998,0,0,0,0,0,0,0
1748634445554,-18750000,-780794,-18348,-91668,0,0,0,0,0,0,0
1748634445654,-18750000,-755135,54963,-146654,0,0,0,0,0,0,0
1748634445754,-18750000,-747803,-36678,-201641,0,0,0,0,0,0,0
1748634445854,-18750000,-744137,-73334,-128324,0,0,0,0,0,0,0
1748634445954,-18750000,-758799,-201633,-146651,0,0,0,0,0,0,0
1748634446054,-18750000,-755134,-73334,-109991,0,0,0,0,0,0,0
1748634446154,-18750000,-747802,-73334,-128317,0,0,0,0,0,0,0
1748634446254,-18750000,-740471,36637,-73331,0,0,0,0,0,0,0
1748634446354,-18750000,-740471,-36675,-36674,0,0,0,0,0,0,0
1748634446454,-18750000,-729473,-36675,-55001,0,0,0,0,0,0,0
1748634446554,-18750000,-762465,54967,-36674,0,0,0,0,0,0,0
1748634446654,-18750000,-788125,54967,-18345,0,0,0,0,0,0,0
1748634446754,-18750000,-780794,201596,-36671,0,0,0,0,0,0,0
1748634446854,-18750000,-791791,219922,-36671,0,0,0,0,0,0,0
1748634446954,-18750000,-788125,238248,-36671,0,0,0,0,0,0,0
1748634447054,-18750000,-795456,219922,-55001,0,0,0,0,0,0,0
1748634447154,-18750000,-791791,164936,-91657,0,0,0,0,0,0,0
1748634447254,-18750000,-788126,183262,-55001,0,0,0,0,0,0,0
1748634447354,-18750000,-806454,219918,-18345,0,0,0,0,0,0,0
1748634447454,-18750000,-791792,238248,-36675,0,0,0,0,0,0,0
1748634447554,-18750000,-769797,128276,-91657,0,0,0,0,0,0,0
1748634447654,-18750000,-777128,36633,-73331,0,0,0,0,0,0,0
1748634447754,-18750000,-788126,-109994,-73331,0,0,0,0,0,0,0
1748634447854,-18750000,-780794,-164981,-146647,0,0,0,0,0,0,0
1748634447954,-18750000,-780794,-238293,-128321,0,0,0,0,0,0,0
1748634448054,-18750000,-784460,-274949,-55008,0,0,0,0,0,0,0
1748634448154,-18750000,-795457,-348262,-36682,0,0,0,0,0,0,0
1748634448254,-18750000,-802788,-439904,-55008,0,0,0,0,0,0,0
1748634448354,-18750000,-791791,-458231,-109991,0,0,0,0,0,0,0
1748634448454,-18750000,-795457,-568203,-91661,0,0,0,0,0,0,0
1748634448554,-18750000,-802788,-549873,-91661,0,0,0,0,0,0,0
1748634448654,-18750000,-806454,-476561,-128317,0,0,0,0,0,0,0
1748634448754,-18750000,-802788,-348258,-91661,0,0,0,0,0,0,0
1748634448854,-18750000,-810119,-384914,-18345,0,0,0,0,0,0,0
1748634448954,-18750000,-817451,-348258,-18345,0,0,0,0,0,0,0
1748634449054,-18750000,-828449,-403244,-73327,0,0,0,0,0,0,0
1748634449154,-18750000,-821117,-311602,-109983,0,0,0,0,0,0,0
1748634449254,-18750000,-802788,-256616,-128313,0,0,0,0,0,0,0
1748634449354,-18750000,-813785,-238289,-128313,0,0,0,0,0,0,0
1748634449454,-18750000,-795457,-91661,-128313,0,0,0,0,0,0,0
1748634449554,-18750000,-791792,-36678,-164973,0,0,0,0,0,0,0
1748634449654,-18750000,-791792,-91661,-128317,0,0,0,0,0,0,0
1748634449754,-18750000,-791792,-219963,-146647,0,0,0,0,0,0,0
1748634449854,-18750000,-791792,-183307,-164977,0,0,0,0,0,0,0
1748634449954,-18750000,-788126,-109994,-219963,0,0,0,0,0,0,0
1748634450054,-18750000,-777128,-109994,-201637,0,0,0,0,0,0,0
1748634450154,-18750000,-780794,-109994,-183307,0,0,0,0,0,0,0
1748634450254,-18750000,-784460,-73338,-183307,0,0,0,0,0,0,0
1748634450354,-18750000,-780794,-109995,-183307,0,0,0,0,0,0,0
1748634450454,-18750000,-806454,-183307,-183307,0,0,0,0,0,0,0
1748634450554,-18750000,-810119,-219963,-91664,0,0,0,0,0,0,0
1748634450654,-18750000,-802788,-164981,-183307,0,0,0,0,0,0,0
1748634450754,-18750000,-806454,-109994,-164977,0,0,0,0,0,0,0
1748634450854,-18750000,-810120,-128321,-164977,0,0,0,0,0,0,0
1748634450954,-18750000,-795458,-109991,-73334,0,0,0,0,0,0,0
1748634451054,-18750000,-795458,-22,-73334,0,0,0,0,0,0,0
1748634451154,-18750000,-795458,-55008,-73334,0,0,0,0,0,0,0
1748634451254,-18750000,-802790,-109991,-55005,0,0,0,0,0,0,0
1748634451354,-18750000,-791792,-73334,-91665,0,0,0,0,0,0,0
1748634451454,-18750000,-755135,-73334,-55008,0,0,0,0,0,0,0
1748634451554,-18750000,-736807,-91661,-109991,0,0,0,0,0,0,0
1748634451654,-18750000,-714812,-146643,-91661,0,0,0,0,0,0,0
1748634451754,-18750000,-725810,-146643,-73335,0,0,0,0,0,0,0
1748634451854,-18750000,-711146,-55001,-128321,0,0,0,0,0,0,0
1748634451954,-18750000,-722143,-36671,-219963,0,0,0,0,0,0,0
1748634452054,-18750000,-722143,-54997,-219963,0,0,0,0,0,0,0
1748634452154,-18750000,-725809,-11,-256623,0,0,0,0,0,0,0
1748634452254,-18750000,-729474,54971,-311610,0,0,0,0,0,0,0
1748634452354,-18750000,-736805,73301,-274950,0,0,0,0,0,0,0
1748634452454,-18750000,-762465,109957,-293279,0,0,0,0,0,0,0
1748634452554,-18750000,-777128,91627,-274953,0,0,0,0,0,0,0
1748634452654,-18750000,-791791,183269,-256623,0,0,0,0,0,0,0
1748634452754,-18750000,-788125,164943,-348266,0,0,0,0,0,0,0
1748634452854,-18750000,-791791,201599,-238293,0,0,0,0,0,0,0
1748634452954,-18750000,-802788,201599,-183307,0,0,0,0,0,0,0
1748634453054,-18750000,-810120,201599,-201633,0,0,0,0,0,0,0
1748634453154,-18750000,-813785,219926,-183303,0,0,0,0,0,0,0
1748634453254,-18750000,-806454,293242,-109991,0,0,0,0,0,0,0
1748634453354,-18750000,-799123,348228,-128321,0,0,0,0,0,0,0
1748634453454,-18750000,-795457,384884,-183307,0,0,0,0,0,0,0
1748634453554,-18750000,-799122,293242,-164977,0,0,0,0,0,0,0
1748634453654,-18750000,-777128,146613,-146651,0,0,0,0,0,0,0
1748634453754,-18750000,-784460,128283,-55008,0,0,0,0,0,0,0
1748634453854,-18750000,-777128,73297,-128321,0,0,0,0,0,0,0
1748634453954,-18750000,-766131,18311,-91665,0,0,0,0,0,0,0
1748634454054,-18750000,-758799,18311,-109995,0,0,0,0,0,0,0
1748634454154,-18750000,-747802,-109987,-109995,0,0,0,0,0,0,0
1748634454254,-18750000,-740471,-219959,-109995,0,0,0,0,0,0,0
1748634454354,-18750000,-747802,-311602,-91665,0,0,0,0,0,0,0
1748634454454,-18750000,-755134,-366588,-18348,0,0,0,0,0,0,0
1748634454554,-18750000,-758800,-238289,-55005,0,0,0,0,0,0,0
1748634454654,-18750000,-791791,-219963,-36675,0,0,0,0,0,0,0
1748634454754,-18750000,-766131,-183307,-73331,0,0,0,0,0,0,0
1748634454854,-18750000,-766131,-164977,-36675,0,0,0,0,0,0,0
1748634454954,-18750000,-773463,-128321,-36675,0,0,0,0,0,0,0
1748634455054,-18750000,-780795,-164977,-18,0,0,0,0,0,0,0
1748634455154,-18750000,-799124,-55004,18311,0,0,0,0,0,0,0
1748634455254,-18750000,-813786,18311,18311,0,0,0,0,0,0,0
1748634455354,-18750000,-824783,18311,-18348,0,0,0,0,0,0,0
1748634455454,-18750000,-835780,-36675,-55005,0,0,0,0,0,0,0
1748634455554,-18750000,-828449,-18345,-22,0,0,0,0,0,0,0
1748634455654,-18750000,-813786,73297,-73338,0,0,0,0,0,0,0
1748634455754,-18750000,-832115,109953,-73338,0,0,0,0,0,0,0
1748634455854,-18750000,-854108,146609,-91668,0,0,0,0,0,0,0
1748634455954,-18750000,-850442,128279,-146651,0,0,0,0,0,0,0
1748634456054,-18750000,-854108,146606,-146651,0,0,0,0,0,0,0
1748634456154,-18750000,-854108,146606,-164981,0,0,0,0,0,0,0
1748634456254,-18750000,-846776,73290,-183307,0,0,0,0,0,0,0
1748634456354,-18750000,-839445,109946,-128321,0,0,0,0,0,0,0
1748634456454,-18750000,-813785,274904,-128321,0,0,0,0,0,0,0
1748634456554,-18750000,-799122,238248,-183303,0,0,0,0,0,0,0
1748634456654,-18750000,-813785,274908,-183303,0,0,0,0,0,0,0
1748634456754,-18750000,-813785,256582,-201629,0,0,0,0,0,0,0
1748634456854,-18750000,-799122,164939,-201629,0,0,0,0,0,0,0
1748634456954,-18750000,-806453,91627,-183303,0,0,0,0,0,0,0
1748634457054,-18750000,-791791,146613,-238289,0,0,0,0,0,0,0
1748634457154,-18750000,-766131,91627,-238289,0,0,0,0,0,0,0
1748634457254,-18750000,-773462,73301,-274946,0,0,0,0,0,0,0
1748634457354,-18750000,-780793,18314,-293272,0,0,0,0,0,0,0
1748634457454,-18750000,-780793,-109983,-293272,0,0,0,0,0,0,0
1748634457554,-18750000,-777128,-91657,-293272,0,0,0,0,0,0,0
1748634457654,-18750000,-780794,-128317,-219956,0,0,0,0,0,0,0
1748634457754,-18750000,-769797,-91661,-201629,0,0,0,0,0,0,0
1748634457854,-18750000,-766131,-36675,-219956,0,0,0,0,0,0,0
1748634457954,-18750000,-758800,-18345,-238282,0,0,0,0,0,0,0
1748634458054,-18750000,-758800,18311,-164966,0,0,0,0,0,0,0
1748634458154,-18750000,-777128,36641,-128310,0,0,0,0,0,0,0
1748634458254,-18750000,-784460,91623,-73327,0,0,0,0,0,0,0
1748634458354,-18750000,-762465,128280,-18345,0,0,0,0,0,0,0
1748634458454,-18750000,-780794,128280,18311,0,0,0,0,0,0,0
1748634458554,-18750000,-802787,164936,18311,0,0,0,0,0,0,0
1748634458654,-18750000,-799121,73293,-18345,0,0,0,0,0,0,0
1748634458754,-18750000,-806453,-18348,18311,0,0,0,0,0,0,0
1748634458854,-18750000,-806453,54963,36637,0,0,0,0,0,0,0
1748634458954,-18750000,-791791,109946,54963,0,0,0,0,0,0,0
1748634459054,-18750000,-802788,18303,36633,0,0,0,0,0,0,0
1748634459154,-18750000,-777128,36630,18307,0,0,0,0,0,0,0
1748634459254,-18750000,-758800,-55012,-36674,0,0,0,0,0,0,0
1748634459354,-18750000,-762466,-109998,-128317,0,0,0,0,0,0,0
1748634459454,-18750000,-762466,-128328,-146647,0,0,0,0,0,0,0
1748634459554,-18750000,-758801,-219971,-146647,0,0,0,0,0,0,0
1748634459654,-18750000,-751469,-164984,-91664,0,0,0,0,0,0,0
1748634459754,-18750000,-755135,-91672,-183307,0,0,0,0,0,0,0
1748634459854,-18750000,-762467,-183314,-164977,0,0,0,0,0,0,0
1748634459954,-18750000,-788126,-219971,-183303,0,0,0,0,0,0,0
1748634460054,-18750000,-784460,-201641,-183303,0,0,0,0,0,0,0
1748634460154,-18750000,-813786,-183311,-183303,0,0,0,0,0,0,0
1748634460254,-18750000,-817452,-91668,-109991,0,0,0,0,0,0,0
1748634460354,-18750000,-813786,-36682,-36675,0,0,0,0,0,0,0
1748634460454,-18750000,-802789,36630,-55001,0,0,0,0,0,0,0
1748634460554,-18750000,-802789,109946,-18345,0,0,0,0,0,0,0
1748634460654,-18750000,-806455,91620,-55001,0,0,0,0,0,0,0
1748634460754,-18750000,-802790,73293,-15,0,0,0,0,0,0,0
1748634460854,-18750000,-788126,91623,-18344,0,0,0,0,0,0,0
1748634460954,-18750000,-780795,54967,36637,0,0,0,0,0,0,0
1748634461054,-18750000,-773464,18311,54967,0,0,0,0,0,0,0
1748634461154,-18750000,-758801,36637,54967,0,0,0,0,0,0,0
1748634461254,-18750000,-758801,73297,-18,0,0,0,0,0,0,0
1748634461354,-18750000,-769798,54971,-36674,0,0,0,0,0,0,0
1748634461454,-18750000,-773464,-54997,-36674,0,0,0,0,0,0,0
1748634461554,-18750000,-758801,-54997,-109991,0,0,0,0,0,0,0
1748634461654,-18750000,-747803,-54997,-109991,0,0,0,0,0,0,0
1748634461754,-18750000,-744137,-18341,-146647,0,0,0,0,0,0,0
1748634461854,-18750000,-766132,-91657,-146647,0,0,0,0,0,0,0
1748634461954,-18750000,-744137,-15,-183303,0,0,0,0,0,0,0
1748634462054,-18750000,-751469,18311,-201633,0,0,0,0,0,0,0
1748634462154,-18750000,-769797,-36671,-219963,0,0,0,0,0,0,0
1748634462254,-18750000,-766131,-91657,-219963,0,0,0,0,0,0,0
1748634462354,-18750000,-758800,-55001,-219963,0,0,0,0,0,0,0
1748634462454,-18750000,-755134,-18345,-238293,0,0,0,0,0,0,0
1748634462554,-18750000,-777128,-36675,-164977,0,0,0,0,0,0,0
1748634462654,-18750000,-769797,-18348,-219963,0,0,0,0,0,0,0
1748634462754,-18750000,-784460,-91661,-128321,0,0,0,0,0,0,0
1748634462854,-18750000,-762465,36641,-183307,0,0,0,0,0,0,0
1748634462954,-18750000,-773462,18311,-128321,0,0,0,0,0,0,0
1748634463054,-18750000,-777128,-15,-128321,0,0,0,0,0,0,0
1748634463154,-18750000,-751469,-36675,-91664,0,0,0,0,0,0,0
1748634463254,-18750000,-762466,-73331,-128321,0,0,0,0,0,0,0
1748634463354,-18750000,-784460,-73331,-146651,0,0,0,0,0,0,0
1748634463454,-18750000,-795457,-18,-128321,0,0,0,0,0,0,0
1748634463554,-18750000,-784460,-55005,-146651,0,0,0,0,0,0,0
1748634463654,-18750000,-795456,-55005,-91664,0,0,0,0,0,0,0
1748634463754,-18750000,-788125,-73335,-109994,0,0,0,0,0,0,0
1748634463854,-18750000,-795456,-146651,-55008,0,0,0,0,0,0,0
1748634463954,-18750000,-802787,-128321,-55008,0,0,0,0,0,0,0
1748634464054,-18750000,-791790,-55008,-73334,0,0,0,0,0,0,0
1748634464154,-18750000,-813785,-22,-73334,0,0,0,0,0,0,0
1748634464254,-18750000,-802787,54960,-91664,0,0,0,0,0,0,0
1748634464354,-18750000,-784459,73286,-18352,0,0,0,0,0,0,0
1748634464454,-18750000,-777128,73286,-26,0,0,0,0,0,0,0
1748634464554,-18750000,-784459,109946,-18352,0,0,0,0,0,0,0
1748634464654,-18750000,-758799,18303,18303,0,0,0,0,0,0,0
1748634464754,-18750000,-751468,91616,-22,0,0,0,0,0,0,0
1748634464854,-18750000,-769796,109946,-55008,0,0,0,0,0,0,0
1748634464954,-18750000,-766130,-18352,-128321,0,0,0,0,0,0,0
1748634465054,-18750000,-762464,-22,-73338,0,0,0,0,0,0,0
1748634465154,-18750000,-736805,-73334,-73338,0,0,0,0,0,0,0
1748634465254,-18750000,-729473,-183303,-36678,0,0,0,0,0,0,0
1748634465354,-18750000,-733139,-164973,-73334,0,0,0,0,0,0,0
1748634465454,-18750000,-736805,-164973,-73334,0,0,0,0,0,0,0
1748634465554,-18750000,-733140,-128317,-109994,0,0,0,0,0,0,0
1748634465654,-18750000,-762466,-18,-164977,0,0,0,0,0,0,0
1748634465754,-18750000,-751469,-36674,-164977,0,0,0,0,0,0,0
1748634465854,-18750000,-740472,-18348,-164977,0,0,0,0,0,0,0
1748634465954,-18750000,-744138,146606,-128321,0,0,0,0,0,0,0
1748634466054,-18750000,-758801,54963,-146647,0,0,0,0,0,0,0
1748634466154,-18750000,-777130,164932,-183303,0,0,0,0,0,0,0
1748634466254,-18750000,-777130,256574,-183303,0,0,0,0,0,0,0
1748634466354,-18750000,-769799,256574,-201630,0,0,0,0,0,0,0
1748634466454,-18750000,-747804,164932,-219956,0,0,0,0,0,0,0
1748634466554,-18750000,-751469,164932,-183296,0,0,0,0,0,0,0
1748634466654,-18750000,-744138,164932,-146640,0,0,0,0,0,0,0
1748634466754,-18750000,-755135,238248,-91653,0,0,0,0,0,0,0
1748634466854,-18750000,-758801,238248,-91653,0,0,0,0,0,0,0
1748634466954,-18750000,-762467,146606,-109983,0,0,0,0,0,0,0
1748634467054,-18750000,-751469,128276,-128313,0,0,0,0,0,0,0
1748634467154,-18750000,-762466,128276,-91657,0,0,0,0,0,0,0
1748634467254,-18750000,-751469,109946,-36674,0,0,0,0,0,0,0
1748634467354,-18750000,-744138,36633,-73334,0,0,0,0,0,0,0
1748634467454,-18750000,-747804,73293,-91664,0,0,0,0,0,0,0
1748634467554,-18750000,-747804,73293,-128324,0,0,0,0,0,0,0
1748634467654,-18750000,-751469,73293,-91668,0,0,0,0,0,0,0
1748634467754,-18750000,-755135,-22,-183311,0,0,0,0,0,0,0
1748634467854,-18750000,-744138,-55004,-109994,0,0,0,0,0,0,0
1748634467954,-18750000,-740472,-55004,-91665,0,0,0,0,0,0,0
1748634468054,-18750000,-744137,-18348,-91665,0,0,0,0,0,0,0
1748634468154,-18750000,-736806,-18348,-146651,0,0,0,0,0,0,0
1748634468254,-18750000,-758800,36637,-256620,0,0,0,0,0,0,0
1748634468354,-18750000,-773462,36637,-219960,0,0,0,0,0,0,0
1748634468454,-18750000,-795456,54963,-201630,0,0,0,0,0,0,0
1748634468554,-18750000,-766131,54963,-109987,0,0,0,0,0,0,0
1748634468654,-18750000,-777128,-18,-219960,0,0,0,0,0,0,0
1748634468754,-18750000,-747803,-18344,-201633,0,0,0,0,0,0,0
1748634468854,-18750000,-766131,-18,-183307,0,0,0,0,0,0,0
1748634468954,-18750000,-758800,36637,-274949,0,0,0,0,0,0,0
1748634469054,-18750000,-773463,73293,-238293,0,0,0,0,0,0,0
1748634469154,-18750000,-773463,54967,-238293,0,0,0,0,0,0,0
1748634469254,-18750000,-777129,-18,-183307,0,0,0,0,0,0,0
1748634469354,-18750000,-777129,73293,-91664,0,0,0,0,0,0,0
1748634469454,-18750000,-766132,146610,-73338,0,0,0,0,0,0,0
1748634469554,-18750000,-795457,91623,-91664,0,0,0,0,0,0,0
1748634469654,-18750000,-773463,219922,-22,0,0,0,0,0,0,0
1748634469754,-18750000,-810120,274905,-22,0,0,0,0,0,0,0
1748634469854,-18750000,-784460,311561,-22,0,0,0,0,0,0,0
1748634469954,-18750000,-788126,329891,36633,0,0,0,0,0,0,0
1748634470054,-18750000,-780794,403207,-18348,0,0,0,0,0,0,0
1748634470154,-18750000,-762466,421533,36637,0,0,0,0,0,0,0
1748634470254,-18750000,-766131,403207,73293,0,0,0,0,0,0,0
1748634470354,-18750000,-780794,403207,-36678,0,0,0,0,0,0,0
1748634470454,-18750000,-791791,348221,-22,0,0,0,0,0,0,0
1748634470554,-18750000,-791791,384877,36633,0,0,0,0,0,0,0
1748634470654,-18750000,-813784,293234,-18348,0,0,0,0,0,0,0
1748634470754,-18750000,-806453,311564,-36675,0,0,0,0,0,0,0
1748634470854,-18750000,-821117,311564,-91657,0,0,0,0,0,0,0
1748634470954,-18750000,-839445,238252,-55001,0,0,0,0,0,0,0
1748634471054,-18750000,-824782,91623,-73331,0,0,0,0,0,0,0
1748634471154,-18750000,-821117,164939,-18345,0,0,0,0,0,0,0
1748634471254,-18750000,-810119,219922,-36674,0,0,0,0,0,0,0
1748634471354,-18750000,-780794,128279,36637,0,0,0,0,0,0,0
1748634471454,-18750000,-784460,36637,18311,0,0,0,0,0,0,0
1748634471554,-18750000,-777129,36637,-55001,0,0,0,0,0,0,0
1748634471654,-18750000,-751469,-36678,-55001,0,0,0,0,0,0,0
1748634471754,-18750000,-755135,-91664,-18,0,0,0,0,0,0,0
1748634471854,-18750000,-762466,-146647,-55004,0,0,0,0,0,0,0
1748634471954,-18750000,-740472,-109991,-18348,0,0,0,0,0,0,0
1748634472054,-18750000,-762467,-164977,-18,0,0,0,0,0,0,0
1748634472154,-18750000,-769798,-274949,-73331,0,0,0,0,0,0,0
1748634472254,-18750000,-766132,-348262,-146643,0,0,0,0,0,0,0
1748634472354,-18750000,-773464,-384918,-146643,0,0,0,0,0,0,0
1748634472454,-18750000,-755135,-274949,-183299,0,0,0,0,0,0,0
1748634472554,-18750000,-740473,-238293,-219959,0,0,0,0,0,0,0
1748634472654,-18750000,-766132,-183307,-183303,0,0,0,0,0,0,0
1748634472754,-18750000,-744139,-128321,-256616,0,0,0,0,0,0,0
1748634472854,-18750000,-740473,-55008,-201630,0,0,0,0,0,0,0
1748634472954,-18750000,-758801,-22,-238286,0,0,0,0,0,0,0
1748634473054,-18750000,-751470,18307,-219959,0,0,0,0,0,0,0
1748634473154,-18750000,-755135,73293,-201633,0,0,0,0,0,0,0
1748634473254,-18750000,-755135,36637,-128321,0,0,0,0,0,0,0
1748634473354,-18750000,-751469,109950,-219963,0,0,0,0,0,0,0
1748634473454,-18750000,-758801,54967,-219963,0,0,0,0,0,0,0
1748634473554,-18750000,-777129,36641,-146647,0,0,0,0,0,0,0
1748634473654,-18750000,-777129,54971,-219963,0,0,0,0,0,0,0
1748634473754,-18750000,-780794,-36671,-219963,0,0,0,0,0,0,0
1748634473854,-18750000,-766132,-109983,-219963,0,0,0,0,0,0,0
1748634473954,-18750000,-740472,-164970,-238289,0,0,0,0,0,0,0
1748634474054,-18750000,-725809,-91657,-293276,0,0,0,0,0,0,0
1748634474154,-18750000,-722143,-164970,-311602,0,0,0,0,0,0,0
1748634474254,-18750000,-722143,-73327,-293272,0,0,0,0,0,0,0
1748634474354,-18750000,-722143,-11,-201630,0,0,0,0,0,0,0
1748634474454,-18750000,-722143,54971,-128317,0,0,0,0,0,0,0
1748634474554,-18750000,-711146,-18345,-128317,0,0,0,0,0,0,0
1748634474654,-18750000,-711146,-18,-73331,0,0,0,0,0,0,0
1748634474754,-18750000,-711146,54967,-36675,0,0,0,0,0,0,0
1748634474854,-18750000,-711146,109949,18307,0,0,0,0,0,0,0
1748634474954,-18750000,-707480,91620,-18352,0,0,0,0,0,0,0
1748634475054,-18750000,-700149,36633,-22,0,0,0,0,0,0,0
1748634475154,-18750000,-703814,-36682,18303,0,0,0,0,0,0,0
1748634475254,-18750000,-714812,-73338,-18352,0,0,0,0,0,0,0
1748634475354,-18750000,-722143,-146654,-55008,0,0,0,0,0,0,0
1748634475454,-18750000,-729474,-201637,-73338,0,0,0,0,0,0,0
1748634475554,-18750000,-744137,-146651,-146654,0,0,0,0,0,0,0
1748634475654,-18750000,-744137,-183307,-146654,0,0,0,0,0,0,0
1748634475754,-18750000,-751468,-128321,-109998,0,0,0,0,0,0,0
1748634475854,-18750000,-755133,-109991,-164981,0,0,0,0,0,0,0
1748634475954,-18750000,-762464,-109991,-146651,0,0,0,0,0,0,0
1748634476054,-18750000,-766130,-55004,-164981,0,0,0,0,0,0,0
1748634476154,-18750000,-773462,18311,-183307,0,0,0,0,0,0,0
1748634476254,-18750000,-758799,91624,-164981,0,0,0,0,0,0,0
1748634476354,-18750000,-736805,73297,-183307,0,0,0,0,0,0,0
1748634476454,-18750000,-722143,91624,-201633,0,0,0,0,0,0,0
1748634476554,-18750000,-692818,73297,-164973,0,0,0,0,0,0,0
1748634476654,-18750000,-689153,-14,-183300,0,0,0,0,0,0,0
1748634476754,-18750000,-689153,-109987,-219956,0,0,0,0,0,0,0
1748634476854,-18750000,-685487,-164973,-183300,0,0,0,0,0,0,0
1748634476954,-18750000,-681822,-146643,-109987,0,0,0,0,0,0,0
1748634477054,-18750000,-692819,-164969,-15,0,0,0,0,0,0,0
1748634477154,-18750000,-674490,-183299,54967,0,0,0,0,0,0,0
1748634477254,-18750000,-685487,-201629,54967,0,0,0,0,0,0,0
1748634477354,-18750000,-718478,-128317,36637,0,0,0,0,0,0,0
1748634477454,-18750000,-711147,-128317,-18,0,0,0,0,0,0,0
1748634477554,-18750000,-718478,-73334,-18348,0,0,0,0,0,0,0
1748634477654,-18750000,-729475,-22,36633,0,0,0,0,0,0,0
1748634477754,-18750000,-740472,36633,18307,0,0,0,0,0,0,0
1748634477854,-18750000,-736806,18307,-18348,0,0,0,0,0,0,0
1748634477954,-18750000,-751469,-55008,-18348,0,0,0,0,0,0,0
1748634478054,-18750000,-755135,-109994,-55005,0,0,0,0,0,0,0
1748634478154,-18750000,-755135,-73338,-109987,0,0,0,0,0,0,0
1748634478254,-18750000,-747803,-36678,-91657,0,0,0,0,0,0,0
1748634478354,-18750000,-729475,-18348,-18345,0,0,0,0,0,0,0
1748634478454,-18750000,-744137,-36674,54967,0,0,0,0,0,0,0
1748634478554,-18750000,-751469,-73331,128279,0,0,0,0,0,0,0
1748634478654,-18750000,-736806,-146643,91623,0,0,0,0,0,0,0
1748634478754,-18750000,-729475,-128313,91623,0,0,0,0,0,0,0
1748634478854,-18750000,-755135,-73331,109950,0,0,0,0,0,0,0
1748634478954,-18750000,-740472,-14,36637,0,0,0,0,0,0,0
1748634479054,-18750000,-747803,54971,-18348,0,0,0,0,0,0,0
1748634479154,-18750000,-769797,91627,-55008,0,0,0,0,0,0,0
1748634479254,-18750000,-784460,-18345,-55008,0,0,0,0,0,0,0
1748634479354,-18750000,-795457,18311,-91664,0,0,0,0,0,0,0
1748634479454,-18750000,-784460,73293,-146651,0,0,0,0,0,0,0
1748634479554,-18750000,-788125,18307,-164977,0,0,0,0,0,0,0
1748634479654,-18750000,-784459,109949,-183303,0,0,0,0,0,0,0
1748634479754,-18750000,-758799,146606,-219963,0,0,0,0,0,0,0
1748634479854,-18750000,-755134,146606,-274950,0,0,0,0,0,0,0
1748634479954,-18750000,-773462,183262,-238293,0,0,0,0,0,0,0
1748634480054,-18750000,-788126,274904,-256623,0,0,0,0,0,0,0
1748634480154,-18750000,-773463,274904,-256623,0,0,0,0,0,0,0
1748634480254,-18750000,-755135,238248,-274953,0,0,0,0,0,0,0
1748634480354,-18750000,-766132,109950,-238297,0,0,0,0,0,0,0
1748634480454,-18750000,-791792,73293,-238297,0,0,0,0,0,0,0
1748634480554,-18750000,-795458,146610,-256627,0,0,0,0,0,0,0
1748634480654,-18750000,-810121,146610,-274957,0,0,0,0,0,0,0
1748634480754,-18750000,-824783,36637,-238297,0,0,0,0,0,0,0
1748634480854,-18750000,-813786,109953,-183311,0,0,0,0,0,0,0
1748634480954,-18750000,-810120,91623,-201637,0,0,0,0,0,0,0
1748634481054,-18750000,-780794,-18,-146651,0,0,0,0,0,0,0
1748634481154,-18750000,-784460,-36675,-91664,0,0,0,0,0,0,0
1748634481254,-18750000,-784460,18311,-55008,0,0,0,0,0,0,0
1748634481354,-18750000,-788125,-18348,-109991,0,0,0,0,0,0,0
1748634481454,-18750000,-766131,-18348,-109991,0,0,0,0,0,0,0
1748634481554,-18750000,-762465,-55005,-128317,0,0,0,0,0,0,0
1748634481654,-18750000,-758799,-109991,-91661,0,0,0,0,0,0,0
1748634481754,-18750000,-769796,-146647,-91661,0,0,0,0,0,0,0
1748634481854,-18750000,-762465,-311606,-55004,0,0,0,0,0,0,0
1748634481954,-18750000,-769796,-384918,18307,0,0,0,0,0,0,0
1748634482054,-18750000,-780794,-403248,36637,0,0,0,0,0,0,0
1748634482154,-18750000,-788126,-366592,-18348,0,0,0,0,0,0,0
1748634482254,-18750000,-810120,-348266,-91661,0,0,0,0,0,0,0
1748634482354,-18750000,-802789,-366592,-109991,0,0,0,0,0,0,0
1748634482454,-18750000,-810120,-348262,-128317,0,0,0,0,0,0,0
1748634482554,-18750000,-810120,-311606,-109991,0,0,0,0,0,0,0
1748634482654,-18750000,-802789,-293276,-91661,0,0,0,0,0,0,0
1748634482754,-18750000,-784460,-183303,-36678,0,0,0,0,0,0,0
1748634482854,-18750000,-773463,-146643,-91661,0,0,0,0,0,0,0
1748634482954,-18750000,-766132,-128313,-201633,0,0,0,0,0,0,0
1748634483054,-18750000,-777128,-91657,-219963,0,0,0,0,0,0,0
1748634483154,-18750000,-777128,-146640,-201633,0,0,0,0,0,0,0
1748634483254,-18750000,-773462,-128310,-201633,0,0,0,0,0,0,0
1748634483354,-18750000,-777128,-73323,-164977,0,0,0,0,0,0,0
1748634483454,-18750000,-784460,-109980,-109994,0,0,0,0,0,0,0
1748634483554,-18750000,-784460,-91653,-164981,0,0,0,0,0,0,0
1748634483654,-18750000,-769797,-164970,-183311,0,0,0,0,0,0,0
1748634483754,-18750000,-795457,-201626,-219967,0,0,0,0,0,0,0
1748634483854,-18750000,-821117,-164970,-146654,0,0,0,0,0,0,0
1748634483954,-18750000,-821117,-128313,-91668,0,0,0,0,0,0,0
1748634484054,-18750000,-802788,-109983,-146654,0,0,0,0,0,0,0
1748634484154,-18750000,-806453,-91657,-164984,0,0,0,0,0,0,0
1748634484254,-18750000,-795456,-73331,-164984,0,0,0,0,0,0,0
1748634484354,-18750000,-799121,-73331,-164984,0,0,0,0,0,0,0
1748634484454,-18750000,-780793,-146647,-238297,0,0,0,0,0,0,0
1748634484554,-18750000,-766130,-256616,-201637,0,0,0,0,0,0,0
1748634484654,-18750000,-777127,-146643,-201637,0,0,0,0,0,0,0
1748634484754,-18750000,-762464,-146643,-219963,0,0,0,0,0,0,0
1748634484854,-18750000,-744136,-183300,-238293,0,0,0,0,0,0,0
1748634484954,-18750000,-755133,-201629,-219963,0,0,0,0,0,0,0
1748634485054,-18750000,-758799,-238286,-238289,0,0,0,0,0,0,0
1748634485154,-18750000,-736805,-183299,-238289,0,0,0,0,0,0,0
1748634485254,-18750000,-729474,-183299,-201633,0,0,0,0,0,0,0
1748634485354,-18750000,-711146,-73331,-164977,0,0,0,0,0,0,0
1748634485454,-18750000,-707480,36641,-164977,0,0,0,0,0,0,0
1748634485554,-18750000,-718478,109953,-91664,0,0,0,0,0,0,0
1748634485654,-18750000,-725810,128280,-36678,0,0,0,0,0,0,0
1748634485754,-18750000,-725810,183262,-73338,0,0,0,0,0,0,0
1748634485854,-18750000,-725810,164932,-164981,0,0,0,0,0,0,0
1748634485954,-18750000,-725810,164932,-183311,0,0,0,0,0,0,0
1748634486054,-18750000,-703815,238245,-73342,0,0,0,0,0,0,0
1748634486154,-18750000,-703815,128272,-26,0,0,0,0,0,0,0
1748634486254,-18750000,-714812,91616,18303,0,0,0,0,0,0,0
1748634486354,-18750000,-736806,18303,-22,0,0,0,0,0,0,0
1748634486454,-18750000,-736806,18303,18307,0,0,0,0,0,0,0
1748634486554,-18750000,-758800,36633,-22,0,0,0,0,0,0,0
1748634486654,-18750000,-758800,36633,-91665,0,0,0,0,0,0,0
1748634486754,-18750000,-784459,18307,-22,0,0,0,0,0,0,0
1748634486854,-18750000,-784459,73293,-18348,0,0,0,0,0,0,0
1748634486954,-18750000,-780794,73293,-36675,0,0,0,0,0,0,0
1748634487054,-18750000,-795456,-109991,-36675,0,0,0,0,0,0,0
1748634487154,-18750000,-795456,-109991,-55005,0,0,0,0,0,0,0
1748634487254,-18750000,-806453,54967,-18348,0,0,0,0,0,0,0
1748634487354,-18750000,-810119,54967,-22,0,0,0,0,0,0,0
1748634487454,-18750000,-791791,-18348,18303,0,0,0,0,0,0,0
1748634487554,-18750000,-791791,-128321,-73338,0,0,0,0,0,0,0
1748634487654,-18750000,-795457,-128321,-73338,0,0,0,0,0,0,0
1748634487754,-18750000,-777128,-109991,-109994,0,0,0,0,0,0,0
1748634487854,-18750000,-758800,-109991,-109994,0,0,0,0,0,0,0
1748634487954,-18750000,-769797,-128321,-36682,0,0,0,0,0,0,0
1748634488054,-18750000,-751469,36633,-26,0,0,0,0,0,0,0
1748634488154,-18750000,-744137,109950,-26,0,0,0,0,0,0,0
1748634488254,-18750000,-744137,18307,-26,0,0,0,0,0,0,0
1748634488354,-18750000,-747803,54963,-26,0,0,0,0,0,0,0
1748634488454,-18750000,-769797,183266,-73338,0,0,0,0,0,0,0
1748634488554,-18750000,-762466,183266,-73338,0,0,0,0,0,0,0
1748634488654,-18750000,-755134,219922,-73338,0,0,0,0,0,0,0
1748634488754,-18750000,-751469,183266,-22,0,0,0,0,0,0,0
1748634488854,-18750000,-766132,219922,-36678,0,0,0,0,0,0,0
1748634488954,-18750000,-762466,238252,-146651,0,0,0,0,0,0,0
1748634489054,-18750000,-762466,183266,-146651,0,0,0,0,0,0,0
1748634489154,-18750000,-780794,201592,-164977,0,0,0,0,0,0,0
1748634489254,-18750000,-758801,128276,-201633,0,0,0,0,0,0,0
1748634489354,-18750000,-736807,91619,-293276,0,0,0,0,0,0,0
1748634489454,-18750000,-733141,91619,-348262,0,0,0,0,0,0,0
1748634489554,-18750000,-740472,54963,-366592,0,0,0,0,0,0,0
1748634489654,-18750000,-725810,-18348,-311606,0,0,0,0,0,0,0
1748634489754,-18750000,-740472,-36678,-329936,0,0,0,0,0,0,0
1748634489854,-18750000,-722144,-109991,-329936,0,0,0,0,0,0,0
1748634489954,-18750000,-703815,-183307,-293276,0,0,0,0,0,0,0
1748634490054,-18750000,-703815,-201633,-311602,0,0,0,0,0,0,0
1748634490154,-18750000,-700150,-219960,-274946,0,0,0,0,0,0,0
1748634490254,-18750000,-707481,-146643,-293276,0,0,0,0,0,0,0
1748634490354,-18750000,-722144,-146643,-274946,0,0,0,0,0,0,0
1748634490454,-18750000,-733141,-164973,-274946,0,0,0,0,0,0,0
1748634490554,-18750000,-722144,-201633,-238286,0,0,0,0,0,0,0
1748634490654,-18750000,-729475,-183303,-293272,0,0,0,0,0,0,0
1748634490754,-18750000,-714812,-183303,-311598,0,0,0,0,0,0,0
1748634490854,-18750000,-711146,-91661,-274942,0,0,0,0,0,0,0
1748634490954,-18750000,-744137,-18,-274942,0,0,0,0,0,0,0
1748634491054,-18750000,-762466,-73335,-256616,0,0,0,0,0,0,0
1748634491154,-18750000,-755134,-73335,-274946,0,0,0,0,0,0,0
1748634491254,-18750000,-769796,-91664,-238286,0,0,0,0,0,0,0
1748634491354,-18750000,-762465,-73335,-219959,0,0,0,0,0,0,0
1748634491454,-18750000,-747802,-18348,-146643,0,0,0,0,0,0,0
1748634491554,-18750000,-758799,54967,-164973,0,0,0,0,0,0,0
1748634491654,-18750000,-784459,109949,-128313,0,0,0,0,0,0,0
1748634491754,-18750000,-806453,128279,-91657,0,0,0,0,0,0,0
1748634491854,-18750000,-806453,73293,-73331,0,0,0,0,0,0,0
1748634491954,-18750000,-802787,73293,-18348,0,0,0,0,0,0,0
1748634492054,-18750000,-791790,146609,-18348,0,0,0,0,0,0,0
1748634492154,-18750000,-791790,73293,-73335,0,0,0,0,0,0,0
1748634492254,-18750000,-788125,54967,-73335,0,0,0,0,0,0,0
1748634492354,-18750000,-788125,36637,-91661,0,0,0,0,0,0,0
1748634492454,-18750000,-795457,-36678,-109991,0,0,0,0,0,0,0
1748634492554,-18750000,-795457,-36678,-91661,0,0,0,0,0,0,0
1748634492654,-18750000,-773463,-91661,-91661,0,0,0,0,0,0,0
1748634492754,-18750000,-755135,-91661,-73334,0,0,0,0,0,0,0
1748634492854,-18750000,-769797,-128317,-146647,0,0,0,0,0,0,0
1748634492954,-18750000,-744137,-219960,-256616,0,0,0,0,0,0,0
1748634493054,-18750000,-755135,-293276,-256616,0,0,0,0,0,0,0
1748634493154,-18750000,-769798,-238290,-238286,0,0,0,0,0,0,0
1748634493254,-18750000,-766132,-256620,-238286,0,0,0,0,0,0,0
1748634493354,-18750000,-766132,-219963,-274946,0,0,0,0,0,0,0
1748634493454,-18750000,-747803,-183303,-274946,0,0,0,0,0,0,0
1748634493554,-18750000,-744137,-201633,-238289,0,0,0,0,0,0,0
1748634493654,-18750000,-755135,-238293,-183307,0,0,0,0,0,0,0
1748634493754,-18750000,-773463,-311609,-238289,0,0,0,0,0,0,0
1748634493854,-18750000,-791792,-348269,-183303,0,0,0,0,0,0,0
1748634493954,-18750000,-799123,-348269,-91661,0,0,0,0,0,0,0
1748634494054,-18750000,-773463,-366596,-91661,0,0,0,0,0,0,0
1748634494154,-18750000,-766132,-329939,-55005,0,0,0,0,0,0,0
1748634494254,-18750000,-780794,-329939,-91665,0,0,0,0,0,0,0
1748634494354,-18750000,-777128,-348266,-91665,0,0,0,0,0,0,0
1748634494454,-18750000,-802788,-311610,-109991,0,0,0,0,0,0,0
1748634494554,-18750000,-821117,-329936,-164977,0,0,0,0,0,0,0
1748634494654,-18750000,-828448,-238293,-256620,0,0,0,0,0,0,0
1748634494754,-18750000,-828448,-128321,-293280,0,0,0,0,0,0,0
1748634494854,-18750000,-802788,-55005,-329936,0,0,0,0,0,0,0
1748634494954,-18750000,-806453,18311,-366592,0,0,0,0,0,0,0
1748634495054,-18750000,-832113,109953,-384918,0,0,0,0,0,0,0
1748634495154,-18750000,-821116,18311,-384918,0,0,0,0,0,0,0
1748634495254,-18750000,-806453,91623,-348258,0,0,0,0,0,0,0
1748634495354,-18750000,-802788,128279,-348258,0,0,0,0,0,0,0
1748634495454,-18750000,-780793,146606,-329932,0,0,0,0,0,0,0
1748634495554,-18750000,-762465,183262,-238289,0,0,0,0,0,0,0
1748634495654,-18750000,-736805,183262,-128317,0,0,0,0,0,0,0
1748634495754,-18750000,-733140,73289,-36674,0,0,0,0,0,0,0
1748634495854,-18750000,-736806,73289,-55004,0,0,0,0,0,0,0
1748634495954,-18750000,-747803,91616,-55004,0,0,0,0,0,0,0
1748634496054,-18750000,-736806,91616,-55004,0,0,0,0,0,0,0
1748634496154,-18750000,-736806,128276,-91661,0,0,0,0,0,0,0
1748634496254,-18750000,-736806,128276,-91661,0,0,0,0,0,0,0
1748634496354,-18750000,-736806,54963,-18,0,0,0,0,0,0,0
1748634496454,-18750000,-762466,-18,-36675,0,0,0,0,0,0,0
1748634496554,-18750000,-773463,-18,-128317,0,0,0,0,0,0,0
1748634496654,-18750000,-788126,18311,-201630,0,0,0,0,0,0,0
1748634496754,-18750000,-780794,91627,-274942,0,0,0,0,0,0,0
1748634496854,-18750000,-780794,18311,-238286,0,0,0,0,0,0,0
1748634496954,-18750000,-773462,18311,-183303,0,0,0,0,0,0,0
1748634497054,-18750000,-788126,36637,-128321,0,0,0,0,0,0,0
1748634497154,-18750000,-791791,-22,-73335,0,0,0,0,0,0,0
1748634497254,-18750000,-788125,-73335,-55008,0,0,0,0,0,0,0
1748634497354,-18750000,-799122,-91665,-128321,0,0,0,0,0,0,0
1748634497454,-18750000,-773462,-36682,-91664,0,0,0,0,0,0,0
1748634497554,-18750000,-769797,-26,-55008,0,0,0,0,0,0,0
1748634497654,-18750000,-784460,-18356,-36682,0,0,0,0,0,0,0
1748634497754,-18750000,-795457,18300,-55012,0,0,0,0,0,0,0
1748634497854,-18750000,-799122,73286,-18356,0,0,0,0,0,0,0
1748634497954,-18750000,-802788,-26,-91668,0,0,0,0,0,0,0
1748634498054,-18750000,-777128,-55008,-128324,0,0,0,0,0,0,0
1748634498154,-18750000,-780794,18307,-164981,0,0,0,0,0,0,0
1748634498254,-18750000,-777129,36637,-183307,0,0,0,0,0,0,0
1748634498354,-18750000,-777129,-18,-146651,0,0,0,0,0,0,0
1748634498454,-18750000,-791792,-55001,-128321,0,0,0,0,0,0,0
1748634498554,-18750000,-784460,-91657,-128321,0,0,0,0,0,0,0
1748634498654,-18750000,-758801,-183300,-91664,0,0,0,0,0,0,0
1748634498754,-18750000,-747803,-256612,-36678,0,0,0,0,0,0,0
1748634498854,-18750000,-751469,-274938,-91661,0,0,0,0,0,0,0
1748634498954,-18750000,-758801,-219952,-109991,0,0,0,0,0,0,0
1748634499054,-18750000,-773463,-164970,-164977,0,0,0,0,0,0,0
1748634499154,-18750000,-769797,-201626,-201637,0,0,0,0,0,0,0
1748634499254,-18750000,-766131,-219956,-146654,0,0,0,0,0,0,0
1748634499354,-18750000,-755134,-73327,-146654,0,0,0,0,0,0,0
1748634499454,-18750000,-747802,-73327,-146654,0,0,0,0,0,0,0
1748634499554,-18750000,-755134,-73327,-164981,0,0,0,0,0,0,0
1748634499654,-18750000,-762465,-36667,-201637,0,0,0,0,0,0,0
1748634499754,-18750000,-762465,-36667,-219963,0,0,0,0,0,0,0
1748634499854,-18750000,-769796,-18341,-219963,0,0,0,0,0,0,0
1748634499954,-18750000,-747802,-109983,-238289,0,0,0,0,0,0,0
1748634500054,-18750000,-751468,-109983,-146647,0,0,0,0,0,0,0
1748634500154,-18750000,-747803,-109983,-146647,0,0,0,0,0,0,0
1748634500254,-18750000,-751469,-36671,-164973,0,0,0,0,0,0,0
1748634500354,-18750000,-762466,-109987,-183300,0,0,0,0,0,0,0
1748634500454,-18750000,-755135,-73331,-201629,0,0,0,0,0,0,0
1748634500554,-18750000,-758800,-109987,-238289,0,0,0,0,0,0,0
1748634500654,-18750000,-762466,-109987,-238289,0,0,0,0,0,0,0
1748634500754,-18750000,-777129,-146647,-183307,0,0,0,0,0,0,0
1748634500854,-18750000,-755135,-73331,-146651,0,0,0,0,0,0,0
1748634500954,-18750000,-751470,36637,-55008,0,0,0,0,0,0,0
1748634501054,-18750000,-744138,36637,-73335,0,0,0,0,0,0,0
1748634501154,-18750000,-751469,91620,-55005,0,0,0,0,0,0,0
1748634501254,-18750000,-755135,73293,-36678,0,0,0,0,0,0,0
1748634501354,-18750000,-744137,73293,-22,0,0,0,0,0,0,0
1748634501454,-18750000,-751469,36637,-18348,0,0,0,0,0,0,0
1748634501554,-18750000,-729475,-18348,73293,0,0,0,0,0,0,0
1748634501654,-18750000,-733141,-36678,54967,0,0,0,0,0,0,0
1748634501754,-18750000,-722144,36637,36641,0,0,0,0,0,0,0
1748634501854,-18750000,-740472,-22,54967,0,0,0,0,0,0,0
1748634501954,-18750000,-755135,-36678,-18,0,0,0,0,0,0,0
1748634502054,-18750000,-755135,-146647,-36675,0,0,0,0,0,0,0
1748634502154,-18750000,-769797,-109987,-55005,0,0,0,0,0,0,0
1748634502254,-18750000,-766132,-73331,-55005,0,0,0,0,0,0,0
1748634502354,-18750000,-777129,-146643,-55005,0,0,0,0,0,0,0
1748634502454,-18750000,-769798,-201629,-55005,0,0,0,0,0,0,0
1748634502554,-18750000,-758801,-201629,-128317,0,0,0,0,0,0,0
1748634502654,-18750000,-744137,-91657,-128317,0,0,0,0,0,0,0
1748634502754,-18750000,-729475,-146643,-128317,0,0,0,0,0,0,0
1748634502854,-18750000,-725809,-109983,-164973,0,0,0,0,0,0,0
1748634502954,-18750000,-725809,-146639,-146643,0,0,0,0,0,0,0
1748634503054,-18750000,-725809,-128313,-128317,0,0,0,0,0,0,0
1748634503154,-18750000,-707480,-201629,-55001,0,0,0,0,0,0,0
1748634503254,-18750000,-722143,-219959,-91657,0,0,0,0,0,0,0
1748634503354,-18750000,-718477,-91661,-164973,0,0,0,0,0,0,0
1748634503454,-18750000,-736805,-55004,-146647,0,0,0,0,0,0,0
1748634503554,-18750000,-747803,-18,-109991,0,0,0,0,0,0,0
1748634503654,-18750000,-758800,-55005,-164977,0,0,0,0,0,0,0
1748634503754,-18750000,-769796,-18348,-164977,0,0,0,0,0,0,0
1748634503854,-18750000,-777128,-18348,-164977,0,0,0,0,0,0,0
1748634503954,-18750000,-762465,54963,-128321,0,0,0,0,0,0,0
1748634504054,-18750000,-773462,164936,-109991,0,0,0,0,0,0,0
1748634504154,-18750000,-788126,183266,-128321,0,0,0,0,0,0,0
1748634504254,-18750000,-791792,164939,-91664,0,0,0,0,0,0,0
1748634504354,-18750000,-784460,54967,-18348,0,0,0,0,0,0,0
1748634504454,-18750000,-791792,36637,-18348,0,0,0,0,0,0,0
1748634504554,-18750000,-795457,54963,-18,0,0,0,0,0,0,0
1748634504654,-18750000,-799123,18307,54967,0,0,0,0,0,0,0
1748634504754,-18750000,-806455,91623,18311,0,0,0,0,0,0,0
1748634504854,-18750000,-799124,18307,54967,0,0,0,0,0,0,0
1748634504954,-18750000,-824783,73293,-18348,0,0,0,0,0,0,0
1748634505054,-18750000,-832115,-36678,-18348,0,0,0,0,0,0,0
1748634505154,-18750000,-832115,-18352,-18,0,0,0,0,0,0,0
1748634505254,-18750000,-810120,-36682,-36675,0,0,0,0,0,0,0
1748634505354,-18750000,-817451,54960,-73331,0,0,0,0,0,0,0
1748634505454,-18750000,-791792,146602,-146643,0,0,0,0,0,0,0
1748634505554,-18750000,-791792,128276,-183300,0,0,0,0,0,0,0
1748634505654,-18750000,-777128,146602,-146643,0,0,0,0,0,0,0
1748634505754,-18750000,-758800,36630,-128317,0,0,0,0,0,0,0
1748634505854,-18750000,-755134,128272,-164973,0,0,0,0,0,0,0
1748634505954,-18750000,-725808,91616,-91657,0,0,0,0,0,0,0
1748634506054,-18750000,-718477,256575,-146643,0,0,0,0,0,0,0
1748634506154,-18750000,-692817,201592,-183299,0,0,0,0,0,0,0
1748634506254,-18750000,-700148,164936,-164970,0,0,0,0,0,0,0
1748634506354,-18750000,-685486,109953,-146643,0,0,0,0,0,0,0
1748634506454,-18750000,-711146,109953,-73331,0,0,0,0,0,0,0
1748634506554,-18750000,-718477,164936,-36675,0,0,0,0,0,0,0
1748634506654,-18750000,-729474,128279,-55004,0,0,0,0,0,0,0
1748634506754,-18750000,-751468,109949,-73331,0,0,0,0,0,0,0
1748634506854,-18750000,-744137,-18,-73331,0,0,0,0,0,0,0
1748634506954,-18750000,-755134,-36675,-55004,0,0,0,0,0,0,0
1748634507054,-18750000,-755134,-73331,-91661,0,0,0,0,0,0,0
1748634507154,-18750000,-769796,-91661,-91661,0,0,0,0,0,0,0
1748634507254,-18750000,-780794,-18348,-91661,0,0,0,0,0,0,0
1748634507354,-18750000,-784459,-55008,-36674,0,0,0,0,0,0,0
1748634507454,-18750000,-766130,-55008,-55001,0,0,0,0,0,0,0
1748634507554,-18750000,-758799,-109991,-73331,0,0,0,0,0,0,0
1748634507654,-18750000,-755133,-36678,-128317,0,0,0,0,0,0,0
1748634507754,-18750000,-751468,-18,-91661,0,0,0,0,0,0,0
1748634507854,-18750000,-766131,-18,-146647,0,0,0,0,0,0,0
1748634507954,-18750000,-777128,-91661,-183303,0,0,0,0,0,0,0
1748634508054,-18750000,-766131,-219963,-128317,0,0,0,0,0,0,0
1748634508154,-18750000,-773462,-164977,-91661,0,0,0,0,0,0,0
1748634508254,-18750000,-769797,-274946,-109991,0,0,0,0,0,0,0
1748634508354,-18750000,-780794,-183303,-128321,0,0,0,0,0,0,0
1748634508454,-18750000,-780794,-146643,-146651,0,0,0,0,0,0,0
1748634508554,-18750000,-777129,-128317,-109995,0,0,0,0,0,0,0
1748634508654,-18750000,-795458,-128317,-128321,0,0,0,0,0,0,0
1748634508754,-18750000,-777129,-55004,-164977,0,0,0,0,0,0,0
1748634508854,-18750000,-784460,-91664,-146647,0,0,0,0,0,0,0
1748634508954,-18750000,-784460,-18352,-164973,0,0,0,0,0,0,0
1748634509054,-18750000,-773464,73290,-201633,0,0,0,0,0,0,0
1748634509154,-18750000,-766133,73290,-256619,0,0,0,0,0,0,0
1748634509254,-18750000,-747804,183258,-219963,0,0,0,0,0,0,0
1748634509354,-18750000,-751470,128276,-311606,0,0,0,0,0,0,0
1748634509454,-18750000,-744139,-18352,-274949,0,0,0,0,0,0,0
1748634509554,-18750000,-766133,-18352,-311606,0,0,0,0,0,0,0
1748634509654,-18750000,-729476,-22,-256619,0,0,0,0,0,0,0
1748634509754,-18750000,-744139,-18352,-274949,0,0,0,0,0,0,0
1748634509854,-18750000,-733142,18307,-238293,0,0,0,0,0,0,0
1748634509954,-18750000,-725810,128280,-183311,0,0,0,0,0,0,0
1748634510054,-18750000,-725810,128280,-201637,0,0,0,0,0,0,0
1748634510154,-18750000,-725810,183266,-219967,0,0,0,0,0,0,0
1748634510254,-18750000,-736806,146610,-256623,0,0,0,0,0,0,0
1748634510354,-18750000,-718478,164936,-256623,0,0,0,0,0,0,0
1748634510454,-18750000,-718478,219922,-274949,0,0,0,0,0,0,0
1748634510554,-18750000,-703815,311565,-274949,0,0,0,0,0,0,0
1748634510654,-18750000,-711146,256578,-219967,0,0,0,0,0,0,0
1748634510754,-18750000,-696484,238252,-256623,0,0,0,0,0,0,0
1748634510854,-18750000,-711146,293235,-274949,0,0,0,0,0,0,0
1748634510954,-18750000,-718478,91620,-329932,0,0,0,0,0,0,0
1748634511054,-18750000,-725810,128280,-256619,0,0,0,0,0,0,0
1748634511154,-18750000,-718478,146606,-238289,0,0,0,0,0,0,0
1748634511254,-18750000,-711147,128280,-183303,0,0,0,0,0,0,0
1748634511354,-18750000,-714812,164936,-146643,0,0,0,0,0,0,0
1748634511454,-18750000,-714812,183262,-91661,0,0,0,0,0,0,0
1748634511554,-18750000,-733141,109950,-146647,0,0,0,0,0,0,0
1748634511654,-18750000,-751469,91623,-183303,0,0,0,0,0,0,0
1748634511754,-18750000,-777129,128280,-128317,0,0,0,0,0,0,0
1748634511854,-18750000,-762466,128280,-109991,0,0,0,0,0,0,0
1748634511954,-18750000,-766132,183266,-109991,0,0,0,0,0,0,0
1748634512054,-18750000,-777129,109950,-109991,0,0,0,0,0,0,0
1748634512154,-18750000,-788126,18307,-73334,0,0,0,0,0,0,0
1748634512254,-18750000,-799124,91620,-109991,0,0,0,0,0,0,0
1748634512354,-18750000,-824783,18307,-55008,0,0,0,0,0,0,0
1748634512454,-18750000,-817452,-55004,-164977,0,0,0,0,0,0,0
1748634512554,-18750000,-802789,-91661,-109991,0,0,0,0,0,0,0
1748634512654,-18750000,-810120,-73334,-73334,0,0,0,0,0,0,0
1748634512754,-18750000,-802789,-128321,-18352,0,0,0,0,0,0,0
1748634512854,-18750000,-802789,-183303,18303,0,0,0,0,0,0,0
1748634512954,-18750000,-802789,-183303,36630,0,0,0,0,0,0,0
1748634513054,-18750000,-791792,-128317,-18356,0,0,0,0,0,0,0
1748634513154,-18750000,-780794,-109987,-55012,0,0,0,0,0,0,0
1748634513254,-18750000,-795457,-128317,-146654,0,0,0,0,0,0,0
1748634513354,-18750000,-777128,-36674,-146654,0,0,0,0,0,0,0
1748634513454,-18750000,-791791,54967,-91668,0,0,0,0,0,0,0
1748634513554,-18750000,-791791,91623,-91668,0,0,0,0,0,0,0
1748634513654,-18750000,-788125,91623,-164981,0,0,0,0,0,0,0
1748634513754,-18750000,-791790,128279,-256623,0,0,0,0,0,0,0
1748634513854,-18750000,-802787,164936,-293279,0,0,0,0,0,0,0
1748634513954,-18750000,-788125,109949,-256623,0,0,0,0,0,0,0
1748634514054,-18750000,-795456,36637,-219963,0,0,0,0,0,0,0
1748634514154,-18750000,-810119,-18,-201633,0,0,0,0,0,0,0
1748634514254,-18750000,-795456,18311,-91664,0,0,0,0,0,0,0
1748634514354,-18750000,-802788,-36675,-128321,0,0,0,0,0,0,0
1748634514454,-18750000,-813785,-73331,-91664,0,0,0,0,0,0,0
1748634514554,-18750000,-810120,-55004,-146651,0,0,0,0,0,0,0
1748634514654,-18750000,-810120,-109991,-164981,0,0,0,0,0,0,0
1748634514754,-18750000,-802789,-109991,-164981,0,0,0,0,0,0,0
1748634514854,-18750000,-788126,-164977,-219967,0,0,0,0,0,0,0
1748634514954,-18750000,-791791,-73334,-256623,0,0,0,0,0,0,0
1748634515054,-18750000,-784460,-109994,-219967,0,0,0,0,0,0,0
1748634515154,-18750000,-773462,-109994,-256627,0,0,0,0,0,0,0
1748634515254,-18750000,-758800,-164981,-293283,0,0,0,0,0,0,0
1748634515354,-18750000,-747803,-164981,-274953,0,0,0,0,0,0,0
1748634515454,-18750000,-744137,-183311,-329940,0,0,0,0,0,0,0
1748634515554,-18750000,-751469,-201637,-274953,0,0,0,0,0,0,0
1748634515654,-18750000,-751469,-201637,-274953,0,0,0,0,0,0,0
1748634515754,-18750000,-766131,-238293,-256623,0,0,0,0,0,0,0
1748634515854,-18750000,-762466,-91664,-164981,0,0,0,0,0,0,0
1748634515954,-18750000,-758801,-18348,-201637,0,0,0,0,0,0,0
1748634516054,-18750000,-755135,36637,-238293,0,0,0,0,0,0,0
1748634516154,-18750000,-751469,54963,-201633,0,0,0,0,0,0,0
1748634516254,-18750000,-755134,36637,-219960,0,0,0,0,0,0,0
1748634516354,-18750000,-762466,36637,-201633,0,0,0,0,0,0,0
1748634516454,-18750000,-744137,128280,-146647,0,0,0,0,0,0,0
1748634516554,-18750000,-740471,146606,-183303,0,0,0,0,0,0,0
1748634516654,-18750000,-722143,238248,-128317,0,0,0,0,0,0,0
1748634516754,-18750000,-696483,238248,-109987,0,0,0,0,0,0,0
1748634516854,-18750000,-692817,164932,-109987,0,0,0,0,0,0,0
1748634516954,-18750000,-689151,36630,-128317,0,0,0,0,0,0,0
1748634517054,-18750000,-711145,109946,-91661,0,0,0,0,0,0,0
1748634517154,-18750000,-722143,109946,-91661,0,0,0,0,0,0,0
1748634517254,-18750000,-736806,128272,-36678,0,0,0,0,0,0,0
1748634517354,-18750000,-740472,164928,-55005,0,0,0,0,0,0,0
1748634517454,-18750000,-747803,128272,-91661,0,0,0,0,0,0,0
1748634517554,-18750000,-740472,73290,-73331,0,0,0,0,0,0,0
1748634517654,-18750000,-736807,73290,-91657,0,0,0,0,0,0,0
1748634517754,-18750000,-736807,91620,-36675,0,0,0,0,0,0,0
1748634517854,-18750000,-744138,91620,-36675,0,0,0,0,0,0,0
1748634517954,-18750000,-751469,256578,54967,0,0,0,0,0,0,0
1748634518054,-18750000,-747803,183262,54967,0,0,0,0,0,0,0
1748634518154,-18750000,-755135,183262,54967,0,0,0,0,0,0,0
1748634518254,-18750000,-736806,238248,-15,0,0,0,0,0,0,0
1748634518354,-18750000,-744137,201592,-36671,0,0,0,0,0,0,0
1748634518454,-18750000,-747803,219918,18311,0,0,0,0,0,0,0
1748634518554,-18750000,-755134,238245,36637,0,0,0,0,0,0,0
1748634518654,-18750000,-755134,274905,73293,0,0,0,0,0,0,0
1748634518754,-18750000,-769797,274905,-18348,0,0,0,0,0,0,0
1748634518854,-18750000,-758801,219922,-55005,0,0,0,0,0,0,0
1748634518954,-18750000,-769798,91623,-109987,0,0,0,0,0,0,0
1748634519054,-18750000,-758801,128280,-128317,0,0,0,0,0,0,0
1748634519154,-18750000,-758801,183266,-73334,0,0,0,0,0,0,0
1748634519254,-18750000,-777129,128280,-73334,0,0,0,0,0,0,0
1748634519354,-18750000,-766132,238252,-73334,0,0,0,0,0,0,0
1748634519454,-18750000,-762467,238252,-164977,0,0,0,0,0,0,0
1748634519554,-18750000,-773464,238252,-183303,0,0,0,0,0,0,0
1748634519654,-18750000,-784460,164936,-219959,0,0,0,0,0,0,0
1748634519754,-18750000,-769797,128280,-183299,0,0,0,0,0,0,0
1748634519854,-18750000,-780794,146606,-164970,0,0,0,0,0,0,0
1748634519954,-18750000,-773462,128276,-219956,0,0,0,0,0,0,0
1748634520054,-18750000,-784460,128276,-219956,0,0,0,0,0,0,0
1748634520154,-18750000,-784460,91620,-311598,0,0,0,0,0,0,0
1748634520254,-18750000,-780794,54963,-293272,0,0,0,0,0,0,0
1748634520354,-18750000,-769796,-22,-256616,0,0,0,0,0,0,0
1748634520454,-18750000,-762465,36637,-219956,0,0,0,0,0,0,0
1748634520554,-18750000,-755134,73293,-201629,0,0,0,0,0,0,0
1748634520654,-18750000,-766131,54967,-201629,0,0,0,0,0,0,0
1748634520754,-18750000,-780794,54967,-238289,0,0,0,0,0,0,0
1748634520854,-18750000,-780794,91623,-274946,0,0,0,0,0,0,0
1748634520954,-18750000,-795457,128280,-219959,0,0,0,0,0,0,0
1748634521054,-18750000,-791792,128280,-219959,0,0,0,0,0,0,0
1748634521154,-18750000,-788126,128280,-146643,0,0,0,0,0,0,0
1748634521254,-18750000,-795457,109950,-91657,0,0,0,0,0,0,0
1748634521354,-18750000,-802788,164936,-109987,0,0,0,0,0,0,0
1748634521454,-18750000,-824782,146606,-109987,0,0,0,0,0,0,0
1748634521554,-18750000,-832113,91623,-128313,0,0,0,0,0,0,0
1748634521654,-18750000,-828448,146606,-109987,0,0,0,0,0,0,0
1748634521754,-18750000,-813785,164932,-55001,0,0,0,0,0,0,0
1748634521854,-18750000,-806453,109950,-18,0,0,0,0,0,0,0
1748634521954,-18750000,-802788,109950,54963,0,0,0,0,0,0,0
1748634522054,-18750000,-788125,146610,18307,0,0,0,0,0,0,0
1748634522154,-18750000,-773462,109953,-36678,0,0,0,0,0,0,0
1748634522254,-18750000,-766131,201596,-73334,0,0,0,0,0,0,0
1748634522354,-18750000,-773463,36637,-109991,0,0,0,0,0,0,0
1748634522454,-18750000,-769798,-91661,-91664,0,0,0,0,0,0,0
1748634522554,-18750000,-758801,-73334,-18352,0,0,0,0,0,0,0
1748634522654,-18750000,-751469,-164977,-18352,0,0,0,0,0,0,0
1748634522754,-18750000,-758800,-146647,-22,0,0,0,0,0,0,0
1748634522854,-18750000,-769797,-91664,-55005,0,0,0,0,0,0,0
1748634522954,-18750000,-755134,-55008,-164973,0,0,0,0,0,0,0
1748634523054,-18750000,-773462,-55008,-91661,0,0,0,0,0,0,0
1748634523154,-18750000,-773462,-26,-36675,0,0,0,0,0,0,0
1748634523254,-18750000,-777128,-18352,-73331,0,0,0,0,0,0,0
1748634523354,-18750000,-766131,91620,-55001,0,0,0,0,0,0,0
1748634523454,-18750000,-758799,164932,-91657,0,0,0,0,0,0,0
1748634523554,-18750000,-758799,274904,-164970,0,0,0,0,0,0,0
1748634523654,-18750000,-766131,348221,-201626,0,0,0,0,0,0,0
1748634523754,-18750000,-773463,348221,-201626,0,0,0,0,0,0,0
1748634523854,-18750000,-762466,293238,-201626,0,0,0,0,0,0,0
1748634523954,-18750000,-755135,219926,-146640,0,0,0,0,0,0,0
1748634524054,-18750000,-733141,128283,-128310,0,0,0,0,0,0,0
1748634524154,-18750000,-755135,73301,-238282,0,0,0,0,0,0,0
1748634524254,-18750000,-736806,91627,-274942,0,0,0,0,0,0,0
1748634524354,-18750000,-733140,36641,-274942,0,0,0,0,0,0,0
1748634524454,-18750000,-747803,164939,-256612,0,0,0,0,0,0,0
1748634524554,-18750000,-769798,36641,-256612,0,0,0,0,0,0,0
1748634524654,-18750000,-773463,18311,-256612,0,0,0,0,0,0,0
1748634524754,-18750000,-755135,-18344,-293268,0,0,0,0,0,0,0
1748634524854,-18750000,-758801,-18344,-256612,0,0,0,0,0,0,0
1748634524954,-18750000,-780795,18311,-311598,0,0,0,0,0,0,0
1748634525054,-18750000,-799124,18311,-421571,0,0,0,0,0,0,0
1748634525154,-18750000,-766133,54967,-366585,0,0,0,0,0,0,0
1748634525254,-18750000,-788126,73297,-348255,0,0,0,0,0,0,0
1748634525354,-18750000,-806455,91627,-329928,0,0,0,0,0,0,0
1748634525454,-18750000,-788126,-91657,-366588,0,0,0,0,0,0,0
1748634525554,-18750000,-751469,-91657,-311606,0,0,0,0,0,0,0
1748634525654,-18750000,-733141,-55001,-293276,0,0,0,0,0,0,0
1748634525754,-18750000,-747803,-109987,-238293,0,0,0,0,0,0,0
1748634525854,-18750000,-740472,-128317,-219967,0,0,0,0,0,0,0
1748634525954,-18750000,-718478,-73331,-128325,0,0,0,0,0,0,0
1748634526054,-18750000,-718478,-18348,-128325,0,0,0,0,0,0,0
1748634526154,-18750000,-736806,-22,-128325,0,0,0,0,0,0,0
1748634526254,-18750000,-714812,-146651,-109995,0,0,0,0,0,0,0
1748634526354,-18750000,-707481,-128324,-128321,0,0,0,0,0,0,0
1748634526454,-18750000,-714812,-109994,-73335,0,0,0,0,0,0,0
1748634526554,-18750000,-740472,-91668,-183303,0,0,0,0,0,0,0
1748634526654,-18750000,-755135,-109994,-201633,0,0,0,0,0,0,0
1748634526754,-18750000,-769798,-36682,-201633,0,0,0,0,0,0,0
1748634526854,-18750000,-773463,18303,-293276,0,0,0,0,0,0,0
1748634526954,-18750000,-799123,-26,-293276,0,0,0,0,0,0,0
1748634527054,-18750000,-795457,-36682,-201633,0,0,0,0,0,0,0
1748634527154,-18750000,-788126,-91664,-201633,0,0,0,0,0,0,0
1748634527254,-18750000,-813785,-55008,-256619,0,0,0,0,0,0,0
1748634527354,-18750000,-817451,-91664,-256619,0,0,0,0,0,0,0
1748634527454,-18750000,-813785,-18352,-274946,0,0,0,0,0,0,0
1748634527554,-18750000,-824783,-36678,-164977,0,0,0,0,0,0,0
1748634527654,-18750000,-821117,-36678,-146647,0,0,0,0,0,0,0
1748634527754,-18750000,-810120,-55005,-146647,0,0,0,0,0,0,0
1748634527854,-18750000,-824783,-91661,-73331,0,0,0,0,0,0,0
1748634527954,-18750000,-821118,-128317,-91661,0,0,0,0,0,0,0
1748634528054,-18750000,-824784,-128317,-128317,0,0,0,0,0,0,0
1748634528154,-18750000,-839447,-128317,-73331,0,0,0,0,0,0,0
1748634528254,-18750000,-835781,-36674,18311,0,0,0,0,0,0,0
1748634528354,-18750000,-835781,-91661,18311,0,0,0,0,0,0,0
1748634528454,-18750000,-839447,-164973,36637,0,0,0,0,0,0,0
1748634528554,-18750000,-810121,-128317,-55005,0,0,0,0,0,0,0
1748634528654,-18750000,-806455,-109991,-36678,0,0,0,0,0,0,0
1748634528754,-18750000,-788126,-55008,-36678,0,0,0,0,0,0,0
1748634528854,-18750000,-773463,-18352,-18352,0,0,0,0,0,0,0
1748634528954,-18750000,-755135,-36678,-73338,0,0,0,0,0,0,0
1748634529054,-18750000,-740471,-109991,-91665,0,0,0,0,0,0,0
1748634529154,-18750000,-729474,-73335,-164981,0,0,0,0,0,0,0
1748634529254,-18750000,-736805,-91661,-164981,0,0,0,0,0,0,0
1748634529354,-18750000,-740471,-55001,-183311,0,0,0,0,0,0,0
1748634529454,-18750000,-729473,18311,-128325,0,0,0,0,0,0,0
1748634529554,-18750000,-729473,18311,-109995,0,0,0,0,0,0,0
1748634529654,-18750000,-729473,-73331,-91665,0,0,0,0,0,0,0
1748634529754,-18750000,-744136,-36671,-91665,0,0,0,0,0,0,0
1748634529854,-18750000,-769796,-109987,-128321,0,0,0,0,0,0,0
1748634529954,-18750000,-769796,-128317,-109991,0,0,0,0,0,0,0
1748634530054,-18750000,-777127,-55005,-91665,0,0,0,0,0,0,0
1748634530154,-18750000,-777127,-18348,-22,0,0,0,0,0,0,0
1748634530254,-18750000,-758798,18307,-18352,0,0,0,0,0,0,0
1748634530354,-18750000,-751467,73290,36633,0,0,0,0,0,0,0
1748634530454,-18750000,-758798,18307,-73338,0,0,0,0,0,0,0
1748634530554,-18750000,-766130,-91664,-36682,0,0,0,0,0,0,0
1748634530654,-18750000,-773462,36637,-73338,0,0,0,0,0,0,0
1748634530754,-18750000,-766130,18307,-109994,0,0,0,0,0,0,0
1748634530854,-18750000,-744137,73293,-164981,0,0,0,0,0,0,0
1748634530954,-18750000,-733139,164936,-146651,0,0,0,0,0,0,0
1748634531054,-18750000,-722143,183266,-128321,0,0,0,0,0,0,0
1748634531154,-18750000,-725809,164936,-219963,0,0,0,0,0,0,0
1748634531254,-18750000,-740472,91623,-219963,0,0,0,0,0,0,0
1748634531354,-18750000,-744138,-18,-274949,0,0,0,0,0,0,0
1748634531454,-18750000,-744138,-18,-219963,0,0,0,0,0,0,0
1748634531554,-18750000,-755135,36637,-183307,0,0,0,0,0,0,0
1748634531654,-18750000,-758801,-22,-128324,0,0,0,0,0,0,0
1748634531754,-18750000,-766132,-109995,-128324,0,0,0,0,0,0,0
1748634531854,-18750000,-766132,-164981,-128324,0,0,0,0,0,0,0
1748634531954,-18750000,-795458,-293280,-164984,0,0,0,0,0,0,0
1748634532054,-18750000,-810120,-348266,-219971,0,0,0,0,0,0,0
1748634532154,-18750000,-799123,-256623,-219971,0,0,0,0,0,0,0
1748634532254,-18750000,-799123,-219967,-238297,0,0,0,0,0,0,0
1748634532354,-18750000,-802788,-219967,-219967,0,0,0,0,0,0,0
1748634532454,-18750000,-802788,-219967,-183311,0,0,0,0,0,0,0
1748634532554,-18750000,-795457,-91665,-238293,0,0,0,0,0,0,0
1748634532654,-18750000,-791792,-146647,-293276,0,0,0,0,0,0,0
1748634532754,-18750000,-799123,-18345,-366588,0,0,0,0,0,0,0
1748634532854,-18750000,-802788,-15,-311602,0,0,0,0,0,0,0
1748634532954,-18750000,-780794,73297,-201629,0,0,0,0,0,0,0
1748634533054,-18750000,-777128,36641,-164973,0,0,0,0,0,0,0
1748634533154,-18750000,-788125,-91657,-109987,0,0,0,0,0,0,0
1748634533254,-18750000,-751468,-164973,-146647,0,0,0,0,0,0,0
1748634533354,-18750000,-736805,-73331,-73334,0,0,0,0,0,0,0
1748634533454,-18750000,-729474,-18348,-183303,0,0,0,0,0,0,0
1748634533554,-18750000,-714812,-36678,-183303,0,0,0,0,0,0,0
1748634533654,-18750000,-718477,-36678,-164977,0,0,0,0,0,0,0
1748634533754,-18750000,-718477,-73338,-36678,0,0,0,0,0,0,0
1748634533854,-18750000,-711145,-55008,-55004,0,0,0,0,0,0,0
1748634533954,-18750000,-729474,-146651,-146647,0,0,0,0,0,0,0
1748634534054,-18750000,-711146,-91664,-109991,0,0,0,0,0,0,0
1748634534154,-18750000,-725809,-55008,-91661,0,0,0,0,0,0,0
1748634534254,-18750000,-755134,36633,-73331,0,0,0,0,0,0,0
1748634534354,-18750000,-751468,36633,-109987,0,0,0,0,0,0,0
1748634534454,-18750000,-766132,18307,-73331,0,0,0,0,0,0,0
1748634534554,-18750000,-795457,-22,-109991,0,0,0,0,0,0,0
1748634534654,-18750000,-784460,18303,-109991,0,0,0,0,0,0,0
1748634534754,-18750000,-769797,18303,-109991,0,0,0,0,0,0,0
1748634534854,-18750000,-769797,18303,-128321,0,0,0,0,0,0,0
1748634534954,-18750000,-773463,91620,-91665,0,0,0,0,0,0,0
1748634535054,-18750000,-788126,219918,-128321,0,0,0,0,0,0,0
1748634535154,-18750000,-773463,219918,-183307,0,0,0,0,0,0,0
1748634535254,-18750000,-762466,183262,-109994,0,0,0,0,0,0,0
1748634535354,-18750000,-788126,164936,-109994,0,0,0,0,0,0,0
1748634535454,-18750000,-791791,146606,-91664,0,0,0,0,0,0,0
1748634535554,-18750000,-784459,146606,-36678,0,0,0,0,0,0,0
1748634535654,-18750000,-799123,219922,18307,0,0,0,0,0,0,0
1748634535754,-18750000,-806454,164940,-73334,0,0,0,0,0,0,0
1748634535854,-18750000,-813785,183266,-22,0,0,0,0,0,0,0
1748634535954,-18750000,-817451,256578,36633,0,0,0,0,0,0,0
1748634536054,-18750000,-817451,73293,-22,0,0,0,0,0,0,0
1748634536154,-18750000,-791791,73293,36633,0,0,0,0,0,0,0
1748634536254,-18750000,-773462,91623,-22,0,0,0,0,0,0,0
1748634536354,-18750000,-744137,36637,-22,0,0,0,0,0,0,0
1748634536454,-18750000,-740472,36637,-22,0,0,0,0,0,0,0
1748634536554,-18750000,-729475,36637,18307,0,0,0,0,0,0,0
1748634536654,-18750000,-700149,-36678,-73335,0,0,0,0,0,0,0
1748634536754,-18750000,-689152,54963,-36678,0,0,0,0,0,0,0
1748634536854,-18750000,-689152,128280,-73334,0,0,0,0,0,0,0
1748634536954,-18750000,-663492,109950,-128317,0,0,0,0,0,0,0
1748634537054,-18750000,-652495,219918,-91661,0,0,0,0,0,0,0
1748634537154,-18750000,-667157,109950,-73331,0,0,0,0,0,0,0
1748634537254,-18750000,-681820,73293,-73331,0,0,0,0,0,0,0
1748634537354,-18750000,-703814,146606,-109987,0,0,0,0,0,0,0
1748634537454,-18750000,-689150,73293,-128317,0,0,0,0,0,0,0
1748634537554,-18750000,-670822,36637,-164973,0,0,0,0,0,0,0
1748634537654,-18750000,-689151,36637,-128317,0,0,0,0,0,0,0
1748634537754,-18750000,-703814,-55004,-164973,0,0,0,0,0,0,0
1748634537854,-18750000,-703814,-128321,-201629,0,0,0,0,0,0,0
1748634537954,-18750000,-714812,-146647,-183303,0,0,0,0,0,0,0
1748634538054,-18750000,-733140,-183303,-146647,0,0,0,0,0,0,0
1748634538154,-18750000,-751469,-73334,-201633,0,0,0,0,0,0,0
1748634538254,-18750000,-747803,-22,-219959,0,0,0,0,0,0,0
1748634538354,-18750000,-729475,-36678,-219959,0,0,0,0,0,0,0
1748634538454,-18750000,-736806,-18352,-219959,0,0,0,0,0,0,0
1748634538554,-18750000,-744137,18303,-146647,0,0,0,0,0,0,0
1748634538654,-18750000,-729475,54960,-164973,0,0,0,0,0,0,0
1748634538754,-18750000,-714812,54960,-91661,0,0,0,0,0,0,0
1748634538854,-18750000,-725809,54960,-73331,0,0,0,0,0,0,0
1748634538954,-18750000,-725809,54960,-73331,0,0,0,0,0,0,0
1748634539054,-18750000,-714812,36633,-109987,0,0,0,0,0,0,0
1748634539154,-18750000,-696483,-128321,-55001,0,0,0,0,0,0,0
1748634539254,-18750000,-700148,-164977,-18,0,0,0,0,0,0,0
1748634539354,-18750000,-700148,-164977,54963,0,0,0,0,0,0,0
1748634539454,-18750000,-703814,-55005,128276,0,0,0,0,0,0,0
1748634539554,-18750000,-707479,-109987,73290,0,0,0,0,0,0,0
1748634539654,-18750000,-722142,-146643,91616,0,0,0,0,0,0,0
1748634539754,-18750000,-733139,-73331,18303,0,0,0,0,0,0,0
1748634539854,-18750000,-718477,-73331,54960,0,0,0,0,0,0,0
1748634539954,-18750000,-729474,-183303,18303,0,0,0,0,0,0,0
1748634540054,-18750000,-747802,-128321,-36682,0,0,0,0,0,0,0
1748634540154,-18750000,-755134,-18348,-73338,0,0,0,0,0,0,0
1748634540254,-18750000,-780794,-18348,-109994,0,0,0,0,0,0,0
1748634540354,-18750000,-799122,54967,-201637,0,0,0,0,0,0,0
1748634540454,-18750000,-791791,-55004,-183307,0,0,0,0,0,0,0
1748634540554,-18750000,-810119,91620,-201633,0,0,0,0,0,0,0
1748634540654,-18750000,-806453,109950,-238290,0,0,0,0,0,0,0
1748634540754,-18750000,-806453,109950,-238290,0,0,0,0,0,0,0
1748634540854,-18750000,-802787,54963,-219963,0,0,0,0,0,0,0
1748634540954,-18750000,-788124,201592,-146651,0,0,0,0,0,0,0
1748634541054,-18750000,-788124,201592,-128321,0,0,0,0,0,0,0
1748634541154,-18750000,-791790,238248,-36678,0,0,0,0,0,0,0
1748634541254,-18750000,-762465,274904,-36678,0,0,0,0,0,0,0
1748634541354,-18750000,-744137,219918,18307,0,0,0,0,0,0,0
1748634541454,-18750000,-751468,311561,-36678,0,0,0,0,0,0,0
1748634541554,-18750000,-758799,183262,36633,0,0,0,0,0,0,0
1748634541654,-18750000,-766131,219918,73290,0,0,0,0,0,0,0
1748634541754,-18750000,-769797,164932,36634,0,0,0,0,0,0,0
1748634541854,-18750000,-784460,201592,18307,0,0,0,0,0,0,0
1748634541954,-18750000,-777129,128280,-18348,0,0,0,0,0,0,0
1748634542054,-18750000,-766132,36637,54964,0,0,0,0,0,0,0
1748634542154,-18750000,-744138,-18,36634,0,0,0,0,0,0,0
1748634542254,-18750000,-773463,-18348,36634,0,0,0,0,0,0,0
1748634542354,-18750000,-766132,-55004,54963,0,0,0,0,0,0,0
1748634542454,-18750000,-769798,-18,36637,0,0,0,0,0,0,0
1748634542554,-18750000,-747804,36637,-36674,0,0,0,0,0,0,0
1748634542654,-18750000,-729476,-18,-36674,0,0,0,0,0,0,0
1748634542754,-18750000,-740472,54967,36637,0,0,0,0,0,0,0
1748634542854,-18750000,-740472,73293,-36678,0,0,0,0,0,0,0
1748634542954,-18750000,-744138,201592,18307,0,0,0,0,0,0,0
1748634543054,-18750000,-747804,238252,-18348,0,0,0,0,0,0,0
1748634543154,-18750000,-769798,256578,-128321,0,0,0,0,0,0,0
1748634543254,-18750000,-762467,183266,-55004,0,0,0,0,0,0,0
1748634543354,-18750000,-777129,201592,-128321,0,0,0,0,0,0,0
1748634543454,-18750000,-766132,91623,-73338,0,0,0,0,0,0,0
1748634543554,-18750000,-773463,73297,-55012,0,0,0,0,0,0,0
1748634543654,-18750000,-795457,73297,-55012,0,0,0,0,0,0,0
1748634543754,-18750000,-780794,36641,-109998,0,0,0,0,0,0,0
1748634543854,-18750000,-769797,109957,-36682,0,0,0,0,0,0,0
1748634543954,-18750000,-751469,-15,-146654,0,0,0,0,0,0,0
1748634544054,-18750000,-758800,18311,-91668,0,0,0,0,0,0,0
1748634544154,-18750000,-769797,18311,-55008,0,0,0,0,0,0,0
1748634544254,-18750000,-769797,73297,-91668,0,0,0,0,0,0,0
1748634544354,-18750000,-766132,54971,-73338,0,0,0,0,0,0,0
1748634544454,-18750000,-762466,128283,-164981,0,0,0,0,0,0,0
1748634544554,-18750000,-769797,91627,-183307,0,0,0,0,0,0,0
1748634544654,-18750000,-762466,73297,-183307,0,0,0,0,0,0,0
1748634544754,-18750000,-762466,91623,-128321,0,0,0,0,0,0,0
1748634544854,-18750000,-766131,36637,-183307,0,0,0,0,0,0,0
1748634544954,-18750000,-777128,18311,-146647,0,0,0,0,0,0,0
1748634545054,-18750000,-758800,54967,-183303,0,0,0,0,0,0,0
1748634545154,-18750000,-744137,54967,-164977,0,0,0,0,0,0,0
1748634545254,-18750000,-744137,91623,-164977,0,0,0,0,0,0,0
1748634545354,-18750000,-744137,109950,-146647,0,0,0,0,0,0,0
1748634545454,-18750000,-751468,36637,-109987,0,0,0,0,0,0,0
1748634545554,-18750000,-740471,91620,-128317,0,0,0,0,0,0,0
1748634545654,-18750000,-725808,164936,-109987,0,0,0,0,0,0,0
1748634545754,-18750000,-747803,109953,-201630,0,0,0,0,0,0,0
1748634545854,-18750000,-740471,128280,-183300,0,0,0,0,0,0,0
1748634545954,-18750000,-751468,164936,-128317,0,0,0,0,0,0,0
1748634546054,-18750000,-762465,146610,-164973,0,0,0,0,0,0,0
1748634546154,-18750000,-755134,128283,-183300,0,0,0,0,0,0,0
1748634546254,-18750000,-744137,54971,-256612,0,0,0,0,0,0,0
1748634546354,-18750000,-751468,73301,-274942,0,0,0,0,0,0,0
1748634546454,-18750000,-740471,201599,-311602,0,0,0,0,0,0,0
1748634546554,-18750000,-751469,183273,-293272,0,0,0,0,0,0,0
1748634546654,-18750000,-766131,164943,-311602,0,0,0,0,0,0,0
1748634546754,-18750000,-736805,164943,-201630,0,0,0,0,0,0,0
1748634546854,-18750000,-747803,201603,-146647,0,0,0,0,0,0,0
1748634546954,-18750000,-751469,201603,-183303,0,0,0,0,0,0,0
1748634547054,-18750000,-740471,164947,-183303,0,0,0,0,0,0,0
1748634547154,-18750000,-751469,164947,-219963,0,0,0,0,0,0,0
1748634547254,-18750000,-747803,164947,-219963,0,0,0,0,0,0,0
1748634547354,-18750000,-744137,201603,-183307,0,0,0,0,0,0,0
1748634547454,-18750000,-758800,164947,-164977,0,0,0,0,0,0,0
1748634547554,-18750000,-747803,183273,-164977,0,0,0,0,0,0,0
1748634547654,-18750000,-751469,164943,-164977,0,0,0,0,0,0,0
1748634547754,-18750000,-755134,219926,-219963,0,0,0,0,0,0,0
1748634547854,-18750000,-751468,183266,-274946,0,0,0,0,0,0,0
1748634547954,-18750000,-762465,201592,-238289,0,0,0,0,0,0,0
1748634548054,-18750000,-758800,164932,-219963,0,0,0,0,0,0,0
1748634548154,-18750000,-751469,219915,-183303,0,0,0,0,0,0,0
1748634548254,-18750000,-751469,219915,-164973,0,0,0,0,0,0,0
1748634548354,-18750000,-758801,183258,-164973,0,0,0,0,0,0,0
1748634548454,-18750000,-736807,146598,-183303,0,0,0,0,0,0,0
1748634548554,-18750000,-740473,146598,-128321,0,0,0,0,0,0,0
1748634548654,-18750000,-733141,109942,-146647,0,0,0,0,0,0,0
1748634548754,-18750000,-733141,54960,-73334,0,0,0,0,0,0,0
1748634548854,-18750000,-740473,54960,-73334,0,0,0,0,0,0,0
1748634548954,-18750000,-740473,-22,-73334,0,0,0,0,0,0,0
1748634549054,-18750000,-740473,36637,-73334,0,0,0,0,0,0,0
1748634549154,-18750000,-747804,-55005,18307,0,0,0,0,0,0,0
1748634549254,-18750000,-740473,-109991,73290,0,0,0,0,0,0,0
1748634549354,-18750000,-729476,-128321,73290,0,0,0,0,0,0,0
1748634549454,-18750000,-744138,-183303,128276,0,0,0,0,0,0,0
1748634549554,-18750000,-744138,-183303,91620,0,0,0,0,0,0,0
1748634549654,-18750000,-744138,-256616,109946,0,0,0,0,0,0,0
1748634549754,-18750000,-729476,-311602,73290,0,0,0,0,0,0,0
1748634549854,-18750000,-744138,-348258,91616,0,0,0,0,0,0,0
1748634549954,-18750000,-725810,-293276,54960,0,0,0,0,0,0,0
1748634550054,-18750000,-758801,-256619,54960,0,0,0,0,0,0,0
1748634550154,-18750000,-755135,-164977,-55012,0,0,0,0,0,0,0
1748634550254,-18750000,-769797,-109991,-91668,0,0,0,0,0,0,0
1748634550354,-18750000,-762466,-164977,-91668,0,0,0,0,0,0,0
1748634550454,-18750000,-758800,-109994,-91668,0,0,0,0,0,0,0
1748634550554,-18750000,-744137,-91664,-146654,0,0,0,0,0,0,0
1748634550654,-18750000,-733141,-18352,-128324,0,0,0,0,0,0,0
1748634550754,-18750000,-744138,164932,-201637,0,0,0,0,0,0,0
1748634550854,-18750000,-718478,183262,-238293,0,0,0,0,0,0,0
1748634550954,-18750000,-725810,128279,-201637,0,0,0,0,0,0,0
1748634551054,-18750000,-685487,91623,-128321,0,0,0,0,0,0,0
1748634551154,-18750000,-681822,128283,-128321,0,0,0,0,0,0,0
1748634551254,-18750000,-674491,128283,-91664,0,0,0,0,0,0,0
1748634551354,-18750000,-700150,201599,-73335,0,0,0,0,0,0,0
1748634551454,-18750000,-703816,201599,-109991,0,0,0,0,0,0,0
1748634551554,-18750000,-714813,183269,-55005,0,0,0,0,0,0,0
1748634551654,-18750000,-744138,128283,-91661,0,0,0,0,0,0,0
1748634551754,-18750000,-755135,36641,18307,0,0,0,0,0,0,0
1748634551854,-18750000,-762467,-36675,54963,0,0,0,0,0,0,0
1748634551954,-18750000,-758801,-73335,-18,0,0,0,0,0,0,0
1748634552054,-18750000,-777128,-18352,-36678,0,0,0,0,0,0,0
1748634552154,-18750000,-769797,-55012,-18348,0,0,0,0,0,0,0
1748634552254,-18750000,-769797,-18356,-55004,0,0,0,0,0,0,0
1748634552354,-18750000,-755134,-36686,-73334,0,0,0,0,0,0,0
1748634552454,-18750000,-751468,-18356,-36678,0,0,0,0,0,0,0
1748634552554,-18750000,-755134,-26,-22,0,0,0,0,0,0,0
1748634552654,-18750000,-736805,18303,73290,0,0,0,0,0,0,0
1748634552754,-18750000,-729473,-73338,54963,0,0,0,0,0,0,0
1748634552854,-18750000,-729473,-36678,36637,0,0,0,0,0,0,0
1748634552954,-18750000,-744137,36637,73293,0,0,0,0,0,0,0
1748634553054,-18750000,-758800,-55005,-18348,0,0,0,0,0,0,0
1748634553154,-18750000,-758800,-55005,-18348,0,0,0,0,0,0,0
1748634553254,-18750000,-773462,-36678,-55005,0,0,0,0,0,0,0
1748634553354,-18750000,-769797,18307,-73331,0,0,0,0,0,0,0
1748634553454,-18750000,-788126,-36678,-73331,0,0,0,0,0,0,0
1748634553554,-18750000,-788126,-55008,-91657,0,0,0,0,0,0,0
1748634553654,-18750000,-795458,36633,-164970,0,0,0,0,0,0,0
1748634553755,-18750000,-795458,91620,-219956,0,0,0,0,0,0,0
1748634553855,-18750000,-806455,164932,-219956,0,0,0,0,0,0,0
1748634553955,-18750000,-784460,219918,-201630,0,0,0,0,0,0,0
1748634554055,-18750000,-773463,256578,-183300,0,0,0,0,0,0,0
1748634554155,-18750000,-791792,219922,-183300,0,0,0,0,0,0,0
1748634554255,-18750000,-784460,109953,-128313,0,0,0,0,0,0,0
1748634554355,-18750000,-780794,36641,-91657,0,0,0,0,0,0,0
1748634554455,-18750000,-780794,73297,-91657,0,0,0,0,0,0,0
1748634554555,-18750000,-729475,54971,-164973,0,0,0,0,0,0,0
1748634554655,-18750000,-696483,54971,-183303,0,0,0,0,0,0,0
1748634554755,-18750000,-678155,18311,-164973,0,0,0,0,0,0,0
1748634554855,-18750000,-685487,-164973,-128317,0,0,0,0,0,0,0
1748634554955,-18750000,-718478,-238289,-146643,0,0,0,0,0,0,0
1748634555055,-18750000,-711147,-164977,-91657,0,0,0,0,0,0,0
1748634555155,-18750000,-714812,-256619,-109987,0,0,0,0,0,0,0
1748634555255,-18750000,-725809,-201633,-146643,0,0,0,0,0,0,0
1748634555355,-18750000,-740473,-128321,-183300,0,0,0,0,0,0,0
1748634555455,-18750000,-736808,-146647,-219956,0,0,0,0,0,0,0
1748634555555,-18750000,-788127,-128321,-219956,0,0,0,0,0,0,0
1748634555655,-18750000,-806456,-146651,-183300,0,0,0,0,0,0,0
1748634555755,-18750000,-828449,-91664,-201630,0,0,0,0,0,0,0
1748634555855,-18750000,-817452,-18352,-238286,0,0,0,0,0,0,0
1748634555955,-18750000,-810120,-36678,-219960,0,0,0,0,0,0,0
1748634556055,-18750000,-832114,-55008,-311602,0,0,0,0,0,0,0
1748634556155,-18750000,-806454,-22,-274946,0,0,0,0,0,0,0
1748634556255,-18750000,-802788,18303,-256619,0,0,0,0,0,0,0
1748634556355,-18750000,-791791,36633,-219963,0,0,0,0,0,0,0
1748634556455,-18750000,-795456,73290,-146651,0,0,0,0,0,0,0
1748634556555,-18750000,-802787,91620,-91664,0,0,0,0,0,0,0
1748634556655,-18750000,-813785,-22,-91664,0,0,0,0,0,0,0
1748634556755,-18750000,-810119,-36678,-55008,0,0,0,0,0,0,0
1748634556855,-18750000,-791790,36637,-73338,0,0,0,0,0,0,0
1748634556955,-18750000,-766130,109950,-128321,0,0,0,0,0,0,0
1748634557055,-18750000,-751468,109950,-73334,0,0,0,0,0,0,0
1748634557155,-18750000,-777127,128280,-128321,0,0,0,0,0,0,0
1748634557255,-18750000,-758799,146609,-183307,0,0,0,0,0,0,0
1748634557355,-18750000,-762464,54967,-201637,0,0,0,0,0,0,0
1748634557455,-18750000,-762464,-18,-256619,0,0,0,0,0,0,0
1748634557555,-18750000,-769796,-55005,-256619,0,0,0,0,0,0,0
1748634557655,-18750000,-751467,-55005,-274946,0,0,0,0,0,0,0
1748634557755,-18750000,-769796,-18348,-293272,0,0,0,0,0,0,0
1748634557855,-18750000,-773462,-91664,-293272,0,0,0,0,0,0,0
1748634557955,-18750000,-769796,-238293,-274946,0,0,0,0,0,0,0
1748634558055,-18750000,-766130,-274949,-274946,0,0,0,0,0,0,0
1748634558155,-18750000,-766130,-274949,-183303,0,0,0,0,0,0,0
1748634558255,-18750000,-780794,-238293,-164973,0,0,0,0,0,0,0
1748634558355,-18750000,-791791,-183311,-128317,0,0,0,0,0,0,0
1748634558455,-18750000,-773462,-274953,-109991,0,0,0,0,0,0,0
1748634558555,-18750000,-758800,-238297,-73334,0,0,0,0,0,0,0
1748634558655,-18750000,-780794,-183311,-55008,0,0,0,0,0,0,0
1748634558755,-18750000,-755135,-128324,-36682,0,0,0,0,0,0,0
1748634558855,-18750000,-766132,-55008,-18352,0,0,0,0,0,0,0
1748634558955,-18750000,-777128,54963,-18352,0,0,0,0,0,0,0
1748634559055,-18750000,-766132,-22,-18352,0,0,0,0,0,0,0
1748634559155,-18750000,-773463,-36682,-36678,0,0,0,0,0,0,0
1748634559255,-18750000,-755135,-146655,36633,0,0,0,0,0,0,0
1748634559355,-18750000,-740472,-201637,-55008,0,0,0,0,0,0,0
1748634559455,-18750000,-751469,-91665,-73334,0,0,0,0,0,0,0
1748634559555,-18750000,-751469,-109991,-73334,0,0,0,0,0,0,0
1748634559655,-18750000,-762466,-55005,-109991,0,0,0,0,0,0,0
1748634559755,-18750000,-773463,-91661,-109991,0,0,0,0,0,0,0
1748634559855,-18750000,-758800,-55005,-55008,0,0,0,0,0,0,0
1748634559955,-18750000,-766132,-55005,-22,0,0,0,0,0,0,0
1748634560055,-18750000,-777128,-18,54960,0,0,0,0,0,0,0
1748634560155,-18750000,-777128,-73331,-26,0,0,0,0,0,0,0
1748634560255,-18750000,-795457,-55001,-55008,0,0,0,0,0,0,0
1748634560355,-18750000,-799122,-36675,18307,0,0,0,0,0,0,0
1748634560455,-18750000,-799122,-36675,18307,0,0,0,0,0,0,0
1748634560555,-18750000,-799122,-36675,-18348,0,0,0,0,0,0,0
1748634560655,-18750000,-777128,-73331,54963,0,0,0,0,0,0,0
1748634560755,-18750000,-747803,-73331,109950,0,0,0,0,0,0,0
1748634560855,-18750000,-766131,-146643,54967,0,0,0,0,0,0,0
1748634560955,-18750000,-758799,-183300,-18345,0,0,0,0,0,0,0
1748634561055,-18750000,-777128,-146643,-91657,0,0,0,0,0,0,0
1748634561155,-18750000,-769796,18311,-18345,0,0,0,0,0,0,0
1748634561255,-18750000,-751468,36641,-55005,0,0,0,0,0,0,0
1748634561355,-18750000,-758800,-15,-73334,0,0,0,0,0,0,0
1748634561455,-18750000,-762466,-18345,-109994,0,0,0,0,0,0,0
1748634561555,-18750000,-762466,18311,-55008,0,0,0,0,0,0,0
1748634561655,-18750000,-780794,36637,-55008,0,0,0,0,0,0,0
1748634561755,-18750000,-795458,36637,-109994,0,0,0,0,0,0,0
1748634561855,-18750000,-806455,91620,-91668,0,0,0,0,0,0,0
1748634561955,-18750000,-802790,91620,-73342,0,0,0,0,0,0,0
1748634562055,-18750000,-784461,91620,-29,0,0,0,0,0,0,0
1748634562155,-18750000,-780796,-18348,18300,0,0,0,0,0,0,0
1748634562255,-18750000,-780796,18307,-26,0,0,0,0,0,0,0
1748634562355,-18750000,-773464,54963,54960,0,0,0,0,0,0,0
1748634562455,-18750000,-755135,-22,54960,0,0,0,0,0,0,0
1748634562555,-18750000,-762467,-55008,36630,0,0,0,0,0,0,0
1748634562655,-18750000,-744138,-109991,-18352,0,0,0,0,0,0,0
1748634562755,-18750000,-758801,-128321,-36678,0,0,0,0,0,0,0
1748634562855,-18750000,-744138,-73334,-36678,0,0,0,0,0,0,0
1748634562955,-18750000,-762467,-36678,-18348,0,0,0,0,0,0,0
1748634563055,-18750000,-766133,-18,-109991,0,0,0,0,0,0,0
1748634563155,-18750000,-755135,54967,-183303,0,0,0,0,0,0,0
1748634563255,-18750000,-773464,18311,-109991,0,0,0,0,0,0,0
1748634563355,-18750000,-780796,36641,-219963,0,0,0,0,0,0,0
1748634563455,-18750000,-791792,36641,-183303,0,0,0,0,0,0,0
1748634563555,-18750000,-784461,-15,-238286,0,0,0,0,0,0,0
1748634563655,-18750000,-806455,-15,-274946,0,0,0,0,0,0,0
1748634563755,-18750000,-795458,36641,-238290,0,0,0,0,0,0,0
1748634563855,-18750000,-773463,-36671,-238290,0,0,0,0,0,0,0
1748634563955,-18750000,-762466,-36671,-256619,0,0,0,0,0,0,0
1748634564055,-18750000,-762466,-109987,-238289,0,0,0,0,0,0,0
1748634564155,-18750000,-766131,-55005,-238289,0,0,0,0,0,0,0
1748634564255,-18750000,-755134,-109991,-311602,0,0,0,0,0,0,0
1748634564355,-18750000,-766130,-109991,-256616,0,0,0,0,0,0,0
1748634564455,-18750000,-766130,-55005,-201633,0,0,0,0,0,0,0
1748634564555,-18750000,-766130,36637,-238293,0,0,0,0,0,0,0
1748634564655,-18750000,-747802,73293,-219963,0,0,0,0,0,0,0
1748634564755,-18750000,-769796,146609,-201637,0,0,0,0,0,0,0
1748634564855,-18750000,-795456,201596,-183307,0,0,0,0,0,0,0
1748634564955,-18750000,-802787,146610,-183307,0,0,0,0,0,0,0
1748634565055,-18750000,-817450,146610,-109994,0,0,0,0,0,0,0
1748634565155,-18750000,-817450,183270,-128324,0,0,0,0,0,0,0
1748634565255,-18750000,-832112,274912,-109998,0,0,0,0,0,0,0
1748634565355,-18750000,-839444,311568,-128325,0,0,0,0,0,0,0
1748634565455,-18750000,-846776,348224,-164981,0,0,0,0,0,0,0
1748634565555,-18750000,-846776,329894,-164981,0,0,0,0,0,0,0
1748634565655,-18750000,-861440,311565,-146651,0,0,0,0,0,0,0
1748634565755,-18750000,-861440,146606,-201633,0,0,0,0,0,0,0
1748634565855,-18750000,-839446,73290,-256619,0,0,0,0,0,0,0
1748634565955,-18750000,-828449,128276,-274946,0,0,0,0,0,0,0
1748634566055,-18750000,-802789,164932,-348258,0,0,0,0,0,0,0
1748634566155,-18750000,-802789,54960,-274946,0,0,0,0,0,0,0
1748634566255,-18750000,-802789,54960,-183303,0,0,0,0,0,0,0
1748634566355,-18750000,-780794,-26,-183303,0,0,0,0,0,0,0
1748634566455,-18750000,-777128,-91668,-183303,0,0,0,0,0,0,0
1748634566555,-18750000,-773462,-146651,-146643,0,0,0,0,0,0,0
1748634566655,-18750000,-755134,-183307,-164973,0,0,0,0,0,0,0
1748634566755,-18750000,-747803,-128321,-91661,0,0,0,0,0,0,0
1748634566855,-18750000,-766131,-219963,-73331,0,0,0,0,0,0,0
1748634566955,-18750000,-758800,-201637,-73331,0,0,0,0,0,0,0
1748634567055,-18750000,-762466,-293279,-18,0,0,0,0,0,0,0
1748634567155,-18750000,-762466,-201637,-55001,0,0,0,0,0,0,0
1748634567255,-18750000,-751469,-183311,-55001,0,0,0,0,0,0,0
1748634567355,-18750000,-762466,-146654,18311,0,0,0,0,0,0,0
1748634567455,-18750000,-762466,-146654,-15,0,0,0,0,0,0,0
1748634567555,-18750000,-773463,-146654,-15,0,0,0,0,0,0,0
1748634567655,-18750000,-784460,-128324,73297,0,0,0,0,0,0,0
1748634567755,-18750000,-777128,-109995,54967,0,0,0,0,0,0,0
1748634567855,-18750000,-777128,-22,109950,0,0,0,0,0,0,0
1748634567955,-18750000,-773463,-55005,91620,0,0,0,0,0,0,0
1748634568055,-18750000,-777128,73297,54963,0,0,0,0,0,0,0
1748634568155,-18750000,-784460,-15,109946,0,0,0,0,0,0,0
1748634568255,-18750000,-791792,18314,91620,0,0,0,0,0,0,0
1748634568355,-18750000,-766133,73301,36633,0,0,0,0,0,0,0
1748634568455,-18750000,-773464,73301,73290,0,0,0,0,0,0,0
1748634568555,-18750000,-762467,91627,128272,0,0,0,0,0,0,0
1748634568655,-18750000,-751469,219926,54960,0,0,0,0,0,0,0
1748634568755,-18750000,-740473,201596,-22,0,0,0,0,0,0,0
1748634568855,-18750000,-733141,183266,-18348,0,0,0,0,0,0,0
1748634568955,-18750000,-747803,146606,-36678,0,0,0,0,0,0,0
1748634569055,-18750000,-747803,73290,18307,0,0,0,0,0,0,0
1748634569155,-18750000,-740471,146602,-91661,0,0,0,0,0,0,0
1748634569255,-18750000,-747803,-26,-146647,0,0,0,0,0,0,0
1748634569355,-18750000,-755134,-91668,-201633,0,0,0,0,0,0,0
1748634569455,-18750000,-758800,-18352,-201633,0,0,0,0,0,0,0
1748634569555,-18750000,-762466,-36678,-256616,0,0,0,0,0,0,0
1748634569655,-18750000,-758800,-128321,-238286,0,0,0,0,0,0,0
1748634569755,-18750000,-766131,-164977,-274946,0,0,0,0,0,0,0
1748634569855,-18750000,-769797,-109991,-311602,0,0,0,0,0,0,0
1748634569955,-18750000,-758800,-36675,-219960,0,0,0,0,0,0,0
1748634570055,-18750000,-769797,36641,-293272,0,0,0,0,0,0,0
1748634570155,-18750000,-769797,-73331,-219960,0,0,0,0,0,0,0
1748634570255,-18750000,-758800,36641,-183303,0,0,0,0,0,0,0
1748634570355,-18750000,-755134,36641,-146643,0,0,0,0,0,0,0
1748634570455,-18750000,-744137,54967,-219959,0,0,0,0,0,0,0
1748634570555,-18750000,-747803,128279,-164977,0,0,0,0,0,0,0
1748634570655,-18750000,-758800,128279,-164977,0,0,0,0,0,0,0
1748634570755,-18750000,-773462,36637,-109991,0,0,0,0,0,0,0
1748634570855,-18750000,-788125,-36675,-109991,0,0,0,0,0,0,0
1748634570955,-18750000,-791791,-18,-128317,0,0,0,0,0,0,0
1748634571055,-18750000,-784460,-109991,-128317,0,0,0,0,0,0,0
1748634571155,-18750000,-799123,-36675,-128317,0,0,0,0,0,0,0
1748634571255,-18750000,-799123,-55005,-164973,0,0,0,0,0,0,0
1748634571355,-18750000,-813786,-128317,-146647,0,0,0,0,0,0,0
1748634571455,-18750000,-806455,-183300,-91661,0,0,0,0,0,0,0
1748634571555,-18750000,-799123,-348255,-183303,0,0,0,0,0,0,0
1748634571655,-18750000,-806454,-384911,-128321,0,0,0,0,0,0,0
1748634571755,-18750000,-788126,-311598,-91664,0,0,0,0,0,0,0
1748634571855,-18750000,-784460,-256616,-146651,0,0,0,0,0,0,0
1748634571955,-18750000,-802789,-256616,-128324,0,0,0,0,0,0,0
1748634572055,-18750000,-802789,-183303,-109998,0,0,0,0,0,0,0
1748634572155,-18750000,-777129,-128317,-164984,0,0,0,0,0,0,0
1748634572255,-18750000,-780795,-109987,-146654,0,0,0,0,0,0,0
1748634572355,-18750000,-773463,-91661,-201641,0,0,0,0,0,0,0
1748634572455,-18750000,-777128,-73335,-256627,0,0,0,0,0,0,0
1748634572555,-18750000,-780794,-55008,-219967,0,0,0,0,0,0,0
1748634572655,-18750000,-780794,-55008,-311609,0,0,0,0,0,0,0
1748634572755,-18750000,-802789,109950,-366592,0,0,0,0,0,0,0
1748634572855,-18750000,-777129,109950,-274950,0,0,0,0,0,0,0
1748634572955,-18750000,-773463,18307,-311606,0,0,0,0,0,0,0
1748634573055,-18750000,-762466,18307,-293276,0,0,0,0,0,0,0
1748634573155,-18750000,-762466,-55008,-293276,0,0,0,0,0,0,0
1748634573255,-18750000,-762465,-146651,-274950,0,0,0,0,0,0,0
1748634573355,-18750000,-762465,-55008,-183307,0,0,0,0,0,0,0
1748634573455,-18750000,-777129,-55008,-128321,0,0,0,0,0,0,0
1748634573555,-18750000,-777129,36633,-109994,0,0,0,0,0,0,0
1748634573655,-18750000,-769798,91616,-36678,0,0,0,0,0,0,0
1748634573755,-18750000,-744138,-26,-36678,0,0,0,0,0,0,0
1748634573855,-18750000,-744138,-26,-18352,0,0,0,0,0,0,0
1748634573955,-18750000,-733141,109946,-73338,0,0,0,0,0,0,0
1748634574055,-18750000,-733141,109946,-109994,0,0,0,0,0,0,0
1748634574155,-18750000,-751469,54963,-55008,0,0,0,0,0,0,0
1748634574255,-18750000,-747803,164932,-36678,0,0,0,0,0,0,0
1748634574355,-18750000,-747803,164932,-36678,0,0,0,0,0,0,0
1748634574455,-18750000,-744137,201592,-164977,0,0,0,0,0,0,0
1748634574555,-18750000,-747803,201592,-164977,0,0,0,0,0,0,0
1748634574655,-18750000,-758800,329894,-256620,0,0,0,0,0,0,0
1748634574755,-18750000,-777128,329894,-238293,0,0,0,0,0,0,0
1748634574855,-18750000,-769796,329894,-238293,0,0,0,0,0,0,0
1748634574955,-18750000,-788125,256578,-329932,0,0,0,0,0,0,0
1748634575055,-18750000,-773462,238252,-329932,0,0,0,0,0,0,0
1748634575155,-18750000,-769797,329895,-348262,0,0,0,0,0,0,0
1748634575255,-18750000,-769797,329895,-348262,0,0,0,0,0,0,0
1748634575355,-18750000,-777128,366555,-384918,0,0,0,0,0,0,0
1748634575455,-18750000,-784460,329895,-366588,0,0,0,0,0,0,0
1748634575555,-18750000,-784460,274908,-384918,0,0,0,0,0,0,0
1748634575655,-18750000,-777128,219922,-366592,0,0,0,0,0,0,0
1748634575755,-18750000,-777128,128280,-366592,0,0,0,0,0,0,0
1748634575855,-18750000,-795456,91623,-238293,0,0,0,0,0,0,0
1748634575955,-18750000,-806453,54967,-238293,0,0,0,0,0,0,0
1748634576055,-18750000,-828447,36637,-219967,0,0,0,0,0,0,0
1748634576155,-18750000,-821115,-18348,-238297,0,0,0,0,0,0,0
1748634576255,-18750000,-828447,-91661,-293283,0,0,0,0,0,0,0
1748634576355,-18750000,-839444,-146647,-164984,0,0,0,0,0,0,0
1748634576455,-18750000,-832113,-201630,-164984,0,0,0,0,0,0,0
1748634576555,-18750000,-821116,-164970,-183311,0,0,0,0,0,0,0
1748634576655,-18750000,-821116,-256612,-109994,0,0,0,0,0,0,0
1748634576755,-18750000,-821116,-256612,-146651,0,0,0,0,0,0,0
1748634576855,-18750000,-813785,-183300,-201633,0,0,0,0,0,0,0
1748634576955,-18750000,-791790,-109987,-164977,0,0,0,0,0,0,0
1748634577055,-18750000,-780793,-109987,-183303,0,0,0,0,0,0,0
1748634577155,-18750000,-777128,-128317,-91661,0,0,0,0,0,0,0
1748634577255,-18750000,-762464,-73331,-18345,0,0,0,0,0,0,0
1748634577355,-18750000,-755133,-109987,-18345,0,0,0,0,0,0,0
1748634577455,-18750000,-751467,-109987,-36675,0,0,0,0,0,0,0
1748634577555,-18750000,-755133,-109987,-18348,0,0,0,0,0,0,0
1748634577655,-18750000,-766130,-55001,-18348,0,0,0,0,0,0,0
1748634577755,-18750000,-744137,-36674,-18,0,0,0,0,0,0,0
1748634577855,-18750000,-714812,-55004,-36678,0,0,0,0,0,0,0
1748634577955,-18750000,-722143,-73331,-109991,0,0,0,0,0,0,0
1748634578055,-18750000,-729475,-91657,-109991,0,0,0,0,0,0,0
1748634578155,-18750000,-725809,-146643,-109991,0,0,0,0,0,0,0
1748634578255,-18750000,-736806,-201630,-91665,0,0,0,0,0,0,0
1748634578355,-18750000,-744137,-146647,-55008,0,0,0,0,0,0,0
1748634578455,-18750000,-751469,-128321,-109995,0,0,0,0,0,0,0
1748634578555,-18750000,-762467,-36678,-55008,0,0,0,0,0,0,0
1748634578655,-18750000,-755135,-22,-36682,0,0,0,0,0,0,0
1748634578755,-18750000,-773464,-36678,-55012,0,0,0,0,0,0,0
1748634578855,-18750000,-795458,-55004,-55012,0,0,0,0,0,0,0
1748634578955,-18750000,-806455,-36678,-18356,0,0,0,0,0,0,0
1748634579055,-18750000,-799123,-22,-29,0,0,0,0,0,0,0
1748634579155,-18750000,-806454,91620,-36686,0,0,0,0,0,0,0
1748634579255,-18750000,-821117,128276,-73342,0,0,0,0,0,0,0
1748634579355,-18750000,-813785,128276,-128324,0,0,0,0,0,0,0
1748634579455,-18750000,-802788,219918,-146651,0,0,0,0,0,0,0
1748634579555,-18750000,-799122,109946,-146651,0,0,0,0,0,0,0
1748634579655,-18750000,-780794,73289,-183307,0,0,0,0,0,0,0
1748634579755,-18750000,-766130,54963,-128321,0,0,0,0,0,0,0
1748634579855,-18750000,-780793,54963,-109991,0,0,0,0,0,0,0
1748634579955,-18750000,-762464,-18,-109991,0,0,0,0,0,0,0
1748634580055,-18750000,-755133,-18,-146647,0,0,0,0,0,0,0
1748634580155,-18750000,-751468,-55001,-128317,0,0,0,0,0,0,0
1748634580255,-18750000,-744136,-15,-146643,0,0,0,0,0,0,0
1748634580355,-18750000,-733139,18314,-164973,0,0,0,0,0,0,0
1748634580455,-18750000,-740470,-73327,-109991,0,0,0,0,0,0,0
1748634580555,-18750000,-733139,-54997,-73335,0,0,0,0,0,0,0
1748634580655,-18750000,-725808,54974,-91661,0,0,0,0,0,0,0
1748634580755,-18750000,-722143,54974,-109991,0,0,0,0,0,0,0
1748634580855,-18750000,-714811,91631,-91661,0,0,0,0,0,0,0
1748634580955,-18750000,-718477,91631,-109987,0,0,0,0,0,0,0
1748634581055,-18750000,-722143,128287,-91657,0,0,0,0,0,0,0
1748634581155,-18750000,-729475,183270,-164973,0,0,0,0,0,0,0
1748634581255,-18750000,-725810,146613,-183303,0,0,0,0,0,0,0
1748634581355,-18750000,-740473,109957,-146647,0,0,0,0,0,0,0
1748634581455,-18750000,-744139,54971,-201629,0,0,0,0,0,0,0
1748634581555,-18750000,-747805,128283,-238286,0,0,0,0,0,0,0
1748634581655,-18750000,-780796,36641,-183303,0,0,0,0,0,0,0
1748634581755,-18750000,-791792,36641,-183303,0,0,0,0,0,0,0
1748634581855,-18750000,-784461,-18345,-201633,0,0,0,0,0,0,0
1748634581955,-18750000,-784461,-18,-201633,0,0,0,0,0,0,0
1748634582055,-18750000,-780795,-73331,-201633,0,0,0,0,0,0,0
1748634582155,-18750000,-784461,-73331,-128317,0,0,0,0,0,0,0
1748634582255,-18750000,-777129,-109991,-109987,0,0,0,0,0,0,0
1748634582355,-18750000,-788126,-146647,-109987,0,0,0,0,0,0,0
1748634582455,-18750000,-784460,36637,-55004,0,0,0,0,0,0,0
1748634582555,-18750000,-788125,-36674,-109991,0,0,0,0,0,0,0
1748634582655,-18750000,-784460,-73334,-183303,0,0,0,0,0,0,0
1748634582755,-18750000,-784460,-22,-219960,0,0,0,0,0,0,0
1748634582855,-18750000,-773462,18307,-238290,0,0,0,0,0,0,0
1748634582955,-18750000,-777128,54963,-274950,0,0,0,0,0,0,0
1748634583055,-18750000,-777128,109946,-256623,0,0,0,0,0,0,0
1748634583155,-18750000,-769796,128276,-348266,0,0,0,0,0,0,0
1748634583255,-18750000,-766130,164936,-384926,0,0,0,0,0,0,0
1748634583355,-18750000,-736805,109950,-403252,0,0,0,0,0,0,0
1748634583455,-18750000,-751468,-18348,-458234,0,0,0,0,0,0,0
1748634583555,-18750000,-736805,54963,-476561,0,0,0,0,0,0,0
1748634583655,-18750000,-736805,128280,-439904,0,0,0,0,0,0,0
1748634583755,-18750000,-740471,73293,-403248,0,0,0,0,0,0,0
1748634583855,-18750000,-736806,73293,-403248,0,0,0,0,0,0,0
1748634583955,-18750000,-747803,36637,-384918,0,0,0,0,0,0,0
1748634584055,-18750000,-766132,36637,-403244,0,0,0,0,0,0,0
1748634584155,-18750000,-762467,-36674,-311602,0,0,0,0,0,0,0
1748634584255,-18750000,-777129,18307,-274942,0,0,0,0,0,0,0
1748634584355,-18750000,-791792,91620,-238286,0,0,0,0,0,0,0
1748634584455,-18750000,-777129,146606,-183303,0,0,0,0,0,0,0
1748634584555,-18750000,-799123,146606,-73335,0,0,0,0,0,0,0
1748634584655,-18750000,-795457,109950,-73335,0,0,0,0,0,0,0
1748634584755,-18750000,-784460,54963,-91661,0,0,0,0,0,0,0
1748634584855,-18750000,-810119,54963,-55001,0,0,0,0,0,0,0
1748634584955,-18750000,-810119,73293,-36671,0,0,0,0,0,0,0
1748634585055,-18750000,-806454,109953,-36671,0,0,0,0,0,0,0
1748634585155,-18750000,-810119,164936,-55001,0,0,0,0,0,0,0
1748634585255,-18750000,-802788,164936,-55001,0,0,0,0,0,0,0
1748634585355,-18750000,-806454,219922,-109987,0,0,0,0,0,0,0
1748634585455,-18750000,-806454,201592,-219956,0,0,0,0,0,0,0
1748634585555,-18750000,-795458,183262,-219956,0,0,0,0,0,0,0
1748634585655,-18750000,-788126,201588,-238282,0,0,0,0,0,0,0
1748634585755,-18750000,-799124,329891,-201626,0,0,0,0,0,0,0
1748634585855,-18750000,-769798,329891,-146643,0,0,0,0,0,0,0
1748634585955,-18750000,-758801,274905,-183303,0,0,0,0,0,0,0
1748634586055,-18750000,-736806,219918,-183303,0,0,0,0,0,0,0
1748634586155,-18750000,-744138,183262,-201630,0,0,0,0,0,0,0
1748634586255,-18750000,-755135,146606,-238290,0,0,0,0,0,0,0
1748634586355,-18750000,-755135,109950,-256620,0,0,0,0,0,0,0
1748634586455,-18750000,-758801,91623,-219963,0,0,0,0,0,0,0
1748634586555,-18750000,-755135,73297,-311606,0,0,0,0,0,0,0
1748634586655,-18750000,-769798,73297,-348266,0,0,0,0,0,0,0
1748634586755,-18750000,-766132,-18345,-403252,0,0,0,0,0,0,0
1748634586855,-18750000,-784460,-91661,-421578,0,0,0,0,0,0,0
1748634586955,-18750000,-788126,-55005,-439905,0,0,0,0,0,0,0
1748634587055,-18750000,-799124,-36678,-439905,0,0,0,0,0,0,0
1748634587155,-18750000,-799124,-73335,-384922,0,0,0,0,0,0,0
1748634587255,-18750000,-795458,-36678,-366592,0,0,0,0,0,0,0
1748634587355,-18750000,-780794,54963,-329932,0,0,0,0,0,0,0
1748634587455,-18750000,-762466,-36678,-256620,0,0,0,0,0,0,0
1748634587555,-18750000,-747803,-36678,-256620,0,0,0,0,0,0,0
1748634587655,-18750000,-744138,-91665,-201633,0,0,0,0,0,0,0
1748634587755,-18750000,-744138,-73338,-238289,0,0,0,0,0,0,0
1748634587855,-18750000,-751469,-18352,-256619,0,0,0,0,0,0,0
1748634587955,-18750000,-736807,-73338,-201633,0,0,0,0,0,0,0
1748634588055,-18750000,-736807,-128321,-146651,0,0,0,0,0,0,0
1748634588155,-18750000,-718478,-55008,-238293,0,0,0,0,0,0,0
1748634588255,-18750000,-714813,-36678,-256623,0,0,0,0,0,0,0
1748634588355,-18750000,-722144,-128321,-256623,0,0,0,0,0,0,0
1748634588455,-18750000,-725810,-55008,-293279,0,0,0,0,0,0,0
1748634588555,-18750000,-747803,-73338,-201637,0,0,0,0,0,0,0
1748634588655,-18750000,-733140,-22,-183307,0,0,0,0,0,0,0
1748634588755,-18750000,-733140,109950,-109994,0,0,0,0,0,0,0
1748634588855,-18750000,-733140,146606,-109994,0,0,0,0,0,0,0
1748634588955,-18750000,-755134,219922,-55012,0,0,0,0,0,0,0
1748634589055,-18750000,-758799,238248,-128324,0,0,0,0,0,0,0
1748634589155,-18750000,-773462,201592,-109994,0,0,0,0,0,0,0
1748634589255,-18750000,-769796,128280,-73334,0,0,0,0,0,0,0
1748634589355,-18750000,-769796,219922,-55008,0,0,0,0,0,0,0
1748634589455,-18750000,-780793,256578,-22,0,0,0,0,0,0,0
1748634589555,-18750000,-777128,329894,-73334,0,0,0,0,0,0,0
1748634589655,-18750000,-795456,238252,-109991,0,0,0,0,0,0,0
1748634589755,-18750000,-802788,164936,-164977,0,0,0,0,0,0,0
1748634589855,-18750000,-810119,146610,-164977,0,0,0,0,0,0,0
1748634589955,-18750000,-817451,164936,-256619,0,0,0,0,0,0,0
1748634590055,-18750000,-832114,219922,-256619,0,0,0,0,0,0,0
1748634590155,-18750000,-832114,201596,-238289,0,0,0,0,0,0,0
1748634590255,-18750000,-846776,219922,-183307,0,0,0,0,0,0,0
1748634590355,-18750000,-843111,219922,-256619,0,0,0,0,0,0,0
1748634590455,-18750000,-857774,219922,-329932,0,0,0,0,0,0,0
1748634590555,-18750000,-865105,54963,-348262,0,0,0,0,0,0,0
1748634590655,-18750000,-850442,146606,-384922,0,0,0,0,0,0,0
1748634590755,-18750000,-843110,109950,-348262,0,0,0,0,0,0,0
1748634590855,-18750000,-813785,128276,-311606,0,0,0,0,0,0,0
1748634590955,-18750000,-791792,146606,-274946,0,0,0,0,0,0,0
1748634591055,-18750000,-788126,91620,-238289,0,0,0,0,0,0,0
1748634591155,-18750000,-777128,109946,-164977,0,0,0,0,0,0,0
1748634591255,-18750000,-747803,91620,-183303,0,0,0,0,0,0,0
1748634591355,-18750000,-744137,-22,-128317,0,0,0,0,0,0,0
1748634591455,-18750000,-725809,-36678,-73335,0,0,0,0,0,0,0
1748634591555,-18750000,-725809,-18348,-36675,0,0,0,0,0,0,0
1748634591655,-18750000,-729474,-22,18311,0,0,0,0,0,0,0
1748634591755,-18750000,-733140,18307,-18,0,0,0,0,0,0,0
1748634591855,-18750000,-751469,18307,-18,0,0,0,0,0,0,0
1748634591955,-18750000,-747803,-22,-36678,0,0,0,0,0,0,0
1748634592055,-18750000,-736805,73293,-55005,0,0,0,0,0,0,0
1748634592155,-18750000,-744137,18307,-128317,0,0,0,0,0,0,0
1748634592255,-18750000,-762465,91620,-183303,0,0,0,0,0,0,0
1748634592355,-18750000,-769796,73290,-164977,0,0,0,0,0,0,0
1748634592455,-18750000,-766131,73290,-256619,0,0,0,0,0,0,0
1748634592555,-18750000,-769796,91616,-201637,0,0,0,0,0,0,0
1748634592655,-18750000,-762465,73290,-164981,0,0,0,0,0,0,0
1748634592755,-18750000,-769796,73290,-128324,0,0,0,0,0,0,0
1748634592855,-18750000,-777128,73290,-183307,0,0,0,0,0,0,0
1748634592955,-18750000,-799122,-22,-91664,0,0,0,0,0,0,0
1748634593055,-18750000,-806454,-36682,-109994,0,0,0,0,0,0,0
1748634593155,-18750000,-817451,54960,-73338,0,0,0,0,0,0,0
1748634593255,-18750000,-806454,-18352,-36682,0,0,0,0,0,0,0
1748634593355,-18750000,-806454,-18352,-73338,0,0,0,0,0,0,0
1748634593455,-18750000,-835780,-22,18303,0,0,0,0,0,0,0
1748634593555,-18750000,-810120,36637,-36678,0,0,0,0,0,0,0
1748634593655,-18750000,-821117,-18348,-73334,0,0,0,0,0,0,0
1748634593755,-18750000,-799124,-55005,-109991,0,0,0,0,0,0,0
1748634593855,-18750000,-784460,-146647,-128321,0,0,0,0,0,0,0
1748634593955,-18750000,-769797,-73335,-201633,0,0,0,0,0,0,0
1748634594055,-18750000,-762465,-146647,-146647,0,0,0,0,0,0,0
1748634594155,-18750000,-744137,-128317,-201633,0,0,0,0,0,0,0
1748634594255,-18750000,-755134,-109991,-238290,0,0,0,0,0,0,0
1748634594355,-18750000,-773462,-36675,-164977,0,0,0,0,0,0,0
1748634594455,-18750000,-762465,-109991,-146647,0,0,0,0,0,0,0
1748634594555,-18750000,-766131,-18348,-91665,0,0,0,0,0,0,0
1748634594655,-18750000,-762465,54963,-91665,0,0,0,0,0,0,0
1748634594755,-18750000,-777128,73290,-109995,0,0,0,0,0,0,0
1748634594855,-18750000,-791791,164932,-36682,0,0,0,0,0,0,0
1748634594955,-18750000,-799123,164932,-26,0,0,0,0,0,0,0
1748634595055,-18750000,-799123,201588,-26,0,0,0,0,0,0,0
1748634595155,-18750000,-817451,109946,-26,0,0,0,0,0,0,0
1748634595255,-18750000,-817451,219918,36630,0,0,0,0,0,0,0
1748634595355,-18750000,-813786,128276,-18352,0,0,0,0,0,0,0
1748634595455,-18750000,-799123,219918,-128324,0,0,0,0,0,0,0
1748634595555,-18750000,-813785,164932,-128324,0,0,0,0,0,0,0
1748634595655,-18750000,-817451,109950,-128324,0,0,0,0,0,0,0
1748634595755,-18750000,-821117,109950,-128324,0,0,0,0,0,0,0
1748634595855,-18750000,-802789,201592,-183307,0,0,0,0,0,0,0
1748634595955,-18750000,-788126,183266,-183307,0,0,0,0,0,0,0
1748634596055,-18750000,-802789,219922,-201637,0,0,0,0,0,0,0
1748634596155,-18750000,-791792,329894,-201637,0,0,0,0,0,0,0
1748634596255,-18750000,-777128,274908,-164981,0,0,0,0,0,0,0
1748634596355,-18750000,-773462,366551,-183311,0,0,0,0,0,0,0
1748634596455,-18750000,-784459,366551,-164981,0,0,0,0,0,0,0
1748634596555,-18750000,-780794,366551,-238293,0,0,0,0,0,0,0
1748634596655,-18750000,-780794,421533,-183307,0,0,0,0,0,0,0
1748634596755,-18750000,-773462,366547,-109991,0,0,0,0,0,0,0
1748634596855,-18750000,-795456,219922,-128321,0,0,0,0,0,0,0
1748634596955,-18750000,-802787,201592,-91665,0,0,0,0,0,0,0
1748634597055,-18750000,-784459,91623,-128321,0,0,0,0,0,0,0
1748634597155,-18750000,-777128,-18,-128321,0,0,0,0,0,0,0
1748634597255,-18750000,-780794,-18348,-164977,0,0,0,0,0,0,0
1748634597355,-18750000,-762465,-36678,-146647,0,0,0,0,0,0,0
1748634597455,-18750000,-751468,-55005,-109991,0,0,0,0,0,0,0
1748634597555,-18750000,-740471,-128321,-73334,0,0,0,0,0,0,0
1748634597655,-18750000,-729473,-201633,-164977,0,0,0,0,0,0,0
1748634597755,-18750000,-718477,-146647,-183307,0,0,0,0,0,0,0
1748634597855,-18750000,-714811,-109991,-128321,0,0,0,0,0,0,0
1748634597955,-18750000,-725809,-55005,-183303,0,0,0,0,0,0,0
1748634598055,-18750000,-718477,54963,-164973,0,0,0,0,0,0,0
1748634598155,-18750000,-740472,109946,-128317,0,0,0,0,0,0,0
1748634598255,-18750000,-755134,109946,-183303,0,0,0,0,0,0,0
1748634598355,-18750000,-762466,36633,-183303,0,0,0,0,0,0,0
1748634598455,-18750000,-769798,36633,-238289,0,0,0,0,0,0,0
1748634598555,-18750000,-780795,128276,-219960,0,0,0,0,0,0,0
1748634598655,-18750000,-799124,201588,-183303,0,0,0,0,0,0,0
1748634598755,-18750000,-821117,219918,-183303,0,0,0,0,0,0,0
1748634598855,-18750000,-813786,256574,-219959,0,0,0,0,0,0,0
1748634598955,-18750000,-780795,329887,-219959,0,0,0,0,0,0,0
1748634599055,-18750000,-777129,311561,-219959,0,0,0,0,0,0,0
1748634599155,-18750000,-758801,256578,-201630,0,0,0,0,0,0,0
1748634599255,-18750000,-740472,238252,-146643,0,0,0,0,0,0,0
1748634599355,-18750000,-744138,201592,-183303,0,0,0,0,0,0,0
1748634599455,-18750000,-740472,238248,-128317,0,0,0,0,0,0,0
1748634599555,-18750000,-733140,201592,-164973,0,0,0,0,0,0,0
1748634599655,-18750000,-729475,164936,-183299,0,0,0,0,0,0,0
1748634599755,-18750000,-733141,109950,-183299,0,0,0,0,0,0,0
1748634599855,-18750000,-714812,-22,-219959,0,0,0,0,0,0,0
1748634599955,-18750000,-755135,-91665,-201633,0,0,0,0,0,0,0
1748634600055,-18750000,-766132,-183307,-146651,0,0,0,0,0,0,0
1748634600155,-18750000,-784460,-183307,-164981,0,0,0,0,0,0,0
1748634600255,-18750000,-817452,-164981,-219967,0,0,0,0,0,0,0
1748634600355,-18750000,-813786,-22,-201637,0,0,0,0,0,0,0
1748634600455,-18750000,-799124,-73334,-238293,0,0,0,0,0,0,0
1748634600555,-18750000,-799124,-36678,-164981,0,0,0,0,0,0,0
1748634600655,-18750000,-780795,18307,-164981,0,0,0,0,0,0,0
1748634600755,-18750000,-766132,-22,-128324,0,0,0,0,0,0,0
1748634600855,-18750000,-784460,-22,-109994,0,0,0,0,0,0,0
1748634600955,-18750000,-777129,-55005,-128321,0,0,0,0,0,0,0
1748634601055,-18750000,-773463,-18348,-201633,0,0,0,0,0,0,0
1748634601155,-18750000,-751469,-22,-219960,0,0,0,0,0,0,0
1748634601255,-18750000,-729474,-91665,-183300,0,0,0,0,0,0,0
1748634601355,-18750000,-722143,-183307,-201630,0,0,0,0,0,0,0
1748634601455,-18750000,-740471,-146651,-128317,0,0,0,0,0,0,0
1748634601555,-18750000,-762466,-183307,-238290,0,0,0,0,0,0,0
1748634601655,-18750000,-784460,-238293,-219963,0,0,0,0,0,0,0
1748634601755,-18750000,-780794,-146651,-274946,0,0,0,0,0,0,0
1748634601855,-18750000,-777128,-183307,-201633,0,0,0,0,0,0,0
1748634601955,-18750000,-766131,-128324,-164977,0,0,0,0,0,0,0
1748634602055,-18750000,-758800,-73338,-128321,0,0,0,0,0,0,0
1748634602155,-18750000,-762466,-91665,-109994,0,0,0,0,0,0,0
1748634602255,-18750000,-769797,-18348,-109994,0,0,0,0,0,0,0
1748634602355,-18750000,-777128,-36678,-73334,0,0,0,0,0,0,0
1748634602455,-18750000,-777128,-55008,-109991,0,0,0,0,0,0,0
1748634602555,-18750000,-766131,36633,-91661,0,0,0,0,0,0,0
1748634602655,-18750000,-751469,18307,-109987,0,0,0,0,0,0,0
1748634602755,-18750000,-762466,-36675,-146647,0,0,0,0,0,0,0
1748634602855,-18750000,-762466,91623,-201629,0,0,0,0,0,0,0
1748634602955,-18750000,-766132,-73331,-293272,0,0,0,0,0,0,0
1748634603055,-18750000,-780794,-109987,-311598,0,0,0,0,0,0,0
1748634603155,-18750000,-788126,-73331,-274942,0,0,0,0,0,0,0
1748634603255,-18750000,-791792,-128317,-311602,0,0,0,0,0,0,0
1748634603355,-18750000,-784460,-55001,-274946,0,0,0,0,0,0,0
1748634603455,-18750000,-791792,-15,-293272,0,0,0,0,0,0,0
1748634603555,-18750000,-773463,-109983,-274942,0,0,0,0,0,0,0
1748634603655,-18750000,-777128,-91657,-238286,0,0,0,0,0,0,0
1748634603755,-18750000,-769796,18311,-183300,0,0,0,0,0,0,0
1748634603855,-18750000,-777128,-18345,-201630,0,0,0,0,0,0,0
1748634603955,-18750000,-773462,91627,-146643,0,0,0,0,0,0,0
1748634604055,-18750000,-780794,91627,-128317,0,0,0,0,0,0,0
1748634604155,-18750000,-755134,109953,-219960,0,0,0,0,0,0,0
1748634604255,-18750000,-729474,238252,-201630,0,0,0,0,0,0,0
1748634604355,-18750000,-736805,164936,-219959,0,0,0,0,0,0,0
1748634604455,-18750000,-733139,54963,-164977,0,0,0,0,0,0,0
1748634604555,-18750000,-747803,109946,-183307,0,0,0,0,0,0,0
1748634604655,-18750000,-747803,183262,-219963,0,0,0,0,0,0,0
1748634604755,-18750000,-766131,18307,-183307,0,0,0,0,0,0,0
1748634604855,-18750000,-747803,54963,-183307,0,0,0,0,0,0,0
1748634604955,-18750000,-733140,109946,-164981,0,0,0,0,0,0,0
1748634605055,-18750000,-733140,164928,-128324,0,0,0,0,0,0,0
1748634605155,-18750000,-755134,128272,-128324,0,0,0,0,0,0,0
1748634605255,-18750000,-758799,18303,-91668,0,0,0,0,0,0,0
1748634605355,-18750000,-762465,54960,-55012,0,0,0,0,0,0,0
1748634605455,-18750000,-755134,91620,-109994,0,0,0,0,0,0,0
1748634605555,-18750000,-747802,54963,-128324,0,0,0,0,0,0,0
1748634605655,-18750000,-740471,-22,-164984,0,0,0,0,0,0,0
1748634605755,-18750000,-718477,54963,-238297,0,0,0,0,0,0,0
1748634605855,-18750000,-744137,-18,-183311,0,0,0,0,0,0,0
1748634605955,-18750000,-758799,-18,-238297,0,0,0,0,0,0,0
1748634606055,-18750000,-751467,-18345,-311610,0,0,0,0,0,0,0
1748634606155,-18750000,-762464,-73331,-219967,0,0,0,0,0,0,0
1748634606255,-18750000,-788124,-91661,-201637,0,0,0,0,0,0,0
1748634606355,-18750000,-795455,-18345,-293280,0,0,0,0,0,0,0
1748634606455,-18750000,-795455,-18345,-311610,0,0,0,0,0,0,0
1748634606555,-18750000,-806453,-18345,-274950,0,0,0,0,0,0,0
1748634606655,-18750000,-817450,-91661,-164977,0,0,0,0,0,0,0
1748634606755,-18750000,-832112,-128321,-128321,0,0,0,0,0,0,0
1748634606855,-18750000,-810119,-164981,-146651,0,0,0,0,0,0,0
1748634606955,-18750000,-810119,-238293,-109991,0,0,0,0,0,0,0
1748634607055,-18750000,-817451,-238293,-73334,0,0,0,0,0,0,0
1748634607155,-18750000,-810119,-128321,-183303,0,0,0,0,0,0,0
1748634607255,-18750000,-806454,-146651,-238289,0,0,0,0,0,0,0
1748634607355,-18750000,-788126,-311610,-146647,0,0,0,0,0,0,0
1748634607455,-18750000,-802788,-256627,-109991,0,0,0,0,0,0,0
1748634607555,-18750000,-791791,-238297,-55008,0,0,0,0,0,0,0
1748634607655,-18750000,-788125,-183311,-73338,0,0,0,0,0,0,0
1748634607755,-18750000,-791791,-73338,-18352,0,0,0,0,0,0,0
1748634607855,-18750000,-791791,18303,-22,0,0,0,0,0,0,0
1748634607955,-18750000,-784460,36633,73290,0,0,0,0,0,0,0
1748634608055,-18750000,-766131,-55008,54963,0,0,0,0,0,0,0
1748634608155,-18750000,-762465,-91665,164932,0,0,0,0,0,0,0
1748634608255,-18750000,-751468,-22,146602,0,0,0,0,0,0,0
1748634608355,-18750000,-769796,91620,91620,0,0,0,0,0,0,0
1748634608455,-18750000,-758800,54963,146606,0,0,0,0,0,0,0
1748634608555,-18750000,-751469,-36678,91623,0,0,0,0,0,0,0
1748634608655,-18750000,-747803,-36678,54967,0,0,0,0,0,0,0
1748634608755,-18750000,-744137,-91664,-55005,0,0,0,0,0,0,0
1748634608855,-18750000,-758800,-146647,-91661,0,0,0,0,0,0,0
1748634608955,-18750000,-773463,-91664,-201633,0,0,0,0,0,0,0
1748634609055,-18750000,-784460,-73338,-183307,0,0,0,0,0,0,0
1748634609155,-18750000,-795457,-36682,-201633,0,0,0,0,0,0,0
1748634609255,-18750000,-806454,-91664,-164973,0,0,0,0,0,0,0
1748634609355,-18750000,-784460,-128321,-109991,0,0,0,0,0,0,0
1748634609455,-18750000,-773463,-164977,-219963,0,0,0,0,0,0,0
1748634609555,-18750000,-784460,-146651,-256623,0,0,0,0,0,0,0
1748634609655,-18750000,-795458,-109994,-219967,0,0,0,0,0,0,0
1748634609755,-18750000,-780795,-109994,-164981,0,0,0,0,0,0,0
1748634609855,-18750000,-784461,-55012,-219967,0,0,0,0,0,0,0
1748634609955,-18750000,-777129,-73338,-146651,0,0,0,0,0,0,0
1748634610055,-18750000,-784461,-36678,-146651,0,0,0,0,0,0,0
1748634610155,-18750000,-780796,-91664,-201637,0,0,0,0,0,0,0
1748634610255,-18750000,-769799,-91664,-164981,0,0,0,0,0,0,0
1748634610355,-18750000,-799124,-128321,-183307,0,0,0,0,0,0,0
1748634610455,-18750000,-799124,-36678,-164977,0,0,0,0,0,0,0
1748634610555,-18750000,-784461,18307,-164977,0,0,0,0,0,0,0
1748634610655,-18750000,-777129,18307,-183303,0,0,0,0,0,0,0
1748634610755,-18750000,-780794,-18,-146647,0,0,0,0,0,0,0
1748634610855,-18750000,-777128,-36674,-73335,0,0,0,0,0,0,0
1748634610955,-18750000,-780794,18311,-73335,0,0,0,0,0,0,0
1748634611055,-18750000,-773462,36637,-109991,0,0,0,0,0,0,0
1748634611155,-18750000,-769796,54967,-55005,0,0,0,0,0,0,0
1748634611255,-18750000,-788125,146610,-55005,0,0,0,0,0,0,0
1748634611355,-18750000,-773462,201596,-91661,0,0,0,0,0,0,0
1748634611455,-18750000,-769796,128283,-73331,0,0,0,0,0,0,0
1748634611555,-18750000,-777128,109957,-73331,0,0,0,0,0,0,0
1748634611655,-18750000,-777128,91631,-109987,0,0,0,0,0,0,0
1748634611755,-18750000,-784460,91631,-146643,0,0,0,0,0,0,0
1748634611855,-18750000,-780794,91631,-109987,0,0,0,0,0,0,0
1748634611955,-18750000,-769797,-11,-146643,0,0,0,0,0,0,0
1748634612055,-18750000,-788126,36644,-128313,0,0,0,0,0,0,0
1748634612155,-18750000,-791792,18315,-146643,0,0,0,0,0,0,0
1748634612255,-18750000,-777129,-73327,-164973,0,0,0,0,0,0,0
1748634612355,-18750000,-762467,-55001,-164973,0,0,0,0,0,0,0
1748634612455,-18750000,-762467,-128317,-128317,0,0,0,0,0,0,0
1748634612555,-18750000,-762467,-91661,-55001,0,0,0,0,0,0,0
1748634612655,-18750000,-758801,-164977,-109987,0,0,0,0,0,0,0
1748634612755,-18750000,-758801,-109994,-146643,0,0,0,0,0,0,0
1748634612855,-18750000,-755135,-73338,-219956,0,0,0,0,0,0,0
1748634612955,-18750000,-777130,-26,-164973,0,0,0,0,0,0,0
1748634613055,-18750000,-751470,-91668,-109991,0,0,0,0,0,0,0
1748634613155,-18750000,-751470,-36682,-164977,0,0,0,0,0,0,0
1748634613255,-18750000,-751470,18300,-183303,0,0,0,0,0,0,0
1748634613355,-18750000,-766133,18300,-164977,0,0,0,0,0,0,0
1748634613455,-18750000,-766133,73286,-183307,0,0,0,0,0,0,0
1748634613555,-18750000,-755135,91612,-183307,0,0,0,0,0,0,0
1748634613655,-18750000,-751469,164928,-73338,0,0,0,0,0,0,0
1748634613755,-18750000,-747803,164928,-73338,0,0,0,0,0,0,0
1748634613855,-18750000,-747803,128272,-91668,0,0,0,0,0,0,0
1748634613955,-18750000,-725809,219915,-183311,0,0,0,0,0,0,0
1748634614055,-18750000,-747803,256575,-274953,0,0,0,0,0,0,0
1748634614155,-18750000,-762466,256575,-238293,0,0,0,0,0,0,0
1748634614255,-18750000,-758800,256575,-164981,0,0,0,0,0,0,0
1748634614355,-18750000,-758800,238248,-183307,0,0,0,0,0,0,0
1748634614455,-18750000,-784460,274905,-128321,0,0,0,0,0,0,0
1748634614555,-18750000,-813785,348221,-128321,0,0,0,0,0,0,0
1748634614655,-18750000,-806454,348221,-164977,0,0,0,0,0,0,0
1748634614755,-18750000,-828449,293238,-183307,0,0,0,0,0,0,0
1748634614855,-18750000,-817451,274912,-146647,0,0,0,0,0,0,0
1748634614955,-18750000,-817451,73297,-91661,0,0,0,0,0,0,0
1748634615055,-18750000,-813785,54967,-18345,0,0,0,0,0,0,0
1748634615155,-18750000,-795457,91623,18311,0,0,0,0,0,0,0
1748634615255,-18750000,-799123,91623,-36675,0,0,0,0,0,0,0
1748634615355,-18750000,-810120,128279,-36675,0,0,0,0,0,0,0
1748634615455,-18750000,-788126,201596,-109987,0,0,0,0,0,0,0
1748634615555,-18750000,-780795,109953,-146643,0,0,0,0,0,0,0
1748634615655,-18750000,-813786,73297,-201630,0,0,0,0,0,0,0
1748634615755,-18750000,-799123,36637,-109987,0,0,0,0,0,0,0
1748634615855,-18750000,-813786,-22,-91661,0,0,0,0,0,0,0
1748634615955,-18750000,-832115,36637,-109987,0,0,0,0,0,0,0
1748634616055,-18750000,-832115,109949,-164973,0,0,0,0,0,0,0
1748634616155,-18750000,-835781,91623,-164973,0,0,0,0,0,0,0
1748634616255,-18750000,-832115,54967,-201630,0,0,0,0,0,0,0
1748634616355,-18750000,-817451,36637,-146647,0,0,0,0,0,0,0
1748634616455,-18750000,-835780,-55005,-91665,0,0,0,0,0,0,0
1748634616555,-18750000,-821117,36637,-73338,0,0,0,0,0,0,0
1748634616655,-18750000,-813785,18307,-55008,0,0,0,0,0,0,0
1748634616755,-18750000,-806454,109950,-36678,0,0,0,0,0,0,0
1748634616855,-18750000,-799122,146610,-36678,0,0,0,0,0,0,0
1748634616955,-18750000,-788125,164936,-55008,0,0,0,0,0,0,0
1748634617055,-18750000,-769796,91623,-36678,0,0,0,0,0,0,0
1748634617155,-18750000,-755133,-18,-55008,0,0,0,0,0,0,0
1748634617255,-18750000,-762464,18311,-22,0,0,0,0,0,0,0
1748634617355,-18750000,-758799,18311,-73334,0,0,0,0,0,0,0
1748634617455,-18750000,-769796,73293,-128317,0,0,0,0,0,0,0
1748634617555,-18750000,-788125,-36678,-183303,0,0,0,0,0,0,0
1748634617655,-18750000,-784460,54963,-146647,0,0,0,0,0,0,0
1748634617755,-18750000,-791791,54963,-201633,0,0,0,0,0,0,0
1748634617855,-18750000,-799123,18303,-219959,0,0,0,0,0,0,0
1748634617955,-18750000,-806455,18303,-164973,0,0,0,0,0,0,0
1748634618055,-18750000,-813786,109946,-201633,0,0,0,0,0,0,0
1748634618155,-18750000,-813786,146602,-201633,0,0,0,0,0,0,0
1748634618255,-18750000,-802789,73286,-293276,0,0,0,0,0,0,0
1748634618355,-18750000,-810120,36630,-256619,0,0,0,0,0,0,0
1748634618455,-18750000,-784460,36630,-256619,0,0,0,0,0,0,0
1748634618555,-18750000,-777128,73286,-219959,0,0,0,0,0,0,0
1748634618655,-18750000,-762465,-26,-274946,0,0,0,0,0,0,0
1748634618755,-18750000,-744137,-73338,-329932,0,0,0,0,0,0,0
1748634618855,-18750000,-733139,18303,-329932,0,0,0,0,0,0,0
1748634618955,-18750000,-722142,18303,-384918,0,0,0,0,0,0,0
1748634619055,-18750000,-718477,-91668,-274946,0,0,0,0,0,0,0
1748634619155,-18750000,-718477,-128324,-274946,0,0,0,0,0,0,0
1748634619255,-18750000,-725809,-91664,-201633,0,0,0,0,0,0,0
1748634619355,-18750000,-718477,-91664,-183303,0,0,0,0,0,0,0
1748634619455,-18750000,-729475,-146647,-183303,0,0,0,0,0,0,0
1748634619555,-18750000,-733141,-238289,-219963,0,0,0,0,0,0,0
1748634619655,-18750000,-733141,-293276,-164977,0,0,0,0,0,0,0
1748634619755,-18750000,-755135,-293276,-164977,0,0,0,0,0,0,0
1748634619855,-18750000,-762466,-329932,-164977,0,0,0,0,0,0,0
1748634619955,-18750000,-758800,-311602,-55004,0,0,0,0,0,0,0
1748634620055,-18750000,-762466,-256616,-128317,0,0,0,0,0,0,0
1748634620155,-18750000,-777129,-311602,-146643,0,0,0,0,0,0,0
1748634620255,-18750000,-751469,-293276,-146643,0,0,0,0,0,0,0
1748634620355,-18750000,-766132,-329932,-164973,0,0,0,0,0,0,0
1748634620455,-18750000,-762467,-384918,-146647,0,0,0,0,0,0,0
1748634620555,-18750000,-758801,-403244,-146647,0,0,0,0,0,0,0
1748634620655,-18750000,-755135,-311602,-183303,0,0,0,0,0,0,0
1748634620755,-18750000,-733141,-219959,-146643,0,0,0,0,0,0,0
1748634620855,-18750000,-722144,-146643,-183303,0,0,0,0,0,0,0
1748634620955,-18750000,-733141,-164973,-219963,0,0,0,0,0,0,0
1748634621055,-18750000,-740473,-146643,-238293,0,0,0,0,0,0,0
1748634621155,-18750000,-755135,-18344,-256623,0,0,0,0,0,0,0
1748634621255,-18750000,-784460,-18344,-274949,0,0,0,0,0,0,0
1748634621355,-18750000,-769798,73297,-311606,0,0,0,0,0,0,0
1748634621455,-18750000,-762466,128283,-329932,0,0,0,0,0,0,0
1748634621555,-18750000,-769797,183270,-293272,0,0,0,0,0,0,0
1748634621655,-18750000,-769797,164940,-293272,0,0,0,0,0,0,0
1748634621755,-18750000,-788126,128283,-293272,0,0,0,0,0,0,0
1748634621855,-18750000,-810120,54967,-219956,0,0,0,0,0,0,0
1748634621955,-18750000,-806454,54967,-274938,0,0,0,0,0,0,0
1748634622055,-18750000,-813785,54967,-293268,0,0,0,0,0,0,0
1748634622155,-18750000,-788125,18311,-238282,0,0,0,0,0,0,0
1748634622255,-18750000,-795457,18311,-219956,0,0,0,0,0,0,0
1748634622355,-18750000,-795457,-18,-219956,0,0,0,0,0,0,0
1748634622455,-18750000,-806454,-36678,-201630,0,0,0,0,0,0,0
1748634622555,-18750000,-810120,-55008,-201630,0,0,0,0,0,0,0
1748634622655,-18750000,-821116,-55008,-219960,0,0,0,0,0,0,0
1748634622755,-18750000,-817451,-73338,-183303,0,0,0,0,0,0,0
1748634622855,-18750000,-806454,-73338,-128317,0,0,0,0,0,0,0
1748634622955,-18750000,-799123,-22,-128317,0,0,0,0,0,0,0
1748634623055,-18750000,-784460,18303,-73331,0,0,0,0,0,0,0
1748634623155,-18750000,-795457,-36682,-109987,0,0,0,0,0,0,0
1748634623255,-18750000,-766132,-26,-73331,0,0,0,0,0,0,0
1748634623355,-18750000,-762466,-26,-36674,0,0,0,0,0,0,0
1748634623455,-18750000,-758801,36633,-91661,0,0,0,0,0,0,0
1748634623555,-18750000,-733141,-18352,-91661,0,0,0,0,0,0,0
1748634623655,-18750000,-722144,-55008,-91661,0,0,0,0,0,0,0
1748634623755,-18750000,-740473,-18352,-91661,0,0,0,0,0,0,0
1748634623855,-18750000,-747804,-36678,-183303,0,0,0,0,0,0,0
1748634623955,-18750000,-755135,-146651,-219963,0,0,0,0,0,0,0
1748634624055,-18750000,-769799,-146651,-219963,0,0,0,0,0,0,0
1748634624155,-18750000,-766133,-73338,-219963,0,0,0,0,0,0,0
1748634624255,-18750000,-780795,-146651,-256619,0,0,0,0,0,0,0
1748634624355,-18750000,-766133,-146651,-219963,0,0,0,0,0,0,0
1748634624455,-18750000,-777129,-128324,-201633,0,0,0,0,0,0,0
1748634624555,-18750000,-788126,-36682,-201633,0,0,0,0,0,0,0
1748634624655,-18750000,-802788,36630,-164973,0,0,0,0,0,0,0
1748634624755,-18750000,-780794,36630,-146647,0,0,0,0,0,0,0
1748634624855,-18750000,-766131,36630,-128321,0,0,0,0,0,0,0
1748634624955,-18750000,-773463,-55012,-91661,0,0,0,0,0,0,0
1748634625055,-18750000,-758800,-146654,-91661,0,0,0,0,0,0,0
1748634625155,-18750000,-766131,-164981,-36678,0,0,0,0,0,0,0
1748634625255,-18750000,-747803,-91668,-91664,0,0,0,0,0,0,0
1748634625355,-18750000,-766131,-91668,-146647,0,0,0,0,0,0,0
1748634625455,-18750000,-733140,-73338,-73334,0,0,0,0,0,0,0
1748634625555,-18750000,-725809,-73338,-55008,0,0,0,0,0,0,0
1748634625655,-18750000,-729475,-164981,-55008,0,0,0,0,0,0,0
1748634625755,-18750000,-736806,-164981,-91664,0,0,0,0,0,0,0
1748634625855,-18750000,-744137,-183311,-128321,0,0,0,0,0,0,0
1748634625955,-18750000,-744137,-36682,-109994,0,0,0,0,0,0,0
1748634626055,-18750000,-725810,54959,-146651,0,0,0,0,0,0,0
1748634626155,-18750000,-700150,73286,-183307,0,0,0,0,0,0,0
1748634626255,-18750000,-714812,54959,-146647,0,0,0,0,0,0,0
1748634626355,-18750000,-722144,-36682,-91664,0,0,0,0,0,0,0
1748634626455,-18750000,-740472,36629,-109991,0,0,0,0,0,0,0
1748634626555,-18750000,-755135,-18356,-109991,0,0,0,0,0,0,0
1748634626655,-18750000,-747803,-18356,-146651,0,0,0,0,0,0,0
1748634626755,-18750000,-751469,-36682,-128321,0,0,0,0,0,0,0
1748634626855,-18750000,-755135,91616,-91664,0,0,0,0,0,0,0
1748634626955,-18750000,-766132,18299,-146651,0,0,0,0,0,0,0
1748634627055,-18750000,-784460,36629,-128321,0,0,0,0,0,0,0
1748634627155,-18750000,-799122,-26,-201633,0,0,0,0,0,0,0
1748634627255,-18750000,-810119,-36682,-201633,0,0,0,0,0,0,0
1748634627355,-18750000,-813785,18303,-256616,0,0,0,0,0,0,0
1748634627455,-18750000,-802788,-73338,-238289,0,0,0,0,0,0,0
1748634627555,-18750000,-799122,-91664,-219960,0,0,0,0,0,0,0
1748634627655,-18750000,-802788,36637,-146643,0,0,0,0,0,0,0
1748634627755,-18750000,-780794,73293,-128317,0,0,0,0,0,0,0
1748634627855,-18750000,-777128,18307,-109987,0,0,0,0,0,0,0
1748634627955,-18750000,-751468,146610,-109987,0,0,0,0,0,0,0
1748634628055,-18750000,-747803,128280,-109987,0,0,0,0,0,0,0
1748634628155,-18750000,-755135,73293,-36675,0,0,0,0,0,0,0
1748634628255,-18750000,-755135,-22,-18,0,0,0,0,0,0,0
1748634628355,-18750000,-755135,36633,-18,0,0,0,0,0,0,0
1748634628455,-18750000,-777129,73290,-36675,0,0,0,0,0,0,0
1748634628555,-18750000,-799124,146602,-55005,0,0,0,0,0,0,0
1748634628655,-18750000,-788126,54960,-36678,0,0,0,0,0,0,0
1748634628755,-18750000,-784461,73290,-128321,0,0,0,0,0,0,0
1748634628855,-18750000,-777130,36633,-164977,0,0,0,0,0,0,0
1748634628955,-18750000,-788127,-109994,-109991,0,0,0,0,0,0,0
1748634629055,-18750000,-784461,-146651,-73334,0,0,0,0,0,0,0
1748634629155,-18750000,-788126,-109991,-73334,0,0,0,0,0,0,0
1748634629255,-18750000,-788126,-18,-73334,0,0,0,0,0,0,0
1748634629355,-18750000,-780794,-18,-55008,0,0,0,0,0,0,0
1748634629455,-18750000,-766131,-18,-73334,0,0,0,0,0,0,0
1748634629555,-18750000,-736805,91623,-91661,0,0,0,0,0,0,0
1748634629655,-18750000,-769797,164936,-146643,0,0,0,0,0,0,0
1748634629755,-18750000,-802788,36633,-55001,0,0,0,0,0,0,0
1748634629855,-18750000,-817451,73290,-91661,0,0,0,0,0,0,0
1748634629955,-18750000,-813785,183258,-164973,0,0,0,0,0,0,0
1748634630055,-18750000,-835779,219914,-146647,0,0,0,0,0,0,0
1748634630155,-18750000,-817451,256571,-164973,0,0,0,0,0,0,0
1748634630255,-18750000,-810119,219914,-146647,0,0,0,0,0,0,0
1748634630355,-18750000,-802788,183258,-183303,0,0,0,0,0,0,0
1748634630455,-18750000,-795457,183258,-183303,0,0,0,0,0,0,0
1748634630555,-18750000,-791791,146602,-164977,0,0,0,0,0,0,0
1748634630655,-18750000,-769796,146602,-201637,0,0,0,0,0,0,0
1748634630755,-18750000,-747802,146602,-201637,0,0,0,0,0,0,0
1748634630855,-18750000,-722142,128276,-128321,0,0,0,0,0,0,0
1748634630955,-18750000,-722142,91620,-36678,0,0,0,0,0,0,0
1748634631055,-18750000,-714811,-22,-73335,0,0,0,0,0,0,0
1748634631155,-18750000,-711146,-55008,-91665,0,0,0,0,0,0,0
1748634631255,-18750000,-707480,-91668,-91665,0,0,0,0,0,0,0
1748634631355,-18750000,-700148,-146655,-18352,0,0,0,0,0,0,0
1748634631455,-18750000,-722143,-164981,-55012,0,0,0,0,0,0,0
1748634631555,-18750000,-740471,-219967,-109998,0,0,0,0,0,0,0
1748634631655,-18750000,-740471,-256623,-73338,0,0,0,0,0,0,0
1748634631755,-18750000,-744137,-201637,-128321,0,0,0,0,0,0,0
1748634631855,-18750000,-766132,-256623,-109995,0,0,0,0,0,0,0
1748634631955,-18750000,-773464,-238293,-109995,0,0,0,0,0,0,0
1748634632055,-18750000,-769798,-164977,-146651,0,0,0,0,0,0,0
1748634632155,-18750000,-780794,-183307,-128321,0,0,0,0,0,0,0
1748634632255,-18750000,-773463,-91665,-146647,0,0,0,0,0,0,0
1748634632355,-18750000,-795458,-73335,-183303,0,0,0,0,0,0,0
1748634632455,-18750000,-780794,-91665,-146643,0,0,0,0,0,0,0
1748634632555,-18750000,-758801,-36678,-128313,0,0,0,0,0,0,0
1748634632655,-18750000,-766132,-91665,-91657,0,0,0,0,0,0,0
1748634632755,-18750000,-766132,-55008,-128317,0,0,0,0,0,0,0
1748634632855,-18750000,-762466,54963,-183300,0,0,0,0,0,0,0
1748634632955,-18750000,-758800,54963,-128313,0,0,0,0,0,0,0
1748634633055,-18750000,-762466,54963,-91657,0,0,0,0,0,0,0
1748634633155,-18750000,-747803,146606,-91657,0,0,0,0,0,0,0
1748634633255,-18750000,-747803,91623,-109987,0,0,0,0,0,0,0
1748634633355,-18750000,-747803,73293,-128313,0,0,0,0,0,0,0
1748634633455,-18750000,-751469,18307,-73331,0,0,0,0,0,0,0
1748634633555,-18750000,-766132,-18348,-109987,0,0,0,0,0,0,0
1748634633655,-18750000,-755135,54963,-128317,0,0,0,0,0,0,0
1748634633755,-18750000,-766132,73293,-55001,0,0,0,0,0,0,0
1748634633855,-18750000,-755135,-55008,-55001,0,0,0,0,0,0,0
1748634633955,-18750000,-766132,-36682,-91661,0,0,0,0,0,0,0
1748634634055,-18750000,-755135,-55012,-91661,0,0,0,0,0,0,0
1748634634155,-18750000,-769797,-55012,-128321,0,0,0,0,0,0,0
1748634634255,-18750000,-762466,-30,-128321,0,0,0,0,0,0,0
1748634634355,-18750000,-736806,91612,-128321,0,0,0,0,0,0,0
1748634634455,-18750000,-736806,91612,-164977,0,0,0,0,0,0,0
1748634634555,-18750000,-747803,-29,-109991,0,0,0,0,0,0,0
1748634634655,-18750000,-755135,-128328,-146647,0,0,0,0,0,0,0
1748634634755,-18750000,-744138,-128328,-183303,0,0,0,0,0,0,0
1748634634855,-18750000,-744138,-91668,-183303,0,0,0,0,0,0,0
1748634634955,-18750000,-733141,-91668,-238286,0,0,0,0,0,0,0
1748634635055,-18750000,-729475,-128324,-238286,0,0,0,0,0,0,0
1748634635155,-18750000,-747803,-146651,-146643,0,0,0,0,0,0,0
1748634635255,-18750000,-777129,-238293,-164969,0,0,0,0,0,0,0
1748634635355,-18750000,-810120,-256620,-201629,0,0,0,0,0,0,0
1748634635455,-18750000,-806454,-183303,-146643,0,0,0,0,0,0,0
1748634635555,-18750000,-810119,-91661,-128317,0,0,0,0,0,0,0
1748634635655,-18750000,-802787,-18345,-146647,0,0,0,0,0,0,0
1748634635755,-18750000,-806453,-55001,-91664,0,0,0,0,0,0,0
1748634635855,-18750000,-824782,-55001,-146651,0,0,0,0,0,0,0
1748634635955,-18750000,-828448,-109984,-146651,0,0,0,0,0,0,0
1748634636055,-18750000,-850442,-36671,-164977,0,0,0,0,0,0,0
1748634636155,-18750000,-821117,-128313,-183303,0,0,0,0,0,0,0
1748634636255,-18750000,-813786,-73327,-164977,0,0,0,0,0,0,0
1748634636355,-18750000,-799123,-73327,-109991,0,0,0,0,0,0,0
1748634636455,-18750000,-806455,-73327,-128321,0,0,0,0,0,0,0
1748634636555,-18750000,-810121,-55001,-146647,0,0,0,0,0,0,0
1748634636655,-18750000,-799124,18311,-109987,0,0,0,0,0,0,0
1748634636755,-18750000,-810121,-36675,-146643,0,0,0,0,0,0,0
1748634636855,-18750000,-791792,54967,-73331,0,0,0,0,0,0,0
1748634636955,-18750000,-795458,128280,-36674,0,0,0,0,0,0,0
1748634637055,-18750000,-780794,91623,18307,0,0,0,0,0,0,0
1748634637155,-18750000,-795457,109950,-73334,0,0,0,0,0,0,0
1748634637255,-18750000,-806453,128279,-91661,0,0,0,0,0,0,0
1748634637355,-18750000,-806453,146606,-91661,0,0,0,0,0,0,0
1748634637455,-18750000,-799121,128276,-164973,0,0,0,0,0,0,0
1748634637555,-18750000,-780793,183262,-146647,0,0,0,0,0,0,0
1748634637655,-18750000,-802787,164932,-109991,0,0,0,0,0,0,0
1748634637755,-18750000,-795455,183262,-73334,0,0,0,0,0,0,0
1748634637855,-18750000,-802787,146602,-91661,0,0,0,0,0,0,0
1748634637955,-18750000,-813784,73290,-91661,0,0,0,0,0,0,0
1748634638055,-18750000,-813784,91619,-128317,0,0,0,0,0,0,0
1748634638155,-18750000,-817450,183262,-73331,0,0,0,0,0,0,0
1748634638255,-18750000,-784459,238248,-91661,0,0,0,0,0,0,0
1748634638355,-18750000,-799122,238248,-109987,0,0,0,0,0,0,0
1748634638455,-18750000,-784460,238248,-91657,0,0,0,0,0,0,0
1748634638555,-18750000,-784460,183262,-55001,0,0,0,0,0,0,0
1748634638655,-18750000,-780794,146606,-91657,0,0,0,0,0,0,0
1748634638755,-18750000,-762466,164932,-146640,0,0,0,0,0,0,0
1748634638855,-18750000,-777129,128276,-128313,0,0,0,0,0,0,0
1748634638955,-18750000,-751469,109946,-128313,0,0,0,0,0,0,0
1748634639055,-18750000,-751469,128272,-146640,0,0,0,0,0,0,0
1748634639155,-18750000,-740472,128272,-128313,0,0,0,0,0,0,0
1748634639255,-18750000,-766132,54956,-55001,0,0,0,0,0,0,0
1748634639355,-18750000,-744137,54956,-36674,0,0,0,0,0,0,0
1748634639455,-18750000,-773463,73286,-36674,0,0,0,0,0,0,0
1748634639555,-18750000,-769797,146602,-73331,0,0,0,0,0,0,0
1748634639655,-18750000,-769797,54960,-18348,0,0,0,0,0,0,0
1748634639755,-18750000,-755134,54960,18307,0,0,0,0,0,0,0
1748634639855,-18750000,-725809,91616,-18,0,0,0,0,0,0,0
1748634639955,-18750000,-722143,201588,18307,0,0,0,0,0,0,0
1748634640055,-18750000,-714811,109946,36633,0,0,0,0,0,0,0
1748634640155,-18750000,-711145,91620,36633,0,0,0,0,0,0,0
1748634640255,-18750000,-711145,73293,-22,0,0,0,0,0,0,0
1748634640355,-18750000,-714811,109953,-22,0,0,0,0,0,0,0
1748634640455,-18750000,-700148,128280,36633,0,0,0,0,0,0,0
1748634640555,-18750000,-711145,36637,18307,0,0,0,0,0,0,0
1748634640655,-18750000,-696482,128280,-36674,0,0,0,0,0,0,0
1748634640755,-18750000,-740470,73293,-55004,0,0,0,0,0,0,0
1748634640855,-18750000,-762465,73293,-73334,0,0,0,0,0,0,0
1748634640955,-18750000,-758800,-55008,-109991,0,0,0,0,0,0,0
1748634641055,-18750000,-773463,36633,-55004,0,0,0,0,0,0,0
1748634641155,-18750000,-784460,-22,-55004,0,0,0,0,0,0,0
1748634641255,-18750000,-766132,18303,-73331,0,0,0,0,0,0,0
1748634641355,-18750000,-766132,-18356,-91657,0,0,0,0,0,0,0
1748634641455,-18750000,-766132,-18356,-128313,0,0,0,0,0,0,0
1748634641555,-18750000,-736807,18300,-146643,0,0,0,0,0,0,0
1748634641655,-18750000,-744138,-55012,-109987,0,0,0,0,0,0,0
1748634641755,-18750000,-718478,-26,-109987,0,0,0,0,0,0,0
1748634641855,-18750000,-722144,-26,-36674,0,0,0,0,0,0,0
1748634641955,-18750000,-758801,109946,-55001,0,0,0,0,0,0,0
1748634642055,-18750000,-755135,128276,-164973,0,0,0,0,0,0,0
1748634642155,-18750000,-751469,201588,-219960,0,0,0,0,0,0,0
1748634642255,-18750000,-751469,219918,-201633,0,0,0,0,0,0,0
1748634642355,-18750000,-766131,201592,-146651,0,0,0,0,0,0,0
1748634642455,-18750000,-788126,109950,-128324,0,0,0,0,0,0,0
1748634642555,-18750000,-810119,128280,-146654,0,0,0,0,0,0,0
1748634642655,-18750000,-821117,91623,-146654,0,0,0,0,0,0,0
1748634642755,-18750000,-835779,109953,-128325,0,0,0,0,0,0,0
1748634642855,-18750000,-824782,146613,-219967,0,0,0,0,0,0,0
1748634642955,-18750000,-802787,91627,-201641,0,0,0,0,0,0,0
1748634643055,-18750000,-799121,109957,-146654,0,0,0,0,0,0,0
1748634643155,-18750000,-806453,128287,-91668,0,0,0,0,0,0,0
1748634643255,-18750000,-802788,146613,-91668,0,0,0,0,0,0,0
1748634643355,-18750000,-788126,91627,-146651,0,0,0,0,0,0,0
1748634643455,-18750000,-773463,73301,-183307,0,0,0,0,0,0,0
1748634643555,-18750000,-766132,-18341,-128321,0,0,0,0,0,0,0
1748634643655,-18750000,-766132,73301,-146651,0,0,0,0,0,0,0
1748634643755,-18750000,-751469,128287,-219967,0,0,0,0,0,0,0
1748634643855,-18750000,-766133,18315,-183307,0,0,0,0,0,0,0
1748634643955,-18750000,-766133,18315,-201633,0,0,0,0,0,0,0
1748634644055,-18750000,-747805,-109987,-274946,0,0,0,0,0,0,0
1748634644155,-18750000,-740473,-128317,-329932,0,0,0,0,0,0,0
1748634644255,-18750000,-755135,-109987,-366588,0,0,0,0,0,0,0
1748634644355,-18750000,-773464,-36674,-366588,0,0,0,0,0,0,0
1748634644455,-18750000,-777129,-18,-311602,0,0,0,0,0,0,0
1748634644555,-18750000,-773463,-36678,-366588,0,0,0,0,0,0,0
1748634644655,-18750000,-766132,36633,-329932,0,0,0,0,0,0,0
1748634644755,-18750000,-788126,-91668,-293272,0,0,0,0,0,0,0
1748634644855,-18750000,-769797,18303,-311602,0,0,0,0,0,0,0
1748634644955,-18750000,-777128,18303,-311602,0,0,0,0,0,0,0
1748634645055,-18750000,-799122,109946,-238290,0,0,0,0,0,0,0
1748634645155,-18750000,-813785,146602,-201630,0,0,0,0,0,0,0
1748634645255,-18750000,-806454,128272,-183300,0,0,0,0,0,0,0
1748634645355,-18750000,-795457,91616,-164973,0,0,0,0,0,0,0
1748634645455,-18750000,-773463,54960,-201629,0,0,0,0,0,0,0
1748634645555,-18750000,-780794,109946,-146643,0,0,0,0,0,0,0
1748634645655,-18750000,-769797,109946,-201626,0,0,0,0,0,0,0
1748634645755,-18750000,-744137,146606,-219956,0,0,0,0,0,0,0
1748634645855,-18750000,-758800,109946,-238286,0,0,0,0,0,0,0
1748634645955,-18750000,-736806,91620,-219959,0,0,0,0,0,0,0
1748634646055,-18750000,-744137,109950,-183303,0,0,0,0,0,0,0
1748634646155,-18750000,-740471,54963,-219963,0,0,0,0,0,0,0
1748634646255,-18750000,-747803,-18,-164981,0,0,0,0,0,0,0
1748634646355,-18750000,-740471,18311,-164981,0,0,0,0,0,0,0
1748634646455,-18750000,-751468,128280,-109998,0,0,0,0,0,0,0
1748634646555,-18750000,-755134,164936,-91668,0,0,0,0,0,0,0
1748634646655,-18750000,-762465,91623,-55012,0,0,0,0,0,0,0
1748634646755,-18750000,-762465,219922,-26,0,0,0,0,0,0,0
1748634646855,-18750000,-744137,164939,91616,0,0,0,0,0,0,0
1748634646955,-18750000,-780794,164939,73289,0,0,0,0,0,0,0
1748634647055,-18750000,-766131,146609,18307,0,0,0,0,0,0,0
1748634647155,-18750000,-755134,183269,18307,0,0,0,0,0,0,0
1748634647255,-18750000,-751468,183269,-36675,0,0,0,0,0,0,0
1748634647355,-18750000,-769796,238256,-55001,0,0,0,0,0,0,0
1748634647455,-18750000,-769796,146613,-55001,0,0,0,0,0,0,0
1748634647555,-18750000,-766130,109957,-91657,0,0,0,0,0,0,0
1748634647655,-18750000,-766130,146613,-128313,0,0,0,0,0,0,0
1748634647755,-18750000,-766130,36641,-164970,0,0,0,0,0,0,0
1748634647855,-18750000,-788125,36641,-219952,0,0,0,0,0,0,0
1748634647955,-18750000,-773462,-36674,-201626,0,0,0,0,0,0,0
1748634648055,-18750000,-780793,-128317,-164970,0,0,0,0,0,0,0
1748634648155,-18750000,-784459,-183303,-128310,0,0,0,0,0,0,0
1748634648255,-18750000,-799122,-109991,-164970,0,0,0,0,0,0,0
1748634648355,-18750000,-777128,-183307,-164970,0,0,0,0,0,0,0
1748634648455,-18750000,-769796,-146647,-219952,0,0,0,0,0,0,0
1748634648555,-18750000,-769796,-183303,-201626,0,0,0,0,0,0,0
1748634648655,-18750000,-773462,-238289,-219956,0,0,0,0,0,0,0
1748634648755,-18750000,-777128,-256616,-164973,0,0,0,0,0,0,0
1748634648855,-18750000,-773462,-183303,-201633,0,0,0,0,0,0,0
1748634648955,-18750000,-766131,-91661,-219960,0,0,0,0,0,0,0
1748634649055,-18750000,-755134,-18,-238289,0,0,0,0,0,0,0
1748634649155,-18750000,-755134,-73334,-256619,0,0,0,0,0,0,0
1748634649255,-18750000,-744137,-164977,-219959,0,0,0,0,0,0,0
1748634649355,-18750000,-769796,-201633,-164977,0,0,0,0,0,0,0
1748634649455,-18750000,-769796,-128321,-164977,0,0,0,0,0,0,0
1748634649555,-18750000,-773462,36633,-128321,0,0,0,0,0,0,0
1748634649655,-18750000,-780794,73290,-146651,0,0,0,0,0,0,0
1748634649755,-18750000,-780794,36630,-201633,0,0,0,0,0,0,0
1748634649855,-18750000,-762465,-91668,-91661,0,0,0,0,0,0,0
1748634649955,-18750000,-762465,-18352,-91661,0,0,0,0,0,0,0
1748634650055,-18750000,-769796,-22,-91661,0,0,0,0,0,0,0
1748634650155,-18750000,-769796,73293,-55004,0,0,0,0,0,0,0
1748634650255,-18750000,-755134,128280,-91664,0,0,0,0,0,0,0
1748634650355,-18750000,-744137,238252,-146647,0,0,0,0,0,0,0
1748634650455,-18750000,-758801,201596,-91664,0,0,0,0,0,0,0
1748634650555,-18750000,-758801,73297,-109991,0,0,0,0,0,0,0
1748634650655,-18750000,-747803,54971,-73331,0,0,0,0,0,0,0
1748634650755,-18750000,-736806,73301,-55004,0,0,0,0,0,0,0
1748634650855,-18750000,-769798,146613,-73334,0,0,0,0,0,0,0
1748634650955,-18750000,-755136,18311,-55008,0,0,0,0,0,0,0
1748634651055,-18750000,-758802,18311,-73334,0,0,0,0,0,0,0
1748634651155,-18750000,-755136,-18345,-36678,0,0,0,0,0,0,0
1748634651255,-18750000,-777129,-36674,54963,0,0,0,0,0,0,0
1748634651355,-18750000,-773463,-146647,91620,0,0,0,0,0,0,0
1748634651455,-18750000,-777128,-256619,91620,0,0,0,0,0,0,0
1748634651555,-18750000,-773462,-219963,109946,0,0,0,0,0,0,0
1748634651655,-18750000,-766131,-238293,109946,0,0,0,0,0,0,0
1748634651755,-18750000,-802788,-238293,146602,0,0,0,0,0,0,0
1748634651855,-18750000,-784460,-274949,73290,0,0,0,0,0,0,0
1748634651955,-18750000,-802788,-219963,91619,0,0,0,0,0,0,0
1748634652055,-18750000,-810119,-238293,91619,0,0,0,0,0,0,0
1748634652155,-18750000,-817451,-256623,-18348,0,0,0,0,0,0,0
1748634652255,-18750000,-784460,-256623,-55005,0,0,0,0,0,0,0
1748634652355,-18750000,-788126,-164981,-73334,0,0,0,0,0,0,0
1748634652455,-18750000,-769798,-128324,-109991,0,0,0,0,0,0,0
1748634652555,-18750000,-784461,-128324,-109991,0,0,0,0,0,0,0
1748634652655,-18750000,-802790,-55012,-91664,0,0,0,0,0,0,0
1748634652755,-18750000,-784461,-73342,-164977,0,0,0,0,0,0,0
1748634652855,-18750000,-780795,-73342,-146647,0,0,0,0,0,0,0
1748634652955,-18750000,-788126,-55012,-238289,0,0,0,0,0,0,0
1748634653055,-18750000,-784461,-109995,-256619,0,0,0,0,0,0,0
1748634653155,-18750000,-795458,-36682,-201633,0,0,0,0,0,0,0
1748634653255,-18750000,-835780,-91668,-201633,0,0,0,0,0,0,0
1748634653355,-18750000,-832114,-109998,-219959,0,0,0,0,0,0,0
1748634653455,-18750000,-857774,-109998,-256616,0,0,0,0,0,0,0
1748634653555,-18750000,-854108,-128325,-311598,0,0,0,0,0,0,0
1748634653655,-18750000,-850442,-146651,-329924,0,0,0,0,0,0,0
1748634653755,-18750000,-839445,-128321,-256612,0,0,0,0,0,0,0
1748634653855,-18750000,-839445,-36678,-256612,0,0,0,0,0,0,0
1748634653955,-18750000,-832114,-109995,-201626,0,0,0,0,0,0,0
1748634654055,-18750000,-835779,-55012,-201626,0,0,0,0,0,0,0
1748634654155,-18750000,-824783,-55012,-164970,0,0,0,0,0,0,0
1748634654255,-18750000,-802789,-73338,-128313,0,0,0,0,0,0,0
1748634654355,-18750000,-791792,-73338,-164973,0,0,0,0,0,0,0
1748634654455,-18750000,-777129,-73338,-128317,0,0,0,0,0,0,0
1748634654555,-18750000,-758801,-55012,-109991,0,0,0,0,0,0,0
1748634654655,-18750000,-751469,-36686,-91664,0,0,0,0,0,0,0
1748634654755,-18750000,-762466,54956,-128321,0,0,0,0,0,0,0
1748634654855,-18750000,-758800,-91672,-91664,0,0,0,0,0,0,0
1748634654955,-18750000,-773462,-55012,-91664,0,0,0,0,0,0,0
1748634655055,-18750000,-766131,-36682,-73334,0,0,0,0,0,0,0
1748634655155,-18750000,-758799,-36682,-55008,0,0,0,0,0,0,0
1748634655255,-18750000,-766130,54960,-146651,0,0,0,0,0,0,0
1748634655355,-18750000,-784459,-22,-146651,0,0,0,0,0,0,0
1748634655455,-18750000,-795456,91620,-164977,0,0,0,0,0,0,0
1748634655555,-18750000,-806453,91620,-183303,0,0,0,0,0,0,0
1748634655655,-18750000,-817451,91620,-183303,0,0,0,0,0,0,0
1748634655755,-18750000,-824782,73290,-201630,0,0,0,0,0,0,0
1748634655855,-18750000,-832114,164932,-293272,0,0,0,0,0,0,0
1748634655955,-18750000,-813785,201588,-238289,0,0,0,0,0,0,0
1748634656055,-18750000,-828448,183258,-219963,0,0,0,0,0,0,0
1748634656155,-18750000,-835780,18303,-256619,0,0,0,0,0,0,0
1748634656255,-18750000,-843111,36630,-201633,0,0,0,0,0,0,0
1748634656355,-18750000,-821117,-18356,-219959,0,0,0,0,0,0,0
1748634656455,-18750000,-813786,54960,-256619,0,0,0,0,0,0,0
1748634656555,-18750000,-799124,18303,-238293,0,0,0,0,0,0,0
1748634656655,-18750000,-791792,-18352,-219963,0,0,0,0,0,0,0
1748634656755,-18750000,-780795,-36678,-219963,0,0,0,0,0,0,0
1748634656855,-18750000,-777129,-18348,-91664,0,0,0,0,0,0,0
1748634656955,-18750000,-780795,36637,-146647,0,0,0,0,0,0,0
1748634657055,-18750000,-777130,18311,-201633,0,0,0,0,0,0,0
1748634657155,-18750000,-762467,183266,-183303,0,0,0,0,0,0,0
1748634657255,-18750000,-758801,183266,-183303,0,0,0,0,0,0,0
1748634657355,-18750000,-777130,274908,-109991,0,0,0,0,0,0,0
1748634657455,-18750000,-769798,128279,-73331,0,0,0,0,0,0,0
1748634657555,-18750000,-788126,146609,-18345,0,0,0,0,0,0,0
1748634657655,-18750000,-788126,109953,-73331,0,0,0,0,0,0,0
1748634657755,-18750000,-784461,128279,-73331,0,0,0,0,0,0,0
1748634657855,-18750000,-777130,146606,-146643,0,0,0,0,0,0,0
1748634657955,-18750000,-784461,109946,-146643,0,0,0,0,0,0,0
1748634658055,-18750000,-773464,73289,-91657,0,0,0,0,0,0,0
1748634658155,-18750000,-769799,91619,-109987,0,0,0,0,0,0,0
1748634658255,-18750000,-766133,73293,-128313,0,0,0,0,0,0,0
1748634658355,-18750000,-773464,54963,-183299,0,0,0,0,0,0,0
1748634658455,-18750000,-780796,146606,-201629,0,0,0,0,0,0,0
1748634658555,-18750000,-784461,109950,-274942,0,0,0,0,0,0,0
1748634658655,-18750000,-784461,128280,-256612,0,0,0,0,0,0,0
1748634658755,-18750000,-813786,128280,-274942,0,0,0,0,0,0,0
1748634658855,-18750000,-813786,36637,-274942,0,0,0,0,0,0,0
1748634658955,-18750000,-802789,36637,-238286,0,0,0,0,0,0,0
1748634659055,-18750000,-791792,91620,-238286,0,0,0,0,0,0,0
1748634659155,-18750000,-791792,-22,-274942,0,0,0,0,0,0,0
1748634659255,-18750000,-806454,-22,-329928,0,0,0,0,0,0,0
1748634659355,-18750000,-806454,-18348,-238286,0,0,0,0,0,0,0
1748634659455,-18750000,-802787,-73335,-219956,0,0,0,0,0,0,0
1748634659555,-18750000,-788125,-18352,-183300,0,0,0,0,0,0,0
1748634659655,-18750000,-788125,-18352,-201630,0,0,0,0,0,0,0
1748634659755,-18750000,-777128,-55012,-164973,0,0,0,0,0,0,0
1748634659855,-18750000,-777128,-55012,-201633,0,0,0,0,0,0,0
1748634659955,-18750000,-758800,-55012,-274949,0,0,0,0,0,0,0
1748634660055,-18750000,-758800,-73338,-329936,0,0,0,0,0,0,0
1748634660155,-18750000,-758800,-73338,-311606,0,0,0,0,0,0,0
1748634660255,-18750000,-762465,-36682,-293280,0,0,0,0,0,0,0
1748634660355,-18750000,-769797,-36682,-293280,0,0,0,0,0,0,0
1748634660455,-18750000,-762466,-73338,-366592,0,0,0,0,0,0,0
1748634660555,-18750000,-755134,-73338,-421578,0,0,0,0,0,0,0
1748634660655,-18750000,-755134,-36678,-329936,0,0,0,0,0,0,0
1748634660755,-18750000,-758800,128279,-348262,0,0,0,0,0,0,0
1748634660855,-18750000,-751468,73297,-348262,0,0,0,0,0,0,0
1748634660955,-18750000,-762466,73301,-201633,0,0,0,0,0,0,0
1748634661055,-18750000,-762466,73301,-201633,0,0,0,0,0,0,0
1748634661155,-18750000,-780794,-54997,-183303,0,0,0,0,0,0,0
1748634661255,-18750000,-780794,-54997,-183303,0,0,0,0,0,0,0
1748634661355,-18750000,-773462,-128310,-183303,0,0,0,0,0,0,0
1748634661455,-18750000,-773462,-91653,-109991,0,0,0,0,0,0,0
1748634661555,-18750000,-766131,18315,-109991,0,0,0,0,0,0,0
1748634661655,-18750000,-773462,-18345,-91661,0,0,0,0,0,0,0
1748634661755,-18750000,-788126,-109987,-91661,0,0,0,0,0,0,0
1748634661855,-18750000,-788126,-18345,-128321,0,0,0,0,0,0,0
1748634661955,-18750000,-810119,-73331,-183307,0,0,0,0,0,0,0
1748634662055,-18750000,-813785,-36674,-201633,0,0,0,0,0,0,0
1748634662155,-18750000,-791791,18311,-183303,0,0,0,0,0,0,0
1748634662255,-18750000,-766131,109953,-183303,0,0,0,0,0,0,0
1748634662355,-18750000,-773463,164940,-128321,0,0,0,0,0,0,0
1748634662455,-18750000,-777129,201596,-128321,0,0,0,0,0,0,0
1748634662555,-18750000,-762467,128283,-201633,0,0,0,0,0,0,0
1748634662655,-18750000,-751469,36641,-256620,0,0,0,0,0,0,0
1748634662755,-18750000,-714812,18311,-219963,0,0,0,0,0,0,0
1748634662855,-18750000,-711146,-55004,-164977,0,0,0,0,0,0,0
1748634662955,-18750000,-711146,-18,-73335,0,0,0,0,0,0,0
1748634663055,-18750000,-707481,-18345,-36678,0,0,0,0,0,0,0
1748634663155,-18750000,-736806,-18345,-22,0,0,0,0,0,0,0
1748634663255,-18750000,-751469,-55005,54960,0,0,0,0,0,0,0
1748634663355,-18750000,-736805,-22,-36682,0,0,0,0,0,0,0
1748634663455,-18750000,-733139,-36678,-36682,0,0,0,0,0,0,0
1748634663555,-18750000,-747802,-18352,-26,0,0,0,0,0,0,0
1748634663655,-18750000,-733139,91620,-18352,0,0,0,0,0,0,0
1748634663755,-18750000,-736805,146606,-36682,0,0,0,0,0,0,0
1748634663855,-18750000,-736805,91620,-73338,0,0,0,0,0,0,0
1748634663955,-18750000,-714811,183262,-128321,0,0,0,0,0,0,0
1748634664055,-18750000,-736805,219918,-201633,0,0,0,0,0,0,0
1748634664155,-18750000,-729473,238245,-238289,0,0,0,0,0,0,0
1748634664255,-18750000,-740470,183262,-238289,0,0,0,0,0,0,0
1748634664355,-18750000,-755134,183262,-201629,0,0,0,0,0,0,0
1748634664455,-18750000,-769797,238248,-109987,0,0,0,0,0,0,0
1748634664555,-18750000,-766131,201592,-109987,0,0,0,0,0,0,0
1748634664655,-18750000,-799122,219922,-91661,0,0,0,0,0,0,0
1748634664755,-18750000,-817451,164936,-146647,0,0,0,0,0,0,0
1748634664855,-18750000,-824783,219922,-164977,0,0,0,0,0,0,0
1748634664955,-18750000,-817451,91623,-183307,0,0,0,0,0,0,0
1748634665055,-18750000,-795458,128280,-164981,0,0,0,0,0,0,0
1748634665155,-18750000,-773464,183266,-164981,0,0,0,0,0,0,0
1748634665255,-18750000,-751470,238248,-201637,0,0,0,0,0,0,0
1748634665355,-18750000,-751470,238248,-183311,0,0,0,0,0,0,0
1748634665455,-18750000,-755135,164936,-238293,0,0,0,0,0,0,0
1748634665555,-18750000,-758801,146610,-274949,0,0,0,0,0,0,0
1748634665655,-18750000,-758801,-18,-348262,0,0,0,0,0,0,0
1748634665755,-18750000,-762467,73297,-348262,0,0,0,0,0,0,0
1748634665855,-18750000,-751470,91627,-348262,0,0,0,0,0,0,0
1748634665955,-18750000,-766133,128283,-311606,0,0,0,0,0,0,0
1748634666055,-18750000,-766133,109953,-274949,0,0,0,0,0,0,0
1748634666155,-18750000,-769798,73297,-274949,0,0,0,0,0,0,0
1748634666255,-18750000,-773463,54971,-293276,0,0,0,0,0,0,0
1748634666355,-18750000,-769797,18314,-274946,0,0,0,0,0,0,0
1748634666455,-18750000,-777128,18314,-256619,0,0,0,0,0,0,0
1748634666555,-18750000,-780794,18314,-164977,0,0,0,0,0,0,0
1748634666655,-18750000,-766132,54971,-73335,0,0,0,0,0,0,0
1748634666755,-18750000,-762466,-36671,-36675,0,0,0,0,0,0,0
1748634666855,-18750000,-762466,-109987,-15,0,0,0,0,0,0,0
1748634666955,-18750000,-744137,-73331,-55001,0,0,0,0,0,0,0
1748634667055,-18750000,-747803,-36671,-91657,0,0,0,0,0,0,0
1748634667155,-18750000,-755134,-18345,-73331,0,0,0,0,0,0,0
1748634667255,-18750000,-769797,36641,-128317,0,0,0,0,0,0,0
1748634667355,-18750000,-773463,73297,-109991,0,0,0,0,0,0,0
1748634667455,-18750000,-751469,18311,-73334,0,0,0,0,0,0,0
1748634667555,-18750000,-744137,36637,-146647,0,0,0,0,0,0,0
1748634667655,-18750000,-755135,73293,-164977,0,0,0,0,0,0,0
1748634667755,-18750000,-755135,128276,-146651,0,0,0,0,0,0,0
1748634667855,-18750000,-758800,91620,-55008,0,0,0,0,0,0,0
1748634667955,-18750000,-784460,73290,-55008,0,0,0,0,0,0,0
1748634668055,-18750000,-795457,54960,-109994,0,0,0,0,0,0,0
1748634668155,-18750000,-791792,54960,-73338,0,0,0,0,0,0,0
1748634668255,-18750000,-791792,-18356,-26,0,0,0,0,0,0,0
1748634668355,-18750000,-788126,-109998,-128324,0,0,0,0,0,0,0
1748634668455,-18750000,-791791,-29,-164981,0,0,0,0,0,0,0
1748634668555,-18750000,-799123,-18356,-146654,0,0,0,0,0,0,0
1748634668655,-18750000,-784460,54960,-183311,0,0,0,0,0,0,0
1748634668755,-18750000,-784460,-55008,-238297,0,0,0,0,0,0,0
1748634668855,-18750000,-810120,36633,-274957,0,0,0,0,0,0,0
1748634668955,-18750000,-813786,-73334,-183314,0,0,0,0,0,0,0
1748634669055,-18750000,-813786,-128321,-128328,0,0,0,0,0,0,0
1748634669155,-18750000,-810120,-183303,-219971,0,0,0,0,0,0,0
1748634669255,-18750000,-813785,-91661,-274957,0,0,0,0,0,0,0
1748634669355,-18750000,-802788,-128317,-146658,0,0,0,0,0,0,0
1748634669455,-18750000,-813785,-219959,-219971,0,0,0,0,0,0,0
1748634669555,-18750000,-799122,-256619,-201641,0,0,0,0,0,0,0
1748634669655,-18750000,-810119,-293279,-146655,0,0,0,0,0,0,0
1748634669755,-18750000,-799122,-164981,-91668,0,0,0,0,0,0,0
1748634669855,-18750000,-777127,-219967,-146651,0,0,0,0,0,0,0
1748634669955,-18750000,-751468,-164981,-183307,0,0,0,0,0,0,0
1748634670055,-18750000,-744137,-183307,-183307,0,0,0,0,0,0,0
1748634670155,-18750000,-751468,-201637,-164977,0,0,0,0,0,0,0
1748634670255,-18750000,-740471,-311606,-91661,0,0,0,0,0,0,0
1748634670355,-18750000,-740471,-238290,-128317,0,0,0,0,0,0,0
1748634670455,-18750000,-729473,-238290,-91661,0,0,0,0,0,0,0
1748634670555,-18750000,-736805,-146647,-164977,0,0,0,0,0,0,0
1748634670655,-18750000,-744136,-183303,-183307,0,0,0,0,0,0,0
1748634670755,-18750000,-736805,-238289,-183307,0,0,0,0,0,0,0
1748634670855,-18750000,-744136,-256616,-183307,0,0,0,0,0,0,0
1748634670955,-18750000,-769796,-201633,-201633,0,0,0,0,0,0,0
1748634671055,-18750000,-769796,-183307,-183303,0,0,0,0,0,0,0
1748634671155,-18750000,-758799,-219963,-109991,0,0,0,0,0,0,0
1748634671255,-18750000,-762465,-256623,-91664,0,0,0,0,0,0,0
1748634671355,-18750000,-777128,-201641,-55008,0,0,0,0,0,0,0
1748634671455,-18750000,-777128,-91668,-18352,0,0,0,0,0,0,0
1748634671555,-18750000,-784460,-109994,18307,0,0,0,0,0,0,0
1748634671655,-18750000,-766132,-146651,-36678,0,0,0,0,0,0,0
1748634671755,-18750000,-777129,-164977,-91665,0,0,0,0,0,0,0
1748634671855,-18750000,-766132,-36678,-128325,0,0,0,0,0,0,0
1748634671955,-18750000,-769797,-55005,-109998,0,0,0,0,0,0,0
1748634672055,-18750000,-766131,-91661,-91672,0,0,0,0,0,0,0
1748634672155,-18750000,-769796,-73335,-128328,0,0,0,0,0,0,0
1748634672255,-18750000,-784459,-18348,-146654,0,0,0,0,0,0,0
1748634672355,-18750000,-784459,-55005,-219967,0,0,0,0,0,0,0
1748634672455,-18750000,-788125,-91661,-183311,0,0,0,0,0,0,0
1748634672555,-18750000,-777128,-201633,-128328,0,0,0,0,0,0,0
1748634672655,-18750000,-788125,-73335,-146654,0,0,0,0,0,0,0
1748634672755,-18750000,-788125,-73335,-109994,0,0,0,0,0,0,0
1748634672855,-18750000,-780794,-109991,-18352,0,0,0,0,0,0,0
1748634672955,-18750000,-773462,-73335,18303,0,0,0,0,0,0,0
1748634673055,-18750000,-788126,-91665,-18352,0,0,0,0,0,0,0
1748634673155,-18750000,-810120,-91665,-73338,0,0,0,0,0,0,0
1748634673255,-18750000,-791792,-91665,-128324,0,0,0,0,0,0,0
1748634673355,-18750000,-788126,-73335,-109994,0,0,0,0,0,0,0
1748634673455,-18750000,-795457,-91665,-146651,0,0,0,0,0,0,0
1748634673555,-18750000,-802788,-18348,-219963,0,0,0,0,0,0,0
1748634673655,-18750000,-799122,-91661,-201637,0,0,0,0,0,0,0
1748634673755,-18750000,-795456,-91661,-146654,0,0,0,0,0,0,0
1748634673855,-18750000,-813785,-91661,-183311,0,0,0,0,0,0,0
1748634673955,-18750000,-813785,-128317,-256623,0,0,0,0,0,0,0
1748634674055,-18750000,-806453,-36675,-311609,0,0,0,0,0,0,0
1748634674155,-18750000,-780794,-15,-219967,0,0,0,0,0,0,0
1748634674255,-18750000,-784460,54971,-238297,0,0,0,0,0,0,0
1748634674355,-18750000,-784460,36641,-183314,0,0,0,0,0,0,0
1748634674455,-18750000,-773462,73297,-201641,0,0,0,0,0,0,0
1748634674555,-18750000,-758800,36637,-183311,0,0,0,0,0,0,0
1748634674655,-18750000,-758800,-18,-146651,0,0,0,0,0,0,0
1748634674755,-18750000,-769797,-18,-201633,0,0,0,0,0,0,0
1748634674855,-18750000,-762466,18307,-164977,0,0,0,0,0,0,0
1748634674955,-18750000,-740472,18307,-183307,0,0,0,0,0,0,0
1748634675055,-18750000,-733140,-91661,-91665,0,0,0,0,0,0,0
1748634675155,-18750000,-740471,-18348,-183307,0,0,0,0,0,0,0
1748634675255,-18750000,-725809,-109991,-73335,0,0,0,0,0,0,0
1748634675355,-18750000,-729475,-91661,-73335,0,0,0,0,0,0,0
1748634675455,-18750000,-747803,-109987,-55008,0,0,0,0,0,0,0
1748634675555,-18750000,-762466,-91657,-55008,0,0,0,0,0,0,0
1748634675655,-18750000,-780794,-36675,-55008,0,0,0,0,0,0,0
1748634675755,-18750000,-780794,-18,-91668,0,0,0,0,0,0,0
1748634675855,-18750000,-791792,18311,-183311,0,0,0,0,0,0,0
1748634675955,-18750000,-810120,18311,-146651,0,0,0,0,0,0,0
1748634676055,-18750000,-799124,36637,-201633,0,0,0,0,0,0,0
1748634676155,-18750000,-795458,-36675,-146647,0,0,0,0,0,0,0
1748634676255,-18750000,-817451,36637,-219959,0,0,0,0,0,0,0
1748634676355,-18750000,-810119,18307,-274942,0,0,0,0,0,0,0
1748634676455,-18750000,-784460,-18348,-256612,0,0,0,0,0,0,0
1748634676555,-18750000,-795457,-18348,-238286,0,0,0,0,0,0,0
1748634676655,-18750000,-777128,-91661,-219959,0,0,0,0,0,0,0
1748634676755,-18750000,-766131,-91661,-183299,0,0,0,0,0,0,0
1748634676855,-18750000,-744137,-164973,-183299,0,0,0,0,0,0,0
1748634676955,-18750000,-747802,-256616,-201629,0,0,0,0,0,0,0
1748634677055,-18750000,-758798,-183300,-201629,0,0,0,0,0,0,0
1748634677155,-18750000,-762464,-164973,-219956,0,0,0,0,0,0,0
1748634677255,-18750000,-751467,-274942,-164973,0,0,0,0,0,0,0
1748634677355,-18750000,-755133,-329928,-183303,0,0,0,0,0,0,0
1748634677455,-18750000,-766130,-403244,-219959,0,0,0,0,0,0,0
1748634677555,-18750000,-762464,-311602,-274946,0,0,0,0,0,0,0
1748634677655,-18750000,-762464,-238289,-293272,0,0,0,0,0,0,0
1748634677755,-18750000,-769796,-311606,-293272,0,0,0,0,0,0,0
1748634677855,-18750000,-777128,-201637,-219956,0,0,0,0,0,0,0
1748634677955,-18750000,-766130,-109995,-201626,0,0,0,0,0,0,0
1748634678055,-18750000,-766130,-91668,-201626,0,0,0,0,0,0,0
1748634678155,-18750000,-773462,-91668,-201626,0,0,0,0,0,0,0
1748634678255,-18750000,-788125,-36682,-219952,0,0,0,0,0,0,0
1748634678355,-18750000,-784459,-73338,-219952,0,0,0,0,0,0,0
1748634678455,-18750000,-795456,18303,-164970,0,0,0,0,0,0,0
1748634678555,-18750000,-788125,-128324,-146640,0,0,0,0,0,0,0
1748634678655,-18750000,-788125,-146651,-183300,0,0,0,0,0,0,0
1748634678755,-18750000,-780793,-55008,-164973,0,0,0,0,0,0,0
1748634678855,-18750000,-784459,-201637,-238290,0,0,0,0,0,0,0
1748634678955,-18750000,-780794,-183311,-238290,0,0,0,0,0,0,0
1748634679055,-18750000,-769797,-274953,-238290,0,0,0,0,0,0,0
1748634679155,-18750000,-758800,-329939,-219963,0,0,0,0,0,0,0
1748634679255,-18750000,-744137,-293283,-201637,0,0,0,0,0,0,0
1748634679355,-18750000,-747803,-183311,-164981,0,0,0,0,0,0,0
1748634679455,-18750000,-725808,-219967,-274949,0,0,0,0,0,0,0
1748634679555,-18750000,-714811,-201637,-256619,0,0,0,0,0,0,0
1748634679655,-18750000,-722143,-274953,-201633,0,0,0,0,0,0,0
1748634679755,-18750000,-725809,-384922,-219959,0,0,0,0,0,0,0
1748634679855,-18750000,-722143,-329936,-183299,0,0,0,0,0,0,0
1748634679955,-18750000,-722143,-476561,-164973,0,0,0,0,0,0,0
1748634680055,-18750000,-718477,-439901,-109991,0,0,0,0,0,0,0
1748634680155,-18750000,-729474,-403241,-128317,0,0,0,0,0,0,0
1748634680255,-18750000,-722143,-403241,-164973,0,0,0,0,0,0,0
1748634680355,-18750000,-707480,-403241,-128317,0,0,0,0,0,0,0
1748634680455,-18750000,-711146,-384911,-91661,0,0,0,0,0,0,0
1748634680555,-18750000,-725810,-274942,-128321,0,0,0,0,0,0,0
1748634680655,-18750000,-714812,-164970,-128321,0,0,0,0,0,0,0
1748634680755,-18750000,-718478,-73327,-73338,0,0,0,0,0,0,0
1748634680855,-18750000,-725810,-146640,-73338,0,0,0,0,0,0,0
1748634680955,-18750000,-740473,18314,-128324,0,0,0,0,0,0,0
1748634681055,-18750000,-751470,36641,-164981,0,0,0,0,0,0,0
1748634681155,-18750000,-744139,91623,-146654,0,0,0,0,0,0,0
1748634681255,-18750000,-766133,73293,-164981,0,0,0,0,0,0,0
1748634681355,-18750000,-780796,109950,-238293,0,0,0,0,0,0,0
1748634681455,-18750000,-788127,109950,-201637,0,0,0,0,0,0,0
1748634681555,-18750000,-777130,91623,-183307,0,0,0,0,0,0,0
1748634681655,-18750000,-769799,54967,-183307,0,0,0,0,0,0,0
1748634681755,-18750000,-773464,73293,-256619,0,0,0,0,0,0,0
1748634681855,-18750000,-766132,146606,-256619,0,0,0,0,0,0,0
1748634681955,-18750000,-751469,91620,-219959,0,0,0,0,0,0,0
1748634682055,-18750000,-762467,73293,-219959,0,0,0,0,0,0,0
1748634682155,-18750000,-769798,-36674,-274946,0,0,0,0,0,0,0
1748634682255,-18750000,-762467,-18,-311606,0,0,0,0,0,0,0
1748634682355,-18750000,-751469,-55004,-311606,0,0,0,0,0,0,0
1748634682455,-18750000,-758801,-55004,-329932,0,0,0,0,0,0,0
1748634682555,-18750000,-766132,-128321,-293276,0,0,0,0,0,0,0
1748634682655,-18750000,-780794,-201637,-348262,0,0,0,0,0,0,0
1748634682755,-18750000,-769797,-164977,-348262,0,0,0,0,0,0,0
1748634682855,-18750000,-766132,-183303,-348262,0,0,0,0,0,0,0
1748634682955,-18750000,-769797,-164973,-274949,0,0,0,0,0,0,0
1748634683055,-18750000,-758800,-146647,-311606,0,0,0,0,0,0,0
1748634683155,-18750000,-747803,-36678,-256619,0,0,0,0,0,0,0
1748634683255,-18750000,-744137,-55005,-146647,0,0,0,0,0,0,0
1748634683355,-18750000,-769796,-128317,-109991,0,0,0,0,0,0,0
1748634683455,-18750000,-769796,-128317,-109991,0,0,0,0,0,0,0
1748634683555,-18750000,-762465,-36675,-91661,0,0,0,0,0,0,0
1748634683655,-18750000,-769796,73297,-91661,0,0,0,0,0,0,0
1748634683755,-18750000,-777128,-18345,-109991,0,0,0,0,0,0,0
1748634683855,-18750000,-773462,-18,-146651,0,0,0,0,0,0,0
1748634683955,-18750000,-791791,18307,-183307,0,0,0,0,0,0,0
1748634684055,-18750000,-791791,73293,-201637,0,0,0,0,0,0,0
1748634684155,-18750000,-799122,-55004,-256623,0,0,0,0,0,0,0
1748634684255,-18750000,-799122,-91661,-329936,0,0,0,0,0,0,0
1748634684355,-18750000,-784460,18307,-311606,0,0,0,0,0,0,0
1748634684455,-18750000,-762466,109950,-293280,0,0,0,0,0,0,0
1748634684555,-18750000,-766131,128280,-311610,0,0,0,0,0,0,0
1748634684655,-18750000,-766131,73293,-311610,0,0,0,0,0,0,0
1748634684755,-18750000,-769796,73293,-238293,0,0,0,0,0,0,0
1748634684855,-18750000,-769796,91623,-146651,0,0,0,0,0,0,0
1748634684955,-18750000,-755134,54967,-91665,0,0,0,0,0,0,0
1748634685055,-18750000,-758799,-91661,-55005,0,0,0,0,0,0,0
1748634685155,-18750000,-762465,18311,-73331,0,0,0,0,0,0,0
1748634685255,-18750000,-769796,36637,-73331,0,0,0,0,0,0,0
1748634685355,-18750000,-791791,36637,-91661,0,0,0,0,0,0,0
1748634685455,-18750000,-799122,-109991,-109987,0,0,0,0,0,0,0
1748634685555,-18750000,-806454,-128321,-164973,0,0,0,0,0,0,0
1748634685655,-18750000,-799123,-91664,-109987,0,0,0,0,0,0,0
1748634685755,-18750000,-784460,-128324,-128317,0,0,0,0,0,0,0
1748634685855,-18750000,-777129,-201641,-128317,0,0,0,0,0,0,0
1748634685955,-18750000,-780795,-256627,-201633,0,0,0,0,0,0,0
1748634686055,-18750000,-777130,-183311,-238293,0,0,0,0,0,0,0
1748634686155,-18750000,-762467,-201641,-164981,0,0,0,0,0,0,0
1748634686255,-18750000,-762467,-219967,-128324,0,0,0,0,0,0,0
1748634686355,-18750000,-740473,-311609,-146651,0,0,0,0,0,0,0
1748634686455,-18750000,-751470,-238297,-128324,0,0,0,0,0,0,0
1748634686555,-18750000,-744138,-219967,-91664,0,0,0,0,0,0,0
1748634686655,-18750000,-758801,-329936,-55008,0,0,0,0,0,0,0
1748634686755,-18750000,-769798,-329936,-73334,0,0,0,0,0,0,0
1748634686855,-18750000,-788126,-238293,-109991,0,0,0,0,0,0,0
1748634686955,-18750000,-780794,-183307,-91661,0,0,0,0,0,0,0
1748634687055,-18750000,-788126,-146651,-36674,0,0,0,0,0,0,0
1748634687155,-18750000,-810119,-164977,18311,0,0,0,0,0,0,0
1748634687255,-18750000,-799122,-109994,54967,0,0,0,0,0,0,0
1748634687355,-18750000,-788125,-18352,54967,0,0,0,0,0,0,0
1748634687455,-18750000,-799121,-55008,73297,0,0,0,0,0,0,0
1748634687555,-18750000,-806453,-164981,54967,0,0,0,0,0,0,0
1748634687655,-18750000,-788125,-146655,-15,0,0,0,0,0,0,0
1748634687755,-18750000,-773462,-36682,-15,0,0,0,0,0,0,0
1748634687855,-18750000,-777128,-36682,-55001,0,0,0,0,0,0,0
1748634687955,-18750000,-773462,-73338,-109987,0,0,0,0,0,0,0
1748634688055,-18750000,-766131,-73338,-109987,0,0,0,0,0,0,0
1748634688155,-18750000,-766131,-109998,-128317,0,0,0,0,0,0,0
1748634688255,-18750000,-766131,-109998,-201630,0,0,0,0,0,0,0
1748634688355,-18750000,-780794,-146655,-201630,0,0,0,0,0,0,0
1748634688455,-18750000,-758801,-91668,-256616,0,0,0,0,0,0,0
1748634688555,-18750000,-751469,-18352,-274946,0,0,0,0,0,0,0
1748634688655,-18750000,-751469,54963,-293276,0,0,0,0,0,0,0
1748634688755,-18750000,-747803,-55008,-274949,0,0,0,0,0,0,0
1748634688855,-18750000,-725809,-109991,-238289,0,0,0,0,0,0,0
1748634688955,-18750000,-736806,-91661,-183303,0,0,0,0,0,0,0
1748634689055,-18750000,-751469,-91661,-238290,0,0,0,0,0,0,0
1748634689155,-18750000,-733140,-18345,-274946,0,0,0,0,0,0,0
1748634689255,-18750000,-722144,-18345,-238290,0,0,0,0,0,0,0
1748634689355,-18750000,-718478,-36671,-256620,0,0,0,0,0,0,0
1748634689455,-18750000,-729475,-73327,-274950,0,0,0,0,0,0,0
1748634689555,-18750000,-747803,-55001,-201633,0,0,0,0,0,0,0
1748634689655,-18750000,-758801,-91657,-201633,0,0,0,0,0,0,0
1748634689755,-18750000,-758801,18314,-183303,0,0,0,0,0,0,0
1748634689855,-18750000,-777129,109957,-164977,0,0,0,0,0,0,0
1748634689955,-18750000,-780794,128283,-238293,0,0,0,0,0,0,0
1748634690055,-18750000,-784460,128283,-183307,0,0,0,0,0,0,0
1748634690155,-18750000,-791792,73297,-164977,0,0,0,0,0,0,0
1748634690255,-18750000,-810120,91627,-146651,0,0,0,0,0,0,0
1748634690355,-18750000,-806454,109953,-164981,0,0,0,0,0,0,0
1748634690455,-18750000,-799122,164936,-128321,0,0,0,0,0,0,0
1748634690555,-18750000,-791791,146610,-183307,0,0,0,0,0,0,0
1748634690655,-18750000,-791791,201592,-183307,0,0,0,0,0,0,0
1748634690755,-18750000,-810119,146606,-219963,0,0,0,0,0,0,0
1748634690855,-18750000,-810119,91620,-219963,0,0,0,0,0,0,0
1748634690955,-18750000,-780794,128276,-128321,0,0,0,0,0,0,0
1748634691055,-18750000,-762466,183262,-128321,0,0,0,0,0,0,0
1748634691155,-18750000,-758801,201592,-109994,0,0,0,0,0,0,0
1748634691255,-18750000,-747803,146606,-183307,0,0,0,0,0,0,0
