1748632390321,0,0,0,0,0,0,0,0,0,0,0
1748632390421,0,0,0,0,0,0,0,0,0,0,0
1748632390521,0,0,0,0,0,0,0,0,0,0,0
1748632390621,0,0,0,0,0,0,0,0,0,0,0
1748632390721,0,0,0,0,0,0,0,0,0,0,0
1748632390821,0,0,0,0,0,0,0,0,0,0,0
1748632390921,0,0,0,0,0,0,0,0,0,0,0
1748632391021,0,0,0,0,0,0,0,0,0,0,0
1748632391121,0,0,0,0,0,0,0,0,0,0,0
1748632391221,0,0,0,0,0,0,0,0,0,0,0
1748632391321,0,0,0,0,0,0,0,0,0,0,0
1748632391421,-3750000,-137830,-212613,-29328,0,0,0,0,0,0,0
1748632391521,-5625000,-204912,-273101,-53156,0,0,0,0,0,0,0
1748632391621,-7500000,-282992,-425227,-76983,0,0,0,0,0,0,0
1748632391721,-9375000,-368402,-504041,-27498,0,0,0,0,0,0,0
1748632391821,-11250000,-431819,-564528,-51326,0,0,0,0,0,0,0
1748632391921,-13125000,-502568,-643342,-75153,0,0,0,0,0,0,0
1748632392021,-15000000,-587978,-667169,-80654,0,0,0,0,0,0,0
1748632392121,-16875000,-655061,-690997,-141142,0,0,0,0,0,0,0
1748632392221,-18750000,-714812,-769811,-164969,0,0,0,0,0,0,0
1748632392321,-18750000,-707480,-898109,-183296,0,0,0,0,0,0,0
1748632392421,-18750000,-722143,-788141,-219956,0,0,0,0,0,0,0
1748632392521,-18750000,-718478,-806467,-219956,0,0,0,0,0,0,0
1748632392621,-18750000,-718478,-714828,-219956,0,0,0,0,0,0,0
1748632392721,-18750000,-692818,-696502,-274942,0,0,0,0,0,0,0
1748632392821,-18750000,-707480,-623186,-274942,0,0,0,0,0,0,0
1748632392921,-18750000,-714812,-623186,-219959,0,0,0,0,0,0,0
1748632393021,-18750000,-696483,-641516,-238286,0,0,0,0,0,0,0
1748632393121,-18750000,-703814,-641516,-201626,0,0,0,0,0,0,0
1748632393221,-18750000,-718477,-678172,-146643,0,0,0,0,0,0,0
1748632393321,-18750000,-729474,-586529,-146643,0,0,0,0,0,0,0
1748632393421,-18750000,-725808,-604859,-91657,0,0,0,0,0,0,0
1748632393521,-18750000,-722142,-586533,-14,0,0,0,0,0,0,0
1748632393621,-18750000,-714811,-659846,-14,0,0,0,0,0,0,0
1748632393721,-18750000,-733139,-623186,-14,0,0,0,0,0,0,0
1748632393821,-18750000,-729473,-714828,91627,0,0,0,0,0,0,0
1748632393921,-18750000,-725807,-659842,91627,0,0,0,0,0,0,0
1748632394021,-18750000,-729473,-714828,91627,0,0,0,0,0,0,0
1748632394121,-18750000,-722142,-733158,128283,0,0,0,0,0,0,0
1748632394221,-18750000,-722142,-696502,36641,0,0,0,0,0,0,0
1748632394321,-18750000,-722142,-678172,91623,0,0,0,0,0,0,0
1748632394421,-18750000,-718477,-678172,146610,0,0,0,0,0,0,0
1748632394521,-18750000,-740471,-659842,146610,0,0,0,0,0,0,0
1748632394621,-18750000,-755134,-568199,146610,0,0,0,0,0,0,0
1748632394721,-18750000,-755134,-623186,128283,0,0,0,0,0,0,0
1748632394821,-18750000,-747803,-513217,91623,0,0,0,0,0,0,0
1748632394921,-18750000,-755135,-623189,36641,0,0,0,0,0,0,0
1748632395021,-18750000,-758800,-623189,109953,0,0,0,0,0,0,0
1748632395121,-18750000,-762466,-678176,128280,0,0,0,0,0,0,0
1748632395221,-18750000,-777129,-696506,219922,0,0,0,0,0,0,0
1748632395321,-18750000,-773463,-659849,164940,0,0,0,0,0,0,0
1748632395421,-18750000,-780794,-641519,128283,0,0,0,0,0,0,0
1748632395521,-18750000,-769797,-641519,73297,0,0,0,0,0,0,0
1748632395621,-18750000,-762466,-678176,91623,0,0,0,0,0,0,0
1748632395721,-18750000,-755135,-659849,128279,0,0,0,0,0,0,0
1748632395821,-18750000,-755135,-751492,73297,0,0,0,0,0,0,0
1748632395921,-18750000,-747803,-641519,91623,0,0,0,0,0,0,0
1748632396021,-18750000,-747803,-641519,73293,0,0,0,0,0,0,0
1748632396121,-18750000,-744137,-604863,54967,0,0,0,0,0,0,0
1748632396221,-18750000,-733139,-659846,-15,0,0,0,0,0,0,0
1748632396321,-18750000,-729474,-659846,-18345,0,0,0,0,0,0,0
1748632396421,-18750000,-736805,-678176,-91661,0,0,0,0,0,0,0
1748632396521,-18750000,-744137,-714832,-164977,0,0,0,0,0,0,0
1748632396621,-18750000,-744137,-696506,-146647,0,0,0,0,0,0,0
1748632396721,-18750000,-755134,-696506,-201633,0,0,0,0,0,0,0
1748632396821,-18750000,-755134,-769818,-183307,0,0,0,0,0,0,0
1748632396921,-18750000,-751469,-788148,-164977,0,0,0,0,0,0,0
1748632397021,-18750000,-755135,-769818,-219960,0,0,0,0,0,0,0
1748632397121,-18750000,-747803,-788144,-183303,0,0,0,0,0,0,0
1748632397221,-18750000,-747803,-604863,-128321,0,0,0,0,0,0,0
1748632397321,-18750000,-751469,-568207,-91665,0,0,0,0,0,0,0
1748632397421,-18750000,-733140,-476564,-36678,0,0,0,0,0,0,0
1748632397521,-18750000,-740471,-439908,54963,0,0,0,0,0,0,0
1748632397621,-18750000,-736805,-439908,-36678,0,0,0,0,0,0,0
1748632397721,-18750000,-733139,-403248,54963,0,0,0,0,0,0,0
1748632397821,-18750000,-736805,-274949,36637,0,0,0,0,0,0,0
1748632397921,-18750000,-744137,-256619,36637,0,0,0,0,0,0,0
1748632398021,-18750000,-755134,-274949,91620,0,0,0,0,0,0,0
1748632398121,-18750000,-788125,-329936,73290,0,0,0,0,0,0,0
1748632398221,-18750000,-777128,-384918,36633,0,0,0,0,0,0,0
1748632398321,-18750000,-784460,-403244,73290,0,0,0,0,0,0,0
1748632398421,-18750000,-795457,-494887,146606,0,0,0,0,0,0,0
1748632398521,-18750000,-802788,-476557,36637,0,0,0,0,0,0,0
1748632398621,-18750000,-817451,-439897,146606,0,0,0,0,0,0,0
1748632398721,-18750000,-824783,-458227,164936,0,0,0,0,0,0,0
1748632398821,-18750000,-828448,-494883,256578,0,0,0,0,0,0,0
1748632398921,-18750000,-828448,-513213,164936,0,0,0,0,0,0,0
1748632399021,-18750000,-799122,-494883,109953,0,0,0,0,0,0,0
1748632399121,-18750000,-784460,-439897,73297,0,0,0,0,0,0,0
1748632399221,-18750000,-813785,-439897,73297,0,0,0,0,0,0,0
1748632399321,-18750000,-802788,-384914,73297,0,0,0,0,0,0,0
1748632399421,-18750000,-802788,-366584,-18344,0,0,0,0,0,0,0
1748632399521,-18750000,-791792,-421571,36641,0,0,0,0,0,0,0
1748632399621,-18750000,-777128,-494887,-55001,0,0,0,0,0,0,0
1748632399721,-18750000,-766131,-513217,-55001,0,0,0,0,0,0,0
1748632399821,-18750000,-769797,-531547,-146643,0,0,0,0,0,0,0
1748632399921,-18750000,-773463,-513217,-128317,0,0,0,0,0,0,0
1748632400021,-18750000,-799123,-476561,-164977,0,0,0,0,0,0,0
1748632400121,-18750000,-795457,-494891,-128321,0,0,0,0,0,0,0
1748632400221,-18750000,-773462,-513221,-91665,0,0,0,0,0,0,0
1748632400321,-18750000,-784460,-568203,-91665,0,0,0,0,0,0,0
1748632400421,-18750000,-788126,-549873,-36682,0,0,0,0,0,0,0
1748632400521,-18750000,-784460,-604859,18300,0,0,0,0,0,0,0
1748632400621,-18750000,-791792,-586529,128272,0,0,0,0,0,0,0
1748632400721,-18750000,-802789,-604856,128272,0,0,0,0,0,0,0
1748632400821,-18750000,-813786,-586526,183255,0,0,0,0,0,0,0
1748632400921,-18750000,-810120,-568199,238241,0,0,0,0,0,0,0
1748632401021,-18750000,-799123,-586529,293227,0,0,0,0,0,0,0
1748632401121,-18750000,-802789,-513213,293227,0,0,0,0,0,0,0
1748632401221,-18750000,-810121,-494883,238245,0,0,0,0,0,0,0
1748632401321,-18750000,-802789,-604856,183262,0,0,0,0,0,0,0
1748632401421,-18750000,-799123,-714828,109950,0,0,0,0,0,0,0
1748632401521,-18750000,-802789,-623186,109950,0,0,0,0,0,0,0
1748632401621,-18750000,-795457,-568199,36637,0,0,0,0,0,0,0
1748632401721,-18750000,-788126,-568199,-18348,0,0,0,0,0,0,0
1748632401821,-18750000,-777129,-549869,-36675,0,0,0,0,0,0,0
1748632401921,-18750000,-791791,-568196,36641,0,0,0,0,0,0,0
1748632402021,-18750000,-791791,-549866,36641,0,0,0,0,0,0,0
1748632402121,-18750000,-799122,-568196,36641,0,0,0,0,0,0,0
1748632402221,-18750000,-788125,-659838,73297,0,0,0,0,0,0,0
1748632402321,-18750000,-791791,-623182,128279,0,0,0,0,0,0,0
1748632402421,-18750000,-788125,-531539,164936,0,0,0,0,0,0,0
1748632402521,-18750000,-769796,-549869,146609,0,0,0,0,0,0,0
1748632402621,-18750000,-762465,-641512,146609,0,0,0,0,0,0,0
1748632402721,-18750000,-758799,-696498,128280,0,0,0,0,0,0,0
1748632402821,-18750000,-751468,-769814,146606,0,0,0,0,0,0,0
1748632402921,-18750000,-736805,-751488,73290,0,0,0,0,0,0,0
1748632403021,-18750000,-722143,-861457,54963,0,0,0,0,0,0,0
1748632403121,-18750000,-714812,-879787,-18,0,0,0,0,0,0,0
1748632403221,-18750000,-714812,-806474,-36674,0,0,0,0,0,0,0
1748632403321,-18750000,-714812,-769818,-128317,0,0,0,0,0,0,0
1748632403421,-18750000,-725809,-769818,-91661,0,0,0,0,0,0,0
1748632403521,-18750000,-729474,-751488,-73334,0,0,0,0,0,0,0
1748632403621,-18750000,-714812,-696506,-55008,0,0,0,0,0,0,0
1748632403721,-18750000,-722144,-659849,-18352,0,0,0,0,0,0,0
1748632403821,-18750000,-733141,-623193,-18352,0,0,0,0,0,0,0
1748632403921,-18750000,-747803,-659849,-22,0,0,0,0,0,0,0
1748632404021,-18750000,-762466,-549881,36633,0,0,0,0,0,0,0
1748632404121,-18750000,-751469,-494894,36633,0,0,0,0,0,0,0
1748632404221,-18750000,-733140,-494894,109946,0,0,0,0,0,0,0
1748632404321,-18750000,-733140,-549877,146606,0,0,0,0,0,0,0
1748632404421,-18750000,-714812,-568207,91623,0,0,0,0,0,0,0
1748632404521,-18750000,-733140,-549877,54967,0,0,0,0,0,0,0
1748632404621,-18750000,-769797,-586533,128283,0,0,0,0,0,0,0
1748632404721,-18750000,-747803,-568203,91627,0,0,0,0,0,0,0
1748632404821,-18750000,-747803,-531543,54971,0,0,0,0,0,0,0
1748632404921,-18750000,-718478,-568199,18315,0,0,0,0,0,0,0
1748632405021,-18750000,-714812,-604856,-18341,0,0,0,0,0,0,0
1748632405121,-18750000,-722144,-678168,54971,0,0,0,0,0,0,0
1748632405221,-18750000,-747803,-696498,18315,0,0,0,0,0,0,0
1748632405321,-18750000,-733141,-659842,18315,0,0,0,0,0,0,0
1748632405421,-18750000,-740472,-641512,18315,0,0,0,0,0,0,0
1748632405521,-18750000,-736807,-623185,18315,0,0,0,0,0,0,0
1748632405621,-18750000,-740472,-549869,18315,0,0,0,0,0,0,0
1748632405721,-18750000,-747803,-513213,54971,0,0,0,0,0,0,0
1748632405821,-18750000,-747803,-513213,36645,0,0,0,0,0,0,0
1748632405921,-18750000,-747803,-403244,54971,0,0,0,0,0,0,0
1748632406021,-18750000,-751469,-403244,54971,0,0,0,0,0,0,0
1748632406121,-18750000,-747803,-403244,-73327,0,0,0,0,0,0,0
1748632406221,-18750000,-736806,-366584,-91657,0,0,0,0,0,0,0
1748632406321,-18750000,-751469,-329928,-36674,0,0,0,76,0,0,0
1748632406421,-18750000,-751469,-421571,-36674,0,0,0,76,0,0,0
1748632406521,-18750000,-747803,-458227,-18,0,0,0,76,0,0,0
1748632406621,-18750000,-733140,-531543,-36678,0,0,0,76,0,0,0
1748632406721,-18750000,-744137,-549873,-55004,0,0,0,76,0,0,0
1748632406821,-18750000,-736805,-549873,-36678,0,0,0,76,0,0,0
1748632406921,-18750000,-744137,-549873,-55004,0,0,0,76,0,0,0
1748632407021,-18750000,-751469,-494887,-36678,0,0,0,76,0,0,0
1748632407121,-18750000,-751469,-549873,54963,0,0,0,76,0,0,0
1748632407221,-18750000,-766132,-568203,91620,0,0,0,76,0,0,0
1748632407321,-18750000,-762466,-623189,73293,0,0,0,0,0,0,0
1748632407421,-18750000,-777129,-623189,128276,0,0,0,0,0,0,0
1748632407521,-18750000,-784460,-623189,109949,0,0,0,0,0,0,0
1748632407621,-18750000,-784460,-586533,91623,0,0,0,0,0,0,0
1748632407721,-18750000,-769798,-604859,36637,0,0,0,0,0,0,0
1748632407821,-18750000,-755135,-623189,91623,0,0,0,0,0,0,0
1748632407921,-18750000,-777129,-678172,146606,0,0,0,0,0,0,0
1748632408021,-18750000,-769797,-696502,146606,0,0,0,0,0,0,0
1748632408121,-18750000,-769797,-641516,73289,0,0,0,0,0,0,0
1748632408221,-18750000,-780794,-623186,73289,0,0,0,0,0,0,0
1748632408321,-18750000,-769797,-586529,18303,0,0,0,0,0,0,0
1748632408421,-18750000,-751469,-476557,-36678,0,0,0,0,0,0,0
1748632408521,-18750000,-736806,-568199,-36678,0,0,0,0,0,0,0
1748632408621,-18750000,-740472,-513213,-91665,0,0,0,0,0,0,0
1748632408721,-18750000,-769797,-458227,-55008,0,0,0,0,0,0,0
1748632408821,-18750000,-777128,-458227,-55008,0,0,0,0,0,0,0
1748632408921,-18750000,-747803,-476557,-73335,0,0,0,0,0,0,0
1748632409021,-18750000,-751469,-494887,-128321,0,0,0,0,0,0,0
1748632409121,-18750000,-747803,-403245,-55005,0,0,0,0,0,0,0
1748632409221,-18750000,-744138,-458231,-109987,0,0,0,0,0,0,0
1748632409321,-18750000,-751469,-439901,-15,0,0,0,0,0,0,0
1748632409421,-18750000,-751469,-494887,-36675,0,0,0,0,0,0,0
1748632409521,-18750000,-755135,-384914,-73331,0,0,0,0,0,0,0
1748632409621,-18750000,-751469,-403241,-91661,0,0,0,0,0,0,0
1748632409721,-18750000,-736806,-458227,-109987,0,0,0,0,0,0,0
1748632409821,-18750000,-736806,-476557,-219960,0,0,0,0,0,0,0
1748632409921,-18750000,-762466,-568199,-256616,0,0,0,0,0,0,0
1748632410021,-18750000,-769797,-549869,-164973,0,0,0,0,0,0,0
1748632410121,-18750000,-780794,-623186,-201630,0,0,0,0,0,0,0
1748632410221,-18750000,-769797,-604859,-256616,0,0,0,0,0,0,0
1748632410321,-18750000,-777128,-678172,-293276,0,0,0,0,0,0,0
1748632410421,-18750000,-788126,-769814,-238289,0,0,0,0,0,0,0
1748632410521,-18750000,-780794,-898113,-183307,0,0,0,0,0,0,0
1748632410621,-18750000,-788126,-1044742,-146647,0,0,0,0,0,0,0
1748632410721,-18750000,-777128,-971429,-91664,0,0,0,0,0,0,0
1748632410821,-18750000,-788126,-934769,-36678,0,0,0,0,0,0,0
1748632410921,-18750000,-784460,-806471,-36678,0,0,0,0,0,0,0
1748632411021,-18750000,-788126,-788141,-36678,0,0,0,0,0,0,0
1748632411121,-18750000,-795457,-751481,36633,0,0,0,0,0,0,0
1748632411221,-18750000,-784459,-714821,128276,0,0,0,0,0,0,0
1748632411321,-18750000,-784459,-586522,91620,0,0,0,0,0,0,0
1748632411421,-18750000,-766131,-494879,73293,0,0,0,0,0,0,0
1748632411521,-18750000,-791791,-384911,18311,0,0,0,0,0,0,0
1748632411621,-18750000,-780794,-348254,73293,0,0,0,0,0,0,0
1748632411721,-18750000,-780794,-403241,18311,0,0,0,0,0,0,0
1748632411821,-18750000,-773462,-348258,54967,0,0,0,0,0,0,0
1748632411921,-18750000,-758800,-458227,128280,0,0,0,0,0,0,0
1748632412021,-18750000,-744137,-531543,73297,0,0,0,0,0,0,0
1748632412121,-18750000,-744137,-549873,-18345,0,0,0,0,0,0,0
1748632412221,-18750000,-769796,-604859,-55001,0,0,0,0,0,0,0
1748632412321,-18750000,-780794,-696502,-109987,0,0,0,0,0,0,0
1748632412421,-18750000,-788125,-751488,-18345,0,0,0,0,0,0,0
1748632412521,-18750000,-777128,-788144,-18345,0,0,0,0,0,0,0
1748632412621,-18750000,-784460,-678172,-55001,0,0,0,0,0,0,0
1748632412721,-18750000,-806455,-659842,-18,0,0,0,0,0,0,0
1748632412821,-18750000,-806455,-769811,-55001,0,0,0,0,0,0,0
1748632412921,-18750000,-806455,-769811,-55001,0,0,0,0,0,0,0
1748632413021,-18750000,-806455,-769811,-55001,0,0,0,0,0,0,0
1748632413121,-18750000,-806455,-769811,-55001,0,0,0,0,0,0,0
1748632413221,-18750000,-806455,-769811,-55001,0,0,0,0,0,0,0
1748632413321,-18750000,-806455,-769811,-55001,0,0,0,0,0,0,0
1748632413421,-18750000,-806455,-769811,-55001,0,0,0,0,0,0,0
1748632413521,-18750000,-806455,-769811,-55001,0,0,0,0,0,0,0
1748632413621,-18750000,-806455,-769811,-55001,0,0,0,0,0,0,0
1748632413721,-18750000,-806455,-769811,-55001,0,0,0,0,0,0,0
1748632413821,-18750000,-806455,-769811,-55001,0,0,0,0,0,0,0
1748632413921,-18750000,-843113,-641512,-18348,0,0,0,0,0,0,0
1748632414021,-18750000,-821119,-641512,-55004,0,0,0,0,0,0,0
1748632414121,-18750000,-813788,-641512,-18348,0,0,0,0,0,0,0
1748632414221,-18750000,-788128,-623186,18311,0,0,0,0,0,0,0
1748632414321,-18750000,-802790,-531543,-73331,0,0,0,0,0,0,0
1748632414421,-18750000,-788127,-586529,-91661,0,0,0,0,0,0,0
1748632414521,-18750000,-784461,-623189,-91661,0,0,0,0,0,0,0
1748632414621,-18750000,-755135,-623189,-146643,0,0,0,0,0,0,0
1748632414721,-18750000,-762467,-568203,-91661,0,0,0,0,0,0,0
1748632414821,-18750000,-729475,-641519,-146643,0,0,0,0,0,0,0
1748632414921,-18750000,-722143,-623189,-201626,0,0,0,0,0,0,0
1748632415021,-18750000,-733139,-751488,-146640,0,0,0,0,0,0,0
1748632415121,-18750000,-725808,-714832,-128313,0,0,0,0,0,0,0
1748632415221,-18750000,-740471,-788144,-109987,0,0,0,0,0,0,0
1748632415321,-18750000,-740471,-769814,-36674,0,0,0,0,0,0,0
1748632415421,-18750000,-755134,-659842,-18,0,0,0,0,0,0,0
1748632415521,-18750000,-740471,-623182,18311,0,0,0,0,0,0,0
1748632415621,-18750000,-755134,-623182,36637,0,0,0,0,0,0,0
1748632415721,-18750000,-751468,-604856,18311,0,0,0,0,0,0,0
1748632415821,-18750000,-758799,-641512,18311,0,0,0,0,0,0,0
1748632415921,-18750000,-758799,-641512,73293,0,0,0,0,0,0,0
1748632416021,-18750000,-773462,-604856,73293,0,0,0,0,0,0,0
1748632416121,-18750000,-747803,-696498,18311,0,0,0,0,0,0,0
1748632416221,-18750000,-755134,-659842,18311,0,0,0,0,0,0,0
1748632416321,-18750000,-744137,-678172,18311,0,0,0,0,0,0,0
1748632416421,-18750000,-733139,-678172,-36675,0,0,0,0,0,0,0
1748632416521,-18750000,-755133,-678172,18311,0,0,0,0,0,0,0
1748632416621,-18750000,-762465,-659842,18311,0,0,0,0,0,0,0
1748632416721,-18750000,-777128,-696498,-73331,0,0,0,0,0,0,0
1748632416821,-18750000,-773463,-641512,-73331,0,0,0,0,0,0,0
1748632416921,-18750000,-777129,-623182,-73331,0,0,0,0,0,0,0
1748632417021,-18750000,-777129,-531539,-55004,0,0,0,0,0,0,0
1748632417121,-18750000,-788126,-421567,-109991,0,0,0,0,0,0,0
1748632417221,-18750000,-766132,-403237,-91661,0,0,0,0,0,0,0
1748632417321,-18750000,-762467,-403237,-164973,0,0,0,0,0,0,0
1748632417421,-18750000,-777129,-421567,-109987,0,0,0,0,0,0,0
1748632417521,-18750000,-777129,-421567,-201629,0,0,0,0,0,0,0
1748632417621,-18750000,-755135,-513213,-219956,0,0,0,0,0,0,0
1748632417721,-18750000,-736807,-604856,-73327,0,0,0,0,0,0,0
1748632417821,-18750000,-736807,-549869,-109987,0,0,0,0,0,0,0
1748632417921,-18750000,-740472,-641512,-146643,0,0,0,0,0,0,0
1748632418021,-18750000,-736806,-641512,-73327,0,0,0,0,0,0,0
1748632418121,-18750000,-725810,-659842,-55001,0,0,0,0,0,0,0
1748632418221,-18750000,-725810,-659842,-128317,0,0,0,0,0,0,0
1748632418321,-18750000,-736806,-623186,-73334,0,0,0,0,0,0,0
1748632418421,-18750000,-729475,-623186,-128321,0,0,0,0,0,0,0
1748632418521,-18750000,-718478,-623186,-91665,0,0,0,0,0,0,0
1748632418621,-18750000,-740471,-458227,-128325,0,0,0,0,0,0,0
1748632418721,-18750000,-755134,-458227,-128325,0,0,0,0,0,0,0
1748632418821,-18750000,-729474,-421571,-183311,0,0,0,0,0,0,0
1748632418921,-18750000,-733140,-421571,-109995,0,0,0,0,0,0,0
1748632419021,-18750000,-736806,-366588,-109995,0,0,0,0,0,0,0
1748632419121,-18750000,-729475,-348258,-109995,0,0,0,0,0,0,0
1748632419221,-18750000,-729475,-274946,-109995,0,0,0,0,0,0,0
1748632419321,-18750000,-744138,-293276,-146651,0,0,0,0,0,0,0
1748632419421,-18750000,-751469,-219963,-146651,0,0,0,0,0,0,0
1748632419521,-18750000,-758801,-183307,-128321,0,0,0,0,0,0,0
1748632419621,-18750000,-751470,-219963,-128321,0,0,0,0,0,0,0
1748632419721,-18750000,-747804,-311606,-73334,0,0,0,0,0,0,0
1748632419821,-18750000,-755135,-348266,-22,0,0,0,0,0,0,0
1748632419921,-18750000,-751469,-311609,-22,0,0,0,0,0,0,0
1748632420021,-18750000,-736807,-311609,-146654,0,0,0,0,0,0,0
1748632420121,-18750000,-740472,-311609,-146654,0,0,0,0,0,0,0
1748632420221,-18750000,-766132,-384922,-238297,0,0,0,0,0,0,0
1748632420321,-18750000,-740472,-403248,-256623,0,0,0,0,0,0,0
1748632420421,-18750000,-751469,-494891,-164981,0,0,0,0,0,0,0
1748632420521,-18750000,-740472,-604859,-146651,0,0,0,0,0,0,0
1748632420621,-18750000,-736806,-568203,-91668,0,0,0,0,0,0,0
1748632420721,-18750000,-722144,-531547,-109995,0,0,0,0,0,0,0
1748632420821,-18750000,-725809,-531547,-109995,0,0,0,0,0,0,0
1748632420921,-18750000,-714812,-513217,-164977,0,0,0,0,0,0,0
1748632421021,-18750000,-729475,-494887,-91665,0,0,0,0,0,0,0
1748632421121,-18750000,-740472,-568203,-55005,0,0,0,0,0,0,0
1748632421221,-18750000,-714812,-531547,36637,0,0,0,0,0,0,0
1748632421321,-18750000,-718478,-476561,54963,0,0,0,0,0,0,0
1748632421421,-18750000,-714812,-494887,-18,0,0,0,0,0,0,0
1748632421521,-18750000,-707480,-439904,-18348,0,0,0,0,0,0,0
1748632421621,-18750000,-711146,-439904,-55004,0,0,0,0,0,0,0
1748632421721,-18750000,-729475,-476561,-55004,0,0,0,0,0,0,0
1748632421821,-18750000,-744138,-439901,-109991,0,0,0,0,0,0,0
1748632421921,-18750000,-762467,-421571,-109991,0,0,0,0,0,0,0
1748632422021,-18750000,-755135,-421571,-91661,0,0,0,0,0,0,0
1748632422121,-18750000,-740473,-348254,-128321,0,0,0,0,0,0,0
1748632422221,-18750000,-762467,-384911,-219963,0,0,0,0,0,0,0
1748632422321,-18750000,-769798,-384911,-219963,0,0,0,0,0,0,0
1748632422421,-18750000,-769798,-329925,-238293,0,0,0,0,0,0,0
1748632422521,-18750000,-780794,-348251,-183307,0,0,0,0,0,0,0
1748632422621,-18750000,-791792,-329921,-201633,0,0,0,0,0,0,0
1748632422721,-18750000,-777129,-403237,-164977,0,0,0,0,0,0,0
1748632422821,-18750000,-766132,-421567,-91664,0,0,0,0,0,0,0
1748632422921,-18750000,-762466,-439897,-22,0,0,0,0,0,0,0
1748632423021,-18750000,-762466,-458227,-55008,0,0,0,0,0,0,0
1748632423121,-18750000,-777128,-476557,36633,0,0,0,0,0,0,0
1748632423221,-18750000,-773463,-513213,128276,0,0,0,0,0,0,0
1748632423321,-18750000,-758801,-513213,109950,0,0,0,0,0,0,0
1748632423421,-18750000,-766132,-586529,146606,0,0,0,0,0,0,0
1748632423521,-18750000,-777129,-549873,73293,0,0,0,0,0,0,0
1748632423621,-18750000,-773463,-531547,73293,0,0,0,0,0,0,0
1748632423721,-18750000,-784460,-458231,18311,0,0,0,0,0,0,0
1748632423821,-18750000,-769797,-439901,-14,0,0,0,0,0,0,0
1748632423921,-18750000,-769797,-458231,-73331,0,0,0,0,0,0,0
1748632424021,-18750000,-766131,-513213,-73331,0,0,0,0,0,0,0
1748632424121,-18750000,-755134,-476557,-91657,0,0,0,0,0,0,0
1748632424221,-18750000,-740471,-421571,-91657,0,0,0,0,0,0,0
1748632424321,-18750000,-769796,-531543,-36674,0,0,0,0,0,0,0
1748632424421,-18750000,-758799,-476557,-18345,0,0,0,0,0,0,0
1748632424521,-18750000,-740471,-494887,-36675,0,0,0,0,0,0,0
1748632424621,-18750000,-714811,-549873,-18348,0,0,0,0,0,0,0
1748632424721,-18750000,-729474,-531547,-18348,0,0,0,0,0,0,0
1748632424821,-18750000,-744137,-604863,36633,0,0,0,0,0,0,0
1748632424921,-18750000,-744137,-586533,73290,0,0,0,0,0,0,0
1748632425021,-18750000,-740471,-623189,91619,0,0,0,0,0,0,0
1748632425121,-18750000,-729475,-659846,91619,0,0,0,0,0,0,0
1748632425221,-18750000,-722144,-678176,54963,0,0,0,0,0,0,0
1748632425321,-18750000,-700149,-696502,36637,0,0,0,0,0,0,0
1748632425421,-18750000,-700149,-714832,-36678,0,0,0,0,0,0,0
1748632425521,-18750000,-707480,-733158,36633,0,0,0,0,0,0,0
1748632425621,-18750000,-722143,-806471,54963,0,0,0,0,0,0,0
1748632425721,-18750000,-711146,-824797,18303,0,0,0,0,0,0,0
1748632425821,-18750000,-714812,-824797,18303,0,0,0,0,0,0,0
1748632425921,-18750000,-722143,-806467,54963,0,0,0,0,0,0,0
1748632426021,-18750000,-722143,-733154,91619,0,0,0,0,0,0,0
1748632426121,-18750000,-733139,-733154,73290,0,0,0,0,0,0,0
1748632426221,-18750000,-747802,-714824,109946,0,0,0,0,0,0,0
1748632426321,-18750000,-766130,-604856,128272,0,0,0,0,0,0,0
1748632426421,-18750000,-762465,-623182,238245,0,0,0,0,0,0,0
1748632426521,-18750000,-777128,-568196,183262,0,0,0,0,0,0,0
1748632426621,-18750000,-791792,-458223,91620,0,0,0,0,0,0,0
1748632426721,-18750000,-791792,-494883,146606,0,0,0,0,0,0,0
1748632426821,-18750000,-784460,-421567,146606,0,0,0,0,0,0,0
1748632426921,-18750000,-784460,-421567,73290,0,0,0,0,0,0,0
1748632427021,-18750000,-788125,-366581,-36682,0,0,0,0,0,0,0
1748632427121,-18750000,-766131,-403237,-55008,0,0,0,0,0,0,0
1748632427221,-18750000,-766131,-403237,-109991,0,0,0,0,0,0,0
1748632427321,-18750000,-755134,-384907,-109991,0,0,0,0,0,0,0
1748632427421,-18750000,-755134,-311594,-128321,0,0,0,0,0,0,0
1748632427521,-18750000,-747803,-348254,-91664,0,0,0,0,0,0,0
1748632427621,-18750000,-736805,-403241,18303,0,0,0,0,0,0,0
1748632427721,-18750000,-744137,-476553,18303,0,0,0,0,0,0,0
1748632427821,-18750000,-762465,-494883,-18352,0,0,0,0,0,0,0
1748632427921,-18750000,-747803,-494883,-36678,0,0,0,0,0,0,0
1748632428021,-18750000,-758800,-531543,-18348,0,0,0,0,0,0,0
1748632428121,-18750000,-784460,-531543,-18348,0,0,0,0,0,0,0
1748632428221,-18750000,-784460,-568203,-36678,0,0,0,0,0,0,0
1748632428321,-18750000,-784460,-678176,-55005,0,0,0,0,0,0,0
1748632428421,-18750000,-784460,-714832,-146647,0,0,0,0,0,0,0
1748632428521,-18750000,-773462,-678172,-128321,0,0,0,0,0,0,0
1748632428621,-18750000,-777128,-623186,-219963,0,0,0,0,0,0,0
1748632428721,-18750000,-758800,-549873,-238290,0,0,0,0,0,0,0
1748632428821,-18750000,-747803,-549873,-238290,0,0,0,0,0,0,0
1748632428921,-18750000,-747803,-604859,-238290,0,0,0,0,0,0,0
1748632429021,-18750000,-736806,-568199,-238290,0,0,0,0,0,0,0
1748632429121,-18750000,-736806,-476557,-219963,0,0,0,0,0,0,0
1748632429221,-18750000,-747803,-494883,-238293,0,0,0,0,0,0,0
1748632429321,-18750000,-755135,-384911,-329936,0,0,0,0,0,0,0
1748632429421,-18750000,-755135,-311598,-293276,0,0,0,0,0,0,0
1748632429521,-18750000,-758801,-421571,-293276,0,0,0,0,0,0,0
1748632429621,-18750000,-755135,-421571,-201633,0,0,0,0,0,0,0
1748632429721,-18750000,-758801,-329928,-183307,0,0,0,0,0,0,0
1748632429821,-18750000,-769797,-311598,-238293,0,0,0,0,0,0,0
1748632429921,-18750000,-777128,-293272,-219967,0,0,0,0,0,0,0
1748632430021,-18750000,-788126,-366588,-146654,0,0,0,0,0,0,0
1748632430121,-18750000,-791792,-403244,-146654,0,0,0,0,0,0,0
1748632430221,-18750000,-795458,-421574,-55012,0,0,0,0,0,0,0
1748632430321,-18750000,-788126,-348262,-26,0,0,0,0,0,0,0
1748632430421,-18750000,-791791,-421574,-26,0,0,0,0,0,0,0
1748632430521,-18750000,-788126,-366588,-18352,0,0,0,0,0,0,0
1748632430621,-18750000,-780794,-439904,-55008,0,0,0,0,0,0,0
1748632430721,-18750000,-795457,-494887,-73334,0,0,0,0,0,0,0
1748632430821,-18750000,-780794,-476561,-36674,0,0,0,0,0,0,0
1748632430921,-18750000,-773463,-439901,-91661,0,0,0,0,0,0,0
1748632431021,-18750000,-777129,-348258,-128317,0,0,0,0,0,0,0
1748632431121,-18750000,-788126,-348258,-128317,0,0,0,0,0,0,0
1748632431221,-18750000,-766131,-311602,-238286,0,0,0,0,0,0,0
1748632431321,-18750000,-773463,-348258,-293272,0,0,0,0,0,0,0
1748632431421,-18750000,-769798,-329928,-293272,0,0,0,0,0,0,0
1748632431521,-18750000,-777129,-274942,-274946,0,0,0,0,0,0,0
1748632431621,-18750000,-773463,-274942,-293272,0,0,0,0,0,0,0
1748632431721,-18750000,-766132,-311602,-293272,0,0,0,0,0,0,0
1748632431821,-18750000,-751469,-274946,-274946,0,0,0,0,0,0,0
1748632431921,-18750000,-758801,-329932,-183303,0,0,0,0,0,0,0
1748632432021,-18750000,-736806,-348258,-201629,0,0,0,0,0,0,0
1748632432121,-18750000,-718478,-366588,-238286,0,0,0,0,0,0,0
1748632432221,-18750000,-733141,-348258,-164973,0,0,0,0,0,0,0
1748632432321,-18750000,-714812,-421574,-91661,0,0,0,0,0,0,0
1748632432421,-18750000,-711146,-403248,-91661,0,0,0,0,0,0,0
1748632432521,-18750000,-714812,-421578,-91661,0,0,0,0,0,0,0
1748632432621,-18750000,-733141,-366592,-73334,0,0,0,0,0,0,0
1748632432721,-18750000,-736807,-329932,-18352,0,0,0,0,0,0,0
1748632432821,-18750000,-747803,-384914,54963,0,0,0,0,0,0,0
1748632432921,-18750000,-733141,-348258,36637,0,0,0,0,0,0,0
1748632433021,-18750000,-751469,-348258,54963,0,0,0,0,0,0,0
1748632433121,-18750000,-751469,-384914,73293,0,0,0,0,0,0,0
1748632433221,-18750000,-758801,-366584,73293,0,0,0,0,0,0,0
1748632433321,-18750000,-769797,-348254,109950,0,0,0,0,0,0,0
1748632433421,-18750000,-762466,-476553,146606,0,0,0,0,0,0,0
1748632433521,-18750000,-755134,-458223,128280,0,0,0,0,0,0,0
1748632433621,-18750000,-758800,-476553,109953,0,0,0,0,0,0,0
1748632433721,-18750000,-744137,-531539,109953,0,0,0,0,0,0,0
1748632433821,-18750000,-747803,-531539,73293,0,0,0,0,0,0,0
1748632433921,-18750000,-758799,-549869,36637,0,0,0,0,0,0,0
1748632434021,-18750000,-744137,-604856,-18348,0,0,0,0,0,0,0
1748632434121,-18750000,-733140,-604856,-22,0,0,0,0,0,0,0
1748632434221,-18750000,-707480,-659842,-18348,0,0,0,0,0,0,0
1748632434321,-18750000,-696484,-678172,-73331,0,0,0,0,0,0,0
1748632434421,-18750000,-711146,-568199,-55005,0,0,0,0,0,0,0
1748632434521,-18750000,-718478,-714828,-73334,0,0,0,0,0,0,0
1748632434621,-18750000,-689153,-696498,-55008,0,0,0,0,0,0,0
1748632434721,-18750000,-685488,-604856,-55008,0,0,0,0,0,0,0
1748632434821,-18750000,-696485,-659842,-91664,0,0,0,0,0,0,0
1748632434921,-18750000,-689153,-733154,-36682,0,0,0,0,0,0,0
1748632435021,-18750000,-700150,-733154,54960,0,0,0,0,0,0,0
1748632435121,-18750000,-711146,-714828,18303,0,0,0,0,0,0,0
1748632435221,-18750000,-722143,-678172,73286,0,0,0,0,0,0,0
1748632435321,-18750000,-736805,-714828,128268,0,0,0,0,0,0,0
1748632435421,-18750000,-747803,-788144,73286,0,0,0,0,0,0,0
1748632435521,-18750000,-740471,-641516,54960,0,0,0,0,0,0,0
1748632435621,-18750000,-755133,-696502,109946,0,0,0,0,0,0,0
1748632435721,-18750000,-780793,-769818,73290,0,0,0,0,0,0,0
1748632435821,-18750000,-777127,-714832,54963,0,0,0,0,0,0,0
1748632435921,-18750000,-784458,-659846,18307,0,0,0,0,0,0,0
1748632436021,-18750000,-780793,-623189,-36674,0,0,0,0,0,0,0
1748632436121,-18750000,-769796,-586529,36637,0,0,0,0,0,0,0
1748632436221,-18750000,-769796,-641516,-18,0,0,0,0,0,0,0
1748632436321,-18750000,-766130,-586529,-55001,0,0,0,0,0,0,0
1748632436421,-18750000,-769796,-641512,-55001,0,0,0,0,0,0,0
1748632436521,-18750000,-769796,-586529,-36674,0,0,0,0,0,0,0
1748632436621,-18750000,-773462,-513213,-55004,0,0,0,0,0,0,0
1748632436721,-18750000,-762465,-531539,-73331,0,0,0,0,0,0,0
1748632436821,-18750000,-755134,-513213,-73331,0,0,0,0,0,0,0
1748632436921,-18750000,-744137,-458227,-36674,0,0,0,0,0,0,0
1748632437021,-18750000,-766131,-421571,18307,0,0,0,0,0,0,0
1748632437121,-18750000,-777128,-421571,-18348,0,0,0,0,0,0,0
1748632437221,-18750000,-788125,-348254,-18,0,0,0,0,0,0,0
1748632437321,-18750000,-791791,-384911,-18,0,0,0,0,0,0,0
1748632437421,-18750000,-784460,-311598,-18,0,0,0,0,0,0,0
1748632437521,-18750000,-788126,-421567,-18345,0,0,0,0,0,0,0
1748632437621,-18750000,-780794,-458227,-36671,0,0,0,0,0,0,0
1748632437721,-18750000,-777128,-384914,-18345,0,0,0,0,0,0,0
1748632437821,-18750000,-780794,-458227,18311,0,0,0,0,0,0,0
1748632437921,-18750000,-810119,-531543,36641,0,0,0,0,0,0,0
1748632438021,-18750000,-780794,-549869,-15,0,0,0,0,0,0,0
1748632438121,-18750000,-799123,-531543,-18341,0,0,0,0,0,0,0
1748632438221,-18750000,-791792,-531543,-54997,0,0,0,0,0,0,0
1748632438321,-18750000,-766132,-476557,-15,0,0,0,0,0,0,0
1748632438421,-18750000,-766132,-421571,18311,0,0,0,0,0,0,0
1748632438521,-18750000,-773463,-366584,18311,0,0,0,0,0,0,0
1748632438621,-18750000,-777128,-348254,18311,0,0,0,0,0,0,0
1748632438721,-18750000,-788126,-348254,18311,0,0,0,0,0,0,0
1748632438821,-18750000,-777128,-329928,-18,0,0,0,0,0,0,0
1748632438921,-18750000,-766132,-293272,-73331,0,0,0,0,0,0,0
1748632439021,-18750000,-788126,-293272,-14,0,0,0,0,0,0,0
1748632439121,-18750000,-762466,-348258,36641,0,0,0,0,0,0,0
1748632439221,-18750000,-766132,-439901,73297,0,0,0,0,0,0,0
1748632439321,-18750000,-802789,-513217,73297,0,0,0,0,0,0,0
1748632439421,-18750000,-795457,-513217,18311,0,0,0,0,0,0,0
1748632439521,-18750000,-784460,-641516,54967,0,0,0,0,0,0,0
1748632439621,-18750000,-780794,-641516,18311,0,0,0,0,0,0,0
1748632439721,-18750000,-777129,-678172,54967,0,0,0,0,0,0,0
1748632439821,-18750000,-791792,-678172,54967,0,0,0,0,0,0,0
1748632439921,-18750000,-784460,-769811,54967,0,0,0,0,0,0,0
1748632440021,-18750000,-769797,-824797,-18348,0,0,0,0,0,0,0
1748632440121,-18750000,-791792,-788137,-91665,0,0,0,0,0,0,0
1748632440221,-18750000,-788126,-769811,-36678,0,0,0,0,0,0,0
1748632440321,-18750000,-766131,-641512,-73334,0,0,0,0,0,0,0
1748632440421,-18750000,-755135,-659842,18307,0,0,0,0,0,0,0
1748632440521,-18750000,-766132,-641516,-18348,0,0,0,0,0,0,0
1748632440621,-18750000,-784460,-733158,36633,0,0,0,0,0,0,0
1748632440721,-18750000,-769797,-696502,-18348,0,0,0,0,0,0,0
1748632440821,-18750000,-751468,-641516,-36674,0,0,0,0,0,0,0
1748632440921,-18750000,-766132,-513217,-18,0,0,0,0,0,0,0
1748632441021,-18750000,-762466,-549873,-18345,0,0,0,0,0,0,0
1748632441121,-18750000,-736806,-641516,18315,0,0,0,0,0,0,0
1748632441221,-18750000,-729475,-659842,-55001,0,0,0,0,0,0,0
1748632441321,-18750000,-733141,-733154,-55001,0,0,0,0,0,0,0
1748632441421,-18750000,-718477,-843123,-109983,0,0,0,0,0,0,0
1748632441521,-18750000,-707480,-751481,-55001,0,0,0,0,0,0,0
1748632441621,-18750000,-711145,-641508,-146643,0,0,0,0,0,0,0
1748632441721,-18750000,-696483,-659834,-128317,0,0,0,0,0,0,0
1748632441821,-18750000,-696483,-678161,-73334,0,0,0,0,0,0,0
1748632441921,-18750000,-678154,-751477,-91664,0,0,0,0,0,0,0
1748632442021,-18750000,-685486,-659834,-18352,0,0,0,0,0,0,0
1748632442121,-18750000,-696482,-623178,-26,0,0,0,0,0,0,0
1748632442221,-18750000,-707480,-568196,-26,0,0,0,0,0,0,0
1748632442321,-18750000,-703814,-604852,-18352,0,0,0,0,0,0,0
1748632442421,-18750000,-736805,-531539,-18352,0,0,0,0,0,0,0
1748632442521,-18750000,-744137,-513209,-55008,0,0,0,0,0,0,0
1748632442621,-18750000,-714812,-568196,36634,0,0,0,0,0,0,0
1748632442721,-18750000,-744138,-586526,36634,0,0,0,0,0,0,0
1748632442821,-18750000,-751469,-604856,73294,0,0,0,0,0,0,0
1748632442921,-18750000,-751469,-586526,109950,0,0,0,0,0,0,0
1748632443021,-18750000,-755135,-568199,36637,0,0,0,0,0,0,0
1748632443121,-18750000,-769799,-549873,73293,0,0,0,0,0,0,0
1748632443221,-18750000,-777130,-531543,73293,0,0,0,0,0,0,0
1748632443321,-18750000,-795458,-531543,146606,0,0,0,0,0,0,0
1748632443421,-18750000,-802790,-549873,109946,0,0,0,0,0,0,0
1748632443521,-18750000,-791792,-623189,128276,0,0,0,0,0,0,0
1748632443621,-18750000,-802789,-568203,36633,0,0,0,0,0,0,0
1748632443721,-18750000,-795457,-623189,18307,0,0,0,0,0,0,0
1748632443821,-18750000,-791791,-623189,-18352,0,0,0,0,0,0,0
1748632443921,-18750000,-813785,-604863,-22,0,0,0,0,0,0,0
1748632444021,-18750000,-799123,-659849,73290,0,0,0,0,0,0,0
1748632444121,-18750000,-784460,-604863,54963,0,0,0,0,0,0,0
1748632444221,-18750000,-762465,-568207,54963,0,0,0,0,0,0,0
1748632444321,-18750000,-755134,-568207,-22,0,0,0,0,0,0,0
1748632444421,-18750000,-725808,-439908,36637,0,0,0,0,0,0,0
1748632444521,-18750000,-729473,-348266,-18,0,0,0,0,0,0,0
1748632444621,-18750000,-718477,-329939,54967,0,0,0,0,0,0,0
1748632444721,-18750000,-722143,-256623,73293,0,0,0,0,0,0,0
1748632444821,-18750000,-722143,-348266,18311,0,0,0,0,0,0,0
1748632444921,-18750000,-722143,-421578,-18344,0,0,0,0,0,0,0
1748632445021,-18750000,-736805,-421578,-36674,0,0,0,0,0,0,0
1748632445121,-18750000,-740471,-384922,-18348,0,0,0,0,0,0,0
1748632445221,-18750000,-751469,-348266,-18348,0,0,0,0,0,0,0
1748632445321,-18750000,-758800,-311609,-18348,0,0,0,0,0,0,0
1748632445421,-18750000,-762466,-403252,-18348,0,0,0,0,0,0,0
1748632445521,-18750000,-762466,-458238,-18348,0,0,0,0,0,0,0
1748632445621,-18750000,-780794,-476565,-18348,0,0,0,0,0,0,0
1748632445721,-18750000,-788126,-494895,-36674,0,0,0,0,0,0,0
1748632445821,-18750000,-806454,-384922,-18348,0,0,0,0,0,0,0
1748632445921,-18750000,-788126,-274950,-91664,0,0,0,0,0,0,0
1748632446021,-18750000,-791792,-274950,-183307,0,0,0,0,0,0,0
1748632446121,-18750000,-795458,-348262,-201633,0,0,0,0,0,0,0
1748632446221,-18750000,-788126,-421575,-128317,0,0,0,0,0,0,0
1748632446321,-18750000,-791792,-421575,-109987,0,0,0,0,0,0,0
1748632446421,-18750000,-806455,-384915,-128317,0,0,0,0,0,0,0
1748632446521,-18750000,-802790,-329928,-128317,0,0,0,0,0,0,0
1748632446621,-18750000,-802790,-348258,-73331,0,0,0,0,0,0,0
1748632446721,-18750000,-795458,-384914,-18348,0,0,0,0,0,0,0
1748632446821,-18750000,-766133,-439901,-18,0,0,0,0,0,0,0
1748632446921,-18750000,-755136,-384918,91623,0,0,0,0,0,0,0
1748632447021,-18750000,-762467,-476557,146609,0,0,0,0,0,0,0
1748632447121,-18750000,-740473,-476557,73293,0,0,0,0,0,0,0
1748632447221,-18750000,-755135,-568199,73293,0,0,0,0,0,0,0
1748632447321,-18750000,-736807,-531543,73293,0,0,0,0,0,0,0
1748632447421,-18750000,-747804,-586529,164936,0,0,0,0,0,0,0
1748632447521,-18750000,-755135,-641516,183262,0,0,0,0,0,0,0
1748632447621,-18750000,-751469,-531543,91620,0,0,0,0,0,0,0
1748632447721,-18750000,-736807,-476557,91620,0,0,0,0,0,0,0
1748632447821,-18750000,-736807,-476557,18303,0,0,0,0,0,0,0
1748632447921,-18750000,-733141,-513213,-18352,0,0,0,0,0,0,0
1748632448021,-18750000,-711146,-458231,-36678,0,0,0,0,0,0,0
1748632448121,-18750000,-736806,-458231,36637,0,0,0,0,0,0,0
1748632448221,-18750000,-725809,-403244,-55005,0,0,0,0,0,0,0
1748632448321,-18750000,-733140,-403244,-36678,0,0,0,0,0,0,0
1748632448421,-18750000,-714812,-458231,-109991,0,0,0,0,0,0,0
1748632448521,-18750000,-700149,-476557,-128317,0,0,0,0,0,0,0
1748632448621,-18750000,-689152,-623185,-109987,0,0,0,0,0,0,0
1748632448721,-18750000,-700148,-733158,-109987,0,0,0,0,0,0,0
1748632448821,-18750000,-722143,-678172,-15,0,0,0,0,0,0,0
1748632448921,-18750000,-740471,-769814,18314,0,0,0,0,0,0,0
1748632449021,-18750000,-744137,-769814,18314,0,0,0,0,0,0,0
1748632449121,-18750000,-744137,-898113,-15,0,0,0,0,0,0,0
1748632449221,-18750000,-747803,-861457,54967,0,0,0,0,0,0,0
1748632449321,-18750000,-751469,-879783,18311,0,0,0,0,0,0,0
1748632449421,-18750000,-758801,-843127,18311,0,0,0,0,0,0,0
1748632449521,-18750000,-777129,-806471,36637,0,0,0,0,0,0,0
1748632449621,-18750000,-773464,-751484,91620,0,0,0,0,0,0,0
1748632449721,-18750000,-773464,-641512,36637,0,0,0,0,0,0,0
1748632449821,-18750000,-762467,-623186,18307,0,0,0,0,0,0,0
1748632449921,-18750000,-758801,-549869,36633,0,0,0,0,0,0,0
1748632450021,-18750000,-758801,-458227,36633,0,0,0,0,0,0,0
1748632450121,-18750000,-747803,-293272,36633,0,0,0,0,0,0,0
1748632450221,-18750000,-740472,-329928,-22,0,0,0,0,0,0,0
1748632450321,-18750000,-747803,-329928,18307,0,0,0,0,0,0,0
1748632450421,-18750000,-747803,-274942,-18352,0,0,0,0,0,0,0
1748632450521,-18750000,-736806,-274942,18303,0,0,0,0,0,0,0
1748632450621,-18750000,-751469,-329928,-73338,0,0,0,0,0,0,0
1748632450721,-18750000,-751469,-329928,-18356,0,0,0,0,0,0,0
1748632450821,-18750000,-755134,-329928,-73338,0,0,0,0,0,0,0
1748632450921,-18750000,-773462,-329928,-73338,0,0,0,0,0,0,0
1748632451021,-18750000,-755134,-384914,-36682,0,0,0,0,0,0,0
1748632451121,-18750000,-747803,-403241,-55008,0,0,0,0,0,0,0
1748632451221,-18750000,-766131,-458227,-36678,0,0,0,0,0,0,0
1748632451321,-18750000,-747803,-513213,-55008,0,0,0,0,0,0,0
1748632451421,-18750000,-740471,-513213,-22,0,0,0,0,0,0,0
1748632451521,-18750000,-744137,-604856,-55005,0,0,0,0,0,0,0
1748632451621,-18750000,-718477,-604856,-18345,0,0,0,0,0,0,0
1748632451721,-18750000,-718477,-604856,-18345,0,0,0,0,0,0,0
1748632451821,-18750000,-707480,-641512,18311,0,0,0,0,0,0,0
1748632451921,-18750000,-692818,-623186,-55001,0,0,0,0,0,0,0
1748632452021,-18750000,-725809,-604856,-128317,0,0,0,0,0,0,0
1748632452121,-18750000,-733140,-604856,-109991,0,0,0,0,0,0,0
1748632452221,-18750000,-736805,-494883,-183307,0,0,0,0,0,0,0
1748632452321,-18750000,-747803,-476557,-164977,0,0,0,0,0,0,0
1748632452421,-18750000,-744137,-549869,-146647,0,0,0,0,0,0,0
1748632452521,-18750000,-751469,-458227,-91665,0,0,0,0,0,0,0
1748632452621,-18750000,-784460,-458227,-36682,0,0,0,0,0,0,0
1748632452721,-18750000,-784460,-476557,-36682,0,0,0,0,0,0,0
1748632452821,-18750000,-791791,-586526,-55012,0,0,0,0,0,0,0
1748632452921,-18750000,-791791,-604852,-18356,0,0,0,0,0,0,0
1748632453021,-18750000,-777128,-568196,36630,0,0,0,0,0,0,0
1748632453121,-18750000,-777128,-568196,18303,0,0,0,0,0,0,0
1748632453221,-18750000,-758800,-623182,109946,0,0,0,0,0,0,0
1748632453321,-18750000,-729474,-623182,73290,0,0,0,0,0,0,0
1748632453421,-18750000,-762466,-604856,36633,0,0,0,0,0,0,0
1748632453521,-18750000,-751469,-641512,-22,0,0,0,0,0,0,0
1748632453621,-18750000,-744137,-604856,-22,0,0,0,0,0,0,0
1748632453721,-18750000,-751469,-586526,-36678,0,0,0,0,0,0,0
1748632453821,-18750000,-758801,-513213,-36678,0,0,0,0,0,0,0
1748632453921,-18750000,-744138,-568199,-36678,0,0,0,0,0,0,0
1748632454021,-18750000,-751469,-568199,-109991,0,0,0,0,0,0,0
1748632454121,-18750000,-747804,-623185,-91664,0,0,0,0,0,0,0
1748632454221,-18750000,-751470,-549873,-146647,0,0,0,0,0,0,0
1748632454321,-18750000,-766133,-568199,-146647,0,0,0,0,0,0,0
1748632454421,-18750000,-729476,-586525,-146647,0,0,0,0,0,0,0
1748632454521,-18750000,-722144,-513213,-183303,0,0,0,0,0,0,0
1748632454621,-18750000,-725810,-494883,-201629,0,0,0,0,0,0,0
1748632454721,-18750000,-733142,-494883,-164973,0,0,0,0,0,0,0
1748632454821,-18750000,-729476,-513213,-164973,0,0,0,0,0,0,0
1748632454921,-18750000,-729476,-513213,-219959,0,0,0,0,0,0,0
1748632455021,-18750000,-722144,-549869,-109991,0,0,0,0,0,0,0
1748632455121,-18750000,-725810,-604856,-109991,0,0,0,0,0,0,0
1748632455221,-18750000,-725810,-568199,-146651,0,0,0,0,0,0,0
1748632455321,-18750000,-725810,-531543,-109995,0,0,0,0,0,0,0
1748632455421,-18750000,-733141,-421574,-109995,0,0,0,0,0,0,0
1748632455521,-18750000,-762466,-439901,-22,0,0,0,0,0,0,0
1748632455621,-18750000,-762466,-458231,36633,0,0,0,0,0,0,0
1748632455721,-18750000,-751469,-476561,18307,0,0,0,0,0,0,0
1748632455821,-18750000,-747803,-458231,18307,0,0,0,0,0,0,0
1748632455921,-18750000,-740472,-403244,73293,0,0,0,0,0,0,0
1748632456021,-18750000,-755135,-421574,54967,0,0,0,0,0,0,0
1748632456121,-18750000,-755135,-329932,91623,0,0,0,0,0,0,0
1748632456221,-18750000,-744137,-476557,128283,0,0,0,0,0,0,0
1748632456321,-18750000,-744137,-494887,54967,0,0,0,0,0,0,0
1748632456421,-18750000,-744137,-568199,128280,0,0,0,0,0,0,0
1748632456521,-18750000,-714812,-659842,36637,0,0,0,0,0,0,0
1748632456621,-18750000,-714812,-568199,-36675,0,0,0,0,0,0,0
1748632456721,-18750000,-711146,-549869,18311,0,0,0,0,0,0,0
1748632456821,-18750000,-703815,-549869,-15,0,0,0,0,0,0,0
1748632456921,-18750000,-703815,-549869,-15,0,0,0,0,0,0,0
1748632457021,-18750000,-703815,-549869,-15,0,0,0,0,0,0,0
1748632457121,-18750000,-703815,-549869,-15,0,0,0,0,0,0,0
1748632457221,-18750000,-703815,-549869,-15,0,0,0,0,0,0,0
1748632457321,-18750000,-703815,-549869,-15,0,0,0,0,0,0,0
1748632457421,-18750000,-703815,-549869,-15,0,0,0,0,0,0,0
1748632457521,-18750000,-703815,-549869,-15,0,0,0,0,0,0,0
1748632457621,-18750000,-703815,-549869,-15,0,0,0,0,0,0,0
1748632457721,-18750000,-703815,-549869,-15,0,0,0,0,0,0,0
1748632457821,-18750000,-722143,-568199,-18341,0,0,0,0,0,0,0
1748632457921,-18750000,-707480,-476557,36645,0,0,0,0,0,0,0
1748632458021,-18750000,-707480,-439901,36645,0,0,0,0,0,0,0
1748632458121,-18750000,-714812,-421574,36645,0,0,0,0,0,0,0
1748632458221,-18750000,-711146,-329932,73305,0,0,0,0,0,0,0
1748632458321,-18750000,-707480,-219963,18318,0,0,0,0,0,0,0
1748632458421,-18750000,-733140,-201637,73301,0,0,0,0,0,0,0
1748632458521,-18750000,-736805,-348266,128283,0,0,0,0,0,0,0
1748632458621,-18750000,-733140,-329939,91623,0,0,0,0,0,0,0
1748632458721,-18750000,-744137,-366596,91623,0,0,0,0,0,0,0
1748632458821,-18750000,-755134,-458238,91623,0,0,0,0,0,0,0
1748632458921,-18750000,-762465,-549881,-55004,0,0,0,0,0,0,0
1748632459021,-18750000,-769797,-568207,-55004,0,0,0,0,0,0,0
1748632459121,-18750000,-773463,-439908,-36678,0,0,0,0,0,0,0
1748632459221,-18750000,-784460,-549877,-36678,0,0,0,0,0,0,0
1748632459321,-18750000,-788126,-696502,-55004,0,0,0,0,0,0,0
1748632459421,-18750000,-773462,-623186,-109987,0,0,0,0,0,0,0
1748632459521,-18750000,-751469,-586529,-109987,0,0,0,0,0,0,0
1748632459621,-18750000,-758800,-604856,-109987,0,0,0,0,0,0,0
1748632459721,-18750000,-766132,-513213,-164973,0,0,0,0,0,0,0
1748632459821,-18750000,-755135,-439901,-183303,0,0,0,0,0,0,0
1748632459921,-18750000,-762466,-403241,-91661,0,0,0,0,0,0,0
1748632460021,-18750000,-744137,-421571,-146643,0,0,0,0,0,0,0
1748632460121,-18750000,-755135,-476553,-146643,0,0,0,0,0,0,0
1748632460221,-18750000,-747803,-403241,-128317,0,0,0,0,0,0,0
1748632460321,-18750000,-751469,-311598,-73334,0,0,0,0,0,0,0
1748632460421,-18750000,-766132,-311598,-18352,0,0,0,0,0,0,0
1748632460521,-18750000,-788126,-293268,-36678,0,0,0,0,0,0,0
1748632460621,-18750000,-788126,-329928,-91661,0,0,0,0,0,0,0
1748632460721,-18750000,-773462,-366588,-36675,0,0,0,0,0,0,0
1748632460821,-18750000,-773462,-384914,-36675,0,0,0,0,0,0,0
1748632460921,-18750000,-755134,-439901,-36675,0,0,0,0,0,0,0
1748632461021,-18750000,-766130,-458231,18307,0,0,0,0,0,0,0
1748632461121,-18750000,-740471,-476561,-18,0,0,0,0,0,0,0
1748632461221,-18750000,-736805,-604859,54967,0,0,0,0,0,0,0
1748632461321,-18750000,-744137,-586533,-18345,0,0,0,0,0,0,0
1748632461421,-18750000,-722143,-586533,-73327,0,0,0,0,0,0,0
1748632461521,-18750000,-707480,-623189,-128313,0,0,0,0,0,0,0
1748632461621,-18750000,-703814,-568203,-128313,0,0,0,0,0,0,0
1748632461721,-18750000,-729474,-531543,-73331,0,0,0,0,0,0,0
1748632461821,-18750000,-733140,-531543,-36675,0,0,0,0,0,0,0
1748632461921,-18750000,-736806,-531543,-18348,0,0,0,0,0,0,0
1748632462021,-18750000,-744138,-494883,-55004,0,0,0,0,0,0,0
1748632462121,-18750000,-747803,-531539,-36678,0,0,0,0,0,0,0
1748632462221,-18750000,-784460,-421567,-55008,0,0,0,0,0,0,0
1748632462321,-18750000,-777128,-494879,-36678,0,0,0,0,0,0,0
1748632462421,-18750000,-784460,-513209,-22,0,0,0,0,0,0,0
1748632462521,-18750000,-791791,-439897,36633,0,0,0,0,0,0,0
1748632462621,-18750000,-780794,-458223,73290,0,0,0,0,0,0,0
1748632462721,-18750000,-773463,-513209,18307,0,0,0,0,0,0,0
1748632462821,-18750000,-780794,-494883,-18348,0,0,0,0,0,0,0
1748632462921,-18750000,-791792,-439897,-18348,0,0,0,0,0,0,0
1748632463021,-18750000,-799123,-513213,-36675,0,0,0,0,0,0,0
1748632463121,-18750000,-806454,-458227,-55001,0,0,0,0,0,0,0
1748632463221,-18750000,-780794,-494887,-109983,0,0,0,0,0,0,0
1748632463321,-18750000,-780794,-458231,-109983,0,0,0,0,0,0,0
1748632463421,-18750000,-784460,-494887,-146640,0,0,0,0,0,0,0
1748632463521,-18750000,-769797,-531543,-91653,0,0,0,0,0,0,0
1748632463621,-18750000,-784460,-531543,-73327,0,0,0,0,0,0,0
1748632463721,-18750000,-773462,-531543,-73327,0,0,0,0,0,0,0
1748632463821,-18750000,-747803,-531543,-54997,0,0,0,0,0,0,0
1748632463921,-18750000,-740471,-604859,-73323,0,0,0,0,0,0,0
1748632464021,-18750000,-714811,-513217,-73323,0,0,0,0,0,0,0
1748632464121,-18750000,-707480,-458234,-73323,0,0,0,0,0,0,0
1748632464221,-18750000,-703814,-458234,-73323,0,0,0,0,0,0,0
1748632464321,-18750000,-700149,-494891,-73323,0,0,0,0,0,0,0
1748632464421,-18750000,-696483,-403248,-18341,0,0,0,0,0,0,0
1748632464521,-18750000,-685486,-494891,-18341,0,0,0,0,0,0,0
1748632464621,-18750000,-678155,-513221,-73323,0,0,0,0,0,0,0
1748632464721,-18750000,-674489,-549877,-73323,0,0,0,0,0,0,0
1748632464821,-18750000,-689152,-549877,-36667,0,0,0,0,0,0,0
1748632464921,-18750000,-681820,-568203,-73323,0,0,0,0,0,0,0
1748632465021,-18750000,-681820,-641516,-73323,0,0,0,0,0,0,0
1748632465121,-18750000,-689152,-714828,-54997,0,0,0,0,0,0,0
1748632465221,-18750000,-707480,-678168,-109983,0,0,0,0,0,0,0
1748632465321,-18750000,-718478,-659842,-91657,0,0,0,0,0,0,0
1748632465421,-18750000,-718478,-696498,-128313,0,0,0,0,0,0,0
1748632465521,-18750000,-740471,-659842,-109983,0,0,0,0,0,0,0
1748632465621,-18750000,-758800,-678172,-73327,0,0,0,0,0,0,0
1748632465721,-18750000,-766131,-604859,-91657,0,0,0,0,0,0,0
1748632465821,-18750000,-777128,-623186,-146643,0,0,0,0,0,0,0
1748632465921,-18750000,-784460,-513217,-146643,0,0,0,0,0,0,0
1748632466021,-18750000,-784460,-458231,-146643,0,0,0,0,0,230,0
1748632466121,-18750000,-795457,-531543,-164969,0,0,0,0,206,462,0
1748632466221,-18750000,-769797,-568203,-55001,0,0,0,0,206,488,0
1748632466321,-18750000,-766131,-531543,-73327,0,0,0,78,412,719,0
1748632466421,-18750000,-762466,-604859,-91653,0,0,0,156,617,951,0
1748632466521,-18750000,-773463,-549873,-128313,0,0,0,181,822,977,0
1748632466621,-18750000,-762466,-513213,-73327,0,25,0,259,1028,1208,0
1748632466721,-18750000,-755135,-494883,-36671,0,25,0,260,1028,1414,0
1748632466821,-18750000,-744137,-531539,-18341,0,25,0,337,1233,1620,0
1748632466921,-18750000,-736806,-623182,-18341,0,51,1,415,1439,1620,0
1748632467021,-18750000,-751469,-623182,-55001,0,51,1,441,1644,1621,0
1748632467121,-18750000,-758800,-641512,-18345,0,76,1,517,1438,1416,0
1748632467221,-18750000,-777128,-604852,-73327,0,102,1,518,1438,1391,0
1748632467321,-18750000,-788126,-604852,-36671,0,102,1,466,1438,1159,0
1748632467421,-18750000,-806454,-549866,-36671,0,102,1,414,1438,1134,0
1748632467521,-18750000,-795457,-586522,-11,0,102,1,465,1439,1339,0
1748632467621,-18750000,-791791,-696494,-109983,0,76,1,465,1439,1314,0
1748632467721,-18750000,-788125,-733154,-109983,0,76,1,541,1439,1109,0
1748632467821,-18750000,-784460,-549869,-55001,0,102,1,541,1438,928,0
1748632467921,-18750000,-799123,-513213,-36675,0,76,1,541,1437,928,0
1748632468021,-18750000,-780794,-531543,-15,0,76,1,592,1437,723,0
1748632468121,-18750000,-751469,-458231,-36671,0,51,1,516,1437,723,0
1748632468221,-18750000,-744137,-531547,-15,0,51,1,516,1437,723,0
1748632468321,-18750000,-729474,-531547,18311,0,76,1,490,1232,723,0
1748632468421,-18750000,-725808,-513217,36637,0,102,1,542,1026,544,0
1748632468521,-18750000,-736805,-531547,-18348,0,102,0,465,820,312,0
1748632468621,-18750000,-740471,-439904,54963,0,102,0,388,615,106,0
1748632468721,-18750000,-758800,-403244,-22,0,102,0,311,615,105,0
1748632468821,-18750000,-766131,-494887,-22,0,76,0,233,410,79,0
1748632468921,-18750000,-755134,-531543,-18348,0,76,0,156,205,79,0
1748632469021,-18750000,-773462,-568199,-22,0,76,0,78,0,53,0
1748632469121,-18750000,-795456,-586526,-36682,0,76,0,77,0,26,0
1748632469221,-18750000,-799122,-568196,-73338,0,51,0,77,0,26,0
1748632469321,-18750000,-791791,-568196,-73338,0,25,0,77,0,26,0
1748632469421,-18750000,-773462,-549869,-128325,0,0,0,0,0,0,0
1748632469521,-18750000,-766131,-513213,-164981,0,0,0,0,0,0,0
1748632469621,-18750000,-755134,-549869,-219963,0,0,0,0,0,0,0
1748632469721,-18750000,-736805,-604855,-183303,0,0,0,0,0,0,0
1748632469821,-18750000,-729474,-586529,-238286,0,0,0,0,0,0,0
1748632469921,-18750000,-736805,-549873,-238286,0,0,0,0,0,0,0
1748632470021,-18750000,-740471,-568203,-238286,0,0,0,0,0,0,0
1748632470121,-18750000,-733140,-549877,-146643,0,0,0,0,0,0,0
1748632470221,-18750000,-733140,-531551,-146643,0,0,0,0,0,0,0
1748632470321,-18750000,-758800,-531551,-238286,0,0,0,0,0,0,0
1748632470421,-18750000,-773463,-549877,-201626,0,0,0,0,0,0,0
1748632470521,-18750000,-769797,-549877,-146643,0,0,0,0,0,0,0
1748632470621,-18750000,-777128,-439908,-91661,0,0,0,0,0,0,0
1748632470721,-18750000,-788126,-384922,-73334,0,0,0,0,0,0,0
1748632470821,-18750000,-784460,-494891,-36678,0,0,0,0,0,0,0
1748632470921,-18750000,-795457,-439904,18303,0,0,0,0,0,0,0
1748632471021,-18750000,-806453,-384918,-36682,0,0,0,0,0,0,0
1748632471121,-18750000,-802787,-439901,-73338,0,0,0,0,0,0,0
1748632471221,-18750000,-795456,-458227,-73338,0,0,0,0,0,0,0
1748632471321,-18750000,-766131,-476557,-73338,0,0,0,0,0,0,0
1748632471421,-18750000,-762465,-549873,-36682,0,0,0,0,0,0,0
1748632471521,-18750000,-780794,-513213,-73338,0,0,0,0,0,0,0
1748632471621,-18750000,-784460,-549869,-109994,0,0,0,0,0,0,0
1748632471721,-18750000,-784460,-494887,-73338,0,0,0,0,0,0,0
1748632471821,-18750000,-784460,-421574,-55012,0,0,0,0,0,0,0
1748632471921,-18750000,-769796,-476561,-109994,0,0,0,0,0,0,0
1748632472021,-18750000,-747803,-513217,-73334,0,0,0,0,0,0,0
1748632472121,-18750000,-736806,-439904,-91661,0,0,0,0,0,0,0
1748632472221,-18750000,-747803,-403248,-109991,0,0,0,0,0,0,0
1748632472321,-18750000,-762466,-366592,18311,0,0,0,0,0,0,0
1748632472421,-18750000,-762466,-293276,-55004,0,0,0,0,0,0,0
1748632472521,-18750000,-740472,-329936,-36675,0,0,0,0,0,0,0
1748632472621,-18750000,-736806,-421578,-18,0,0,0,0,0,0,0
1748632472721,-18750000,-736806,-476561,-36675,0,0,0,0,0,0,0
1748632472821,-18750000,-736806,-513217,-91657,0,0,0,0,0,0,0
1748632472921,-18750000,-740472,-476557,-73331,0,0,0,0,0,0,0
1748632473021,-18750000,-747803,-458231,-18348,0,0,0,0,0,0,0
1748632473121,-18750000,-769797,-458231,36633,0,0,0,0,0,0,0
1748632473221,-18750000,-762465,-458231,18303,0,0,0,0,0,0,0
1748632473321,-18750000,-773462,-476557,-18356,0,0,0,0,0,0,0
1748632473421,-18750000,-758800,-531543,18303,0,0,0,0,0,0,0
1748632473521,-18750000,-755134,-476557,-18352,0,0,0,0,0,0,0
1748632473621,-18750000,-751469,-403241,-73334,0,0,0,0,0,0,0
1748632473721,-18750000,-747803,-513213,-36678,0,0,0,0,0,0,0
1748632473821,-18750000,-755134,-476557,18303,0,0,0,0,0,0,0
1748632473921,-18750000,-744137,-476557,54960,0,0,0,0,0,0,0
1748632474021,-18750000,-758799,-421571,-22,0,0,0,0,0,0,0
1748632474121,-18750000,-736805,-458227,-55005,0,0,0,0,0,0,0
1748632474221,-18750000,-740471,-384914,-18,0,0,0,0,0,0,0
1748632474321,-18750000,-725808,-366588,-55001,0,0,0,0,0,0,0
1748632474421,-18750000,-725808,-366588,-55001,0,0,0,0,0,0,0
1748632474521,-18750000,-740471,-403244,-36674,0,0,0,0,0,0,0
1748632474621,-18750000,-762465,-403244,-73334,0,0,0,0,0,0,0
1748632474721,-18750000,-751469,-329932,-73334,0,0,0,0,0,0,0
1748632474821,-18750000,-751469,-329932,-128317,0,0,0,0,0,0,0
1748632474921,-18750000,-766132,-311606,-128317,0,0,0,0,0,0,0
1748632475021,-18750000,-751470,-348262,-55004,0,0,0,0,0,0,0
1748632475121,-18750000,-751470,-329936,-22,0,0,0,0,0,0,0
1748632475221,-18750000,-762467,-403248,-18348,0,0,0,0,0,0,0
1748632475321,-18750000,-751470,-421574,-18348,0,0,0,0,0,0,0
1748632475421,-18750000,-773464,-384918,-18348,0,0,0,0,0,0,0
1748632475521,-18750000,-766132,-366588,-18348,0,0,0,0,0,0,0
1748632475621,-18750000,-751469,-458231,54967,0,0,0,0,0,0,0
1748632475721,-18750000,-758801,-403244,-15,0,0,0,0,0,0,0
1748632475821,-18750000,-766133,-384914,54967,0,0,0,0,0,0,0
1748632475921,-18750000,-747804,-384914,-15,0,0,0,0,0,0,0
1748632476021,-18750000,-733142,-421571,-73327,0,0,0,0,0,0,0
1748632476121,-18750000,-755135,-384911,-73327,0,0,0,0,0,0,0
1748632476221,-18750000,-729476,-348254,-73327,0,0,0,0,0,0,0
1748632476321,-18750000,-736807,-366584,-18345,0,0,0,0,0,0,0
1748632476421,-18750000,-725810,-366584,-18,0,0,0,0,0,0,0
1748632476521,-18750000,-722144,-366584,-55005,0,0,0,0,0,0,0
1748632476621,-18750000,-714813,-311602,-91661,0,0,0,0,0,0,0
1748632476721,-18750000,-722144,-366588,-128321,0,0,0,0,0,0,0
1748632476821,-18750000,-714812,-366588,-128321,0,0,0,0,0,0,0
1748632476921,-18750000,-740472,-384914,-91665,0,0,0,0,0,0,0
1748632477021,-18750000,-762466,-403244,-128325,0,0,0,0,0,0,0
1748632477121,-18750000,-747803,-421574,-219967,0,0,0,0,0,0,0
1748632477221,-18750000,-755134,-458231,-183311,0,0,0,0,0,0,0
1748632477321,-18750000,-755134,-476561,-219967,0,0,0,0,0,0,0
1748632477421,-18750000,-758800,-458231,-274953,0,0,0,0,0,0,0
1748632477521,-18750000,-762466,-458231,-274953,0,0,0,0,0,0,0
1748632477621,-18750000,-773463,-458231,-256627,0,0,0,0,0,0,0
1748632477721,-18750000,-766132,-439901,-219967,0,0,0,0,0,0,0
1748632477821,-18750000,-762466,-549873,-238293,0,0,0,0,0,0,0
1748632477921,-18750000,-747803,-641516,-238293,0,0,0,0,0,0,0
1748632478021,-18750000,-725810,-623186,-201633,0,0,0,0,0,0,0
1748632478121,-18750000,-707481,-623186,-109991,0,0,0,0,0,0,0
1748632478221,-18750000,-707481,-659842,-128321,0,0,0,0,0,0,0
1748632478321,-18750000,-711146,-659842,-183307,0,0,0,0,0,0,0
1748632478421,-18750000,-714812,-641516,-91665,0,0,0,0,0,0,0
1748632478521,-18750000,-711147,-696502,-73335,0,0,0,0,0,0,0
1748632478621,-18750000,-711147,-659842,-36678,0,0,0,0,0,0,0
1748632478721,-18750000,-729476,-714828,-36678,0,0,0,0,0,0,0
1748632478821,-18750000,-736807,-623186,18307,0,0,0,0,0,0,0
1748632478921,-18750000,-714813,-513217,-36678,0,0,0,0,0,0,0
1748632479021,-18750000,-725810,-513217,-36678,0,0,0,0,0,0,0
1748632479121,-18750000,-747803,-494887,-55005,0,0,0,0,0,0,0
1748632479221,-18750000,-747803,-568199,-73331,0,0,0,0,0,0,0
1748632479321,-18750000,-758801,-586525,-36671,0,0,0,0,0,0,0
1748632479421,-18750000,-729475,-623182,-54997,0,0,0,0,0,0,0
1748632479521,-18750000,-733140,-586526,-73327,0,0,0,0,0,0,0
1748632479621,-18750000,-714812,-568199,-128310,0,0,0,0,0,0,0
1748632479721,-18750000,-703814,-476557,-109983,0,0,0,0,0,0,0
1748632479821,-18750000,-689152,-403244,-183300,0,0,0,0,0,0,0
1748632479921,-18750000,-725809,-421571,-109987,0,0,0,0,0,0,0
1748632480021,-18750000,-711146,-348258,-109987,0,0,0,0,0,0,0
1748632480121,-18750000,-714812,-403244,-164973,0,0,0,0,0,0,0
1748632480221,-18750000,-744138,-219963,-164973,0,0,0,0,0,0,0
1748632480321,-18750000,-736807,-219963,-164973,0,0,0,0,0,0,0
1748632480421,-18750000,-773464,-201633,-146647,0,0,0,0,0,0,0
1748632480521,-18750000,-780796,-201633,-91661,0,0,0,0,0,0,0
1748632480621,-18750000,-791792,-201633,-73334,0,0,0,76,0,0,0
1748632480721,-18750000,-795458,-238289,-36678,0,25,0,77,0,0,0
1748632480821,-18750000,-810121,-293272,-55004,0,51,0,155,205,206,0
1748632480921,-18750000,-784461,-329932,-91661,0,76,1,232,206,207,0
1748632481021,-18750000,-802790,-348258,-36678,0,102,1,232,207,439,0
1748632481121,-18750000,-788127,-311602,-22,0,128,1,233,207,464,0
1748632481221,-18750000,-773464,-421571,36633,0,128,1,311,412,696,0
1748632481321,-18750000,-769798,-366584,36633,0,128,1,311,412,697,0
1748632481421,-18750000,-780795,-366584,-55008,0,128,1,311,412,697,0
1748632481521,-18750000,-769798,-421571,-22,0,128,0,311,412,697,0
1748632481621,-18750000,-769798,-439897,-22,0,128,0,234,412,697,0
1748632481721,-18750000,-755135,-476553,-55004,0,102,0,233,412,697,0
1748632481821,-18750000,-740472,-531539,-22,0,76,0,156,207,491,0
1748632481921,-18750000,-755135,-494879,-22,0,51,0,78,206,490,0
1748632482021,-18750000,-766132,-494879,-22,0,25,0,78,205,258,0
1748632482121,-18750000,-777128,-476549,-55008,0,0,0,77,205,232,0
1748632482221,-18750000,-769797,-348251,-36682,0,0,0,0,0,1,0
1748632482321,-18750000,-780794,-348251,36630,0,0,0,0,0,0,0
1748632482421,-18750000,-766131,-366581,128272,0,0,0,0,0,0,0
1748632482521,-18750000,-784460,-366581,91616,0,0,0,0,0,0,0
1748632482621,-18750000,-791792,-311598,73290,0,0,0,0,0,0,0
1748632482721,-18750000,-810120,-256612,128272,0,0,0,0,0,0,0
1748632482821,-18750000,-828449,-201626,128272,0,0,0,0,0,0,0
1748632482921,-18750000,-821117,-183299,109946,0,0,0,0,0,0,0
1748632483021,-18750000,-821117,-183299,54963,0,0,0,0,0,0,0
1748632483121,-18750000,-817452,-238286,91623,0,0,0,0,0,0,0
1748632483221,-18750000,-813786,-329928,36641,0,0,0,0,0,0,0
1748632483321,-18750000,-799123,-384914,-73331,0,0,0,0,0,0,0
1748632483421,-18750000,-788126,-384914,-91657,0,0,0,0,0,0,0
1748632483521,-18750000,-780795,-366584,-146643,0,0,0,0,0,0,0
1748632483621,-18750000,-788126,-439897,-146643,0,0,0,0,0,0,0
1748632483721,-18750000,-784461,-421571,-183300,0,0,0,0,0,0,0
1748632483821,-18750000,-791792,-439901,-183300,0,0,0,0,0,0,0
1748632483921,-18750000,-773464,-494887,-183300,0,0,0,0,0,0,0
1748632484021,-18750000,-780795,-604859,-183300,0,0,0,0,0,0,0
1748632484121,-18750000,-773464,-531547,-183300,0,0,0,0,0,0,0
1748632484221,-18750000,-751470,-531547,-109987,0,0,0,0,0,0,0
1748632484321,-18750000,-744139,-458234,-73327,0,0,0,0,0,0,0
1748632484421,-18750000,-758802,-513221,-55001,0,0,0,0,0,0,0
1748632484521,-18750000,-769799,-403252,-15,0,0,0,0,0,0,0
1748632484621,-18750000,-755135,-458238,36641,0,0,0,0,0,0,0
1748632484721,-18750000,-747803,-549881,18314,0,0,0,0,0,0,0
1748632484821,-18750000,-736806,-549881,-11,0,0,0,0,0,0,0
1748632484921,-18750000,-769797,-513221,-36671,0,0,0,0,0,0,0
1748632485021,-18750000,-747803,-476564,-18345,0,0,0,0,0,0,0
1748632485121,-18750000,-762465,-494891,36637,0,0,0,0,0,0,0
1748632485221,-18750000,-780794,-458234,-36675,0,0,0,0,0,0,0
1748632485321,-18750000,-795456,-494891,-18348,0,0,0,0,0,0,0
1748632485421,-18750000,-773462,-458234,-55005,0,0,0,0,0,0,0
1748632485521,-18750000,-751468,-531547,-55005,0,0,0,0,0,0,0
1748632485621,-18750000,-751468,-458231,-128321,0,0,0,0,0,0,0
1748632485721,-18750000,-729474,-384914,-91665,0,0,0,0,0,0,0
1748632485821,-18750000,-714812,-384914,-73338,0,0,0,0,0,0,0
1748632485921,-18750000,-692818,-439901,-36678,0,0,0,0,0,0,0
1748632486021,-18750000,-678155,-311602,-22,0,0,0,0,0,0,0
1748632486121,-18750000,-670824,-366588,-36678,0,0,0,0,0,0,0
1748632486221,-18750000,-667158,-421574,-36678,0,0,0,0,0,0,0
1748632486321,-18750000,-678155,-476561,-22,0,0,0,0,0,0,0
1748632486421,-18750000,-685487,-439901,-55008,0,0,0,0,0,0,0
1748632486521,-18750000,-703815,-421571,-73338,0,0,0,0,0,0,0
1748632486621,-18750000,-703815,-421571,-22,0,0,0,0,0,0,0
1748632486721,-18750000,-729475,-403244,-18352,0,0,0,0,0,0,0
1748632486821,-18750000,-740471,-439901,-73334,0,0,0,0,0,0,0
1748632486921,-18750000,-751468,-384914,-73334,0,0,0,0,0,0,0
1748632487021,-18750000,-755134,-384914,-91661,0,0,0,0,0,0,0
1748632487121,-18750000,-747803,-311602,-109987,0,0,0,0,0,0,0
1748632487221,-18750000,-766131,-348258,-73331,0,0,0,0,0,0,0
1748632487321,-18750000,-740471,-366584,-91657,0,0,0,0,0,0,0
1748632487421,-18750000,-744137,-403244,-15,0,0,0,0,0,0,0
1748632487521,-18750000,-736806,-403244,-73327,0,0,0,0,0,0,0
1748632487621,-18750000,-740472,-458231,-55001,0,0,0,0,0,0,0
1748632487721,-18750000,-755135,-458231,-73327,0,0,0,0,0,0,0
1748632487821,-18750000,-758801,-311602,-73327,0,0,0,0,0,0,0
1748632487921,-18750000,-766133,-311602,-18345,0,0,0,0,0,0,0
1748632488021,-18750000,-766133,-403244,-36675,0,0,0,0,0,0,0
1748632488121,-18750000,-780795,-403244,-18348,0,0,0,0,0,0,0
1748632488221,-18750000,-788127,-348258,-22,0,0,0,0,0,0,0
1748632488321,-18750000,-799123,-274946,-36678,0,0,0,0,0,0,0
1748632488421,-18750000,-795457,-238286,-36678,0,0,0,0,0,0,0
1748632488521,-18750000,-784460,-293272,18307,0,0,0,0,0,0,0
1748632488621,-18750000,-769797,-274946,54967,0,0,0,0,0,0,0
1748632488721,-18750000,-733141,-293272,128280,0,0,0,0,0,0,0
1748632488821,-18750000,-718478,-348258,219922,0,0,0,0,0,0,0
1748632488921,-18750000,-670824,-311602,256582,0,0,0,0,0,0,0
1748632489021,-18750000,-634167,-274942,348225,0,0,0,0,0,0,0
1748632489121,-18750000,-542525,-201626,403211,0,0,0,0,0,0,0
1748632489221,-18750000,-425223,-91653,421541,0,0,0,0,0,0,0
1748632489321,-18750000,-337247,-36667,549839,0,0,0,0,0,0,0
1748632489421,-18750000,-223610,109957,659812,0,0,0,0,0,0,0
1748632489521,-18750000,-109974,238256,824767,0,0,0,0,0,0,0
1748632489621,-18750000,25656,403214,916406,0,0,0,0,0,0,0
1748632489721,-18750000,150289,439871,1026374,0,0,0,0,0,0,0
1748632489821,-18750000,296917,549839,1136343,0,0,0,0,0,0,0
1748632489921,-18750000,443544,678138,1246312,0,0,0,0,0,0,0
1748632490021,-18750000,582840,843093,1411267,0,0,0,0,0,0,0
1748632490121,-18750000,670817,971392,1576222,0,0,0,0,0,0,0
1748632490221,-18750000,780788,1008048,1759507,0,0,0,0,0,0,0
1748632490321,-18750000,912752,1191333,1832819,0,0,0,0,0,0,0
1748632490421,-18750000,1022723,1246319,1906132,0,0,0,0,0,0,0
1748632490521,-18750000,1140025,1447930,2016100,0,0,0,0,0,0,0
1748632490621,-18750000,1228001,1521243,2071087,0,0,0,0,0,0,0
1748632490721,-18750000,1337972,1722854,2217716,0,0,0,0,0,0,0
1748632490821,-18750000,1444277,1796170,2364344,0,0,0,0,0,0,0
1748632490921,-18750000,1546917,1906139,2510973,0,0,0,0,0,0,0
1748632491021,-18750000,1649557,1979452,2529303,0,0,0,0,0,0,0
1748632491121,-18750000,1766858,2052764,2639276,0,0,0,0,0,0,0
1748632491221,-18750000,1865832,2181063,2730918,0,0,0,0,0,0,0
1748632491321,-18750000,1961140,2272705,2895873,0,0,0,0,0,0,0
1748632491421,-18750000,2052782,2291035,3024172,0,0,0,0,0,0,0
1748632491521,-18750000,2122430,2346022,3134144,0,0,0,0,0,0,0
1748632491621,-18750000,2228735,2492651,3280773,0,0,0,0,0,0,0
1748632491721,-18750000,2320378,2565967,3299103,0,0,0,0,0,0,0
1748632491821,-18750000,2390026,2639279,3280773,0,0,0,77,205,231,0
1748632491921,-18750000,2452343,2749252,3354086,0,0,0,77,205,462,0
1748632492021,-18750000,2514659,2895880,3445728,0,25,0,78,410,462,0
1748632492121,-18750000,2569645,2932537,3500714,0,51,0,156,616,668,0
1748632492221,-18750000,2609967,3060835,3537370,0,76,0,233,821,900,0
1748632492321,-18750000,2675949,3060835,3537370,0,76,0,311,1027,1131,0
1748632492421,-18750000,2734600,3170804,3610687,0,76,0,311,1028,1363,0
1748632492521,-18750000,2815245,3189134,3610687,0,76,0,388,1233,1594,0
1748632492621,-18750000,2855567,3207460,3629017,0,102,0,388,1233,1595,0
1748632492721,-18750000,2899556,3299103,3647343,0,102,0,389,1439,1826,0
1748632492821,-18750000,2958206,3390745,3702329,0,102,0,312,1234,1825,0
1748632492921,-18750000,3002195,3372415,3684003,0,102,0,312,1234,1594,0
1748632493021,-18750000,3042517,3372415,3720659,0,76,0,311,1029,1594,0
1748632493121,-18750000,3101168,3409072,3738985,0,51,0,233,824,1388,0
1748632493221,-18750000,3152488,3464058,3738985,0,25,0,156,618,1157,0
1748632493321,-18750000,3178148,3519040,3830628,0,25,0,78,412,925,0
1748632493421,-18750000,3222137,3647339,3812298,0,25,0,78,412,694,0
1748632493521,-18750000,3251462,3720652,3793968,0,25,0,0,206,462,0
1748632493621,-18750000,3302783,3775638,3830624,0,0,0,0,206,462,0
1748632493721,-18750000,3310114,3702322,3867284,0,0,0,0,0,230,0
1748632493821,-18750000,3335774,3720652,3903941,0,0,0,0,0,0,0
1748632493921,-18750000,3357767,3793968,3958923,0,0,0,0,0,0,0
1748632494021,-18750000,3365099,3775638,3995579,0,0,0,0,0,0,0
1748632494121,-18750000,3376095,3812298,4068892,0,0,0,0,0,0,0
1748632494221,-18750000,3398090,3867281,4123878,0,0,0,0,0,0,0
1748632494321,-18750000,3412752,3885611,4105552,0,0,0,0,0,0,0
1748632494421,-18750000,3420083,3867284,4142208,0,0,0,0,0,0,0
1748632494521,-18750000,3445743,3867284,4178868,0,0,0,0,0,0,0
1748632494621,-18750000,3449408,3848958,4142212,0,0,0,0,0,0,0
1748632494721,-18750000,3500728,3922274,4233851,0,0,0,0,0,0,0
1748632494821,-18750000,3515391,3848958,4252181,0,0,0,0,0,0,0
1748632494921,-18750000,3526388,3812302,4252181,0,0,0,0,0,0,0
1748632495021,-18750000,3566711,3940601,4233854,0,0,0,0,0,0,0
1748632495121,-18750000,3592371,3940601,4178872,0,0,0,0,0,0,0
1748632495221,-18750000,3610700,3848962,4252184,0,0,0,0,0,0,0
1748632495321,-18750000,3629028,3922274,4307167,0,0,0,0,0,0,0
1748632495421,-18750000,3643691,3867288,4362153,0,0,0,0,0,0,0
1748632495521,-18750000,3643691,3940600,4453792,0,0,0,0,0,0,0
1748632495621,-18750000,3662020,3995583,4508774,0,0,0,0,0,0,0
1748632495721,-18750000,3669351,4087222,4508774,0,0,0,0,0,0,0
1748632495821,-18750000,3691345,4142208,4527101,0,0,0,0,0,0,0
1748632495921,-18750000,3713339,4178864,4582087,0,0,0,0,0,0,0
1748632496021,-18750000,3724337,4105552,4545431,0,0,0,0,0,0,0
1748632496121,-18750000,3739000,4197191,4563757,0,0,0,0,0,0,0
1748632496221,-18750000,3768325,4288829,4490444,0,0,0,0,0,0,0
1748632496321,-18750000,3775656,4307159,4527104,0,0,0,0,0,0,0
1748632496421,-18750000,3804981,4380472,4472118,0,0,0,0,0,0,0
1748632496521,-18750000,3834306,4270503,4490448,0,0,0,0,0,0,0
1748632496621,-18750000,3852635,4252177,4527104,0,0,0,0,0,0,0
1748632496721,-18750000,3841637,4197194,4527104,0,0,0,0,0,0,0
1748632496821,-18750000,3848969,4270507,4545434,0,0,0,0,0,0,0
1748632496921,-18750000,3874628,4288833,4508778,0,0,0,0,0,0,0
1748632497021,-18750000,3914951,4343819,4655403,0,0,0,0,0,0,0
1748632497121,-18750000,3966270,4343819,4783702,0,0,0,0,0,0,0
1748632497221,-18750000,4039584,4380479,4966987,0,0,0,0,0,0,0
1748632497321,-18750000,4149555,4362149,5131942,0,0,0,0,0,0,0
1748632497421,-18750000,4241198,4490448,5388539,0,0,0,0,0,0,0
1748632497521,-18750000,4354835,4673733,5571824,0,0,0,0,0,0,0
1748632497621,-18750000,4490465,4838688,5773439,0,0,0,0,0,0,0
1748632497721,-18750000,4662753,4930331,5993381,0,0,0,0,0,0,0
1748632497821,-18750000,4835041,5150272,6194992,0,0,0,0,0,0,0
1748632497921,-18750000,4999997,5333557,6323291,0,0,0,0,0,0,0
1748632498021,-18750000,5117299,5425199,6378277,0,0,0,0,0,0,0
1748632498121,-18750000,5205275,5626814,6396607,0,0,0,0,0,0,0
1748632498221,-18750000,5256595,5681797,6414933,0,0,0,0,0,0,0
1748632498321,-18750000,5307914,5773439,6341621,0,0,0,0,0,0,0
1748632498421,-18750000,5333574,5773439,6231652,0,0,0,0,0,0,0
1748632498521,-18750000,5373896,5828426,6194996,0,0,0,0,0,0,0
1748632498621,-18750000,5362899,5773439,6158339,0,0,0,0,0,0,0
1748632498721,-18750000,5344571,5920064,6030041,0,0,0,0,0,0,0
1748632498821,-18750000,5315245,5846752,5993384,0,0,0,0,0,0,0
1748632498921,-18750000,5271257,5846752,5975054,0,0,0,0,0,0,0
1748632499021,-18750000,5238265,5883408,6011711,0,0,0,0,0,0,0
1748632499121,-18750000,5249262,5755109,6011711,0,0,0,0,0,0,0
1748632499221,-18750000,5249262,5773439,5938398,0,0,0,0,0,0,0
1748632499321,-18750000,5223602,5755113,5901738,0,0,0,0,0,0,0
1748632499421,-18750000,5227268,5700131,5920068,0,0,0,0,0,0,0
1748632499521,-18750000,5175949,5663471,5810096,0,0,0,0,0,0,0
1748632499621,-18750000,5161286,5700127,5791766,0,0,0,0,0,0,0
1748632499721,-18750000,5150289,5553502,5791766,0,0,0,0,0,0,0
1748632499821,-18750000,5128295,5553502,5755109,0,0,0,0,0,0,0
1748632499921,-18750000,5113633,5516846,5755109,0,0,0,0,0,0,0
1748632500021,-18750000,5117299,5498516,5700123,0,0,0,0,0,0,0
1748632500121,-18750000,5084307,5516842,5663467,0,0,0,0,0,0,0
1748632500221,-18750000,5073311,5480186,5718453,0,0,0,0,0,0,0
1748632500321,-18750000,5062313,5461856,5773439,0,0,0,0,0,0,0
1748632500421,-18750000,5043985,5498512,5883408,0,0,0,0,0,0,0
1748632500521,-18750000,5069645,5553498,6011707,0,0,0,0,0,0,0
1748632500621,-18750000,5098970,5608484,6048363,0,0,0,0,0,0,0
1748632500721,-18750000,5142958,5700127,6121679,0,0,0,0,0,0,0
1748632500821,-18750000,5190611,5681797,6213322,0,0,0,0,0,0,0
1748632500921,-18750000,5238265,5663467,6268308,0,0,0,0,0,0,0
1748632501021,-18750000,5285919,5736783,6359951,0,0,0,0,0,0,0
1748632501121,-18750000,5355568,5791769,6414937,0,0,0,0,0,0,0
1748632501221,-18750000,5421550,5901738,6378277,0,0,0,0,0,0,0
1748632501321,-18750000,5476535,5920068,6396607,0,0,0,0,0,0,0
1748632501421,-18750000,5535186,5901738,6323294,0,0,0,0,0,0,0
1748632501521,-18750000,5568177,5883412,6231652,0,0,0,0,0,0,0
1748632501621,-18750000,5586506,5828426,6249982,0,0,0,0,0,0,0
1748632501721,-18750000,5571843,5828426,6268308,0,0,0,0,0,0,0
1748632501821,-18750000,5568178,5920068,6158336,0,0,0,0,0,0,0
1748632501921,-18750000,5571844,5938398,6103349,0,0,0,0,0,0,0
1748632502021,-18750000,5568178,5901742,6066693,0,0,0,0,0,0,0
1748632502121,-18750000,5538852,5828429,6085019,0,0,0,0,0,0,0
1748632502221,-18750000,5516858,5791773,6121679,0,0,0,0,0,0,0
1748632502321,-18750000,5505861,5883416,6066693,0,0,0,0,0,0,0
1748632502421,-18750000,5483867,5956732,6048363,0,0,0,0,0,0,0
1748632502521,-18750000,5472870,5975058,6085023,0,0,0,0,0,0,0
1748632502621,-18750000,5465539,5993388,6011711,0,0,0,0,0,0,0
1748632502721,-18750000,5472870,5956728,5993384,0,0,0,0,0,0,0
1748632502821,-18750000,5472870,5920072,6066701,0,0,0,0,0,0,0
1748632502921,-18750000,5461873,5846759,6103361,0,0,0,0,0,0,0
1748632503021,-18750000,5439879,5810099,6140017,0,0,0,0,0,0,0
1748632503121,-18750000,5447210,5846756,6121691,0,0,0,0,0,0,0
1748632503221,-18750000,5425216,5736787,6085031,0,0,0,0,0,0,0
1748632503321,-18750000,5395890,5663471,6066701,0,0,0,0,0,0,0
1748632503421,-18750000,5399555,5645141,6048374,0,0,0,0,0,0,0
1748632503521,-18750000,5384893,5590154,6030044,0,0,0,0,0,0,0
1748632503621,-18750000,5359233,5571824,6011714,0,0,0,0,0,0,0
1748632503721,-18750000,5340904,5590154,6030041,0,0,0,0,0,0,0
1748632503821,-18750000,5311579,5535168,6030041,0,0,0,0,0,0,0
1748632503921,-18750000,5285919,5645137,6066697,0,0,0,0,0,0,0
1748632504021,-18750000,5285919,5645137,6030041,0,0,0,0,0,0,0
1748632504121,-18750000,5241931,5718449,5956724,0,0,0,0,0,0,0
1748632504221,-18750000,5241931,5791762,5956724,0,0,0,0,0,0,0
1748632504321,-18750000,5223603,5828418,6048367,0,0,0,0,0,0,0
1748632504421,-18750000,5208941,5828418,6030037,0,0,0,0,0,0,0
1748632504521,-18750000,5208941,5828418,6066693,0,0,0,0,0,25,0
1748632504621,-18750000,5194278,5773436,6048363,0,0,0,0,0,25,0
1748632504721,-18750000,5194278,5773436,5975051,0,0,0,0,0,51,0
1748632504821,-18750000,5164952,5755106,5938394,0,0,0,0,0,256,0
1748632504921,-18750000,5164952,5700120,5865078,0,0,0,0,0,257,0
1748632505021,-18750000,5175950,5718450,5773436,0,0,0,0,204,463,0
1748632505121,-18750000,5161286,5626807,5828422,0,0,0,77,410,695,0
1748632505221,-18750000,5150289,5626807,5883408,0,0,0,155,615,900,0
1748632505321,-18750000,5146623,5645137,5773439,0,0,0,155,820,901,0
1748632505421,-18750000,5146623,5645137,5736783,0,0,0,155,820,1133,0
1748632505521,-18750000,5124628,5553498,5736783,0,0,0,155,820,1339,0
1748632505621,-18750000,5106300,5553498,5718457,0,0,0,155,820,1340,0
1748632505721,-18750000,5091637,5571824,5773443,0,0,0,155,820,1315,0
1748632505821,-18750000,5091637,5645141,5700127,0,0,0,155,820,1137,0
1748632505921,-18750000,5087972,5645141,5700127,0,0,0,156,1026,1136,0
1748632506021,-18750000,5073308,5626814,5681800,0,0,0,156,821,930,0
1748632506121,-18750000,5076974,5608484,5626814,0,0,0,78,616,698,0
1748632506221,-18750000,5065977,5645144,5626814,0,0,0,0,411,493,0
1748632506321,-18750000,5032986,5681801,5608484,0,0,0,0,206,492,0
1748632506421,-18750000,5010992,5645144,5608484,0,0,0,0,205,260,0
1748632506521,-18750000,5018324,5736783,5846752,0,0,0,0,205,29,0
1748632506621,-18750000,5043983,5736783,5846752,0,0,0,0,205,28,0
1748632506721,-18750000,5098969,5791769,5993377,0,0,0,0,205,26,0
1748632506821,-18750000,5135626,5865082,6030033,0,0,0,0,205,0,0
1748632506921,-18750000,5201608,5791769,6213318,0,0,0,0,0,0,0
1748632507021,-18750000,5256593,5865082,6323291,0,0,0,0,0,0,0
1748632507121,-18750000,5326241,5828426,6323291,0,0,0,0,0,0,0
1748632507221,-18750000,5388558,5810096,6488249,0,0,0,0,0,0,0
1748632507321,-18750000,5469203,5736783,6488249,0,0,0,0,0,0,0
1748632507421,-18750000,5549849,5773439,6543235,0,0,0,0,0,0,0
1748632507521,-18750000,5593837,5791769,6451593,0,0,0,0,0,0,0
1748632507621,-18750000,5619497,5956724,6378280,0,0,0,0,0,0,0
1748632507721,-18750000,5619497,5993380,6249982,0,0,0,0,0,0,0
1748632507821,-18750000,5634159,5993380,6140009,0,0,0,0,0,0,0
1748632507921,-18750000,5619497,6030037,6066697,0,0,0,0,0,0,0
1748632508021,-18750000,5593837,5956724,6048367,0,0,0,0,0,0,0
1748632508121,-18750000,5568177,6121679,6066697,0,0,0,0,0,0,0
1748632508221,-18750000,5560846,6103349,6103353,0,0,0,0,0,0,0
1748632508321,-18750000,5535186,6140005,6066697,0,0,0,0,0,0,0
1748632508421,-18750000,5509526,6085019,6066697,0,0,0,0,0,0,0
1748632508521,-18750000,5491198,6011703,6085027,0,0,0,0,0,0,0
1748632508621,-18750000,5465538,5883404,6066701,0,0,0,0,0,0,0
1748632508721,-18750000,5439878,5791762,6121687,0,0,0,0,0,0,0
1748632508821,-18750000,5414219,5681793,6213329,0,0,0,0,0,0,0
1748632508921,-18750000,5392224,5590151,6158343,0,0,0,0,0,0,0
1748632509021,-18750000,5392224,5571821,6158343,0,0,0,0,0,0,0
1748632509121,-18750000,5399555,5535164,6140013,0,0,0,0,0,0,0
1748632509221,-18750000,5366564,5571824,6103357,0,0,0,0,0,0,0
1748632509321,-18750000,5373896,5571824,6158339,0,0,0,0,0,0,0
1748632509421,-18750000,5344570,5608484,6103353,0,0,0,0,0,0,0
1748632509521,-18750000,5337239,5645144,6085023,0,0,0,0,0,0,0
1748632509621,-18750000,5329907,5590162,6048363,0,0,0,0,0,0,0
1748632509721,-18750000,5322576,5626818,6048363,0,0,0,0,0,0,0
1748632509821,-18750000,5315245,5736787,5975051,0,0,0,0,0,0,0
1748632509921,-18750000,5300582,5828429,5956721,0,0,0,0,0,0,0
1748632510021,-18750000,5267591,5865086,5993377,0,0,0,0,0,0,0
1748632510121,-18750000,5241932,5718461,5975047,0,0,0,0,0,0,0
1748632510221,-18750000,5230934,5663474,5956721,0,0,0,0,0,0,0
1748632510321,-18750000,5212606,5700131,5920064,0,0,0,0,0,0,0
1748632510421,-18750000,5223603,5718457,5901734,0,0,0,0,0,0,0
1748632510521,-18750000,5216271,5645141,5846748,0,0,0,0,0,0,0
1748632510621,-18750000,5219937,5755109,5846748,0,0,0,0,0,0,0
1748632510721,-18750000,5208940,5736783,5791762,0,0,0,0,0,0,0
1748632510821,-18750000,5201609,5773439,5828418,0,0,0,0,0,0,0
1748632510921,-18750000,5201609,5773439,5846748,0,0,0,0,0,0,0
1748632511021,-18750000,5179614,5773439,5846748,0,0,0,0,0,0,0
1748632511121,-18750000,5179614,5846752,5865078,0,0,0,0,0,0,0
1748632511221,-18750000,5175949,5956721,5828418,0,0,0,0,0,0,0
1748632511321,-18750000,5164952,6011707,5773432,0,0,0,0,0,0,0
1748632511421,-18750000,5139292,5920064,5828418,0,0,0,0,0,0,0
1748632511521,-18750000,5135627,5975051,5975047,0,0,0,0,0,0,0
1748632511621,-18750000,5142958,5920064,6066689,0,0,0,0,0,0,0
1748632511721,-18750000,5190612,5956721,6213318,0,0,0,0,0,0,0
1748632511821,-18750000,5241932,5920064,6249974,0,0,0,0,0,0,0
1748632511921,-18750000,5296917,5956721,6323287,0,0,0,0,0,0,0
1748632512021,-18750000,5384894,6030037,6341617,0,0,0,0,0,0,0
1748632512121,-18750000,5432548,6030037,6396603,0,0,0,0,0,0,0
1748632512221,-18750000,5480201,5975054,6433263,0,0,0,0,0,0,0
1748632512321,-18750000,5535187,5938398,6524906,0,0,0,0,0,0,0
1748632512421,-18750000,5604835,6066697,6561562,0,0,0,0,0,0,0
1748632512521,-18750000,5641492,6048367,6506576,0,0,0,0,0,0,0
1748632512621,-18750000,5674483,6011711,6543232,0,0,0,0,0,0,0
1748632512721,-18750000,5667151,6030041,6488246,0,0,0,0,0,0,0
1748632512821,-18750000,5652489,5993384,6396603,0,0,0,0,0,0,0
1748632512921,-18750000,5630494,5901742,6414933,0,0,0,0,0,0,0
1748632513021,-18750000,5601169,5883412,6378277,0,0,0,0,0,0,0
1748632513121,-18750000,5601169,5883412,6378277,0,0,0,0,0,0,0
1748632513221,-18750000,5601169,5901738,6414933,0,0,0,0,0,0,0
1748632513321,-18750000,5579175,5901738,6323291,0,0,0,0,0,0,0
1748632513421,-18750000,5564512,5865082,6323291,0,0,0,0,0,0,0
1748632513521,-18750000,5560846,5920068,6286634,0,0,0,0,0,0,0
1748632513621,-18750000,5546184,5993384,6176666,0,0,0,0,0,0,0
1748632513721,-18750000,5542518,6048367,6085023,0,0,0,0,0,0,0
1748632513821,-18750000,5535187,6085023,6121683,0,0,0,0,0,0,0
1748632513921,-18750000,5516858,6140009,6066697,0,0,0,0,0,0,0
1748632514021,-18750000,5505861,6158339,6066697,0,0,0,0,0,0,0
1748632514121,-18750000,5472869,6194995,6066697,0,0,0,0,0,0,0
1748632514221,-18750000,5469204,6158339,5993381,0,0,0,0,0,0,0
1748632514321,-18750000,5465539,6194995,6066697,0,0,0,0,0,0,0
1748632514421,-18750000,5450876,6176669,6011714,0,0,0,0,0,0,0
1748632514521,-18750000,5428882,6121683,5975058,0,0,0,0,0,0,0
1748632514621,-18750000,5432547,6140009,5993388,0,0,0,0,0,0,0
1748632514721,-18750000,5421550,6121683,6048374,0,0,0,0,0,0,0
1748632514821,-18750000,5403221,6066697,6085031,0,0,0,0,0,0,0
1748632514921,-18750000,5395890,6011711,6121687,0,0,0,0,0,0,0
1748632515021,-18750000,5403221,5993381,6140013,0,0,0,0,0,0,0
1748632515121,-18750000,5421550,5938394,6158339,0,0,0,0,0,0,0
1748632515221,-18750000,5388558,5975051,6249982,0,0,0,0,0,0,0
1748632515321,-18750000,5373896,5938394,6231652,0,0,0,0,0,0,0
1748632515421,-18750000,5373896,5920064,6231652,0,0,0,0,0,0,0
1748632515521,-18750000,5377561,5975051,6249982,0,0,0,0,0,0,0
1748632515621,-18750000,5344570,5938394,6286638,0,0,0,0,0,0,0
1748632515721,-18750000,5326241,5938394,6249982,0,0,0,0,0,0,0
1748632515821,-18750000,5326241,5901738,6231652,0,0,0,0,0,0,0
1748632515921,-18750000,5326241,5883412,6213326,0,0,0,0,0,0,0
1748632516021,-18750000,5293250,5755113,6213326,0,0,0,0,0,0,0
1748632516121,-18750000,5256593,5755113,6121683,0,0,0,0,0,0,0
1748632516221,-18750000,5249262,5700127,6085027,0,0,0,0,0,0,0
1748632516321,-18750000,5245596,5608484,6085027,0,0,0,0,0,0,0
1748632516421,-18750000,5241931,5608484,6103353,0,0,0,0,0,0,0
1748632516521,-18750000,5227268,5553498,6121679,0,0,0,0,0,0,0
1748632516621,-18750000,5230934,5553498,6066693,0,0,0,0,0,0,0
1748632516721,-18750000,5223603,5480182,6048363,0,0,0,0,0,0,0
1748632516821,-18750000,5205274,5498512,6066693,0,0,0,0,0,0,0
1748632516921,-18750000,5179615,5516838,6011707,0,0,0,0,0,0,0
1748632517021,-18750000,5172284,5681793,6011707,0,0,0,0,0,0,0
1748632517121,-18750000,5172284,5700123,6011707,0,0,0,0,0,0,0
1748632517221,-18750000,5164952,5791766,5956721,0,0,0,0,0,0,0
1748632517321,-18750000,5150290,5846748,5920064,0,0,0,0,0,0,0
1748632517421,-18750000,5128295,5755106,5865078,0,0,0,0,0,0,0
1748632517521,-18750000,5109967,5773436,5810092,0,0,0,0,0,0,0
1748632517621,-18750000,5087972,5718449,5828422,0,0,0,0,0,0,0
1748632517721,-18750000,5084307,5700123,5883408,0,0,0,0,0,0,0
1748632517821,-18750000,5073310,5718449,5865078,0,0,0,0,0,0,0
1748632517921,-18750000,5102636,5700123,5920064,0,0,0,0,0,0,0
1748632518021,-18750000,5106301,5608481,5920064,0,0,0,0,0,0,0
1748632518121,-18750000,5102636,5535168,5920064,0,0,0,0,0,0,0
1748632518221,-18750000,5109967,5443526,5920064,0,0,0,0,0,0,0
1748632518321,-18750000,5106301,5443526,5938394,0,0,0,0,0,0,0
1748632518421,-18750000,5098970,5516838,5901738,0,0,0,0,0,0,0
1748632518521,-18750000,5106301,5498508,5956724,0,0,0,0,0,0,0
1748632518621,-18750000,5109967,5571824,5938394,0,0,0,0,0,0,0
1748632518721,-18750000,5091638,5571824,5938394,0,0,0,0,0,0,0
1748632518821,-18750000,5098970,5571824,5901738,0,0,0,0,0,0,0
1748632518921,-18750000,5047650,5590151,5773439,0,0,0,0,0,0,0
1748632519021,-18750000,5029322,5663467,5755113,0,0,0,0,0,0,0
1748632519121,-18750000,5040319,5736779,5883412,0,0,0,0,0,0,0
1748632519221,-18750000,5076976,5828422,5975054,0,0,0,0,0,0,0
1748632519321,-18750000,5131961,5828422,5975054,0,0,0,0,0,0,0
1748632519421,-18750000,5201609,5865082,6158339,0,0,0,0,0,0,0
1748632519521,-18750000,5278589,5956724,6176669,0,0,0,0,0,0,0
1748632519621,-18750000,5337239,5865082,6213326,0,0,0,0,0,0,0
1748632519721,-18750000,5406887,5828426,6231656,0,0,0,0,0,0,0
1748632519821,-18750000,5443544,5865086,6249986,0,0,0,0,0,0,0
1748632519921,-18750000,5502195,5865086,6359954,0,0,0,0,0,0,0
1748632520021,-18750000,5560847,5883412,6323294,0,0,0,0,0,0,0
1748632520121,-18750000,5575509,5865082,6286638,0,0,0,0,0,0,0
1748632520221,-18750000,5579175,5865082,6231656,0,0,0,0,0,0,0
1748632520321,-18750000,5568178,5938398,6213326,0,0,0,0,0,0,0
1748632520421,-18750000,5531521,5901738,6066697,0,0,0,0,0,0,0
1748632520521,-18750000,5494864,5791769,6085023,0,0,0,0,0,0,0
1748632520621,-18750000,5458207,5846752,6066697,0,0,0,0,0,0,0
1748632520721,-18750000,5436212,5828422,6085023,0,0,0,0,0,0,0
1748632520821,-18750000,5432546,5810092,6103349,0,0,0,0,0,0,0
1748632520921,-18750000,5432546,5846752,6066693,0,0,0,0,0,0,0
1748632521021,-18750000,5428880,5755109,6140009,0,0,0,0,0,0,0
1748632521121,-18750000,5428880,5755109,6140009,0,0,0,0,0,0,0
1748632521221,-18750000,5406886,5700127,6194992,0,0,0,0,0,0,0
1748632521321,-18750000,5406886,5608484,6213322,0,0,0,0,0,0,0
1748632521421,-18750000,5395889,5608484,6249982,0,0,0,0,0,0,0
1748632521521,-18750000,5388558,5626811,6249982,0,0,0,0,0,0,0
1748632521621,-18750000,5384893,5626811,6286638,0,0,0,0,0,231,0
1748632521721,-18750000,5366564,5700123,6268312,0,0,0,0,1,463,0
1748632521821,-18750000,5359233,5736779,6268312,0,0,0,78,207,694,0
1748632521921,-18750000,5333573,5700119,6304968,0,25,0,156,412,926,0
1748632522021,-18750000,5304248,5681793,6323294,0,51,0,182,618,1158,0
1748632522121,-18750000,5296916,5700123,6231652,0,76,0,260,824,1389,0
1748632522221,-18750000,5296916,5608481,6140009,0,102,0,337,1029,1621,0
1748632522321,-18750000,5271257,5608481,6140009,0,128,1,415,1235,1852,0
1748632522421,-18750000,5256593,5553498,6158336,0,153,1,492,1440,2084,0
1748632522521,-18750000,5245597,5571828,6066693,0,179,1,570,1646,2316,0
1748632522621,-18750000,5234600,5608488,6011707,0,204,1,648,1851,2316,0
1748632522721,-18750000,5238266,5608488,5938391,0,230,1,724,2056,2316,0
1748632522821,-18750000,5201609,5535176,5938391,0,230,1,724,1850,2290,0
1748632522921,-18750000,5190611,5535176,5938391,0,204,1,647,1850,2058,0
1748632523021,-18750000,5183280,5553502,5901734,0,179,1,697,1849,1827,0
1748632523121,-18750000,5153954,5535172,5938394,0,153,1,645,1644,1801,0
1748632523221,-18750000,5139292,5516842,5938394,0,153,1,568,1438,1570,0
1748632523321,-18750000,5124629,5498512,5920064,0,128,0,492,1232,1338,0
1748632523421,-18750000,5124629,5571824,5901738,0,102,0,414,1027,1106,0
1748632523521,-18750000,5109966,5608481,5901738,0,76,0,336,821,875,0
1748632523621,-18750000,5109966,5590151,5846752,0,51,0,259,616,643,0
1748632523721,-18750000,5120963,5535168,5883412,0,25,0,207,410,412,0
1748632523821,-18750000,5157620,5571824,5828426,0,51,0,130,410,206,0
1748632523921,-18750000,5172283,5590154,5773439,0,51,0,129,204,206,0
1748632524021,-18750000,5179614,5645141,5736783,0,51,0,52,0,206,0
1748632524121,-18750000,5183280,5645141,5718453,0,51,0,27,0,0,0
1748632524221,-18750000,5175949,5608484,5718453,0,25,0,26,0,0,0
1748632524321,-18750000,5175949,5645141,5700123,0,25,0,25,0,0,0
1748632524421,-18750000,5172284,5553498,5663463,0,25,0,25,0,0,0
1748632524521,-18750000,5153955,5425199,5700123,0,25,0,25,0,0,0
1748632524621,-18750000,5128295,5406869,5736780,0,25,0,25,0,0,0
1748632524721,-18750000,5095304,5406869,5681793,0,25,0,0,0,0,0
1748632524821,-18750000,5058647,5370213,5681793,0,0,0,0,0,0,0
1748632524921,-18750000,5040318,5296901,5681793,0,0,0,0,0,0,0
1748632525021,-18750000,5007327,5223588,5681793,0,0,0,0,0,0,0
1748632525121,-18750000,4992664,5241918,5700123,0,0,0,0,0,0,0
1748632525221,-18750000,4981667,5296904,5718453,0,0,0,0,0,0,0
1748632525321,-18750000,4963338,5223592,5718453,0,0,0,0,0,0,0
1748632525421,-18750000,4945010,5278578,5718453,0,0,0,0,0,0,0
1748632525521,-18750000,4930347,5351891,5810092,0,0,0,0,0,0,0
1748632525621,-18750000,4970669,5296908,5865078,0,0,0,0,0,0,0
1748632525721,-18750000,4996330,5351891,5993377,0,0,0,0,0,0,0
1748632525821,-18750000,5043984,5406877,6085019,0,0,0,0,0,0,0
1748632525921,-18750000,5095304,5498519,6213318,0,0,0,0,0,0,0
1748632526021,-18750000,5168618,5535176,6249974,0,0,0,0,0,0,0
1748632526121,-18750000,5212607,5553506,6268301,0,0,0,0,0,0,0
1748632526221,-18750000,5263926,5553506,6249971,0,0,0,0,0,0,0
1748632526321,-18750000,5326243,5681804,6286631,0,0,0,0,0,0,0
1748632526421,-18750000,5388559,5645148,6323291,0,0,0,0,0,0,0
1748632526521,-18750000,5465539,5663478,6268308,0,0,0,0,0,0,0
1748632526621,-18750000,5494865,5773447,6249982,0,0,0,0,0,0,0
1748632526721,-18750000,5520524,5865089,6176669,0,0,0,0,0,0,0
1748632526821,-18750000,5513193,5828429,6158343,0,0,0,0,0,0,0
1748632526921,-18750000,5505861,5846756,6048374,0,0,0,0,0,0,0
1748632527021,-18750000,5491198,5828426,6030048,0,0,0,0,0,0,0
1748632527121,-18750000,5487532,5865082,6030048,0,0,0,0,0,0,0
1748632527221,-18750000,5476535,5993381,6085034,0,0,0,0,0,0,0
1748632527321,-18750000,5465538,5975054,6121691,0,0,0,0,0,0,0
1748632527421,-18750000,5439878,6030037,6140017,0,0,0,0,0,0,0
1748632527521,-18750000,5410553,6011707,6140017,0,0,0,0,0,0,0
1748632527621,-18750000,5384894,5993381,6194999,0,0,0,0,0,0,0
1748632527721,-18750000,5373896,5883412,6158339,0,0,0,0,0,0,0
1748632527821,-18750000,5362899,5846756,6103353,0,0,0,0,0,0,0
1748632527921,-18750000,5329908,5773443,6140009,0,0,0,0,0,0,0
1748632528021,-18750000,5326243,5828429,6103349,0,0,0,0,0,0,0
1748632528121,-18750000,5326243,5755113,6140006,0,0,0,0,0,0,0
1748632528221,-18750000,5289586,5681797,6140006,0,0,0,0,0,0,0
1748632528321,-18750000,5267591,5645137,6085019,0,0,0,0,0,0,0
1748632528421,-18750000,5271257,5663467,6066693,0,0,0,0,0,0,0
1748632528521,-18750000,5271257,5663467,6011707,0,0,0,0,0,0,0
1748632528621,-18750000,5249262,5645137,5993381,0,0,0,0,0,0,0
1748632528721,-18750000,5234600,5718449,5993381,0,0,0,0,0,0,0
1748632528821,-18750000,5227268,5773436,6011711,0,0,0,0,0,0,0
1748632528921,-18750000,5238266,5736779,5956724,0,0,0,0,0,0,0
1748632529021,-18750000,5194277,5681793,5956724,0,0,0,0,0,0,0
1748632529121,-18750000,5172283,5736779,5883412,0,0,0,0,0,0,0
1748632529221,-18750000,5194277,5755109,5828426,0,0,0,0,0,0,0
1748632529321,-18750000,5194277,5700127,5846756,0,0,0,0,0,0,0
1748632529421,-18750000,5190612,5700127,5755113,0,0,0,0,0,0,0
1748632529521,-18750000,5175949,5700127,5773443,0,0,0,0,0,0,0
1748632529621,-18750000,5161286,5681797,5718457,0,0,0,0,0,0,0
1748632529721,-18750000,5161286,5608484,5755117,0,0,0,0,0,0,0
1748632529821,-18750000,5142958,5590154,5773443,0,0,0,0,0,0,0
1748632529921,-18750000,5128295,5645137,5865086,0,0,0,0,0,0,0
1748632530021,-18750000,5139293,5645137,5828429,0,0,0,0,0,0,0
1748632530121,-18750000,5135627,5571824,5828429,0,0,0,0,0,0,0
1748632530221,-18750000,5120965,5535168,5865089,0,0,0,0,0,0,0
1748632530321,-18750000,5106302,5590151,5828429,0,0,0,0,0,0,0
1748632530421,-18750000,5080642,5571821,5883412,0,0,0,0,0,0,0
1748632530521,-18750000,5080642,5480178,5846752,0,0,0,0,0,0,0
1748632530621,-18750000,5091639,5571821,5791766,0,0,0,0,0,0,0
1748632530721,-18750000,5073311,5608477,5736779,0,0,0,0,0,0,0
1748632530821,-18750000,5073311,5626807,5700123,0,0,0,0,0,0,0
1748632530921,-18750000,5058647,5626807,5626811,0,0,0,0,0,0,0
1748632531021,-18750000,5036653,5608481,5810096,0,0,0,0,0,0,0
1748632531121,-18750000,5054981,5626807,5883408,0,0,0,0,0,0,0
1748632531221,-18750000,5080641,5718449,5938391,0,0,0,0,0,0,0
1748632531321,-18750000,5113632,5773436,5993377,0,0,0,0,0,0,0
1748632531421,-18750000,5175949,5773436,6085019,0,0,0,0,0,0,0
1748632531521,-18750000,5208940,5865078,6140006,0,0,0,0,0,0,0
1748632531621,-18750000,5241931,5865078,6194992,0,0,0,0,0,0,0
1748632531721,-18750000,5278587,5846748,6304961,0,0,0,0,0,0,0
1748632531821,-18750000,5333573,5883404,6323291,0,0,0,0,0,0,0
1748632531921,-18750000,5377561,5920064,6396603,0,0,0,0,0,0,0
1748632532021,-18750000,5447209,5938391,6341617,0,0,0,0,0,0,0
1748632532121,-18750000,5458205,5938391,6359947,0,0,0,0,0,0,0
1748632532221,-18750000,5480199,5956717,6268304,0,0,0,0,0,0,0
1748632532321,-18750000,5494862,5901731,6304961,0,0,0,0,0,0,0
1748632532421,-18750000,5480200,5938391,6268304,0,0,0,0,0,0,0
1748632532521,-18750000,5476535,5938391,6268304,0,0,0,0,0,0,0
1748632532621,-18750000,5491197,5865078,6323291,0,0,0,0,0,0,0
1748632532721,-18750000,5480201,5901738,6286634,0,0,0,0,0,0,0
1748632532821,-18750000,5480201,5846752,6304961,0,0,0,0,0,0,0
1748632532921,-18750000,5491198,5755110,6213318,0,0,0,0,0,0,0
1748632533021,-18750000,5476535,5755110,6176662,0,0,0,0,0,0,0
1748632533121,-18750000,5476535,5791770,6085019,0,0,0,0,0,0,0
1748632533221,-18750000,5450876,5791770,6121679,0,0,0,0,0,0,0
1748632533321,-18750000,5443544,5810100,6103353,0,0,0,0,0,0,0
1748632533421,-18750000,5447210,5773440,6121683,0,0,0,0,0,0,0
1748632533521,-18750000,5454541,5773440,6140013,0,0,0,0,0,0,0
1748632533621,-18750000,5436212,5773440,6103357,0,0,0,0,0,0,0
1748632533721,-18750000,5421549,5791766,6085031,0,0,0,0,0,0,0
1748632533821,-18750000,5392223,5736783,6066704,0,0,0,0,0,0,0
1748632533921,-18750000,5362898,5755109,6103364,0,0,0,0,0,0,0
1748632534021,-18750000,5333572,5755109,6121694,0,0,0,0,0,0,0
1748632534121,-18750000,5322575,5736779,6103364,0,0,0,0,0,0,0
1748632534221,-18750000,5304247,5626811,6121691,0,0,0,0,0,0,0
1748632534321,-18750000,5289584,5571824,6048374,0,0,0,0,0,0,0
1748632534421,-18750000,5263925,5516842,5975058,0,0,0,0,0,0,0
1748632534521,-18750000,5249262,5516842,5901742,0,0,0,0,0,0,0
1748632534621,-18750000,5234600,5480186,5828426,0,0,0,0,0,0,0
1748632534721,-18750000,5227268,5351887,5791766,0,0,0,0,0,0,0
1748632534821,-18750000,5219937,5406869,5773436,0,0,0,0,0,0,0
1748632534921,-18750000,5212606,5333557,5736776,0,0,0,0,0,0,0
1748632535021,-18750000,5208941,5333557,5718446,0,0,0,0,0,0,0
1748632535121,-18750000,5201609,5260244,5681789,0,0,0,0,0,0,0
1748632535221,-18750000,5186946,5278571,5681789,0,0,0,0,0,0,0
1748632535321,-18750000,5161286,5351887,5736776,0,0,0,0,0,0,0
1748632535421,-18750000,5142958,5406869,5736776,0,0,0,0,0,0,0
1748632535521,-18750000,5109966,5406869,5791762,0,0,0,0,0,0,0
1748632535621,-18750000,5084306,5425196,5883404,0,0,0,0,0,0,0
1748632535721,-18750000,5080641,5498508,5938390,0,0,0,0,0,0,0
1748632535821,-18750000,5084307,5498508,5920060,0,0,0,0,0,0,0
1748632535921,-18750000,5080642,5663463,5975047,0,0,0,0,0,0,0
1748632536021,-18750000,5073310,5663463,5938390,0,0,0,0,0,0,0
1748632536121,-18750000,5058647,5700119,5975047,0,0,0,0,0,0,0
1748632536221,-18750000,5065979,5718449,5975047,0,0,0,0,0,0,0
1748632536321,-18750000,5065979,5663463,5938391,0,0,0,0,0,0,0
1748632536421,-18750000,5047650,5663463,5938391,0,0,0,0,0,0,0
1748632536521,-18750000,5065979,5663463,5975047,0,0,0,0,0,0,0
1748632536621,-18750000,5087973,5663463,6011703,0,0,0,0,0,0,0
1748632536721,-18750000,5135626,5645137,5993377,0,0,0,0,0,0,0
1748632536821,-18750000,5161286,5700123,6066693,0,0,0,0,0,0,0
1748632536921,-18750000,5219936,5663467,6103349,0,0,0,0,0,0,0
1748632537021,-18750000,5285919,5718453,6140006,0,0,0,0,0,0,0
1748632537121,-18750000,5337239,5736779,6176666,0,0,0,77,0,0,0
1748632537221,-18750000,5384893,5791766,6213322,0,0,0,154,205,231,0
1748632537321,-18750000,5432547,5773436,6231652,0,0,0,180,411,258,0
1748632537421,-18750000,5491198,5773436,6304968,0,25,0,258,616,285,0
1748632537521,-18750000,5513192,5755109,6249986,0,51,0,336,820,285,0
1748632537621,-18750000,5542518,5791769,6231659,0,51,1,412,821,490,0
1748632537721,-18750000,5531521,5791769,6194999,0,51,1,412,821,490,0
1748632537821,-18750000,5527855,5773443,6176669,0,51,1,490,1026,490,0
1748632537921,-18750000,5505860,5773443,6121687,0,51,1,516,1231,516,0
1748632538021,-18750000,5494863,5736787,6121687,0,51,1,594,1436,516,0
1748632538121,-18750000,5494863,5681804,6085027,0,51,1,594,1642,747,0
1748632538221,-18750000,5498528,5700131,6030044,0,76,1,517,1436,516,0
1748632538321,-18750000,5487531,5681804,6030044,0,76,1,491,1436,719,0
1748632538421,-18750000,5491197,5681804,5993388,0,51,0,413,1232,692,0
1748632538521,-18750000,5491197,5681804,5956728,0,25,0,336,1027,692,0
1748632538621,-18750000,5472869,5700131,5975054,0,25,0,259,1026,488,0
1748632538721,-18750000,5454541,5755117,5975054,0,25,0,259,1026,488,0
1748632538821,-18750000,5454541,5828429,5975054,0,25,0,181,821,488,0
1748632538921,-18750000,5436213,5791773,5938394,0,25,0,155,616,462,0
1748632539021,-18750000,5428882,5828429,5901738,0,25,0,77,411,462,0
1748632539121,-18750000,5406888,5865086,5920068,0,25,0,0,205,230,0
1748632539221,-18750000,5384894,5773443,5956724,0,0,0,0,205,230,0
1748632539321,-18750000,5351903,5865086,6011707,0,0,0,0,0,0,0
1748632539421,-18750000,5326244,5901746,5975047,0,0,0,0,0,0,0
1748632539521,-18750000,5293253,5956732,5993377,0,0,0,0,0,0,0
1748632539621,-18750000,5289587,5901746,5938394,0,0,0,0,0,0,0
1748632539721,-18750000,5267593,5883416,5993381,0,0,0,0,0,0,0
1748632539821,-18750000,5234602,5791773,5993381,0,0,0,0,0,0,0
1748632539921,-18750000,5234602,5810099,6030041,0,0,0,0,0,0,0
1748632540021,-18750000,5197945,5755113,6066697,0,0,0,0,0,0,0
1748632540121,-18750000,5186948,5810100,6085027,0,0,0,0,0,0,0
1748632540221,-18750000,5161288,5883416,6030041,0,0,0,0,0,0,0
1748632540321,-18750000,5168619,5846756,5993384,0,0,0,0,0,0,0
1748632540421,-18750000,5164953,5810096,5993384,0,0,0,0,0,0,0
1748632540521,-18750000,5168618,5663467,6011714,0,0,0,0,0,0,0
1748632540621,-18750000,5164952,5718453,5975054,0,0,0,0,0,0,0
1748632540721,-18750000,5161286,5700123,5883412,0,0,0,0,0,0,0
1748632540821,-18750000,5168618,5645137,5810099,0,0,0,0,0,0,0
1748632540921,-18750000,5150289,5645137,5718457,0,0,0,0,0,0,0
1748632541021,-18750000,5153955,5608481,5663471,0,0,0,0,0,0,0
1748632541121,-18750000,5131961,5590151,5663471,0,0,0,0,0,0,0
1748632541221,-18750000,5131961,5461852,5645141,0,0,0,0,0,0,0
1748632541321,-18750000,5135626,5443526,5645141,0,0,0,0,0,0,0
1748632541421,-18750000,5135626,5461856,5645141,0,0,0,0,0,0,0
1748632541521,-18750000,5120963,5626811,5608481,0,0,0,0,0,0,0
1748632541621,-18750000,5098969,5571824,5663467,0,0,0,0,0,0,0
1748632541721,-18750000,5117297,5571824,5718453,0,0,0,0,0,0,0
1748632541821,-18750000,5098969,5571824,5736779,0,0,0,0,0,0,0
1748632541921,-18750000,5102634,5590154,5810092,0,0,0,0,0,0,0
1748632542021,-18750000,5098968,5535168,5810092,0,0,0,0,0,0,0
1748632542121,-18750000,5087972,5516838,5773432,0,0,0,0,0,0,0
1748632542221,-18750000,5095303,5553494,5773432,0,0,0,0,0,0,0
1748632542321,-18750000,5073309,5553494,5791762,0,0,0,0,0,0,0
1748632542421,-18750000,5065978,5498508,5828422,0,0,0,0,0,0,0
1748632542521,-18750000,5062312,5388539,5828422,0,0,0,0,0,0,0
1748632542621,-18750000,5051315,5388539,5718453,0,0,0,0,0,0,0
1748632542721,-18750000,5025655,5406869,5718453,0,0,0,0,0,0,0
1748632542821,-18750000,5032987,5388543,5718453,0,0,0,0,0,0,0
1748632542921,-18750000,5007327,5315231,5663467,0,0,0,0,0,0,0
1748632543021,-18750000,4978002,5351891,5773439,0,0,0,0,0,0,0
1748632543121,-18750000,4992664,5278578,5883412,0,0,0,0,0,0,0
1748632543221,-18750000,5018324,5241922,5920072,0,0,0,0,0,0,0
1748632543321,-18750000,5058647,5333564,5938398,0,0,0,0,0,0,0
1748632543421,-18750000,5098969,5425207,5938398,0,0,0,0,0,0,0
1748632543521,-18750000,5164952,5571832,5938398,0,0,0,0,0,0,0
1748632543621,-18750000,5216271,5626818,6030041,0,0,0,0,0,0,0
1748632543721,-18750000,5271257,5663474,6048371,0,0,0,0,0,0,0
1748632543821,-18750000,5296916,5791773,6103357,0,0,0,0,0,0,0
1748632543921,-18750000,5348236,5846756,6176673,0,0,0,0,0,0,0
1748632544021,-18750000,5425215,5956724,6140017,0,0,0,0,0,0,0
1748632544121,-18750000,5461872,6030037,6085031,0,0,0,0,0,0,0
1748632544221,-18750000,5458206,6103349,6085031,0,0,0,0,0,0,0
1748632544321,-18750000,5458206,5993377,6030048,0,0,0,0,0,0,0
1748632544421,-18750000,5436212,5938391,6085031,0,0,0,0,0,0,0
1748632544521,-18750000,5432546,5865078,6121691,0,0,0,0,0,0,0
1748632544621,-18750000,5414218,5810092,6140017,0,0,0,0,0,0,0
1748632544721,-18750000,5406887,5846748,6176673,0,0,0,0,0,0,0
1748632544821,-18750000,5414218,5828418,6176673,0,0,0,0,0,0,0
1748632544921,-18750000,5410553,5883404,6158343,0,0,0,0,0,0,0
1748632545021,-18750000,5377562,5791762,6085027,0,0,0,0,0,0,0
1748632545121,-18750000,5359233,5865078,6085027,0,0,0,0,0,0,0
1748632545221,-18750000,5344571,5846748,6103353,0,0,0,0,0,0,0
1748632545321,-18750000,5333574,5901734,6030037,0,0,0,0,0,0,0
1748632545421,-18750000,5318911,5901734,5993380,0,0,0,0,0,0,0
1748632545521,-18750000,5289586,5883404,5975050,0,0,0,0,0,0,0
1748632545621,-18750000,5285920,5883404,5938394,0,0,0,0,0,0,0
1748632545721,-18750000,5256594,5791762,5920064,0,0,0,0,0,0,0
1748632545821,-18750000,5245598,5718449,5920064,0,0,0,0,0,0,0
1748632545921,-18750000,5238266,5681793,5901734,0,0,0,0,0,0,0
1748632546021,-18750000,5241932,5681793,5901734,0,0,0,0,0,0,0
1748632546121,-18750000,5245598,5553494,5901734,0,0,0,0,0,0,0
1748632546221,-18750000,5245598,5553494,5883408,0,0,0,0,0,0,0
1748632546321,-18750000,5238266,5535164,5938394,0,0,0,0,0,0,0
1748632546421,-18750000,5241932,5535164,5883408,0,0,0,0,0,0,0
1748632546521,-18750000,5227268,5461852,5883408,0,0,0,0,0,0,0
1748632546621,-18750000,5230934,5480182,5938394,0,0,0,0,0,0,0
1748632546721,-18750000,5245598,5461856,5956724,0,0,0,0,0,0,0
1748632546821,-18750000,5227269,5425199,5975054,0,0,0,0,0,0,0
1748632546921,-18750000,5212606,5425199,5975054,0,0,0,0,0,0,0
1748632547021,-18750000,5194277,5480186,5975054,0,0,0,0,0,0,0
1748632547121,-18750000,5183280,5480186,5920068,0,0,0,0,0,0,0
1748632547221,-18750000,5175949,5498516,5883408,0,0,0,0,0,0,0
1748632547321,-18750000,5150289,5498516,5920064,0,0,0,0,0,0,0
1748632547421,-18750000,5142958,5553502,5920064,0,0,0,0,0,0,0
1748632547521,-18750000,5139292,5608488,5938394,0,0,0,0,0,0,0
1748632547621,-18750000,5117298,5571832,5883408,0,0,0,0,0,0,0
1748632547721,-18750000,5091637,5590158,5810092,0,0,0,0,0,0,0
1748632547821,-18750000,5069643,5645141,5755106,0,0,0,0,0,0,0
1748632547921,-18750000,5065978,5590154,5773436,0,0,0,0,0,0,0
1748632548021,-18750000,5051315,5553498,5828422,0,0,0,0,0,0,0
1748632548121,-18750000,5043984,5590154,5828422,0,0,0,0,0,0,0
1748632548221,-18750000,5032987,5516842,5791766,0,0,0,0,0,0,0
1748632548321,-18750000,5047650,5498515,5736779,0,0,0,0,0,0,0
1748632548421,-18750000,5029322,5351887,5718453,0,0,0,0,0,0,0
1748632548521,-18750000,5010993,5370213,5791766,0,0,0,0,0,0,0
1748632548621,-18750000,5032988,5406869,5883408,0,0,0,0,0,0,0
1748632548721,-18750000,5065979,5406869,5993381,0,0,0,0,0,0,0
1748632548821,-18750000,5128296,5388543,6048367,0,0,0,0,0,0,0
1748632548921,-18750000,5161287,5461859,6121679,0,0,0,0,0,0,0
1748632549021,-18750000,5219938,5535172,6085023,0,0,0,0,0,0,0
1748632549121,-18750000,5271257,5498516,6085023,0,0,0,0,0,0,0
1748632549221,-18750000,5296917,5553498,6213322,0,0,0,0,0,0,0
1748632549321,-18750000,5329908,5571824,6268308,0,0,0,0,0,0,0
1748632549421,-18750000,5392225,5700127,6378277,0,0,0,0,0,0,0
1748632549521,-18750000,5439878,5773443,6286634,0,0,0,0,0,0,0
1748632549621,-18750000,5458207,5791773,6231648,0,0,0,0,0,0,0
1748632549721,-18750000,5458207,5791773,6231648,0,0,0,0,0,0,0
1748632549821,-18750000,5458207,5791773,6231648,0,0,0,0,0,0,0
1748632549921,-18750000,5458207,5791773,6231648,0,0,0,0,0,0,0
1748632550021,-18750000,5458207,5791773,6231648,0,0,0,0,0,0,0
1748632550121,-18750000,5458207,5791773,6231648,0,0,0,0,0,0,0
1748632550221,-18750000,5458207,5791773,6231648,0,0,0,0,0,0,0
1748632550321,-18750000,5458207,5791773,6231648,0,0,0,0,0,0,0
1748632550421,-18750000,5458207,5791773,6231648,0,0,0,0,0,0,0
1748632550521,-18750000,5458207,5791773,6231648,0,0,0,0,0,0,0
1748632550621,-18750000,5458207,5791773,6121676,0,0,0,0,0,0,0
1748632550721,-18750000,5436213,5865086,6121676,0,25,0,77,205,231,0
1748632550821,-18750000,5428882,5773443,6030033,0,51,0,155,411,463,0
1748632550921,-18750000,5395891,5681801,6066689,0,76,0,232,616,694,0
1748632551021,-18750000,5359234,5791769,6158332,0,102,0,310,822,926,0
1748632551121,-18750000,5351903,5755113,6085019,0,128,1,388,1028,1158,0
1748632551221,-18750000,5337240,5773443,6030033,0,153,1,465,1233,1389,0
1748632551321,-18750000,5307914,5828426,5956721,0,179,1,543,1439,1621,0
1748632551421,-18750000,5289586,5755109,5993377,0,179,1,620,1644,1852,0
1748632551521,-18750000,5267591,5773436,5938391,0,204,1,698,1850,2084,0
1748632551621,-18750000,5271257,5736779,5956721,0,204,2,776,2056,2316,0
1748632551721,-18750000,5256594,5736779,5938391,0,204,2,776,2056,2316,0
1748632551821,-18750000,5249263,5810092,5975051,0,204,2,776,2056,2316,0
1748632551921,-18750000,5252929,5846748,5975051,0,204,2,776,2056,2316,0
1748632552021,-18750000,5241932,5828422,5846752,0,204,2,776,2056,2316,0
1748632552121,-18750000,5260260,5883408,5901738,0,204,2,776,2056,2316,0
1748632552221,-18750000,5267591,5920064,5956724,0,204,2,776,2056,2316,0
1748632552321,-18750000,5271257,5773439,5938394,0,204,2,776,2056,2316,0
1748632552421,-18750000,5289586,5755113,5883408,0,230,2,776,2056,2316,0
1748632552521,-18750000,5300583,5718457,5883408,0,230,2,776,2056,2316,0
1748632552621,-18750000,5293252,5755113,5883408,0,256,2,776,2056,2316,0
1748632552721,-18750000,5304248,5773443,5865082,0,256,2,776,2056,2315,0
1748632552821,-18750000,5315245,5736787,5901738,0,230,2,776,2056,2315,0
1748632552921,-18750000,5311579,5700131,5883412,0,230,2,776,2056,2315,0
1748632553021,-18750000,5326242,5700131,5975054,0,230,2,775,1850,2109,0
1748632553121,-18750000,5318911,5736787,5901738,0,230,2,775,1644,2109,0
1748632553221,-18750000,5307914,5681801,5901738,0,204,1,724,1439,2108,0
1748632553321,-18750000,5300582,5736783,5975054,0,179,1,672,1439,2082,0
1748632553421,-18750000,5285920,5718453,6048371,0,153,1,595,1233,1851,0
1748632553521,-18750000,5278589,5755109,6048371,0,128,1,517,1028,1619,0
1748632553621,-18750000,5285920,5645141,6030041,0,102,1,440,822,1388,0
1748632553721,-18750000,5293251,5571828,6066697,0,76,0,362,616,1157,0
1748632553821,-18750000,5289586,5535172,5993381,0,76,0,284,411,925,0
1748632553921,-18750000,5293252,5516846,5975051,0,51,0,207,205,694,0
1748632554021,-18750000,5289586,5461859,5993381,0,25,0,130,205,668,0
1748632554121,-18750000,5274923,5461859,6011711,0,0,0,52,205,436,0
1748632554221,-18750000,5271257,5516846,5956724,0,0,0,26,205,206,0
1748632554321,-18750000,5282253,5461863,5956724,0,0,0,0,0,0,0
1748632554421,-18750000,5278587,5535179,5883408,0,0,0,0,0,0,0
1748632554521,-18750000,5285918,5535179,5920068,0,0,0,0,0,0,0
1748632554621,-18750000,5278587,5590162,5975054,0,0,0,0,0,0,0
1748632554721,-18750000,5249262,5681804,5956724,0,0,0,0,0,0,0
1748632554821,-18750000,5238265,5791773,5975054,0,0,0,0,0,0,0
1748632554921,-18750000,5230933,5846756,5975054,0,0,0,0,0,0,0
1748632555021,-18750000,5230933,5828426,5938398,0,0,0,0,0,0,0
1748632555121,-18750000,5249261,5773439,5975054,0,0,0,0,0,0,0
1748632555221,-18750000,5245596,5773439,5993384,0,0,0,0,0,0,0
1748632555321,-18750000,5230934,5828422,5920068,0,0,0,0,0,0,0
1748632555421,-18750000,5249262,5810092,5938398,0,0,0,0,0,0,0
1748632555521,-18750000,5249262,5810092,5920068,0,0,0,0,0,0,0
1748632555621,-18750000,5252928,5810092,5920068,0,0,0,0,0,0,0
1748632555721,-18750000,5267591,5865074,5883412,0,0,0,0,0,0,0
1748632555821,-18750000,5267591,5865074,5883412,0,0,0,0,0,0,0
1748632555921,-18750000,5271257,5883404,5883412,0,0,0,0,0,0,0
1748632556021,-18750000,5289585,5975047,5846752,0,0,0,0,0,0,0
1748632556121,-18750000,5271257,6011707,5846752,0,0,0,0,0,0,0
1748632556221,-18750000,5271257,6011707,5828422,0,0,0,0,0,0,0
1748632556321,-18750000,5274923,5993381,5828422,0,0,0,0,0,0,0
1748632556421,-18750000,5252929,5901738,5883408,0,0,0,0,0,0,0
1748632556521,-18750000,5241932,5883412,5920064,0,0,0,0,0,0,0
1748632556621,-18750000,5241932,5883412,5956721,0,0,0,0,0,0,0
1748632556721,-18750000,5227269,5828429,5993377,0,0,0,0,0,0,0
1748632556821,-18750000,5223603,5810103,5938391,0,0,0,0,0,0,0
1748632556921,-18750000,5234600,5810103,5993377,0,0,0,0,0,0,0
1748632557021,-18750000,5205275,5755117,6030037,0,0,0,0,0,0,0
1748632557121,-18750000,5212607,5718457,6011711,0,0,0,0,0,0,0
1748632557221,-18750000,5219938,5718457,6048371,0,0,0,0,0,0,0
1748632557321,-18750000,5212606,5810099,6048371,0,0,0,0,0,0,0
1748632557421,-18750000,5234600,5828429,6011714,0,0,0,0,0,0,0
1748632557521,-18750000,5256594,5755113,5956728,0,0,0,0,0,0,0
1748632557621,-18750000,5263925,5700131,5901746,0,0,0,0,0,0,0
1748632557721,-18750000,5289585,5626814,5846759,0,0,0,0,0,0,0
1748632557821,-18750000,5293251,5645141,5901746,0,0,0,0,0,0,0
1748632557921,-18750000,5293251,5626811,5865090,0,0,0,0,0,0,0
1748632558021,-18750000,5311580,5571828,5846760,0,0,0,0,0,0,0
1748632558121,-18750000,5318911,5516846,5828430,0,0,0,0,0,0,0
1748632558221,-18750000,5326242,5516846,5846756,0,0,0,0,0,0,0
1748632558321,-18750000,5329908,5406873,5883416,0,0,0,0,0,0,0
1748632558421,-18750000,5304248,5461856,5810099,0,0,0,0,0,0,0
1748632558521,-18750000,5289586,5516842,5883416,0,0,0,0,0,0,0
1748632558621,-18750000,5293251,5626811,5846756,0,0,0,0,0,0,0
1748632558721,-18750000,5274923,5626811,5883416,0,0,0,0,0,0,0
1748632558821,-18750000,5271257,5626811,5901746,0,0,0,0,0,0,0
1748632558921,-18750000,5245597,5700127,5865086,0,0,0,0,0,0,0
1748632559021,-18750000,5245597,5773439,5883416,0,0,0,0,0,0,0
1748632559121,-18750000,5227268,5865082,5883416,0,0,0,0,0,0,0
1748632559221,-18750000,5227268,5828426,5883416,0,0,0,0,0,0,0
1748632559321,-18750000,5219937,5865082,5865086,0,0,0,0,0,0,0
1748632559421,-18750000,5241932,5865082,5993384,0,0,0,0,0,0,0
1748632559521,-18750000,5223603,5883412,5938398,0,0,0,0,0,0,0
1748632559621,-18750000,5205275,5846756,5938398,0,0,0,0,0,0,0
1748632559721,-18750000,5194277,5883412,5956724,0,0,0,0,0,0,0
1748632559821,-18750000,5205274,5865086,5975051,0,0,0,0,0,0,0
1748632559921,-18750000,5219937,5865086,5993381,0,0,0,0,0,0,0
1748632560021,-18750000,5223603,5865086,5993381,0,0,0,0,0,0,0
1748632560121,-18750000,5227268,5828426,6048367,0,0,0,0,0,0,0
1748632560221,-18750000,5208940,5810096,6085023,0,0,0,0,0,0,0
1748632560321,-18750000,5216271,5828426,6085023,0,0,0,0,0,0,0
1748632560421,-18750000,5212605,5773443,5993381,0,0,0,0,0,0,0
1748632560521,-18750000,5245596,5755113,6048367,0,0,0,0,0,0,0
1748632560621,-18750000,5260259,5736783,6103353,0,0,0,0,0,0,0
1748632560721,-18750000,5263925,5736783,6066697,0,0,0,0,0,0,0
1748632560821,-18750000,5245597,5681797,6066697,0,0,0,0,0,0,0
1748632560921,-18750000,5245597,5663467,6103353,0,0,0,0,0,0,0
1748632561021,-18750000,5230934,5571824,6103353,0,0,0,0,0,0,0
1748632561121,-18750000,5249262,5516842,6103353,0,0,0,0,0,0,0
1748632561221,-18750000,5267591,5425199,6030041,0,0,0,0,0,0,0
1748632561321,-18750000,5256593,5406869,6030041,0,0,0,0,0,0,0
1748632561421,-18750000,5249262,5480182,6103357,0,0,0,0,0,0,0
1748632561521,-18750000,5234600,5461852,6066701,0,0,0,0,0,0,0
1748632561621,-18750000,5219936,5516838,6011714,0,0,0,0,0,0,0
1748632561721,-18750000,5227268,5516838,6048371,0,0,0,0,0,0,0
1748632561821,-18750000,5234599,5590151,6011714,0,0,0,0,0,0,0
1748632561921,-18750000,5245596,5480182,5993388,0,0,0,0,0,0,0
1748632562021,-18750000,5260259,5571824,5993388,0,0,0,0,0,0,0
1748632562121,-18750000,5252928,5681793,5938402,0,0,0,0,0,0,0
1748632562221,-18750000,5238266,5810096,5938402,0,0,0,0,0,0,0
1748632562321,-18750000,5256594,5810096,5975058,0,0,0,0,0,0,0
1748632562421,-18750000,5271257,5901738,5956728,0,0,0,0,0,0,0
1748632562521,-18750000,5263925,5901738,5975054,0,0,0,0,0,0,0
1748632562621,-18750000,5271257,5846752,5993384,0,0,0,0,0,0,0
1748632562721,-18750000,5282254,5828426,5956728,0,0,0,0,0,0,0
1748632562821,-18750000,5278588,5810099,5938398,0,0,0,0,0,0,0
1748632562921,-18750000,5278588,5865082,5920068,0,0,0,0,0,0,0
1748632563021,-18750000,5260260,5846752,5901738,0,0,0,0,0,0,0
1748632563121,-18750000,5245597,5791766,5938394,0,0,0,0,0,0,0
1748632563221,-18750000,5263926,5700123,5920064,0,0,0,0,0,0,0
1748632563321,-18750000,5245597,5700123,5920064,0,0,0,0,0,0,0
1748632563421,-18750000,5230935,5590151,5920064,0,0,0,0,0,0,0
1748632563521,-18750000,5219938,5590151,5920064,0,0,0,0,0,0,0
1748632563621,-18750000,5219938,5571824,5901734,0,0,0,0,0,0,0
1748632563721,-18750000,5197944,5626811,5901734,0,0,0,0,0,0,0
1748632563821,-18750000,5190613,5626811,5993377,0,0,0,0,0,0,0
1748632563921,-18750000,5168618,5608484,6066689,0,0,0,0,0,0,0
1748632564021,-18750000,5179616,5535172,6121676,0,0,0,0,0,0,0
1748632564121,-18750000,5172284,5535172,6103349,0,0,0,0,0,0,0
1748632564221,-18750000,5157621,5590154,6176666,0,0,0,0,0,0,0
1748632564321,-18750000,5164952,5516842,6158339,0,0,0,0,0,0,0
1748632564421,-18750000,5168618,5553502,6103353,0,0,0,0,0,0,0
1748632564521,-18750000,5190612,5498519,6066697,0,0,0,0,0,0,0
1748632564621,-18750000,5175949,5516846,6121683,0,0,0,0,0,0,0
1748632564721,-18750000,5190612,5480186,6121683,0,0,0,0,0,0,0
1748632564821,-18750000,5194277,5516842,6048371,0,0,0,0,0,0,0
1748632564921,-18750000,5205275,5553498,5975058,0,0,0,0,0,231,0
1748632565021,-18750000,5190611,5681797,5920072,0,0,0,76,0,463,0
1748632565121,-18750000,5205274,5736783,5938398,0,0,0,154,205,694,0
1748632565221,-18750000,5223602,5700127,5865082,0,0,0,232,411,926,0
1748632565321,-18750000,5227268,5828426,5828422,0,25,0,309,616,1158,0
1748632565421,-18750000,5238265,5810096,5828422,0,51,0,387,822,1389,0
1748632565521,-18750000,5227268,5938394,5810092,0,76,0,464,1028,1621,0
1748632565621,-18750000,5238265,5993380,5773436,0,102,1,542,1233,1852,0
1748632565721,-18750000,5241930,5938398,5755106,0,128,1,620,1439,2084,0
1748632565821,-18750000,5260259,5828425,5773436,0,153,1,697,1644,2316,0
1748632565921,-18750000,5271256,5791769,5828422,0,179,1,775,1850,2316,0
1748632566021,-18750000,5289584,5681800,5810092,0,204,1,776,2055,2316,0
1748632566121,-18750000,5289584,5718457,5810092,0,230,2,776,2056,2316,0
1748632566221,-18750000,5282253,5846756,5810092,0,256,2,776,2056,2316,0
1748632566321,-18750000,5282253,5846756,5828422,0,256,2,776,2056,2316,0
1748632566421,-18750000,5256593,5828426,5791766,0,1894,2,776,2056,2316,0
1748632566521,-18750000,5267590,5700127,5846752,0,1894,2,776,2056,2316,0
1748632566621,-18750000,5252928,5663471,5865082,0,1894,2,776,2056,2316,0
1748632566721,-18750000,5238265,5736783,5920068,0,1868,2,776,2056,2316,0
1748632566821,-18750000,5227268,5883412,5883408,0,1868,2,776,2056,2316,0
1748632566921,-18750000,5212605,5901738,5828422,0,1868,2,776,2056,2316,0
1748632567021,-18750000,5212605,5901738,5883408,0,1868,2,776,2056,2316,0
1748632567121,-18750000,5201608,5846756,5846752,0,1868,2,776,2056,2316,0
1748632567221,-18750000,5183279,5755113,5865082,0,1868,2,699,2056,2316,0
1748632567321,-18750000,5183279,5645145,5846752,0,1843,2,699,1851,2084,0
1748632567421,-18750000,5201608,5645145,5938394,0,204,2,699,1851,1852,0
1748632567521,-18750000,5190611,5718457,5938394,0,179,2,621,1645,1648,0
1748632567621,-18750000,5194276,5755113,5920064,0,153,2,570,1645,1621,0
1748632567721,-18750000,5190610,5736783,5901738,0,153,1,492,1440,1390,0
1748632567821,-18750000,5190610,5571828,5938398,0,128,1,415,1234,1159,0
1748632567921,-18750000,5190610,5571828,5920068,0,102,1,337,1028,927,0
1748632568021,-18750000,5175947,5626811,5828426,0,76,1,260,823,696,0
1748632568121,-18750000,5175947,5535168,5810096,0,51,1,182,617,464,0
1748632568221,-18750000,5183279,5590154,5846752,0,25,0,181,412,232,0
1748632568321,-18750000,5183279,5590154,5865082,0,25,0,104,411,232,0
1748632568421,-18750000,5164950,5590154,5846756,0,0,0,26,205,232,0
1748632568521,-18750000,5164950,5590154,5846756,0,0,0,26,205,232,0
1748632568621,-18750000,5164950,5590154,5846756,0,0,0,26,205,232,0
1748632568721,-18750000,5164950,5590154,5846756,0,0,0,26,205,232,0
1748632568821,-18750000,5164950,5590154,5846756,0,0,0,26,205,232,0
1748632568921,-18750000,5164950,5590154,5846756,0,0,0,26,205,232,0
1748632569021,-18750000,5164950,5590154,5846756,0,0,0,26,205,232,0
1748632569121,-18750000,5164950,5590154,5846756,0,0,0,26,205,232,0
1748632569221,-18750000,5164950,5590154,5846756,0,0,0,26,205,232,0
1748632569321,-18750000,5164950,5590154,5846756,0,0,0,26,205,232,0
1748632569421,-18750000,5164950,5590154,5846756,0,0,0,26,205,232,0
1748632569521,-18750000,5164950,5571824,5920068,0,0,0,26,205,206,0
1748632569621,-18750000,5172281,5516842,5883408,0,0,0,0,0,1,0
1748632569721,-18750000,5168616,5571824,5791766,0,0,0,0,0,0,0
1748632569821,-18750000,5146622,5571824,5736783,0,0,0,0,0,0,0
1748632569921,-18750000,5124628,5571824,5938398,0,0,0,0,0,0,0
1748632570021,-18750000,5153954,5626807,6048371,0,0,0,0,0,0,0
1748632570121,-18750000,5179613,5663463,6011714,0,0,0,0,0,0,0
1748632570221,-18750000,5201607,5663463,5993384,0,0,0,0,0,0,0
1748632570321,-18750000,5241930,5718449,6030041,0,0,0,0,0,0,0
1748632570421,-18750000,5245596,5681793,6030041,0,0,0,0,0,0,0
1748632570521,-18750000,5256593,5681793,6030041,0,0,0,0,0,0,0
1748632570621,-18750000,5263925,5736776,6103357,0,0,0,0,0,0,0
1748632570721,-18750000,5274923,5736776,6231656,0,0,0,0,0,0,0
1748632570821,-18750000,5318911,5736776,6304968,0,0,0,0,0,0,0
1748632570921,-18750000,5344571,5736776,6194996,0,0,0,0,0,0,0
1748632571021,-18750000,5333573,5755106,6103353,0,0,0,0,0,0,0
1748632571121,-18750000,5300582,5663463,6030041,0,0,0,0,0,0,0
1748632571221,-18750000,5271257,5718446,6085027,0,0,0,0,0,0,0
1748632571321,-18750000,5241932,5608477,6011711,0,0,0,0,0,0,0
1748632571421,-18750000,5230934,5590147,5975054,0,0,0,0,0,0,0
1748632571521,-18750000,5234600,5516835,5938398,0,0,0,0,0,0,0
1748632571621,-18750000,5227268,5516835,5938398,0,0,0,0,0,0,0
1748632571721,-18750000,5219936,5553495,5901742,0,0,0,0,0,0,0
1748632571821,-18750000,5190611,5571825,5901742,0,0,0,0,0,0,0
1748632571921,-18750000,5183279,5571825,5846756,0,0,0,0,0,0,0
1748632572021,-18750000,5168617,5590155,5810099,0,0,0,0,0,0,0
1748632572121,-18750000,5175948,5645141,5883412,0,0,0,0,0,0,0
1748632572221,-18750000,5190611,5700127,5865086,0,0,0,0,0,0,0
1748632572321,-18750000,5190611,5700127,5901746,0,0,0,0,0,0,0
1748632572421,-18750000,5201608,5700127,5956732,0,0,0,0,0,0,0
1748632572521,-18750000,5179613,5810099,5956732,0,0,0,0,0,0,0
1748632572621,-18750000,5168617,5755117,5901746,0,0,0,0,0,0,0
1748632572721,-18750000,5150288,5681801,5828429,0,0,0,0,0,0,0
1748632572821,-18750000,5161286,5681801,5865086,0,0,0,0,0,0,0
1748632572921,-18750000,5164952,5736787,5828429,0,0,0,0,0,0,0
1748632573021,-18750000,5157620,5663471,5901742,0,0,0,0,0,0,0
1748632573121,-18750000,5161286,5626814,5883412,0,0,0,0,0,0,0
1748632573221,-18750000,5153955,5553502,5901738,0,0,0,0,0,0,0
1748632573321,-18750000,5157621,5663471,5865078,0,0,0,0,0,0,0
1748632573421,-18750000,5135627,5663471,5846748,0,0,0,0,0,0,0
1748632573521,-18750000,5146624,5608484,5791762,0,0,0,0,0,0,0
1748632573621,-18750000,5157620,5681797,5791762,0,0,0,0,0,0,0
1748632573721,-18750000,5157620,5718453,5791762,0,0,0,0,0,0,0
1748632573821,-18750000,5157620,5645141,5755106,0,0,0,0,0,0,0
1748632573921,-18750000,5161286,5626814,5755106,0,0,0,0,0,0,0
1748632574021,-18750000,5146622,5681801,5681793,0,0,0,0,0,0,0
1748632574121,-18750000,5139291,5663471,5773436,0,0,0,0,0,0,0
1748632574221,-18750000,5131960,5681797,5773436,0,0,0,0,0,0,0
1748632574321,-18750000,5131960,5700127,5736779,0,0,0,0,0,0,0
1748632574421,-18750000,5161286,5700127,5736779,0,0,0,0,0,0,0
1748632574521,-18750000,5172283,5718453,5736779,0,0,0,0,0,0,0
1748632574621,-18750000,5164952,5700123,5736779,0,0,0,0,0,0,0
1748632574721,-18750000,5168618,5736783,5791766,0,0,0,0,0,0,0
1748632574821,-18750000,5142958,5791766,5791766,0,0,0,0,0,0,0
1748632574921,-18750000,5135626,5791766,5920064,0,0,0,0,0,0,0
1748632575021,-18750000,5197943,5773436,6066689,0,0,0,0,0,0,0
1748632575121,-18750000,5212606,5773436,6011707,0,0,0,0,0,0,0
1748632575221,-18750000,5249263,5736779,5956721,0,0,0,0,0,0,0
1748632575321,-18750000,5260259,5626807,6011707,0,0,0,0,0,0,0
1748632575421,-18750000,5267591,5681793,5956721,0,0,0,0,0,0,0
1748632575521,-18750000,5267591,5645137,5975051,0,0,0,0,0,0,0
1748632575621,-18750000,5282254,5718453,5956721,0,0,0,0,0,0,0
1748632575721,-18750000,5293251,5700123,5938391,0,0,0,0,0,0,0
1748632575821,-18750000,5315245,5773439,5993377,0,0,0,0,0,0,0
1748632575921,-18750000,5326242,5846752,5920064,0,0,0,0,0,0,0
1748632576021,-18750000,5289585,5901738,5828426,0,0,0,0,0,0,0
1748632576121,-18750000,5271257,5938398,5810096,0,0,0,0,0,0,0
1748632576221,-18750000,5234600,6066697,5810096,0,0,0,0,0,0,0
1748632576321,-18750000,5212606,6158339,5810096,0,0,0,0,0,0,0
1748632576421,-18750000,5194277,6158339,5828426,0,0,0,0,0,0,0
1748632576521,-18750000,5179614,6194996,5791769,0,0,0,0,0,0,0
1748632576621,-18750000,5175948,6176666,5846756,0,0,0,0,0,0,0
1748632576721,-18750000,5190611,6213322,5846756,0,0,0,0,0,0,0
1748632576821,-18750000,5175948,6121679,5828426,0,0,0,0,0,0,0
1748632576921,-18750000,5175948,5956724,5828426,0,0,0,0,0,0,0
1748632577021,-18750000,5175948,5901738,5810096,0,0,0,0,0,0,0
1748632577121,-18750000,5190611,5846752,5791766,0,0,0,0,0,0,0
1748632577221,-18750000,5186945,5755109,5828426,0,0,0,0,0,0,0
1748632577321,-18750000,5194277,5645141,5810096,0,0,0,0,0,0,0
1748632577421,-18750000,5183280,5590154,5773439,0,0,0,0,0,0,0
1748632577521,-18750000,5183280,5590154,5846752,0,0,0,0,0,0,0
1748632577621,-18750000,5172283,5535168,5773439,0,0,0,0,0,0,0
1748632577721,-18750000,5161286,5498512,5773439,0,0,0,0,0,0,0
1748632577821,-18750000,5172283,5516838,5755113,0,0,0,0,0,0,0
1748632577921,-18750000,5146623,5571821,5755113,0,0,0,0,0,0,0
1748632578021,-18750000,5120963,5571821,5755113,0,0,0,0,0,0,0
1748632578121,-18750000,5109966,5645133,5883412,0,0,0,0,0,0,0
1748632578221,-18750000,5113632,5645133,5938394,0,0,0,0,0,0,0
1748632578321,-18750000,5128294,5700116,5938394,0,0,0,0,0,0,0
1748632578421,-18750000,5153954,5755102,5956721,0,0,0,0,0,0,0
1748632578521,-18750000,5161285,5755102,5920064,0,0,0,0,0,0,0
1748632578621,-18750000,5164951,5828418,5956721,0,0,0,0,0,0,0
1748632578721,-18750000,5157620,5810088,6048363,0,0,0,0,0,0,0
1748632578821,-18750000,5153954,5755106,6030033,0,0,0,0,0,0,0
1748632578921,-18750000,5183280,5773436,6011703,0,0,0,0,0,0,0
1748632579021,-18750000,5212606,5718453,6048359,0,0,0,0,0,0,0
1748632579121,-18750000,5212606,5663467,5975047,0,0,0,0,0,0,0
1748632579221,-18750000,5216271,5663467,5846748,0,0,0,0,0,0,0
1748632579321,-18750000,5194277,5590154,5846748,0,0,0,0,0,0,0
1748632579421,-18750000,5175949,5608484,5846748,0,0,0,0,0,0,0
1748632579521,-18750000,5179615,5571828,5828418,0,0,0,0,0,0,0
1748632579621,-18750000,5172284,5516842,5865074,0,0,0,0,0,0,0
1748632579721,-18750000,5157621,5480186,5791762,0,0,0,0,0,0,0
1748632579821,-18750000,5153956,5516842,5755106,0,0,0,0,0,0,0
1748632579921,-18750000,5124630,5461856,5755106,0,0,0,0,0,0,0
1748632580021,-18750000,5117299,5535168,5755106,0,0,0,0,0,0,0
1748632580121,-18750000,5109968,5535168,5755106,0,0,0,0,0,0,0
1748632580221,-18750000,5087974,5571828,5791762,0,0,0,0,0,0,0
1748632580321,-18750000,5087974,5645141,5883404,0,0,0,0,0,0,0
1748632580421,-18750000,5087974,5608484,5975047,0,0,0,0,0,0,0
1748632580521,-18750000,5102636,5645141,6030033,0,0,0,0,0,0,0
1748632580621,-18750000,5120965,5626811,5938391,0,0,0,0,0,0,0
1748632580721,-18750000,5150291,5700127,5975047,0,0,0,0,0,0,0
1748632580821,-18750000,5172284,5773439,6030033,0,0,0,0,0,0,0
1748632580921,-18750000,5205275,5810096,6103349,0,0,0,76,0,206,0
1748632581021,-18750000,5219938,5736783,6048363,0,0,0,76,0,206,0
1748632581121,-18750000,5245597,5755113,6066693,0,0,0,76,0,206,0
1748632581221,-18750000,5289586,5700127,6066693,0,0,0,76,0,206,0
1748632581321,-18750000,5304248,5718457,5975051,0,0,0,76,0,206,0
1748632581421,-18750000,5322577,5681797,5920068,0,0,0,76,0,206,0
1748632581521,-18750000,5307914,5645141,5865082,0,0,0,76,0,206,0
1748632581621,-18750000,5304248,5663471,5920068,0,0,0,76,0,206,0
1748632581721,-18750000,5289585,5645141,5865082,0,0,0,76,0,206,0
1748632581821,-18750000,5278588,5590154,5865082,0,0,0,76,0,206,0
1748632581921,-18750000,5260259,5645141,5773439,0,0,0,0,0,0,0
1748632582021,-18750000,5256594,5700123,5828426,0,0,0,0,0,0,0
1748632582121,-18750000,5223602,5681793,5736783,0,0,0,0,0,0,0
1748632582221,-18750000,5205274,5663463,5810099,0,0,0,0,0,0,0
1748632582321,-18750000,5183280,5645133,5828429,0,0,0,0,0,0,0
1748632582421,-18750000,5150288,5645133,5736787,0,0,0,0,0,0,0
1748632582521,-18750000,5139291,5718449,5755117,0,0,0,0,0,0,0
1748632582621,-18750000,5124629,5681793,5700131,0,0,0,0,0,0,0
1748632582721,-18750000,5120963,5626807,5700131,0,0,0,0,0,0,0
1748632582821,-18750000,5117298,5681793,5663471,0,0,0,0,0,0,0
1748632582921,-18750000,5117298,5608481,5736783,0,0,0,0,0,0,0
1748632583021,-18750000,5098970,5571824,5681797,0,0,0,0,0,0,0
1748632583121,-18750000,5095304,5571824,5700123,0,0,0,0,0,0,0
1748632583221,-18750000,5054982,5608481,5681793,0,0,0,0,0,0,0
1748632583321,-18750000,5065979,5608481,5773436,0,0,0,0,0,0,0
1748632583421,-18750000,5095304,5700123,5865078,0,0,0,0,0,0,0
1748632583521,-18750000,5098970,5663463,5865078,0,0,0,0,0,0,0
1748632583621,-18750000,5106301,5718449,5993377,0,0,0,0,0,0,0
1748632583721,-18750000,5102635,5718449,6011707,0,0,0,0,0,0,0
1748632583821,-18750000,5117298,5681793,6048367,0,0,0,0,0,0,0
1748632583921,-18750000,5131961,5700119,6066697,0,0,0,0,0,0,0
1748632584021,-18750000,5128295,5681793,6140013,0,0,0,0,0,0,0
1748632584121,-18750000,5150289,5645137,6140013,0,0,0,0,0,0,0
1748632584221,-18750000,5194277,5590154,6140013,0,0,0,0,0,0,0
1748632584321,-18750000,5194277,5590154,6085027,0,0,0,0,0,0,0
1748632584421,-18750000,5194277,5516842,6066697,0,0,0,0,0,0,0
1748632584521,-18750000,5186946,5553502,6103353,0,0,0,0,0,0,0
1748632584621,-18750000,5183280,5461859,6011711,0,0,0,0,0,0,0
1748632584721,-18750000,5201609,5443533,5975054,0,0,0,0,0,0,0
1748632584821,-18750000,5179615,5480189,5975054,0,0,0,0,0,0,0
1748632584921,-18750000,5175949,5480189,5938398,0,0,0,0,0,0,0
1748632585021,-18750000,5183280,5498516,5883412,0,0,0,0,0,0,0
1748632585121,-18750000,5172284,5480189,5938398,0,0,0,0,0,0,0
1748632585221,-18750000,5161286,5516846,5883412,0,0,0,0,0,0,0
1748632585321,-18750000,5153955,5406877,5828426,0,0,0,0,0,0,0
1748632585421,-18750000,5128295,5388547,5828426,0,0,0,0,0,0,0
1748632585521,-18750000,5131961,5370217,5773439,0,0,0,0,0,0,0
1748632585621,-18750000,5124629,5425199,5828426,0,0,0,0,0,0,0
1748632585721,-18750000,5098970,5480182,5810096,0,0,0,0,0,0,0
1748632585821,-18750000,5098970,5388539,5791766,0,0,0,0,0,0,0
1748632585921,-18750000,5069644,5388539,5828422,0,0,0,0,0,0,0
1748632586021,-18750000,5065979,5333553,5791766,0,0,0,0,0,0,0
1748632586121,-18750000,5047650,5388536,5791766,0,0,0,0,0,0,0
1748632586221,-18750000,5040319,5351879,5791766,0,0,0,0,0,0,0
1748632586321,-18750000,5029322,5480178,5791766,0,0,0,0,0,0,0
1748632586421,-18750000,5029322,5425196,5773436,0,0,0,0,0,0,0
1748632586521,-18750000,5003662,5406866,5736779,0,0,0,0,0,0,0
1748632586621,-18750000,4999996,5351883,5681793,0,0,0,0,0,0,0
1748632586721,-18750000,4996330,5351883,5700123,0,0,0,0,0,0,0
1748632586821,-18750000,4981667,5388540,5681793,0,0,0,0,0,0,0
1748632586921,-18750000,4970670,5351883,5645137,0,0,0,0,0,0,0
1748632587021,-18750000,4988999,5443526,5755106,0,0,0,0,0,0,0
1748632587121,-18750000,5010992,5443526,5718449,0,0,0,0,0,0,0
1748632587221,-18750000,5036652,5498508,5773436,0,0,0,0,0,0,0
1748632587321,-18750000,5043984,5480178,5791766,0,0,0,0,0,0,0
1748632587421,-18750000,5062313,5553491,5846752,0,0,0,0,0,0,0
1748632587521,-18750000,5098970,5553491,5938394,0,0,0,0,0,0,0
1748632587621,-18750000,5106302,5553491,5975054,0,0,0,0,0,0,0
1748632587721,-18750000,5120965,5535164,6011711,0,0,0,0,0,0,0
1748632587821,-18750000,5139293,5608481,6011711,0,0,0,0,0,0,0
1748632587921,-18750000,5175950,5645137,6030037,0,0,0,0,0,0,0
1748632588021,-18750000,5153955,5645137,5956724,0,0,0,0,0,0,0
1748632588121,-18750000,5161286,5608481,5883412,0,0,0,0,0,0,0
1748632588221,-18750000,5128295,5608481,5883412,0,0,0,0,0,0,0
1748632588321,-18750000,5128295,5663467,5865082,0,0,0,0,0,0,0
1748632588421,-18750000,5102635,5590154,5828426,0,0,0,0,0,0,0
1748632588521,-18750000,5087972,5645141,5846756,0,0,0,0,0,0,0
1748632588621,-18750000,5117297,5663467,5883412,0,0,0,0,0,0,0
1748632588721,-18750000,5146622,5700123,5865082,0,0,0,0,0,0,0
1748632588821,-18750000,5175948,5663467,5956724,0,0,0,0,0,0,0
1748632588921,-18750000,5205274,5700127,5993381,0,0,0,0,0,0,0
1748632589021,-18750000,5223602,5681801,6048367,0,0,0,0,0,0,0
1748632589121,-18750000,5216271,5718457,6176666,0,0,0,0,0,0,0
1748632589221,-18750000,5238266,5773443,6158339,0,0,0,0,0,0,0
1748632589321,-18750000,5249262,5736787,6231656,0,0,0,0,0,0,0
1748632589421,-18750000,5274922,5846756,6231656,0,0,0,0,0,0,0
1748632589521,-18750000,5307913,5791769,6213326,0,0,0,0,0,0,0
1748632589621,-18750000,5296916,5883412,6176669,0,0,0,0,0,0,0
1748632589721,-18750000,5271257,5828426,6176669,0,0,0,0,0,0,0
1748632589821,-18750000,5252928,5846752,6103357,0,0,0,0,0,0,0
1748632589921,-18750000,5205274,5810092,6066701,0,0,0,0,0,0,0
1748632590021,-18750000,5212605,5883404,5993384,0,0,0,0,0,0,0
1748632590121,-18750000,5234600,5883404,5993384,0,0,0,0,0,0,0
1748632590221,-18750000,5227268,5828418,6011711,0,0,0,0,0,0,0
1748632590321,-18750000,5227268,5755106,5938394,0,0,0,0,0,0,0
1748632590421,-18750000,5227268,5755106,5938394,0,0,0,0,0,0,0
1748632590521,-18750000,5205274,5773436,5883408,0,0,0,0,0,0,0
1748632590621,-18750000,5186945,5736779,5846748,0,0,0,0,0,0,0
1748632590721,-18750000,5179614,5736779,5846748,0,0,0,0,0,0,0
1748632590821,-18750000,5161286,5663467,5810092,0,0,0,0,0,0,0
1748632590921,-18750000,5172283,5681797,5791766,0,0,0,0,0,0,0
1748632591021,-18750000,5139292,5626811,5846752,0,0,0,0,0,0,0
1748632591121,-18750000,5091638,5700127,5846752,0,0,0,0,0,0,0
1748632591221,-18750000,5091638,5626814,5828426,0,0,0,0,0,0,0
1748632591321,-18750000,5098969,5700127,5828426,0,0,0,0,0,0,0
1748632591421,-18750000,5098969,5681801,5865082,0,0,0,0,0,0,0
1748632591521,-18750000,5087972,5718457,5920068,0,0,0,0,0,0,0
1748632591621,-18750000,5106300,5663471,5920068,0,0,0,0,0,0,0
1748632591721,-18750000,5106300,5663471,5920068,0,0,0,0,0,0,0
1748632591821,-18750000,5131960,5736783,5975054,0,0,0,0,0,0,0
1748632591921,-18750000,5131960,5736783,5993381,0,0,0,0,0,0,0
1748632592021,-18750000,5131960,5700127,5956724,0,0,0,0,0,0,0
1748632592121,-18750000,5146622,5681797,5883408,0,0,0,0,0,0,0
1748632592221,-18750000,5179613,5681797,5846748,0,0,0,0,0,0,0
1748632592321,-18750000,5186945,5700123,5828422,0,0,0,0,0,0,0
1748632592421,-18750000,5179613,5700123,5773436,0,0,0,0,0,0,0
1748632592521,-18750000,5179614,5590151,5681793,0,0,0,0,0,0,0
1748632592621,-18750000,5179614,5590151,5736779,0,0,0,0,0,0,0
1748632592721,-18750000,5172282,5571824,5736779,0,0,0,0,0,0,0
1748632592821,-18750000,5161285,5571824,5755106,0,0,0,0,0,0,0
1748632592921,-18750000,5172282,5571824,5755106,0,0,0,77,205,230,0
1748632593021,-18750000,5161285,5608481,5755106,0,25,0,155,206,462,0
1748632593121,-18750000,5150288,5608481,5755106,0,51,0,232,412,694,0
1748632593221,-18750000,5153954,5535168,5810092,0,76,0,310,617,925,0
1748632593321,-18750000,5150288,5626811,5846748,0,102,1,388,823,1157,0
1748632593421,-18750000,5135626,5516842,5846748,0,128,1,465,1028,1388,0
1748632593521,-18750000,5139292,5480186,5901734,0,153,1,543,1234,1620,0
1748632593621,-18750000,5135626,5406869,5901734,0,179,1,620,1440,1852,0
1748632593721,-18750000,5117297,5461852,5828422,0,204,1,646,1645,2083,0
1748632593821,-18750000,5091638,5443522,5828422,0,230,1,724,1851,2315,0
1748632593921,-18750000,5106301,5425196,5773436,0,256,1,724,1646,2316,0
1748632594021,-18750000,5106301,5461856,5773436,0,230,1,724,1646,2316,0
1748632594121,-18750000,5124629,5461856,5700123,0,230,1,724,1646,2316,0
1748632594221,-18750000,5095304,5480182,5700123,0,204,1,646,1646,2315,0
1748632594321,-18750000,5091638,5571824,5700123,0,179,1,568,1646,2314,0
1748632594421,-18750000,5102634,5681793,5736783,0,153,1,491,1440,2082,0
1748632594521,-18750000,5087971,5718449,5736783,0,128,0,413,1235,1850,0
1748632594621,-18750000,5069642,5865078,5828426,0,102,0,336,1029,1619,0
1748632594721,-18750000,5076974,5865078,5993381,0,76,0,310,824,1387,0
1748632594821,-18750000,5117297,5810096,5975051,0,51,0,232,618,1156,0
1748632594921,-18750000,5124628,5773439,5975051,0,25,0,155,617,924,0
1748632595021,-18750000,5135625,5773439,6011707,0,25,0,77,616,692,0
1748632595121,-18750000,5146622,5810096,6048363,0,0,0,0,411,461,0
1748632595221,-18750000,5186945,5810096,6048363,0,0,0,0,205,230,0
1748632595321,-18750000,5201609,5700127,6140006,0,0,0,0,0,0,0
1748632595421,-18750000,5194277,5681801,6176662,0,0,0,0,0,0,0
1748632595521,-18750000,5208941,5681801,6213318,0,0,0,0,0,0,0
1748632595621,-18750000,5205275,5626814,6140006,0,0,0,0,0,0,0
1748632595721,-18750000,5227268,5571832,6011707,0,0,0,0,0,0,0
1748632595821,-18750000,5219937,5608488,6085023,0,0,0,0,0,0,0
1748632595921,-18750000,5208940,5718457,6103353,0,0,0,0,0,0,0
1748632596021,-18750000,5205275,5755113,6066697,0,0,0,0,0,0,0
1748632596121,-18750000,5208941,5718457,6066697,0,0,0,0,0,0,0
1748632596221,-18750000,5205275,5773443,6030041,0,0,0,0,0,0,0
1748632596321,-18750000,5201609,5846756,6030041,0,0,0,0,0,0,0
1748632596421,-18750000,5201609,5791769,6011714,0,0,0,0,0,0,0
1748632596521,-18750000,5201609,5865085,5993384,0,0,0,0,0,0,0
1748632596621,-18750000,5223603,5920072,5956724,0,0,0,0,0,0,0
1748632596721,-18750000,5227269,5956728,6030041,0,0,0,0,0,0,0
1748632596821,-18750000,5212607,5993384,5975054,0,0,0,0,0,0,0
1748632596921,-18750000,5190612,5938398,6011711,0,0,0,0,0,0,0
1748632597021,-18750000,5183280,5865082,5956724,0,0,0,0,0,0,0
1748632597121,-18750000,5161286,5883412,5975054,0,0,0,0,0,0,0
1748632597221,-18750000,5139292,5773443,5993381,0,0,0,0,0,0,0
1748632597321,-18750000,5131961,5663474,5920068,0,0,0,0,0,0,0
1748632597421,-18750000,5142958,5645144,5956724,0,0,0,0,0,0,0
1748632597521,-18750000,5142958,5516846,5938398,0,0,0,0,0,0,0
1748632597621,-18750000,5139292,5406877,5975058,0,0,0,0,0,0,0
1748632597721,-18750000,5128295,5443533,5975058,0,0,0,0,0,0,0
1748632597821,-18750000,5124629,5425203,5920072,0,0,0,0,0,0,0
1748632597921,-18750000,5128295,5425203,5883416,0,0,0,0,0,0,0
1748632598021,-18750000,5120963,5443533,5975058,0,0,0,0,0,0,0
1748632598121,-18750000,5131961,5425203,6030044,0,0,0,0,0,0,0
1748632598221,-18750000,5124629,5535172,5993388,0,0,0,0,0,0,0
1748632598321,-18750000,5128294,5590154,5975058,0,0,0,0,0,0,0
1748632598421,-18750000,5113631,5590154,5920072,0,0,0,0,0,0,0
1748632598521,-18750000,5109965,5645137,5938398,0,0,0,0,0,0,0
1748632598621,-18750000,5106300,5718449,5901738,0,0,0,0,0,0,0
1748632598721,-18750000,5091638,5700119,5883408,0,0,0,0,0,0,0
1748632598821,-18750000,5087972,5736779,5975051,0,0,0,0,0,0,0
1748632598921,-18750000,5109967,5700123,5956721,0,0,0,0,0,0,0
1748632599021,-18750000,5128295,5626811,5901734,0,0,0,0,0,0,0
1748632599121,-18750000,5120964,5553498,5828418,0,0,0,0,0,0,0
1748632599221,-18750000,5113633,5498512,5828418,0,0,0,0,0,0,0
1748632599321,-18750000,5113633,5590154,5828418,0,0,0,0,0,0,0
1748632599421,-18750000,5120964,5681797,5810088,0,0,0,0,0,0,0
1748632599521,-18750000,5128295,5700127,5755102,0,0,0,0,0,0,0
1748632599621,-18750000,5106301,5700127,5736776,0,0,0,0,0,0,0
1748632599721,-18750000,5098969,5681801,5681789,0,0,0,0,0,0,0
1748632599821,-18750000,5091637,5626814,5645133,0,0,0,0,0,0,0
1748632599921,-18750000,5069642,5626814,5645133,0,0,0,0,0,0,0
1748632600021,-18750000,5065977,5736783,5645133,0,0,0,0,0,0,0
1748632600121,-18750000,5058646,5736783,5645133,0,0,0,0,0,0,0
1748632600221,-18750000,5076974,5791769,5645133,0,0,0,0,0,0,0
1748632600321,-18750000,5054981,5700127,5590151,0,0,0,0,0,0,0
1748632600421,-18750000,5036652,5645141,5681793,0,0,0,0,0,0,0
1748632600521,-18750000,5054981,5608484,5810092,0,0,0,0,0,0,0
1748632600621,-18750000,5102635,5590154,5865078,0,0,0,0,0,0,0
1748632600721,-18750000,5128295,5608481,5901738,0,0,0,0,0,0,0
1748632600821,-18750000,5153956,5700123,5938394,0,0,0,0,0,0,0
1748632600921,-18750000,5186947,5736779,5993381,0,0,0,0,0,0,0
1748632601021,-18750000,5212607,5718453,6030041,0,0,0,0,0,0,0
1748632601121,-18750000,5234600,5810096,6066701,0,0,0,0,0,0,0
1748632601221,-18750000,5238266,5755109,6085031,0,0,0,0,0,0,0
1748632601321,-18750000,5267592,5791769,6140013,0,0,0,0,0,0,0
1748632601421,-18750000,5285921,5791769,6066701,0,0,0,0,0,0,0
1748632601521,-18750000,5278589,5773439,5975062,0,0,0,0,0,0,0
1748632601621,-18750000,5274923,5755113,5993388,0,0,0,0,0,0,0
1748632601721,-18750000,5282255,5773443,6030044,0,0,0,0,0,0,0
1748632601821,-18750000,5267591,5681801,6030044,0,0,0,0,0,0,0
1748632601921,-18750000,5256595,5681801,6030044,0,0,0,0,0,0,0
1748632602021,-18750000,5241932,5645141,6030044,0,0,0,0,0,0,0
1748632602121,-18750000,5223603,5608481,6030044,0,0,0,0,0,0,0
1748632602221,-18750000,5216272,5608481,6048371,0,0,0,0,0,0,0
1748632602321,-18750000,5223603,5571821,6085031,0,0,0,0,0,0,0
1748632602421,-18750000,5227268,5626807,6048374,0,0,0,0,0,0,0
1748632602521,-18750000,5219937,5718449,6011714,0,0,0,0,0,0,0
1748632602621,-18750000,5208941,5755106,5956728,0,0,0,0,0,0,0
1748632602721,-18750000,5205275,5755106,5938398,0,0,0,0,0,0,0
1748632602821,-18750000,5219938,5810092,5901742,0,0,0,0,0,0,0
1748632602921,-18750000,5201609,5791766,5846756,0,0,0,0,0,0,0
1748632603021,-18750000,5194278,5791766,5810096,0,0,0,0,0,0,0
1748632603121,-18750000,5194278,5865082,5773436,0,0,0,0,0,0,0
1748632603221,-18750000,5208941,5865082,5773436,0,0,0,0,0,0,0
1748632603321,-18750000,5183281,5920068,5791762,0,0,0,0,0,0,0
1748632603421,-18750000,5175950,5883412,5828418,0,0,0,0,0,0,0
1748632603521,-18750000,5172284,5828426,5846748,0,0,0,0,0,0,0
1748632603621,-18750000,5153955,5810096,5846748,0,0,0,0,0,0,0
1748632603721,-18750000,5131961,5755109,5810092,0,0,0,0,0,0,0
1748632603821,-18750000,5128295,5810092,5810092,0,0,0,0,0,0,0
1748632603921,-18750000,5128295,5810092,5828422,0,0,0,0,0,0,0
1748632604021,-18750000,5120964,5791766,5901738,0,0,0,0,0,0,0
1748632604121,-18750000,5117299,5736779,5920068,0,0,0,0,0,0,0
1748632604221,-18750000,5102636,5791766,5920068,0,0,0,0,0,0,0
1748632604321,-18750000,5102636,5810096,5920068,0,0,0,0,0,0,0
1748632604421,-18750000,5113634,5846752,5901738,0,0,0,0,0,0,0
1748632604521,-18750000,5120965,5901738,5901738,0,0,0,0,0,0,0
1748632604621,-18750000,5113633,5956724,5920068,0,0,0,0,0,0,0
1748632604721,-18750000,5117298,5993380,5920068,0,0,0,0,0,0,0
1748632604821,-18750000,5128295,5920068,5901738,0,0,0,0,0,0,0
1748632604921,-18750000,5135627,5883412,5865082,0,0,0,0,0,0,0
1748632605021,-18750000,5139293,5865082,5755109,0,0,0,0,0,0,0
1748632605121,-18750000,5139293,5791769,5736779,0,0,0,0,0,0,0
1748632605221,-18750000,5117298,5626814,5681793,0,0,0,0,0,0,0
1748632605321,-18750000,5102635,5553498,5571824,0,0,0,0,0,0,0
1748632605421,-18750000,5076975,5498512,5718453,0,0,0,0,0,206,0
1748632605521,-18750000,5087972,5388543,5810096,0,0,0,0,205,437,0
1748632605621,-18750000,5113633,5333557,5791766,0,0,0,25,411,642,0
1748632605721,-18750000,5113633,5351887,5773436,0,0,0,25,411,642,0
1748632605821,-18750000,5084307,5333557,5791766,0,0,0,25,412,642,0
1748632605921,-18750000,5065979,5351883,5828422,0,0,0,25,412,642,0
1748632606021,-18750000,5065979,5443526,5938394,0,0,0,103,617,874,0
1748632606121,-18750000,5080641,5498508,6011711,0,0,0,103,617,874,0
1748632606221,-18750000,5120964,5626807,5993384,0,0,0,103,617,874,0
1748632606321,-18750000,5128295,5645137,6030041,0,0,0,103,617,874,0
1748632606421,-18750000,5120964,5608481,5883412,0,0,0,103,617,668,0
1748632606521,-18750000,5073311,5663463,5718457,0,0,0,103,412,436,0
1748632606621,-18750000,5029322,5608481,5773443,0,0,0,77,206,231,0
1748632606721,-18750000,5018325,5516838,5810103,0,0,0,77,206,231,0
1748632606821,-18750000,5029322,5443526,5791773,0,0,0,155,410,231,0
1748632606921,-18750000,5025656,5443526,5755117,0,0,0,155,410,231,0
1748632607021,-18750000,5014659,5315227,5755117,0,0,0,77,204,0,0
1748632607121,-18750000,4999997,5333557,5736787,0,0,0,77,204,0,0
1748632607221,-18750000,4988999,5370213,5755113,0,0,0,77,204,0,0
1748632607321,-18750000,4992665,5370213,5791769,0,0,0,77,204,0,0
1748632607421,-18750000,4981668,5461856,5755113,0,0,0,77,204,0,0
1748632607521,-18750000,5007328,5406873,5810096,0,0,0,77,204,0,0
1748632607621,-18750000,5025656,5406873,5755109,0,0,0,77,204,0,0
1748632607721,-18750000,5025656,5498516,5718449,0,0,0,77,204,0,0
1748632607821,-18750000,5018324,5516846,5718449,0,0,0,0,0,0,0
1748632607921,-18750000,5025656,5535176,5791762,0,0,0,0,0,0,0
1748632608021,-18750000,5025656,5590162,5736776,0,0,0,0,0,0,0
1748632608121,-18750000,4999996,5626818,5700119,0,0,0,0,0,0,0
1748632608221,-18750000,4992665,5626818,5773436,0,0,0,0,0,0,0
1748632608321,-18750000,4992665,5663474,5791766,0,0,0,0,0,0,0
1748632608421,-18750000,5040319,5663474,5846752,0,0,0,0,0,0,0
1748632608521,-18750000,5058647,5718457,5901738,0,0,0,0,0,0,0
1748632608621,-18750000,5080642,5828425,5901738,0,0,0,0,0,0,0
1748632608721,-18750000,5106302,5810095,5956724,0,0,0,0,0,0,0
1748632608821,-18750000,5120965,5846752,6011711,0,0,0,0,0,0,0
1748632608921,-18750000,5146625,5865078,6011711,0,0,0,0,0,0,0
1748632609021,-18750000,5153957,5883404,6048367,0,0,0,0,0,0,0
1748632609121,-18750000,5197945,5883404,6030037,0,0,0,0,0,0,0
1748632609221,-18750000,5212608,5846748,5993381,0,0,0,0,0,0,0
1748632609321,-18750000,5212608,5718449,6011707,0,0,0,0,0,0,0
1748632609421,-18750000,5183282,5663463,6030037,0,0,0,0,0,0,0
1748632609521,-18750000,5172284,5718449,6048367,0,0,0,0,0,0,0
1748632609621,-18750000,5161287,5700123,6103353,0,0,0,0,0,0,0
1748632609721,-18750000,5142959,5700123,6066697,0,0,0,0,0,0,0
1748632609821,-18750000,5135627,5773436,6048371,0,0,0,0,0,0,0
1748632609921,-18750000,5117299,5810096,5993384,0,0,0,0,0,0,0
1748632610021,-18750000,5109968,5846756,5956728,0,0,0,0,0,0,0
1748632610121,-18750000,5095304,5791769,6011714,0,0,0,0,0,0,0
1748632610221,-18750000,5091638,5755113,5975054,0,0,0,0,0,0,0
1748632610321,-18750000,5102635,5846756,5920068,0,0,0,0,0,0,0
1748632610421,-18750000,5120964,5865086,5901738,0,0,0,0,0,0,0
1748632610521,-18750000,5131961,5791773,5865082,0,0,0,0,0,0,0
1748632610621,-18750000,5131961,5718457,5883412,0,0,0,0,0,0,0
1748632610721,-18750000,5135626,5718457,5828426,0,0,0,0,0,0,0
1748632610821,-18750000,5120963,5663471,5810096,0,0,0,0,0,0,0
1748632610921,-18750000,5146623,5590154,5846756,0,0,0,0,0,0,0
1748632611021,-18750000,5164951,5535168,5828426,0,0,0,0,0,0,0
1748632611121,-18750000,5161286,5626811,5773439,0,0,0,0,0,0,0
1748632611221,-18750000,5150290,5700123,5791769,0,0,0,0,0,0,0
1748632611321,-18750000,5150290,5700123,5773443,0,0,0,0,0,0,0
1748632611421,-18750000,5150290,5736779,5773443,0,0,0,0,0,0,0
1748632611521,-18750000,5124629,5810092,5736783,0,0,0,0,0,0,0
1748632611621,-18750000,5106301,5846748,5718453,0,0,0,0,0,0,0
1748632611721,-18750000,5109967,5865078,5755109,0,0,0,0,0,0,0
1748632611821,-18750000,5109967,5901738,5718453,0,0,0,0,0,0,0
1748632611921,-18750000,5095304,5828426,5681793,0,0,0,0,0,0,0
1748632612021,-18750000,5091638,5846752,5736779,0,0,0,0,0,0,0
1748632612121,-18750000,5098969,5700127,5810096,0,0,0,0,0,0,0
1748632612221,-18750000,5098969,5700127,5810096,0,0,0,0,0,0,0
1748632612321,-18750000,5102634,5736783,5828422,0,0,0,0,0,0,0
1748632612421,-18750000,5095303,5736783,5810092,0,0,0,0,0,0,0
1748632612521,-18750000,5102635,5700127,5810092,0,0,0,0,0,0,0
1748632612621,-18750000,5124629,5700127,5810092,0,0,0,0,0,0,0
1748632612721,-18750000,5131961,5626814,5846752,0,0,0,0,0,0,0
1748632612821,-18750000,5146624,5608484,5865078,0,0,0,0,0,0,0
1748632612921,-18750000,5120964,5718453,5865078,0,0,0,0,0,0,0
1748632613021,-18750000,5131961,5663471,5883408,0,0,0,0,0,0,0
1748632613121,-18750000,5146624,5773439,5883408,0,0,0,0,0,0,0
1748632613221,-18750000,5183280,5681797,5865078,0,0,0,0,0,0,0
1748632613321,-18750000,5186946,5700127,5920064,0,0,0,0,0,0,0
1748632613421,-18750000,5201609,5736783,5938394,0,0,0,0,0,0,0
1748632613521,-18750000,5241931,5663471,6011711,0,0,0,0,0,0,0
1748632613621,-18750000,5267591,5681801,5956724,0,0,0,0,0,0,0
1748632613721,-18750000,5278588,5736783,5975051,0,0,0,0,0,0,0
1748632613821,-18750000,5304248,5773439,6011711,0,0,0,0,0,0,0
1748632613921,-18750000,5370230,5773439,6030041,0,0,0,0,0,0,0
1748632614021,-18750000,5384893,5846752,6011711,0,0,0,0,0,0,0
1748632614121,-18750000,5392224,5736783,5975054,0,0,0,0,0,0,0
1748632614221,-18750000,5359233,5810099,6030041,0,0,0,0,0,0,0
1748632614321,-18750000,5362899,5718457,6030041,0,0,0,0,0,0,0
1748632614421,-18750000,5370230,5626814,6048371,0,0,0,0,0,0,0
1748632614521,-18750000,5355568,5681797,5993384,0,0,0,0,0,0,0
1748632614621,-18750000,5340905,5700127,6011714,0,0,0,0,0,0,0
1748632614721,-18750000,5340905,5700127,6011714,0,0,0,0,0,0,0
1748632614821,-18750000,5311580,5773439,5975054,0,0,0,0,0,0,0
1748632614921,-18750000,5274923,5791769,6011711,0,0,0,0,0,0,0
1748632615021,-18750000,5260260,5773439,5920068,0,0,0,0,0,0,0
1748632615121,-18750000,5249264,5773439,5883408,0,0,0,0,0,0,0
1748632615221,-18750000,5245598,5681797,5828422,0,0,0,0,0,0,0
1748632615321,-18750000,5241932,5590154,5736779,0,0,0,0,0,0,0
1748632615421,-18750000,5194279,5590154,5718449,0,0,0,0,0,0,0
1748632615521,-18750000,5142959,5590154,5663463,0,0,0,0,0,0,0
1748632615621,-18750000,5098971,5480182,5755106,0,0,0,0,0,0,0
1748632615721,-18750000,5065979,5480182,5773436,0,0,0,0,0,0,0
1748632615821,-18750000,5073311,5351883,5773436,0,0,0,0,0,0,0
1748632615921,-18750000,5043985,5333553,5663467,0,0,0,0,0,0,0
1748632616021,-18750000,5014659,5315227,5810096,0,0,0,0,0,0,0
1748632616121,-18750000,4999996,5315227,5810096,0,0,0,0,0,0,0
1748632616221,-18750000,5007327,5388539,5700127,0,0,0,0,0,0,0
1748632616321,-18750000,4996330,5498508,5755113,0,0,0,0,0,0,0
1748632616421,-18750000,5007326,5425196,5736783,0,0,0,0,0,0,0
1748632616521,-18750000,4996329,5425196,5718457,0,0,0,0,0,0,0
1748632616621,-18750000,4999994,5370209,5645144,0,0,0,0,0,0,0
1748632616721,-18750000,4999994,5333553,5590158,0,0,0,0,0,0,0
1748632616821,-18750000,4978000,5351883,5590158,0,0,0,0,0,0,0
1748632616921,-18750000,4956007,5333557,5608484,0,0,0,0,0,0,0
1748632617021,-18750000,4956007,5351883,5553498,0,0,0,0,0,0,0
1748632617121,-18750000,4937678,5315223,5626814,0,0,0,0,0,0,0
1748632617221,-18750000,4923015,5351879,5736783,0,0,0,0,0,0,0
1748632617321,-18750000,4934012,5370209,5755113,0,0,0,0,0,0,0
1748632617421,-18750000,4963338,5388539,5773443,0,0,0,0,0,0,0
1748632617521,-18750000,4996329,5425199,5773443,0,0,0,0,0,0,0
1748632617621,-18750000,5025655,5516842,5718457,0,0,0,0,0,0,0
1748632617721,-18750000,4999995,5553498,5700127,0,0,0,0,0,0,0
1748632617821,-18750000,4985333,5535168,5791769,0,0,0,0,0,0,0
1748632617921,-18750000,5007326,5553494,5920068,0,0,0,0,0,0,0
1748632618021,-18750000,5025655,5571824,5901742,0,0,0,0,0,0,0
1748632618121,-18750000,5043983,5608484,5828426,0,0,0,0,0,0,0
1748632618221,-18750000,5069644,5626814,5828426,0,0,0,0,0,0,0
1748632618321,-18750000,5065978,5663471,5791766,0,0,0,0,0,0,0
1748632618421,-18750000,5043983,5681797,5791766,0,0,0,0,0,0,0
1748632618521,-18750000,5025655,5626811,5846748,0,0,0,0,0,0,0
1748632618621,-18750000,4999995,5626811,5920061,0,0,0,0,0,232,0
1748632618721,-18750000,5025655,5645141,5920061,0,0,0,0,205,463,0
1748632618821,-18750000,5054980,5645141,5791762,0,25,0,27,411,695,0
1748632618921,-18750000,5043983,5626814,5663463,0,25,0,28,616,722,0
1748632619021,-18750000,5014658,5626814,5681789,0,25,0,105,617,953,0
1748632619121,-18750000,5010993,5645140,5718449,0,51,0,183,823,1159,0
1748632619221,-18750000,5007327,5516842,5718449,0,51,0,183,823,1160,0
1748632619321,-18750000,4985333,5388543,5718449,0,51,0,260,1028,1160,0
1748632619421,-18750000,4970671,5425199,5755106,0,51,0,260,1028,1160,0
1748632619521,-18750000,5003662,5425199,5846748,0,51,1,337,1028,1160,0
1748632619621,-18750000,5021990,5425199,5791762,0,51,1,363,1028,929,0
1748632619721,-18750000,5014659,5351887,5828422,0,51,1,362,823,697,0
1748632619821,-18750000,4999997,5315231,5920064,0,25,0,336,617,672,0
1748632619921,-18750000,5040319,5333557,6011707,0,25,0,336,412,645,0
1748632620021,-18750000,5069644,5315227,5975051,0,25,0,258,411,413,0
1748632620121,-18750000,5062312,5333557,5901734,0,0,0,180,205,207,0
1748632620221,-18750000,5054981,5351883,5901734,0,0,0,180,205,206,0
1748632620321,-18750000,5076974,5443526,5901734,0,0,0,104,0,206,0
1748632620421,-18750000,5095303,5535168,5865078,0,0,0,104,0,206,0
1748632620521,-18750000,5091638,5443526,5773436,0,0,0,26,0,206,0
1748632620621,-18750000,5095303,5461856,5791766,0,0,0,0,0,206,0
1748632620721,-18750000,5117297,5516838,5718449,0,0,0,0,0,206,0
1748632620821,-18750000,5131960,5535168,5681793,0,0,0,0,0,0,0
1748632620921,-18750000,5102634,5480186,5645137,0,0,0,0,0,0,0
1748632621021,-18750000,5102634,5480186,5681793,0,0,0,0,0,0,0
1748632621121,-18750000,5128294,5480186,5810092,0,0,0,0,0,0,0
1748632621221,-18750000,5131960,5516842,5865078,0,0,0,0,0,0,0
1748632621321,-18750000,5135626,5498512,5920064,0,0,0,0,0,0,0
1748632621421,-18750000,5161285,5425199,5938394,0,0,0,0,0,0,0
1748632621521,-18750000,5175948,5590154,5956724,0,0,0,0,0,0,0
1748632621621,-18750000,5179614,5608481,5938394,0,0,0,0,0,0,0
1748632621721,-18750000,5172283,5681797,5993381,0,0,0,0,0,0,0
1748632621821,-18750000,5168618,5700123,6030037,0,0,0,0,0,0,0
1748632621921,-18750000,5190612,5810092,6011707,0,0,0,0,0,0,0
1748632622021,-18750000,5201609,5865078,5956721,0,0,0,0,0,0,0
1748632622121,-18750000,5183281,5883404,5883408,0,0,0,0,0,0,0
1748632622221,-18750000,5179616,5920064,5883408,0,0,0,0,0,0,0
1748632622321,-18750000,5172284,5865082,5865082,0,0,0,0,0,0,0
1748632622421,-18750000,5164953,5865082,5828422,0,0,0,0,0,0,0
1748632622521,-18750000,5157622,5773439,5810092,0,0,0,0,0,0,0
1748632622621,-18750000,5161287,5755113,5810092,0,0,0,0,0,0,0
1748632622721,-18750000,5153955,5663471,5865078,0,0,0,0,0,0,0
1748632622821,-18750000,5157620,5718457,5810092,0,0,0,0,0,0,0
1748632622921,-18750000,5153954,5681801,5846752,0,0,0,0,0,0,0
1748632623021,-18750000,5150288,5626814,5846752,0,0,0,0,0,0,0
1748632623121,-18750000,5153954,5626814,5883408,0,0,0,0,0,0,0
1748632623221,-18750000,5157619,5608484,5828422,0,0,0,0,0,0,0
1748632623321,-18750000,5153953,5663467,5828422,0,0,0,0,0,0,0
1748632623421,-18750000,5128293,5681797,5810096,0,0,0,0,0,0,0
1748632623521,-18750000,5120962,5773439,5828426,0,0,0,0,0,0,0
1748632623621,-18750000,5128294,5810096,5883412,0,0,0,0,0,0,0
1748632623721,-18750000,5128294,5810096,5865082,0,0,0,0,0,0,0
1748632623821,-18750000,5120963,5755109,5920068,0,0,0,0,0,0,0
1748632623921,-18750000,5124629,5791766,5883408,0,0,0,0,0,0,0
1748632624021,-18750000,5102635,5773439,5883408,0,0,0,0,0,0,0
1748632624121,-18750000,5102635,5773439,5883408,0,0,0,0,0,0,0
1748632624221,-18750000,5098969,5810096,5883408,0,0,0,0,0,0,0
1748632624321,-18750000,5095304,5828426,5810092,0,0,0,0,0,0,0
1748632624421,-18750000,5106302,5810096,5846748,0,0,0,0,0,0,0
1748632624521,-18750000,5095304,5791769,5846748,0,0,0,0,0,0,0
1748632624621,-18750000,5065979,5773439,5846748,0,0,0,0,0,0,0
1748632624721,-18750000,5073311,5736783,5791762,0,0,0,0,0,0,0
1748632624821,-18750000,5073311,5736783,5755106,0,0,0,0,0,0,0
1748632624921,-18750000,5062313,5700127,5718449,0,0,0,0,0,0,0
1748632625021,-18750000,5054982,5718453,5736779,0,0,0,0,0,0,0
1748632625121,-18750000,5043985,5608484,5736779,0,0,0,0,0,0,0
1748632625221,-18750000,5032988,5553498,5755109,0,0,0,0,0,0,0
1748632625321,-18750000,5029322,5535168,5810096,0,0,0,0,0,0,0
1748632625421,-18750000,5029322,5516838,5736783,0,0,0,0,0,0,0
1748632625521,-18750000,5032988,5480178,5736783,0,0,0,0,0,0,0
1748632625621,-18750000,5040319,5461852,5626814,0,0,0,0,0,0,0
1748632625721,-18750000,5043984,5498508,5626814,0,0,0,0,0,0,0
1748632625821,-18750000,5051315,5480182,5645144,0,0,0,0,0,0,0
1748632625921,-18750000,5058647,5516838,5681801,0,0,0,0,0,0,0
1748632626021,-18750000,5062312,5516838,5681801,0,0,0,0,0,0,0
1748632626121,-18750000,5062312,5645137,5626815,0,0,0,0,0,0,0
1748632626221,-18750000,5065978,5590154,5608485,0,0,0,0,0,0,0
1748632626321,-18750000,5073309,5571828,5645141,0,0,0,0,0,0,0
1748632626421,-18750000,5069643,5535172,5700123,0,0,0,0,0,0,0
1748632626521,-18750000,5043983,5608488,5645137,0,0,0,0,0,0,0
1748632626621,-18750000,5036652,5663474,5791762,0,0,0,0,0,0,0
1748632626721,-18750000,5036652,5681801,5883404,0,0,0,0,0,0,0
1748632626821,-18750000,5047649,5755113,5920061,0,0,0,0,0,0,0
1748632626921,-18750000,5073309,5645144,5901734,0,0,0,0,0,0,0
1748632627021,-18750000,5091638,5645144,5901734,0,0,0,0,0,0,0
1748632627121,-18750000,5117298,5626814,5938394,0,0,0,0,0,0,0
1748632627221,-18750000,5131961,5681797,5920068,0,0,0,0,0,0,0
1748632627321,-18750000,5139292,5700123,5883412,0,0,0,0,0,0,0
1748632627421,-18750000,5150289,5736779,5920072,0,0,0,0,0,0,0
1748632627521,-18750000,5179614,5663463,6030044,0,0,0,0,0,0,0
1748632627621,-18750000,5194277,5663463,5956732,0,0,0,0,0,0,0
1748632627721,-18750000,5197943,5700123,5920076,0,0,0,0,0,0,0
1748632627821,-18750000,5194277,5681797,5846759,0,0,0,0,0,0,0
1748632627921,-18750000,5179614,5755110,5865086,0,0,0,0,0,0,0
1748632628021,-18750000,5190611,5791770,5865086,0,0,0,0,0,0,0
1748632628121,-18750000,5183279,5791770,5883412,0,0,0,0,0,0,0
1748632628221,-18750000,5157620,5791770,5883412,0,0,0,0,0,0,0
1748632628321,-18750000,5146623,5846756,5865082,0,0,0,0,0,0,0
1748632628421,-18750000,5128295,5791773,5828422,0,0,0,0,0,0,0
1748632628521,-18750000,5128295,5791773,5791766,0,0,0,0,0,0,0
1748632628621,-18750000,5128295,5773443,5773436,0,0,0,0,0,0,0
1748632628721,-18750000,5117297,5736783,5736779,0,0,0,0,0,0,0
1748632628821,-18750000,5124629,5755109,5736779,0,0,0,0,0,0,0
1748632628921,-18750000,5102635,5736779,5791766,0,0,0,0,0,0,0
1748632629021,-18750000,5087972,5700119,5791766,0,0,0,0,0,0,0
1748632629121,-18750000,5091638,5645137,5810096,0,0,0,0,0,0,0
1748632629221,-18750000,5106301,5645137,5846752,0,0,0,0,0,0,0
1748632629321,-18750000,5109966,5571824,5791769,0,0,0,0,0,0,0
1748632629421,-18750000,5109966,5626807,5883412,0,0,0,0,0,0,0
1748632629521,-18750000,5120963,5590151,5846752,0,0,0,0,0,0,0
1748632629621,-18750000,5120963,5571821,5901738,0,0,0,0,0,0,0
1748632629721,-18750000,5128295,5571821,5901738,0,0,0,0,0,0,0
1748632629821,-18750000,5102634,5516834,5920068,0,0,0,0,0,0,0
1748632629921,-18750000,5120963,5461852,5865082,0,0,0,0,0,0,0
1748632630021,-18750000,5120963,5516838,5846752,0,0,0,0,0,0,0
1748632630121,-18750000,5117297,5535164,5791766,0,0,0,0,0,0,0
1748632630221,-18750000,5113631,5480182,5773436,0,0,0,0,0,0,0
1748632630321,-18750000,5109966,5443526,5828418,0,0,0,0,0,0,0
1748632630421,-18750000,5131960,5388543,5736776,0,0,0,0,0,0,0
1748632630521,-18750000,5124629,5315231,5736776,0,0,0,0,0,0,0
1748632630621,-18750000,5109966,5315231,5736776,0,0,0,0,0,0,0
1748632630721,-18750000,5102635,5315231,5663463,0,0,0,0,0,0,0
1748632630821,-18750000,5113632,5241918,5645133,0,0,0,0,0,0,0
1748632630921,-18750000,5098970,5241918,5645133,0,0,0,0,0,0,0
1748632631021,-18750000,5091638,5205262,5681793,0,0,0,0,0,0,0
1748632631121,-18750000,5076975,5241918,5718449,0,0,0,0,0,0,0
1748632631221,-18750000,5080640,5315231,5718449,0,0,0,0,0,0,0
1748632631321,-18750000,5080640,5315231,5718449,0,0,0,0,0,0,0
1748632631421,-18750000,5065978,5425199,5718449,0,0,0,0,0,0,0
1748632631521,-18750000,5047649,5516842,5681793,0,0,0,0,0,0,0
1748632631621,-18750000,5047649,5590158,5755106,0,0,0,0,0,0,0
1748632631721,-18750000,5043983,5608488,5920061,0,0,0,0,0,0,0
1748632631821,-18750000,5069643,5700131,5975047,0,0,0,0,0,0,0
1748632631921,-18750000,5095303,5773443,5993377,0,0,0,0,0,0,0
1748632632021,-18750000,5131960,5700131,6030033,0,0,0,0,0,0,0
1748632632121,-18750000,5139291,5663474,6011707,0,0,0,0,0,0,0
1748632632221,-18750000,5153954,5645144,6048367,0,0,0,0,0,0,0
1748632632321,-18750000,5153954,5773443,6085027,0,0,0,0,0,0,0
1748632632421,-18750000,5172283,5718457,6103357,0,0,0,0,0,0,0
1748632632521,-18750000,5183280,5736783,6194999,0,0,0,0,0,0,0
1748632632621,-18750000,5216271,5718453,6048374,0,0,0,0,0,0,0
1748632632721,-18750000,5234600,5700123,5993388,0,0,0,0,0,0,0
1748632632821,-18750000,5219937,5736779,5938402,0,0,0,0,0,0,0
1748632632921,-18750000,5194277,5736779,5975058,0,0,0,0,0,0,0
1748632633021,-18750000,5179615,5810092,5901742,0,0,0,0,0,0,0
1748632633121,-18750000,5172284,5846748,5920068,0,0,0,0,0,0,0
1748632633221,-18750000,5168618,5901734,5901738,0,0,0,0,0,0,0
1748632633321,-18750000,5172283,5828418,5901738,0,0,0,0,0,0,0
1748632633421,-18750000,5164952,5865078,5938394,0,0,0,0,0,0,0
1748632633521,-18750000,5190611,5865078,5901738,0,0,0,0,0,0,0
1748632633621,-18750000,5172283,5810092,5938394,0,0,0,0,0,0,0
1748632633721,-18750000,5175949,5810092,5938394,0,0,0,0,0,0,0
1748632633821,-18750000,5164952,5755106,5938394,0,0,0,0,0,0,0
1748632633921,-18750000,5183280,5755106,5920068,0,0,0,0,0,0,0
1748632634021,-18750000,5175949,5736776,5938398,0,0,0,0,0,0,0
1748632634121,-18750000,5164951,5773436,5883412,0,0,0,0,0,230,0
1748632634221,-18750000,5161285,5773436,5993381,0,0,0,77,205,256,0
1748632634321,-18750000,5190611,5700123,6048363,0,25,0,155,411,283,0
1748632634421,-18750000,5216271,5736779,6011707,0,25,1,232,616,283,0
1748632634521,-18750000,5212605,5773439,6048363,0,25,1,232,616,283,0
1748632634621,-18750000,5227268,5810099,6085019,0,25,1,232,616,488,0
1748632634721,-18750000,5230934,5883416,6085019,0,51,1,309,617,488,0
1748632634821,-18750000,5263925,5920076,6140006,0,51,1,309,617,694,0
1748632634921,-18750000,5271257,5956732,6121676,0,51,1,309,617,694,0
1748632635021,-18750000,5289585,5993392,6158332,0,51,0,386,617,694,0
1748632635121,-18750000,5333573,6048374,6158332,0,76,0,387,823,490,0
1748632635221,-18750000,5326242,6030048,6085019,0,76,0,309,617,464,0
1748632635321,-18750000,5322576,6158347,6048363,0,51,0,232,412,437,0
1748632635421,-18750000,5315245,6066704,6048363,0,51,0,154,206,437,0
1748632635521,-18750000,5307914,6048374,6048363,0,51,0,154,206,667,0
1748632635621,-18750000,5304248,6011714,6030037,0,51,0,154,206,462,0
1748632635721,-18750000,5300582,5901742,5975051,0,25,0,77,205,462,0
1748632635821,-18750000,5267591,5883412,5938394,0,25,0,77,205,256,0
1748632635921,-18750000,5245597,5865086,5938394,0,25,0,77,205,256,0
1748632636021,-18750000,5223602,5865086,5901738,0,25,0,0,205,256,0
1748632636121,-18750000,5201609,5828429,5938398,0,0,0,0,0,230,0
1748632636221,-18750000,5216272,5846756,5901742,0,0,0,0,0,230,0
1748632636321,-18750000,5205275,5773443,5883416,0,0,0,0,0,230,0
1748632636421,-18750000,5183281,5846756,5883416,0,0,0,0,0,230,0
1748632636521,-18750000,5183281,5883412,5865090,0,0,0,0,0,0,0
1748632636621,-18750000,5175950,5883412,5920072,0,0,0,0,0,0,0
1748632636721,-18750000,5164952,5920068,5975058,0,0,0,0,0,0,0
1748632636821,-18750000,5153955,5828426,5993388,0,0,0,0,0,0,0
1748632636921,-18750000,5179615,5810096,5975058,0,0,0,0,0,0,0
1748632637021,-18750000,5201609,5773436,6011714,0,0,0,0,0,0,0
1748632637121,-18750000,5212607,5718449,6048371,0,0,0,0,0,0,0
1748632637221,-18750000,5201609,5663463,6048371,0,0,0,0,0,0,0
1748632637321,-18750000,5197943,5645133,6048371,0,0,0,0,0,0,0
1748632637421,-18750000,5201609,5590147,6048371,0,0,0,0,0,0,0
1748632637521,-18750000,5197943,5480178,6011711,0,0,0,0,0,0,0
1748632637621,-18750000,5201609,5516838,5975054,0,0,0,0,0,0,0
1748632637721,-18750000,5208940,5461856,5938398,0,0,0,0,0,0,0
1748632637821,-18750000,5219937,5571828,5920068,0,0,0,0,0,0,0
1748632637921,-18750000,5194277,5608484,5938398,0,0,0,0,0,0,0
1748632638021,-18750000,5164952,5663471,5901742,0,0,0,0,0,0,0
1748632638121,-18750000,5153954,5663471,5865086,0,0,0,0,0,0,0
1748632638221,-18750000,5157620,5700131,5901742,0,0,0,0,0,0,0
1748632638321,-18750000,5146622,5736787,5865082,0,0,0,0,0,0,0
1748632638421,-18750000,5153954,5681804,5846752,0,0,0,0,0,0,0
1748632638521,-18750000,5146622,5736787,5865082,0,0,0,0,0,0,0
1748632638621,-18750000,5128294,5700127,5828426,0,0,0,0,0,0,0
1748632638721,-18750000,5135626,5755109,5828426,0,0,0,0,0,0,0
1748632638821,-18750000,5146623,5736779,5846756,0,0,0,0,0,0,0
1748632638921,-18750000,5157620,5700123,5828426,0,0,0,0,0,0,0
1748632639021,-18750000,5161286,5663467,5773439,0,0,0,0,0,0,0
1748632639121,-18750000,5150288,5663467,5718453,0,0,0,0,0,0,0
1748632639221,-18750000,5142957,5645137,5663467,0,0,0,0,0,0,0
1748632639321,-18750000,5131960,5608481,5663467,0,0,0,0,0,0,0
1748632639421,-18750000,5113631,5681793,5663467,0,0,0,0,0,0,0
1748632639521,-18750000,5124629,5736779,5681797,0,0,0,0,0,0,0
1748632639621,-18750000,5131961,5791766,5681797,0,0,0,0,0,0,0
1748632639721,-18750000,5109966,5828426,5663467,0,0,0,0,0,0,0
1748632639821,-18750000,5106300,5791769,5645137,0,0,0,0,0,0,0
1748632639921,-18750000,5098969,5773439,5663467,0,0,0,0,0,0,0
1748632640021,-18750000,5102634,5755109,5681797,0,0,0,0,0,0,0
1748632640121,-18750000,5109965,5773439,5755109,0,0,0,0,0,0,0
1748632640221,-18750000,5120963,5700127,5828426,0,0,0,0,0,0,0
1748632640321,-18750000,5139291,5681801,5828426,0,0,0,0,0,0,0
1748632640421,-18750000,5161286,5645144,5883412,0,0,0,0,0,0,0
1748632640521,-18750000,5146623,5516846,5846752,0,0,0,0,0,0,0
1748632640621,-18750000,5153954,5461859,5828422,0,0,0,0,0,0,0
1748632640721,-18750000,5150288,5315231,5901738,0,0,0,0,0,0,0
1748632640821,-18750000,5139292,5388543,5901738,0,0,0,0,0,0,0
1748632640921,-18750000,5120963,5388543,5975051,0,0,0,0,0,0,0
1748632641021,-18750000,5117298,5388543,6085019,0,0,0,0,0,0,0
1748632641121,-18750000,5117298,5370213,6176662,0,0,0,0,0,0,0
1748632641221,-18750000,5131961,5461856,6121676,0,0,0,0,0,0,0
1748632641321,-18750000,5161286,5608481,6140006,0,0,0,0,0,0,0
1748632641421,-18750000,5164952,5681793,6140006,0,0,0,0,0,0,0
1748632641521,-18750000,5197943,5700123,6176666,0,0,0,0,0,0,0
1748632641621,-18750000,5205274,5755109,6268308,0,0,0,0,0,0,0
1748632641721,-18750000,5234600,5956721,6213322,0,0,0,0,0,0,0
1748632641821,-18750000,5256593,5956721,6231652,0,0,0,0,0,0,0
1748632641921,-18750000,5293250,5920064,6140009,0,0,0,0,0,0,0
1748632642021,-18750000,5307913,5883408,6121683,0,0,0,0,0,0,0
1748632642121,-18750000,5307913,5883408,6121683,0,0,0,0,0,0,0
1748632642221,-18750000,5307913,5883408,6121683,0,0,0,0,0,0,0
1748632642321,-18750000,5307913,5883408,6121683,0,0,0,0,0,0,0
1748632642421,-18750000,5307913,5883408,6121683,0,0,0,0,0,0,0
1748632642521,-18750000,5307913,5883408,6121683,0,0,0,0,0,0,0
1748632642621,-18750000,5307913,5883408,6121683,0,0,0,0,0,0,0
1748632642721,-18750000,5307913,5883408,6121683,0,0,0,0,0,0,0
1748632642821,-18750000,5307913,5883408,6121683,0,0,0,0,0,0,0
1748632642921,-18750000,5307913,5883408,6121683,0,0,0,0,0,0,0
1748632643021,-18750000,5322576,5828426,5975054,0,0,0,0,0,0,0
1748632643121,-18750000,5304248,5791766,6011711,0,0,0,0,0,0,0
1748632643221,-18750000,5263925,5700123,6011711,0,0,0,0,0,0,0
1748632643321,-18750000,5252928,5700123,5956724,0,0,0,0,0,0,0
1748632643421,-18750000,5234600,5810092,5956724,0,0,0,0,0,0,0
1748632643521,-18750000,5223602,5718449,5865082,0,0,0,0,0,0,0
1748632643621,-18750000,5208940,5718449,5883412,0,0,0,0,0,0,0
1748632643721,-18750000,5201609,5626807,5901738,0,0,0,0,0,0,0
1748632643821,-18750000,5194277,5681793,5901738,0,0,0,0,0,0,0
1748632643921,-18750000,5194277,5736779,5901738,0,0,0,0,0,0,0
1748632644021,-18750000,5179614,5791762,5883412,0,0,0,0,0,0,0
1748632644121,-18750000,5197943,5773436,5883412,0,0,0,0,0,0,0
1748632644221,-18750000,5201608,5773436,5828426,0,0,0,0,0,0,0
1748632644321,-18750000,5205274,5791766,5846756,0,0,0,0,0,0,0
1748632644421,-18750000,5205274,5718453,5828426,0,0,0,0,0,0,0
1748632644521,-18750000,5205274,5755109,5846756,0,0,0,0,0,0,0
1748632644621,-18750000,5212605,5755109,5810096,0,0,0,0,0,0,0
1748632644721,-18750000,5201608,5773439,5846752,0,0,0,0,0,0,0
1748632644821,-18750000,5194277,5755109,5883412,0,0,0,0,0,0,0
1748632644921,-18750000,5186945,5681797,5810096,0,0,0,0,0,0,0
1748632645021,-18750000,5197943,5700127,5865082,0,0,0,0,0,0,0
1748632645121,-18750000,5183280,5773439,5828426,0,0,0,0,0,0,0
1748632645221,-18750000,5197943,5828426,5865082,0,0,0,0,0,0,0
1748632645321,-18750000,5201609,5700127,5846752,0,0,0,0,0,0,0
1748632645421,-18750000,5201609,5773439,5846752,0,0,0,0,0,0,0
1748632645521,-18750000,5197944,5791769,5828422,0,0,0,0,0,0,0
1748632645621,-18750000,5183282,5755113,5791766,0,0,0,0,0,0,0
1748632645721,-18750000,5183282,5773439,5718453,0,0,0,0,0,0,0
1748632645821,-18750000,5179616,5773439,5645137,0,0,0,0,0,0,0
1748632645921,-18750000,5161287,5755109,5626811,0,0,0,0,0,0,0
1748632646021,-18750000,5135627,5681797,5590151,0,0,0,0,0,0,0
1748632646121,-18750000,5120965,5645141,5700119,0,0,0,0,0,0,0
1748632646221,-18750000,5098970,5645141,5700119,0,0,0,0,0,0,0
1748632646321,-18750000,5069645,5700123,5645137,0,0,0,0,0,0,0
1748632646421,-18750000,5051316,5645137,5608481,0,0,0,0,0,0,0
1748632646521,-18750000,5058647,5645137,5608481,0,0,0,0,0,0,0
1748632646621,-18750000,5054981,5608481,5590154,0,0,0,0,0,0,0
1748632646721,-18750000,5021990,5553498,5498512,0,0,0,0,0,0,0
1748632646821,-18750000,4996331,5498516,5498512,0,0,0,0,0,0,0
1748632646921,-18750000,4963340,5535172,5516838,0,0,0,0,0,0,0
1748632647021,-18750000,4952342,5590154,5535168,0,0,0,0,0,0,0
1748632647121,-18750000,4952342,5590154,5443529,0,0,0,0,0,0,0
1748632647221,-18750000,4945011,5535168,5461859,0,0,0,0,0,0,0
1748632647321,-18750000,4934014,5516842,5516842,0,0,0,0,0,0,0
1748632647421,-18750000,4930348,5461859,5571828,0,0,0,0,0,0,0
1748632647521,-18750000,4915685,5498516,5535172,0,0,0,0,0,0,0
1748632647621,-18750000,4904687,5516846,5535172,0,0,0,0,0,0,0
1748632647721,-18750000,4919350,5571828,5553502,0,0,0,0,0,0,0
1748632647821,-18750000,4915685,5645141,5626818,0,0,0,0,0,0,0
1748632647921,-18750000,4967004,5700127,5681804,0,0,0,0,0,0,0
1748632648021,-18750000,4999995,5663471,5736791,0,0,0,0,0,0,0
1748632648121,-18750000,4985332,5700127,5681804,0,0,0,0,0,0,0
1748632648221,-18750000,4952341,5700127,5608492,0,0,0,0,0,0,0
1748632648321,-18750000,4970669,5663471,5608492,0,0,0,0,0,0,0
1748632648421,-18750000,4992664,5755113,5535176,0,0,0,0,0,0,0
1748632648521,-18750000,5007327,5590158,5535176,0,0,0,0,0,0,0
1748632648621,-18750000,5003662,5443529,5535176,0,0,0,0,0,0,0
1748632648721,-18750000,4992665,5443529,5571832,0,0,0,0,0,0,0
1748632648821,-18750000,4988999,5388543,5535172,0,0,0,0,0,0,0
1748632648921,-18750000,4956008,5370213,5443529,0,0,0,0,0,0,0
1748632649021,-18750000,4926683,5351887,5406873,0,0,0,0,0,0,0
1748632649121,-18750000,4945012,5241918,5498516,0,0,0,0,0,0,0
1748632649221,-18750000,4985334,5241918,5553498,0,0,0,0,0,0,0
1748632649321,-18750000,4963340,5315231,5498516,0,0,0,0,0,0,0
1748632649421,-18750000,4923018,5260244,5516846,0,0,0,0,0,0,0
1748632649521,-18750000,4915687,5388543,5571832,0,0,0,0,0,0,0
1748632649621,-18750000,4937680,5553498,5645144,0,0,0,0,0,0,0
1748632649721,-18750000,4945012,5590158,5608488,0,0,0,0,0,0,0
1748632649821,-18750000,4945012,5608488,5590162,0,0,0,0,0,0,0
1748632649921,-18750000,4945012,5590162,5626818,0,0,0,0,0,0,0
1748632650021,-18750000,4941346,5626818,5590158,0,0,0,0,0,0,0
1748632650121,-18750000,4926683,5626818,5516842,0,0,0,0,0,231,0
1748632650221,-18750000,4919352,5626818,5535172,0,0,0,76,205,462,0
1748632650321,-18750000,4930348,5498519,5626814,0,0,0,76,410,462,0
1748632650421,-18750000,4967005,5535176,5645141,0,0,0,76,410,489,0
1748632650521,-18750000,4981667,5461863,5626811,0,0,0,76,410,515,0
1748632650621,-18750000,4988999,5406877,5571824,0,0,0,76,410,746,0
1748632650721,-18750000,4992664,5461859,5553494,0,0,0,154,616,978,0
1748632650821,-18750000,4996330,5480186,5571821,0,0,0,154,616,978,0
1748632650921,-18750000,5003661,5516842,5590151,0,25,0,232,616,1210,0
1748632651021,-18750000,5014658,5498512,5590151,0,51,0,232,617,1211,0
1748632651121,-18750000,5014658,5553494,5608481,0,51,0,308,617,1185,0
1748632651221,-18750000,5040318,5608481,5590151,0,76,0,309,412,956,0
1748632651321,-18750000,5058647,5718449,5626807,0,76,0,309,207,957,0
1748632651421,-18750000,5043984,5590151,5626807,0,76,0,309,207,930,0
1748632651521,-18750000,4999996,5645133,5571824,0,76,0,386,207,904,0
1748632651621,-18750000,4959673,5608477,5553498,0,76,0,464,412,673,0
1748632651721,-18750000,4959673,5461852,5626811,0,102,0,386,207,441,0
1748632651821,-18750000,4970670,5461852,5571828,0,102,0,464,412,673,0
1748632651921,-18750000,4974335,5461852,5571828,0,76,0,386,412,441,0
1748632652021,-18750000,4992664,5480182,5626814,0,51,0,387,616,440,0
1748632652121,-18750000,4999995,5480182,5590158,0,51,0,310,616,466,0
1748632652221,-18750000,4988998,5370213,5516846,0,25,0,232,820,465,0
1748632652321,-18750000,4959673,5370213,5388547,0,25,0,232,820,464,0
1748632652421,-18750000,4915684,5480182,5278578,0,25,0,232,820,464,0
1748632652521,-18750000,4930347,5425199,5370221,0,25,0,156,820,463,0
1748632652621,-18750000,4945009,5461856,5388547,0,25,0,78,615,463,0
1748632652721,-18750000,4956007,5461856,5461863,0,0,0,78,615,463,0
1748632652821,-18750000,4959673,5498516,5498519,0,0,0,0,409,232,0
1748632652921,-18750000,4941344,5480186,5425207,0,0,0,0,409,232,0
1748632653021,-18750000,4930347,5443530,5443537,0,0,0,0,204,232,0
1748632653121,-18750000,4934013,5333561,5461863,0,0,0,0,204,0,0
1748632653221,-18750000,4923016,5315231,5480193,0,0,0,0,0,0,0
1748632653321,-18750000,4912019,5333561,5406877,0,0,0,0,0,0,0
1748632653421,-18750000,4923016,5296904,5443533,0,0,0,0,0,0,0
1748632653521,-18750000,4897356,5351887,5425203,0,0,0,0,0,0,0
1748632653621,-18750000,4882694,5315231,5480189,0,0,0,0,0,0,0
1748632653721,-18750000,4857034,5370213,5443533,0,0,0,0,0,0,0
1748632653821,-18750000,4842371,5333553,5461859,0,0,0,0,0,0,0
1748632653921,-18750000,4864366,5278571,5516842,0,0,0,0,0,0,0
1748632654021,-18750000,4871697,5388539,5443526,0,0,0,0,0,0,0
1748632654121,-18750000,4860700,5553494,5443526,0,0,0,0,0,0,0
1748632654221,-18750000,4864366,5626807,5480182,0,0,0,0,0,0,0
1748632654321,-18750000,4893691,5608477,5608481,0,0,0,0,0,0,0
1748632654421,-18750000,4919350,5681793,5571824,0,0,0,0,0,0,0
1748632654521,-18750000,4923016,5681793,5498512,0,0,0,0,0,0,0
1748632654621,-18750000,4923016,5810092,5480182,0,0,0,0,0,0,0
1748632654721,-18750000,4937679,5828422,5461852,0,0,0,0,0,0,0
1748632654821,-18750000,4945010,5810096,5498512,0,0,0,0,0,0,0
1748632654921,-18750000,4963339,5846752,5571828,0,0,0,0,0,0,0
1748632655021,-18750000,4967005,5773439,5626814,0,0,0,0,0,0,0
1748632655121,-18750000,4974336,5755113,5571832,0,0,0,0,0,0,0
1748632655221,-18750000,4959674,5681801,5516846,0,0,0,0,0,0,0
1748632655321,-18750000,4930349,5736787,5498519,0,0,0,0,0,0,0
1748632655421,-18750000,4926683,5645144,5608488,0,0,0,0,0,0,0
1748632655521,-18750000,4945011,5663474,5663471,0,0,0,0,0,0,0
1748632655621,-18750000,4963340,5535176,5663471,0,0,0,0,0,0,0
1748632655721,-18750000,4974337,5516846,5681801,0,0,0,0,0,0,0
1748632655821,-18750000,4999997,5480189,5663471,0,0,0,0,0,0,0
1748632655921,-18750000,4992665,5516846,5535172,0,0,0,0,0,0,0
1748632656021,-18750000,4959674,5516846,5425203,0,0,0,0,0,0,0
1748632656121,-18750000,4945012,5443529,5406873,0,0,0,0,0,0,0
1748632656221,-18750000,4908355,5516842,5535172,0,0,0,0,0,0,0
1748632656321,-18750000,4923017,5480186,5553498,0,0,0,0,0,0,0
1748632656421,-18750000,4926683,5516842,5571828,0,0,0,0,0,0,0
1748632656521,-18750000,4919352,5516842,5608488,0,0,0,0,0,0,0
1748632656621,-18750000,4937681,5553498,5571832,0,0,0,0,0,0,0
1748632656721,-18750000,4937681,5553498,5498516,0,0,0,0,0,0,0
1748632656821,-18750000,4934015,5626811,5443529,0,0,0,0,0,0,0
1748632656921,-18750000,4901023,5681797,5388543,0,0,0,0,0,0,0
1748632657021,-18750000,4882694,5663467,5370213,0,0,0,0,0,0,0
1748632657121,-18750000,4882694,5681797,5461856,0,0,0,0,0,0,0
1748632657221,-18750000,4923016,5626814,5443529,0,0,0,0,0,0,0
1748632657321,-18750000,4952342,5608484,5406873,0,0,0,0,0,0,0
1748632657421,-18750000,4948676,5626811,5370217,0,0,0,0,0,0,0
1748632657521,-18750000,4959673,5553498,5333557,0,0,0,0,0,0,0
1748632657621,-18750000,4930347,5553498,5333557,0,0,0,0,0,0,0
1748632657721,-18750000,4934013,5461856,5443529,0,0,0,0,0,0,0
1748632657821,-18750000,4937679,5461856,5480186,0,0,0,0,0,0,0
1748632657921,-18750000,4963339,5370213,5535172,0,0,0,0,0,0,0
1748632658021,-18750000,4996330,5388543,5590158,0,0,0,0,0,0,0
1748632658121,-18750000,4978001,5315227,5516846,0,0,0,0,0,0,0
1748632658221,-18750000,4963339,5315227,5480186,0,0,0,0,0,0,0
1748632658321,-18750000,4919351,5333557,5535172,0,0,0,0,0,0,0
1748632658421,-18750000,4919351,5315231,5608484,0,0,0,0,0,0,0
1748632658521,-18750000,4930348,5425199,5590158,0,0,0,0,0,0,0
1748632658621,-18750000,4959674,5388543,5626814,0,0,0,0,0,0,0
1748632658721,-18750000,4934014,5406873,5498516,0,0,0,0,0,0,0
1748632658821,-18750000,4890026,5351887,5443533,0,0,0,0,0,0,0
1748632658921,-18750000,4864366,5296901,5571832,0,0,0,0,0,0,0
1748632659021,-18750000,4864366,5260244,5626818,0,0,0,0,0,0,0
1748632659121,-18750000,4890025,5351887,5718461,0,0,0,0,0,0,0
1748632659221,-18750000,4919351,5461856,5773447,0,0,0,0,0,0,0
1748632659321,-18750000,4963339,5388543,5755117,0,0,0,0,0,0,0
1748632659421,-18750000,4967005,5443529,5645148,0,0,0,0,0,0,0
1748632659521,-18750000,4956008,5406873,5663474,0,0,0,0,0,0,0
1748632659621,-18750000,4952342,5425203,5663474,0,0,0,0,0,0,0
1748632659721,-18750000,4967005,5535176,5736787,0,0,0,0,0,0,0
1748632659821,-18750000,4981667,5535176,5791769,0,0,0,0,0,0,0
1748632659921,-18750000,5010993,5571832,5773439,0,0,0,0,0,0,0
1748632660021,-18750000,5025655,5645144,5791766,0,0,0,0,0,0,0
1748632660121,-18750000,5040318,5663474,5736779,0,0,0,0,0,0,0
1748632660221,-18750000,4996330,5626818,5590151,0,0,0,0,0,0,0
1748632660321,-18750000,4945010,5681801,5535168,0,0,0,0,0,0,0
1748632660421,-18750000,4915684,5645141,5571824,0,0,0,0,0,0,0
1748632660521,-18750000,4904688,5626811,5590154,0,0,0,0,0,0,0
1748632660621,-18750000,4890025,5645137,5608484,0,0,0,0,0,0,0
1748632660721,-18750000,4890025,5681793,5590154,0,0,0,0,0,0,0
1748632660821,-18750000,4882694,5718449,5645141,0,0,0,0,0,0,0
1748632660921,-18750000,4875363,5755106,5608484,0,0,0,0,0,0,0
1748632661021,-18750000,4864366,5663463,5590158,0,0,0,0,0,0,0
1748632661121,-18750000,4864366,5626807,5571828,0,0,0,0,0,0,0
1748632661221,-18750000,4904688,5553494,5590158,0,0,0,0,0,0,0
1748632661321,-18750000,4930348,5516838,5645141,0,0,0,0,0,0,0
1748632661421,-18750000,4937679,5516838,5608484,0,0,0,0,0,0,0
1748632661521,-18750000,4937679,5516838,5553498,0,0,0,0,0,0,0
1748632661621,-18750000,4945010,5535168,5590154,0,0,0,0,0,0,0
1748632661721,-18750000,4956008,5406869,5553498,0,0,0,0,0,0,0
1748632661821,-18750000,4974336,5388543,5498512,0,0,0,0,0,0,0
1748632661921,-18750000,4963339,5333561,5480182,0,0,0,0,0,0,0
1748632662021,-18750000,4959674,5315231,5443522,0,0,0,0,0,0,0
1748632662121,-18750000,4930349,5333557,5535164,0,0,0,0,0,0,0
1748632662221,-18750000,4926683,5333557,5608477,0,0,0,0,0,0,0
1748632662321,-18750000,4952342,5315231,5608477,0,0,0,0,0,0,0
1748632662421,-18750000,4974337,5315231,5700119,0,0,0,0,0,0,0
1748632662521,-18750000,4974337,5315231,5736776,0,0,0,0,0,0,0
1748632662621,-18750000,4978003,5296901,5755106,0,0,0,0,0,0,0
1748632662721,-18750000,4985334,5296901,5846748,0,0,0,0,0,0,0
1748632662821,-18750000,4970671,5333557,5810092,0,0,0,0,0,0,0
1748632662921,-18750000,4967006,5351883,5828422,0,0,0,0,0,0,0
1748632663021,-18750000,4970671,5443526,5846752,0,0,0,0,0,0,0
1748632663121,-18750000,5010994,5498512,5865082,0,0,0,0,0,0,0
1748632663221,-18750000,5029322,5571824,5901742,0,0,0,0,0,0,0
1748632663321,-18750000,5021991,5590151,5975058,0,0,0,0,0,0,0
1748632663421,-18750000,5021991,5590151,5901742,0,0,0,0,0,0,0
1748632663521,-18750000,5051316,5590151,5956728,0,0,0,0,0,0,0
1748632663621,-18750000,5051316,5645137,5901742,0,0,0,0,0,0,0
1748632663721,-18750000,5062313,5700119,5920072,0,0,0,0,0,0,0
1748632663821,-18750000,5106302,5663463,5956728,0,0,0,0,0,0,0
1748632663921,-18750000,5139293,5663463,6011714,0,0,0,0,0,0,0
1748632664021,-18750000,5146625,5608481,6030044,0,0,0,0,0,0,0
1748632664121,-18750000,5131962,5498512,5975058,0,0,0,0,0,0,0
1748632664221,-18750000,5109968,5461856,5956728,0,0,0,0,0,0,0
1748632664321,-18750000,5113634,5516842,5883412,0,0,0,0,0,0,0
1748632664421,-18750000,5124631,5608484,5920068,0,0,0,0,0,0,0
1748632664521,-18750000,5128297,5663471,5810099,0,0,0,0,0,0,0
1748632664621,-18750000,5128297,5553502,5791769,0,0,0,0,0,0,0
1748632664721,-18750000,5091640,5571832,5718453,0,0,0,0,0,0,0
1748632664821,-18750000,5054983,5590158,5681797,0,0,0,0,0,0,0
1748632664921,-18750000,5047652,5571832,5681797,0,0,0,0,0,0,0
1748632665021,-18750000,5051317,5626814,5608481,0,0,0,0,0,0,0
1748632665121,-18750000,5040320,5700127,5535168,0,0,0,0,0,0,0
1748632665221,-18750000,5054982,5681797,5516838,0,0,0,0,0,0,0
1748632665321,-18750000,5051317,5608484,5516838,0,0,0,0,0,0,0
1748632665421,-18750000,5036654,5535172,5571824,0,0,0,0,205,231,0
1748632665521,-18750000,5029322,5498516,5681793,0,0,0,0,205,231,0
1748632665621,-18750000,5029322,5553498,5736779,0,0,0,26,411,463,0
1748632665721,-18750000,5043985,5553498,5755109,0,25,0,104,616,694,0
1748632665821,-18750000,5058647,5553498,5846752,0,51,0,181,822,926,0
1748632665921,-18750000,5032988,5663467,5810096,0,76,0,259,1028,1158,0
1748632666021,-18750000,5018325,5681797,5901738,0,102,0,336,1233,1389,0
1748632666121,-18750000,5025656,5681797,5956721,0,128,1,414,1439,1621,0
1748632666221,-18750000,5025656,5718453,5975051,0,153,1,492,1644,1648,0
1748632666321,-18750000,5025656,5791766,6011711,0,179,1,569,1850,1879,0
1748632666421,-18750000,5032988,5755109,6030041,0,204,1,647,1850,1879,0
1748632666521,-18750000,5032988,5736779,6011714,0,204,1,672,2056,2111,0
1748632666621,-18750000,5029322,5755109,5920072,0,204,2,724,2055,2111,0
1748632666721,-18750000,5010993,5718453,5956728,0,204,2,724,2055,2111,0
1748632666821,-18750000,5003662,5645141,5865086,0,179,2,724,1850,1880,0
1748632666921,-18750000,5032987,5590154,5920068,0,153,2,724,1849,1880,0
1748632667021,-18750000,5065978,5626811,5901742,0,128,1,646,1644,1648,0
1748632667121,-18750000,5087972,5553498,5920072,0,102,1,569,1438,1442,0
1748632667221,-18750000,5087972,5571828,5956728,0,76,1,492,1232,1415,0
1748632667321,-18750000,5084306,5553498,5975054,0,51,1,414,1027,1184,0
1748632667421,-18750000,5080641,5553498,5920068,0,25,1,336,821,952,0
1748632667521,-18750000,5095304,5571828,5883408,0,25,1,311,616,720,0
1748632667621,-18750000,5106301,5553498,5975051,0,25,0,233,411,489,0
1748632667721,-18750000,5146624,5590154,5993381,0,0,0,156,205,257,0
1748632667821,-18750000,5168618,5663467,6048367,0,0,0,78,204,257,0
1748632667921,-18750000,5164952,5663467,6048367,0,0,0,0,0,25,0
1748632668021,-18750000,5161287,5590154,6066693,0,0,0,0,0,25,0
1748632668121,-18750000,5131961,5645137,6011707,0,0,0,0,0,0,0
1748632668221,-18750000,5124630,5681793,5956721,0,0,0,0,0,0,0
1748632668321,-18750000,5124630,5755109,5901734,0,0,0,0,0,0,0
1748632668421,-18750000,5139293,5773436,5938391,0,0,0,0,0,0,0
1748632668521,-18750000,5128295,5810092,5938391,0,0,0,0,0,0,0
1748632668621,-18750000,5109967,5846752,5901734,0,0,0,0,0,0,0
1748632668721,-18750000,5095304,5810096,5883404,0,0,0,0,0,0,0
1748632668821,-18750000,5076975,5846756,5920061,0,0,0,0,0,0,0
1748632668921,-18750000,5091638,5865086,5828418,0,0,0,0,0,0,0
1748632669021,-18750000,5073309,5901742,5791762,0,0,0,0,0,0,0
1748632669121,-18750000,5076974,5920072,5846748,0,0,0,0,0,0,0
1748632669221,-18750000,5080640,5828429,5846748,0,0,0,0,0,0,0
1748632669321,-18750000,5062312,5791773,5810092,0,0,0,0,0,0,0
1748632669421,-18750000,5043983,5791773,5773436,0,0,0,0,0,0,0
1748632669521,-18750000,5043983,5810103,5865078,0,0,0,0,0,0,0
1748632669621,-18750000,5058646,5773443,5901734,0,0,0,0,0,0,0
1748632669721,-18750000,5058646,5791769,5810092,0,0,0,0,0,0,0
1748632669821,-18750000,5065978,5755109,5755106,0,0,0,0,0,0,0
1748632669921,-18750000,5062312,5736779,5755106,0,0,0,0,0,0,0
1748632670021,-18750000,5069643,5736779,5791762,0,0,0,0,0,0,0
1748632670121,-18750000,5058647,5718449,5791762,0,0,0,0,0,0,0
1748632670221,-18750000,5051315,5718449,5791762,0,0,0,0,0,0,0
1748632670321,-18750000,5062312,5681789,5883404,0,0,0,0,0,0,0
1748632670421,-18750000,5076975,5626807,5920061,0,0,0,0,0,0,0
1748632670521,-18750000,5065978,5608477,5865078,0,0,0,0,0,0,0
1748632670621,-18750000,5062313,5553494,5828422,0,0,0,0,0,0,0
1748632670721,-18750000,5058647,5571824,5865078,0,0,0,0,0,0,0
1748632670821,-18750000,5058647,5626811,5846752,0,0,0,0,0,0,0
1748632670921,-18750000,5032988,5553498,5883412,0,0,0,0,0,0,0
1748632671021,-18750000,5007328,5535168,5846756,0,0,0,0,0,0,0
1748632671121,-18750000,5025656,5553498,5883412,0,0,0,0,0,0,0
1748632671221,-18750000,5036654,5590154,5883412,0,0,0,0,0,0,0
1748632671321,-18750000,5032988,5590154,5883412,0,0,0,0,0,0,0
1748632671421,-18750000,5032988,5681797,5883412,0,0,0,0,0,0,0
1748632671521,-18750000,5043985,5626811,5901738,0,0,0,0,0,0,0
1748632671621,-18750000,5043985,5626811,5901738,0,0,0,0,0,0,0
1748632671721,-18750000,5043985,5626811,5901738,0,0,0,0,0,0,0
1748632671821,-18750000,5043985,5626811,5901738,0,0,0,0,0,0,0
1748632671921,-18750000,5043985,5626811,5901738,0,0,0,0,0,0,0
1748632672021,-18750000,5043985,5626811,5901738,0,0,0,0,0,0,0
1748632672121,-18750000,5043985,5626811,5901738,0,0,0,0,0,0,0
1748632672221,-18750000,5043985,5626811,5901738,0,0,0,0,0,0,0
1748632672321,-18750000,5043985,5626811,5901738,0,0,0,0,0,0,0
1748632672421,-18750000,5043985,5626811,5901738,0,0,0,0,0,0,0
1748632672521,-18750000,5043985,5626811,5901738,0,0,0,0,0,0,0
1748632672621,-18750000,5018324,5608481,5901738,0,0,0,0,0,0,0
1748632672721,-18750000,4996330,5553495,5883408,0,0,0,0,0,0,0
1748632672821,-18750000,5007327,5571825,5791765,0,0,0,0,0,0,0
1748632672921,-18750000,5003661,5571825,5828422,0,0,0,0,0,0,0
1748632673021,-18750000,4981667,5571825,5791765,0,0,0,0,0,0,0
1748632673121,-18750000,4970669,5480182,5791765,0,0,0,0,0,0,0
1748632673221,-18750000,4956007,5498512,5736779,0,0,0,0,0,0,0
1748632673321,-18750000,4959672,5351883,5681793,0,0,0,0,0,0,0
1748632673421,-18750000,4934012,5351883,5681793,0,0,0,0,0,0,0
1748632673521,-18750000,4926681,5388539,5736779,0,0,0,0,0,0,0
1748632673621,-18750000,4908353,5425199,5681793,0,0,0,0,0,0,0
1748632673721,-18750000,4904688,5425199,5736779,0,0,0,0,0,0,0
1748632673821,-18750000,4875362,5443526,5773436,0,0,0,0,0,0,0
1748632673921,-18750000,4897357,5406869,5681793,0,0,0,0,0,0,0
1748632674021,-18750000,4912019,5406869,5663463,0,0,0,0,0,0,0
1748632674121,-18750000,4886359,5498512,5681793,0,0,0,0,0,0,0
1748632674221,-18750000,4908353,5425199,5681793,0,0,0,0,0,0,0
1748632674321,-18750000,4901022,5480186,5681793,0,0,0,0,0,0,0
1748632674421,-18750000,4904688,5480186,5571824,0,0,0,0,0,0,0
1748632674521,-18750000,4930348,5571828,5498512,0,0,0,0,0,0,0
1748632674621,-18750000,4937679,5516842,5516842,0,0,0,0,0,0,0
1748632674721,-18750000,4937679,5443529,5498512,0,0,0,0,0,0,0
1748632674821,-18750000,4941345,5406873,5553498,0,0,0,0,0,0,0
1748632674921,-18750000,4941345,5388547,5590155,0,0,0,0,0,0,0
1748632675021,-18750000,4959674,5315234,5590155,0,0,0,0,0,0,0
1748632675121,-18750000,4981668,5315234,5516842,0,0,0,0,0,0,0
1748632675221,-18750000,4985334,5315234,5516842,0,0,0,0,0,0,0
1748632675321,-18750000,4985334,5278574,5516842,0,0,0,0,0,0,0
1748632675421,-18750000,4996331,5278574,5571825,0,0,0,0,0,0,0
1748632675521,-18750000,4992665,5223588,5681793,0,0,0,0,0,0,0
1748632675621,-18750000,4988999,5278575,5608481,0,0,0,0,0,0,0
1748632675721,-18750000,5018324,5351887,5608481,0,0,0,0,0,0,0
1748632675821,-18750000,5040317,5425200,5571821,0,0,0,0,0,0,0
1748632675921,-18750000,5040317,5516842,5571821,0,0,0,0,0,0,0
1748632676021,-18750000,5014658,5571825,5553494,0,0,0,0,0,0,0
1748632676121,-18750000,5014658,5571825,5553494,0,0,0,0,0,0,0
1748632676221,-18750000,5007326,5626807,5516838,0,0,0,0,0,0,0
1748632676321,-18750000,4999995,5736780,5535168,0,0,0,0,0,0,0
1748632676421,-18750000,4985333,5736780,5480186,0,0,0,0,0,0,0
1748632676521,-18750000,4974335,5736780,5425199,0,0,0,0,0,0,0
1748632676621,-18750000,4999995,5590151,5516842,0,0,0,0,0,0,0
1748632676721,-18750000,4978001,5663467,5553502,0,0,0,0,0,0,0
1748632676821,-18750000,4967005,5663467,5498519,0,0,0,0,0,0,0
1748632676921,-18750000,4948676,5700123,5480193,0,0,0,0,0,0,0
1748632677021,-18750000,4941345,5700123,5480193,0,0,0,0,0,0,0
1748632677121,-18750000,4934014,5700123,5498519,0,0,0,0,0,0,0
1748632677221,-18750000,4937679,5718453,5535176,0,0,0,0,0,0,0
1748632677321,-18750000,4930348,5700123,5461863,0,0,0,0,0,0,0
1748632677421,-18750000,4945010,5663467,5498519,0,0,0,0,0,0,0
1748632677521,-18750000,4945010,5681797,5461863,0,0,0,0,0,0,0
1748632677621,-18750000,4934013,5755109,5425203,0,0,0,0,0,0,0
1748632677721,-18750000,4934013,5681793,5406873,0,0,0,0,0,0,0
1748632677821,-18750000,4952341,5681793,5425199,0,0,0,0,0,231,0
1748632677921,-18750000,4952341,5571821,5443526,0,0,0,78,206,463,0
1748632678021,-18750000,4974335,5480178,5461852,0,25,0,156,412,694,0
1748632678121,-18750000,4974335,5461852,5461852,0,51,0,233,617,926,0
1748632678221,-18750000,4974335,5388539,5461852,0,76,0,311,823,1158,0
1748632678321,-18750000,4967003,5296897,5516834,0,102,1,388,1028,1389,0
1748632678421,-18750000,4967003,5333553,5480178,0,128,1,466,1234,1621,0
1748632678521,-18750000,4941344,5296893,5480178,0,153,1,544,1440,1860,0
1748632678621,-18750000,4941344,5315223,5535164,0,179,1,621,1645,2143,0
1748632678721,-18750000,4941344,5315223,5516834,0,204,1,699,1851,2375,0
1748632678821,-18750000,4934013,5315227,5553491,0,230,2,776,2056,2375,0
1748632678921,-18750000,4930347,5315227,5590151,0,256,2,776,2056,2375,0
1748632679021,-18750000,4937678,5388543,5535168,0,256,2,776,2056,2375,0
1748632679121,-18750000,4930347,5388543,5608484,0,256,2,776,2056,2375,0
1748632679221,-18750000,4934012,5370213,5590158,0,256,2,776,2056,2375,0
1748632679321,-18750000,4915684,5443529,5608488,0,256,2,776,2056,2375,0
1748632679421,-18750000,4945010,5443529,5608488,0,256,2,776,2056,2375,0
1748632679521,-18750000,4952341,5370217,5663471,0,256,2,776,2056,2367,0
1748632679621,-18750000,4959672,5370217,5663471,0,256,2,776,2056,2316,0
1748632679721,-18750000,4948676,5351887,5498519,0,256,2,776,2056,2316,0
1748632679821,-18750000,4956007,5351887,5553506,0,256,2,776,2056,2316,0
1748632679921,-18750000,4941344,5351887,5553506,0,256,2,776,2056,2316,0
1748632680021,-18750000,4923017,5296901,5535172,0,256,2,776,2056,2316,0
1748632680121,-18750000,4904688,5315231,5535172,0,256,2,776,2056,2314,0
1748632680221,-18750000,4919351,5315231,5535172,0,256,2,776,2055,2289,0
1748632680321,-18750000,4919351,5370213,5535172,0,256,2,776,2055,2289,0
1748632680421,-18750000,4904689,5333557,5516842,0,256,2,776,2055,2289,0
1748632680521,-18750000,4912020,5351887,5516842,0,256,2,724,2055,2289,0
1748632680621,-18750000,4912020,5333557,5516842,0,230,1,646,1849,2057,0
1748632680721,-18750000,4926683,5388543,5663467,0,204,1,646,1644,1826,0
1748632680821,-18750000,4919351,5370213,5663467,0,179,1,594,1438,1594,0
1748632680921,-18750000,4926683,5443526,5608481,0,153,1,516,1232,1362,0
1748632681021,-18750000,4937679,5498512,5608481,0,128,1,439,1027,1131,0
1748632681121,-18750000,4967005,5461856,5663467,0,102,0,361,821,900,0
1748632681221,-18750000,4937679,5498512,5590151,0,76,0,284,616,694,0
1748632681321,-18750000,4930348,5590154,5590151,0,51,0,206,411,463,0
1748632681421,-18750000,4930348,5718453,5516842,0,25,0,128,205,231,0
1748632681521,-18750000,4926683,5810096,5516842,0,0,0,103,0,0,0
1748632681621,-18750000,4930348,5828426,5498516,0,0,0,103,0,0,0
1748632681721,-18750000,4919350,5810096,5425203,0,0,0,25,0,0,0
1748632681821,-18750000,4926682,5755113,5388547,0,0,0,0,0,0,0
1748632681921,-18750000,4923016,5700127,5333564,0,0,0,0,0,0,0
1748632682021,-18750000,4934014,5755109,5351894,0,0,0,0,0,0,0
1748632682121,-18750000,4915685,5736779,5333564,0,0,0,0,0,0,0
1748632682221,-18750000,4934014,5736779,5333564,0,0,0,0,0,0,0
1748632682321,-18750000,4945010,5626811,5351891,0,0,0,0,0,0,0
1748632682421,-18750000,4952341,5535168,5370217,0,0,0,0,0,0,0
1748632682521,-18750000,4934013,5406869,5480186,0,0,0,0,0,0,0
1748632682621,-18750000,4930348,5296897,5535168,0,0,0,0,0,0,0
1748632682721,-18750000,4930348,5351883,5590151,0,0,0,0,0,0,0
1748632682821,-18750000,4934014,5406866,5608477,0,0,0,0,0,0,0
1748632682921,-18750000,4941345,5388539,5626803,0,0,0,0,0,0,0
1748632683021,-18750000,4934014,5443525,5590147,0,0,0,0,0,0,0
1748632683121,-18750000,4937679,5480182,5608477,0,0,0,0,0,0,0
1748632683221,-18750000,4926682,5498512,5700119,0,0,0,0,0,0,0
1748632683321,-18750000,4919350,5516838,5645137,0,0,0,0,0,0,0
1748632683421,-18750000,4919350,5535164,5663467,0,0,0,0,0,0,0
1748632683521,-18750000,4934013,5626807,5608481,0,0,0,0,0,0,0
1748632683621,-18750000,4937678,5736779,5608481,0,0,0,0,0,0,0
1748632683721,-18750000,4945009,5626811,5590154,0,0,0,0,0,0,0
1748632683821,-18750000,4952341,5590154,5608484,0,0,0,0,0,0,0
1748632683921,-18750000,4956006,5535168,5700127,0,0,0,0,0,0,0
1748632684021,-18750000,4956006,5480182,5755113,0,0,0,0,0,0,0
1748632684121,-18750000,4959672,5498512,5736783,0,0,0,0,0,0,0
1748632684221,-18750000,4967003,5498512,5663471,0,0,0,0,0,0,0
1748632684321,-18750000,4978000,5498512,5663471,0,0,0,0,0,0,0
1748632684421,-18750000,4978000,5498512,5645141,0,0,0,0,0,0,0
1748632684521,-18750000,4978000,5535168,5663471,0,0,0,0,0,0,0
1748632684621,-18750000,4978000,5480182,5645144,0,0,0,0,0,0,0
1748632684721,-18750000,4952341,5535164,5681801,0,0,0,0,0,0,0
1748632684821,-18750000,4945009,5571821,5608488,0,0,0,0,0,0,0
1748632684921,-18750000,4926682,5645133,5516846,0,0,0,0,0,0,0
1748632685021,-18750000,4923016,5645133,5498516,0,0,0,0,0,0,0
1748632685121,-18750000,4919350,5590147,5480189,0,0,0,0,0,0,0
1748632685221,-18750000,4908353,5571817,5461859,0,0,0,0,0,0,0
1748632685321,-18750000,4897356,5571817,5461859,0,0,0,0,0,0,0
1748632685421,-18750000,4893690,5626803,5498519,0,0,0,0,0,0,0
1748632685521,-18750000,4890025,5498504,5480189,0,0,0,0,0,0,0
1748632685621,-18750000,4904688,5553491,5498516,0,0,0,0,0,0,0
1748632685721,-18750000,4934014,5571821,5425203,0,0,0,0,0,0,0
1748632685821,-18750000,4934014,5571821,5516846,0,0,0,0,0,0,0
1748632685921,-18750000,4945010,5626807,5553502,0,0,0,0,0,0,0
1748632686021,-18750000,4956008,5663467,5516846,0,0,0,0,0,0,0
1748632686121,-18750000,4956008,5626811,5590158,0,0,0,0,0,0,0
1748632686221,-18750000,4978001,5645141,5626814,0,0,0,0,0,0,0
1748632686321,-18750000,4985333,5645141,5700127,0,0,0,0,0,0,0
1748632686421,-18750000,4970670,5590154,5626811,0,0,0,0,0,0,0
1748632686521,-18750000,4978001,5718453,5626811,0,0,0,0,0,0,0
1748632686621,-18750000,4970669,5645141,5590154,0,0,0,0,0,0,0
1748632686721,-18750000,4956007,5626811,5626811,0,0,0,0,0,0,0
1748632686821,-18750000,4959672,5645141,5571824,0,0,0,0,0,0,0
1748632686921,-18750000,4948676,5645141,5571824,0,0,0,0,0,0,0
1748632687021,-18750000,4937678,5553498,5590151,0,0,0,0,0,0,0
1748632687121,-18750000,4937678,5571828,5535164,0,0,0,0,0,0,0
1748632687221,-18750000,4926681,5571828,5535164,0,0,0,0,0,0,0
1748632687321,-18750000,4937678,5590158,5516834,0,0,0,0,0,0,0
1748632687421,-18750000,4945010,5590158,5571821,0,0,0,0,0,0,0
1748632687521,-18750000,4937678,5590158,5571821,0,0,0,0,0,0,0
1748632687621,-18750000,4930347,5645141,5663463,0,0,0,0,0,0,0
1748632687721,-18750000,4937678,5571828,5681789,0,0,0,0,0,0,0
1748632687821,-18750000,4919350,5480186,5718446,0,0,0,0,0,0,0
1748632687921,-18750000,4930347,5425200,5773432,0,0,0,0,0,0,0
1748632688021,-18750000,4926682,5498512,5791762,0,0,0,0,0,0,0
1748632688121,-18750000,4915685,5535168,5791762,0,0,0,0,0,0,0
1748632688221,-18750000,4904689,5516838,5846748,0,0,0,0,0,0,0
1748632688321,-18750000,4882695,5498508,5865078,0,0,0,0,0,0,0
1748632688421,-18750000,4886361,5480182,5846748,0,0,0,0,0,0,0
1748632688521,-18750000,4886361,5480182,5810092,0,0,0,0,0,0,0
1748632688621,-18750000,4879030,5461856,5755106,0,0,0,0,0,0,0
1748632688721,-18750000,4860701,5535168,5773436,0,0,0,0,0,0,0
1748632688821,-18750000,4871698,5571824,5736779,0,0,0,0,0,0,0
1748632688921,-18750000,4886361,5516842,5681793,0,0,0,0,0,0,0
1748632689021,-18750000,4882695,5443529,5718449,0,0,0,0,0,0,0
1748632689121,-18750000,4886360,5461856,5663467,0,0,0,0,0,0,0
1748632689221,-18750000,4901023,5388543,5608481,0,0,0,0,0,0,0
1748632689321,-18750000,4923017,5278574,5626811,0,0,0,0,0,0,0
1748632689421,-18750000,4926682,5370217,5645141,0,0,0,0,0,0,0
1748632689521,-18750000,4945010,5333561,5681797,0,0,0,0,0,0,0
1748632689621,-18750000,4967005,5370217,5681797,0,0,0,0,0,0,0
1748632689721,-18750000,4988999,5351891,5700127,0,0,0,0,0,0,0
1748632689821,-18750000,4988999,5333564,5718453,0,0,0,0,0,0,0
1748632689921,-18750000,4974335,5388547,5718453,0,0,0,0,0,0,0
1748632690021,-18750000,4974335,5425203,5663467,0,0,0,0,0,0,0
1748632690121,-18750000,4992664,5425203,5700123,0,0,0,0,0,0,0
1748632690221,-18750000,4978001,5480189,5700123,0,0,0,0,0,0,0
1748632690321,-18750000,4978001,5498516,5645137,0,0,0,0,0,0,0
1748632690421,-18750000,4978001,5296901,5626807,0,0,0,0,0,0,0
1748632690521,-18750000,4956007,5296901,5645137,0,0,0,0,0,0,0
1748632690621,-18750000,4934012,5260244,5681797,0,0,0,0,0,0,0
1748632690721,-18750000,4915685,5278571,5626811,0,0,0,0,0,0,0
1748632690821,-18750000,4908353,5333553,5590154,0,0,0,0,0,0,0
1748632690921,-18750000,4908353,5150272,5590154,0,0,0,0,0,0,0
1748632691021,-18750000,4919351,5168598,5608484,0,0,0,0,0,0,0
1748632691121,-18750000,4897357,5168598,5645141,0,0,0,0,0,0,0
1748632691221,-18750000,4915685,5095282,5663471,0,0,0,0,0,0,0
1748632691321,-18750000,4901022,5186924,5645141,0,0,0,0,0,0,0
1748632691421,-18750000,4915685,5186924,5663471,0,0,0,0,0,0,0
1748632691521,-18750000,4926683,5205251,5663471,0,0,0,0,0,0,0
1748632691621,-18750000,4945011,5186921,5590154,0,0,0,0,204,231,0
1748632691721,-18750000,4948676,5168594,5645141,0,0,0,0,410,463,0
1748632691821,-18750000,4956008,5095282,5681797,0,0,0,77,616,694,0
1748632691921,-18750000,4959674,5241907,5645141,0,25,0,155,821,926,0
1748632692021,-18750000,4959674,5241907,5608484,0,51,0,232,1027,1158,0
1748632692121,-18750000,4956008,5260237,5590154,0,51,1,310,1232,1389,0
1748632692221,-18750000,4945011,5278567,5571824,0,76,1,388,1438,1595,0
1748632692321,-18750000,4967005,5186924,5608481,0,102,1,465,1644,1827,0
1748632692421,-18750000,4967005,5260241,5553494,0,128,1,492,1849,2058,0
1748632692521,-18750000,4956008,5260241,5553494,0,153,1,492,2055,2289,0
1748632692621,-18750000,4941345,5315227,5608481,0,179,1,570,2056,2264,0
1748632692721,-18750000,4934014,5333553,5516838,0,204,1,648,2056,2264,0
1748632692821,-18750000,4930349,5425196,5461856,0,230,1,648,2056,2264,0
1748632692921,-18750000,4937680,5406870,5480186,0,230,1,648,2055,2058,0
1748632693021,-18750000,4930349,5370213,5461856,0,230,1,647,2055,2058,0
1748632693121,-18750000,4948677,5333557,5461856,0,256,1,647,1850,1826,0
1748632693221,-18750000,4948677,5406869,5443529,0,230,1,647,1644,1825,0
1748632693321,-18750000,4934015,5498512,5461859,0,204,1,596,1644,1619,0
1748632693421,-18750000,4915686,5535168,5498516,0,179,1,647,1643,1414,0
1748632693521,-18750000,4912021,5535168,5480186,0,153,1,646,1437,1182,0
1748632693621,-18750000,4904690,5516838,5461856,0,128,1,568,1232,976,0
1748632693721,-18750000,4926683,5498512,5480182,0,102,1,491,1026,745,0
1748632693821,-18750000,4937680,5370213,5535164,0,76,0,413,820,513,0
1748632693921,-18750000,4934014,5370213,5553491,0,51,0,336,616,487,0
1748632694021,-18750000,4937679,5406869,5608477,0,25,0,259,410,256,0
1748632694121,-18750000,4941344,5370213,5645137,0,0,0,181,409,256,0
1748632694221,-18750000,4948676,5370213,5608481,0,0,0,104,409,51,0
1748632694321,-18750000,4941344,5388543,5571824,0,0,0,77,204,25,0
1748632694421,-18750000,4934013,5296901,5571824,0,0,0,0,0,0,0
1748632694521,-18750000,4941344,5351887,5571824,0,0,0,0,0,0,0
1748632694621,-18750000,4952341,5406873,5571824,0,0,0,0,0,0,0
1748632694721,-18750000,4934013,5406873,5590154,0,0,0,0,0,0,0
1748632694821,-18750000,4919351,5498516,5608484,0,0,0,0,0,0,0
1748632694921,-18750000,4901023,5608484,5608484,0,0,0,0,0,0,0
1748632695021,-18750000,4912020,5553502,5590154,0,0,0,0,0,0,0
1748632695121,-18750000,4923017,5590158,5608481,0,0,0,0,0,0,0
1748632695221,-18750000,4912020,5535175,5663463,0,0,0,0,0,0,0
1748632695321,-18750000,4915685,5516845,5681789,0,0,0,0,0,0,0
1748632695421,-18750000,4908353,5626814,5626807,0,0,0,0,0,0,0
1748632695521,-18750000,4904687,5535172,5626807,0,0,0,0,0,0,0
1748632695621,-18750000,4893691,5480186,5645137,0,0,0,0,0,0,0
1748632695721,-18750000,4912019,5443529,5681793,0,0,0,0,0,0,0
1748632695821,-18750000,4923016,5461856,5681793,0,0,0,0,0,0,0
1748632695921,-18750000,4923016,5406869,5663467,0,0,0,0,0,0,0
1748632696021,-18750000,4912018,5406869,5663467,0,0,0,0,0,0,0
1748632696121,-18750000,4882693,5425196,5553498,0,0,0,0,0,0,0
1748632696221,-18750000,4879028,5480178,5608484,0,0,0,0,0,0,0
1748632696321,-18750000,4871697,5480178,5626814,0,0,0,0,0,0,0
1748632696421,-18750000,4879029,5480178,5626814,0,0,0,0,0,0,0
1748632696521,-18750000,4886360,5516835,5590158,0,0,0,0,0,0,0
1748632696621,-18750000,4890025,5516835,5626814,0,0,0,0,0,0,0
1748632696721,-18750000,4871698,5461848,5608484,0,0,0,0,0,0,0
1748632696821,-18750000,4875363,5480178,5608484,0,0,0,0,0,0,0
1748632696921,-18750000,4890025,5498508,5608484,0,0,0,0,0,0,0
1748632697021,-18750000,4897357,5516834,5608484,0,0,0,0,0,0,0
1748632697121,-18750000,4897357,5498508,5626811,0,0,0,0,0,0,0
1748632697221,-18750000,4912019,5406866,5553498,0,0,0,0,0,0,0
1748632697321,-18750000,4926682,5498508,5498512,0,0,0,0,0,0,0
1748632697421,-18750000,4937678,5370209,5516838,0,0,0,0,0,0,0
1748632697521,-18750000,4937678,5351883,5535168,0,0,0,0,0,0,0
1748632697621,-18750000,4959673,5406869,5425199,0,0,0,0,0,0,0
1748632697721,-18750000,4974335,5425196,5406873,0,0,0,0,0,0,0
1748632697821,-18750000,4963339,5406866,5406873,0,0,0,0,0,0,0
1748632697921,-18750000,4974336,5333553,5425199,0,0,0,0,0,0,0
1748632698021,-18750000,4952342,5388539,5406873,0,0,0,0,0,0,0
1748632698121,-18750000,4963339,5425196,5425203,0,0,0,0,0,0,0
1748632698221,-18750000,4952342,5388539,5443529,0,0,0,0,0,0,0
1748632698321,-18750000,4937679,5241914,5461859,0,0,0,0,0,0,0
1748632698421,-18750000,4930348,5315231,5516846,0,0,0,0,0,0,0
1748632698521,-18750000,4926683,5351887,5553502,0,0,0,0,0,0,0
1748632698621,-18750000,4904688,5315231,5626814,0,0,0,0,0,0,0
1748632698721,-18750000,4908353,5498516,5645141,0,0,0,0,0,0,0
1748632698821,-18750000,4923016,5461859,5626811,0,0,0,0,0,0,0
1748632698921,-18750000,4912019,5535172,5626811,0,0,0,0,0,0,0
1748632699021,-18750000,4912019,5535172,5663467,0,0,0,0,0,0,0
1748632699121,-18750000,4919350,5461859,5700123,0,0,0,0,0,0,0
1748632699221,-18750000,4919350,5626818,5645141,0,0,0,0,0,0,0
1748632699321,-18750000,4926681,5626818,5663467,0,0,0,0,0,0,0
1748632699421,-18750000,4923016,5681801,5663467,0,0,0,0,0,0,0
1748632699521,-18750000,4934012,5645144,5663467,0,0,0,0,0,0,0
1748632699621,-18750000,4941344,5553502,5590155,0,0,0,0,0,0,0
1748632699721,-18750000,4941344,5461859,5590155,0,0,0,0,0,0,0
1748632699821,-18750000,4930346,5443533,5663471,0,0,0,0,0,0,0
1748632699921,-18750000,4926680,5443533,5663471,0,0,0,0,0,0,0
1748632700021,-18750000,4941343,5443533,5645141,0,0,0,0,0,0,0
1748632700121,-18750000,4937677,5516846,5590154,0,0,0,0,0,0,0
1748632700221,-18750000,4948675,5370217,5645137,0,0,0,0,0,0,0
1748632700321,-18750000,4948675,5425199,5700123,0,0,0,0,0,0,0
1748632700421,-18750000,4959671,5443529,5663467,0,0,0,0,0,0,0
1748632700521,-18750000,4963337,5480186,5645137,0,0,0,0,0,0,0
1748632700621,-18750000,4956006,5553498,5700119,0,0,0,0,0,0,0
1748632700721,-18750000,4952341,5516842,5681793,0,0,0,0,0,0,0
1748632700821,-18750000,4941344,5553498,5608477,0,0,0,0,0,0,0
1748632700921,-18750000,4948675,5590154,5590151,0,0,0,0,0,0,0
1748632701021,-18750000,4948675,5571824,5608481,0,0,0,0,0,0,0
1748632701121,-18750000,4934013,5553494,5645137,0,0,0,0,0,0,0
1748632701221,-18750000,4926682,5645137,5645137,0,0,0,0,0,0,0
1748632701321,-18750000,4912019,5626811,5645137,0,0,0,0,0,0,0
1748632701421,-18750000,4908354,5626811,5626807,0,0,0,0,0,0,0
1748632701521,-18750000,4893692,5645141,5608481,0,0,0,0,0,0,0
1748632701621,-18750000,4890026,5626814,5645141,0,0,0,0,0,0,0
1748632701721,-18750000,4882695,5663471,5608484,0,0,0,0,0,0,0
1748632701821,-18750000,4897358,5663471,5626814,0,0,0,0,0,0,0
1748632701921,-18750000,4886361,5608484,5608484,0,0,0,0,0,0,0
1748632702021,-18750000,4879030,5553502,5590154,0,0,0,0,0,0,0
1748632702121,-18750000,4897358,5498519,5553498,0,0,0,0,0,0,0
1748632702221,-18750000,4897358,5535176,5535172,0,0,0,0,0,0,0
1748632702321,-18750000,4912020,5608488,5443529,0,0,0,0,0,0,0
1748632702421,-18750000,4915685,5608488,5425203,0,0,0,0,0,0,0
1748632702521,-18750000,4923017,5571828,5443529,0,0,0,0,0,0,0
1748632702621,-18750000,4919351,5553498,5370213,0,0,0,0,0,0,0
1748632702721,-18750000,4930347,5571828,5388539,0,0,0,0,0,0,0
1748632702821,-18750000,4930347,5553498,5370209,0,0,0,0,0,0,0
1748632702921,-18750000,4923016,5553498,5425196,0,0,0,0,0,0,0
1748632703021,-18750000,4941344,5553498,5461856,0,0,0,0,0,0,0
1748632703121,-18750000,4930348,5626811,5516842,0,0,0,0,0,0,0
1748632703221,-18750000,4934013,5590154,5480186,0,0,0,0,0,0,0
1748632703321,-18750000,4923016,5535168,5461859,0,0,0,0,0,0,0
1748632703421,-18750000,4926682,5516838,5535172,0,0,0,0,0,0,0
1748632703521,-18750000,4912020,5498512,5498516,0,0,0,0,0,0,0
1748632703621,-18750000,4919351,5535168,5498516,0,0,0,0,0,0,0
1748632703721,-18750000,4904689,5516838,5535172,0,0,0,0,0,0,0
1748632703821,-18750000,4893692,5553494,5553502,0,0,0,0,0,0,0
1748632703921,-18750000,4890026,5590154,5516846,0,0,0,0,0,0,0
1748632704021,-18750000,4882694,5645137,5461859,0,0,0,0,0,0,0
1748632704121,-18750000,4871697,5626807,5425203,0,0,0,0,0,0,0
1748632704221,-18750000,4853368,5645133,5480186,0,0,0,0,0,0,0
1748632704321,-18750000,4860700,5645133,5571828,0,0,0,0,0,0,0
1748632704421,-18750000,4846037,5645133,5571828,0,0,0,0,0,0,0
1748632704521,-18750000,4842371,5681790,5571828,0,0,0,0,0,0,0
1748632704621,-18750000,4846037,5681790,5553502,0,0,0,0,0,0,0
1748632704721,-18750000,4853368,5645133,5553502,0,0,0,0,0,0,0
1748632704821,-18750000,4857034,5645133,5480189,0,0,0,0,0,0,0
1748632704921,-18750000,4871697,5571817,5498516,0,0,0,25,0,0,0
1748632705021,-18750000,4871697,5498504,5535172,0,0,0,25,205,231,0
1748632705121,-18750000,4897357,5498504,5498516,0,0,0,102,206,462,0
1748632705221,-18750000,4923017,5443522,5498516,0,0,0,180,412,693,0
1748632705321,-18750000,4923017,5425196,5443529,0,25,0,257,617,925,0
1748632705421,-18750000,4923017,5443526,5388543,0,51,0,335,823,1156,0
1748632705521,-18750000,4956008,5370213,5425199,0,51,0,412,1028,1388,0
1748632705621,-18750000,4948676,5370213,5480182,0,51,1,490,1234,1620,0
1748632705721,-18750000,4948676,5461856,5498512,0,51,1,490,1235,1851,0
1748632705821,-18750000,4956007,5480186,5553494,0,51,1,568,1440,2082,0
1748632705921,-18750000,4945011,5498516,5553494,0,76,1,542,1440,2313,0
1748632706021,-18750000,4934014,5461859,5553494,0,102,1,620,1440,2313,0
1748632706121,-18750000,4919351,5480189,5626807,0,128,1,620,1440,2083,0
1748632706221,-18750000,4890026,5553502,5626807,0,153,1,619,1439,1852,0
1748632706321,-18750000,4879029,5571828,5645133,0,128,1,541,1233,1620,0
1748632706421,-18750000,4893691,5571828,5681790,0,102,0,489,1028,1388,0
1748632706521,-18750000,4882694,5535168,5663463,0,102,0,412,822,1157,0
1748632706621,-18750000,4908354,5516842,5663463,0,102,0,334,616,925,0
1748632706721,-18750000,4890026,5443529,5645133,0,102,0,334,616,694,0
1748632706821,-18750000,4890026,5388543,5645133,0,102,0,256,410,463,0
1748632706921,-18750000,4886360,5370213,5645133,0,76,0,256,410,232,0
1748632707021,-18750000,4890026,5480182,5681789,0,51,0,179,204,0,0
1748632707121,-18750000,4882694,5443526,5663459,0,25,0,102,204,0,0
1748632707221,-18750000,4893691,5425196,5681789,0,0,0,25,0,0,0
1748632707321,-18750000,4908354,5406869,5663463,0,0,0,25,0,0,0
1748632707421,-18750000,4890025,5406869,5626807,0,0,0,0,0,0,0
1748632707521,-18750000,4879029,5553498,5645133,0,0,0,0,0,0,0
1748632707621,-18750000,4857034,5571824,5663463,0,0,0,0,0,0,0
1748632707721,-18750000,4871698,5535168,5663463,0,0,0,0,0,0,0
1748632707821,-18750000,4857035,5571824,5608481,0,0,0,0,0,0,0
1748632707921,-18750000,4868033,5663467,5608481,0,0,0,0,0,0,0
1748632708021,-18750000,4871698,5681797,5571824,0,0,0,0,0,0,0
1748632708121,-18750000,4882694,5718453,5571824,0,0,0,0,0,0,0
1748632708221,-18750000,4871697,5718453,5498512,0,0,0,0,0,0,0
1748632708321,-18750000,4860701,5718453,5516838,0,0,0,0,0,0,0
1748632708421,-18750000,4871698,5700123,5571825,0,0,0,0,0,0,0
1748632708521,-18750000,4864367,5535168,5535168,0,0,0,0,0,0,0
1748632708621,-18750000,4868033,5535168,5535168,0,0,0,0,0,0,0
1748632708721,-18750000,4864367,5590151,5590154,0,0,0,0,0,0,0
1748632708821,-18750000,4879029,5590151,5608481,0,0,0,0,0,0,0
1748632708921,-18750000,4886360,5535164,5590154,0,0,0,0,0,0,0
1748632709021,-18750000,4886360,5535164,5553498,0,0,0,0,0,0,0
1748632709121,-18750000,4875364,5406866,5590158,0,0,0,0,0,0,0
1748632709221,-18750000,4897357,5351883,5626814,0,0,0,0,0,0,0
1748632709321,-18750000,4904689,5370209,5645144,0,0,0,0,0,0,0
1748632709421,-18750000,4901023,5370209,5571832,0,0,0,0,0,0,0
1748632709521,-18750000,4919351,5498508,5553506,0,0,0,0,0,0,0
1748632709621,-18750000,4901022,5498508,5553506,0,0,0,0,0,0,0
1748632709721,-18750000,4912019,5553494,5443537,0,0,0,0,0,0,0
1748632709821,-18750000,4912019,5498512,5461867,0,0,0,0,0,0,0
1748632709921,-18750000,4912019,5443529,5480193,0,0,0,0,0,0,0
1748632710021,-18750000,4908354,5443529,5516849,0,0,0,0,0,0,0
1748632710121,-18750000,4919351,5498516,5443533,0,0,0,0,0,0,0
1748632710221,-18750000,4904688,5535172,5461859,0,0,0,0,0,0,0
1748632710321,-18750000,4915685,5553502,5498516,0,0,0,0,0,0,0
1748632710421,-18750000,4919351,5571832,5571828,0,0,0,0,0,0,0
1748632710521,-18750000,4908354,5553502,5645141,0,0,0,0,0,0,0
1748632710621,-18750000,4919351,5516846,5553498,0,0,0,0,0,0,0
1748632710721,-18750000,4912020,5461859,5626811,0,0,0,0,0,0,0
1748632710821,-18750000,4901023,5443529,5645137,0,0,0,0,0,0,0
1748632710921,-18750000,4886360,5498512,5681797,0,0,0,0,0,0,0
1748632711021,-18750000,4893692,5370213,5663467,0,0,0,0,0,0,0
1748632711121,-18750000,4893692,5443526,5663467,0,0,0,0,0,0,0
1748632711221,-18750000,4908354,5406869,5681797,0,0,0,0,0,0,0
1748632711321,-18750000,4890026,5315227,5626811,0,0,0,0,0,0,0
1748632711421,-18750000,4886360,5296897,5571824,0,0,0,0,0,0,0
1748632711521,-18750000,4871697,5296897,5590154,0,0,0,0,0,0,0
1748632711621,-18750000,4882693,5278571,5663467,0,0,0,0,0,0,0
1748632711721,-18750000,4875362,5186928,5608481,0,0,0,0,0,0,0
1748632711821,-18750000,4871697,5260241,5553498,0,0,0,0,0,0,0
1748632711921,-18750000,4882693,5278571,5461856,0,0,0,0,0,0,0
1748632712021,-18750000,4886359,5388540,5425199,0,0,0,0,0,0,0
1748632712121,-18750000,4893690,5351883,5480186,0,0,0,0,0,0,0
1748632712221,-18750000,4893690,5406866,5461856,0,0,0,0,0,0,0
1748632712321,-18750000,4893690,5480178,5406873,0,0,0,0,0,0,0
1748632712421,-18750000,4908352,5498508,5425203,0,0,0,0,0,0,0
1748632712521,-18750000,4930347,5516838,5388543,0,0,0,0,0,0,0
1748632712621,-18750000,4915684,5626807,5370217,0,0,0,0,0,0,0
1748632712721,-18750000,4926681,5663467,5388547,0,0,0,0,0,0,0
1748632712821,-18750000,4934012,5608484,5425203,0,0,0,0,0,0,0
1748632712921,-18750000,4915684,5590154,5480186,0,0,0,0,0,0,0
1748632713021,-18750000,4897356,5571828,5553502,0,0,0,0,0,0,0
1748632713121,-18750000,4886359,5535172,5516846,0,0,0,0,0,0,0
1748632713221,-18750000,4875363,5535172,5480189,0,0,0,0,0,0,0
1748632713321,-18750000,4868031,5535172,5516845,0,0,0,0,0,0,0
1748632713421,-18750000,4864366,5535172,5516845,0,0,0,0,0,0,0
1748632713521,-18750000,4857034,5516842,5535175,0,0,0,0,0,0,0
1748632713621,-18750000,4860700,5406873,5553502,0,0,0,0,0,0,0
1748632713721,-18750000,4853369,5425199,5516846,0,0,0,0,0,0,0
1748632713821,-18750000,4846038,5480182,5535172,0,0,0,0,0,0,0
1748632713921,-18750000,4853370,5480182,5535172,0,0,0,0,0,0,0
1748632714021,-18750000,4842373,5498508,5516842,0,0,0,0,0,0,0
1748632714121,-18750000,4835041,5553491,5571828,0,0,0,0,0,0,0
1748632714221,-18750000,4849704,5480178,5626814,0,0,0,0,0,0,0
1748632714321,-18750000,4853370,5498508,5645141,0,0,0,0,0,0,0
1748632714421,-18750000,4846039,5461852,5663467,0,0,0,0,0,0,0
1748632714521,-18750000,4831375,5461852,5700123,0,0,0,0,0,0,0
1748632714621,-18750000,4824043,5516834,5663467,0,0,0,0,0,0,0
1748632714721,-18750000,4831375,5571821,5663467,0,0,0,0,0,0,0
1748632714821,-18750000,4846037,5535164,5645141,0,0,0,0,0,0,0
1748632714921,-18750000,4842371,5535164,5590158,0,0,0,0,0,0,0
1748632715021,-18750000,4864365,5553494,5626814,0,0,0,0,0,0,0
1748632715121,-18750000,4879027,5553494,5535172,0,0,0,0,0,0,0
1748632715221,-18750000,4875361,5571824,5516842,0,0,0,0,0,0,0
1748632715321,-18750000,4864364,5553494,5535172,0,0,0,0,0,0,0
1748632715421,-18750000,4846036,5626807,5516846,0,0,0,0,0,0,0
1748632715521,-18750000,4853368,5608481,5425203,0,0,0,0,0,0,0
1748632715621,-18750000,4871696,5553498,5461859,0,0,0,0,0,0,0
1748632715721,-18750000,4864365,5535168,5480186,0,0,0,0,0,0,0
1748632715821,-18750000,4846036,5516842,5443529,0,0,0,0,0,0,0
1748632715921,-18750000,4860699,5516842,5443529,0,0,0,0,0,0,0
1748632716021,-18750000,4849702,5498512,5370217,0,0,0,0,0,0,0
1748632716121,-18750000,4827708,5516842,5370217,0,0,0,0,0,0,0
1748632716221,-18750000,4827708,5590154,5351891,0,0,0,0,0,0,0
1748632716321,-18750000,4860699,5498512,5333561,0,0,0,0,0,0,0
1748632716421,-18750000,4868030,5461856,5370217,0,0,0,0,0,0,0
1748632716521,-18750000,4871695,5406870,5461859,0,0,0,0,0,0,0
1748632716621,-18750000,4875361,5443526,5425203,0,0,0,0,0,0,0
1748632716721,-18750000,4882693,5406869,5461859,0,0,0,0,0,0,0
1748632716821,-18750000,4893690,5461852,5498516,0,0,0,0,0,0,0
1748632716921,-18750000,4886359,5480182,5498516,0,0,0,0,0,0,0
1748632717021,-18750000,4875362,5443526,5553502,0,0,0,0,0,0,0
1748632717121,-18750000,4893690,5461856,5608484,0,0,0,0,0,0,0
1748632717221,-18750000,4879028,5443526,5663471,0,0,0,0,0,0,0
1748632717321,-18750000,4868031,5535168,5608488,0,0,0,0,0,0,0
1748632717421,-18750000,4879028,5461856,5590158,0,0,0,0,0,0,0
1748632717521,-18750000,4879028,5535168,5571832,0,0,0,0,0,0,0
1748632717621,-18750000,4890026,5553494,5626818,0,0,0,0,0,0,0
1748632717721,-18750000,4890026,5571824,5645148,0,0,0,0,0,0,0
1748632717821,-18750000,4875362,5590154,5663475,0,0,0,0,0,0,0
1748632717921,-18750000,4864365,5571824,5755117,0,0,0,0,0,0,0
1748632718021,-18750000,4886359,5553498,5700131,0,0,0,0,0,0,0
1748632718121,-18750000,4875362,5498512,5700131,0,0,0,0,0,0,0
1748632718221,-18750000,4897356,5443529,5663471,0,0,0,0,0,0,0
1748632718321,-18750000,4901021,5406873,5663471,0,0,0,0,0,0,0
1748632718421,-18750000,4904686,5425199,5645144,0,0,0,0,0,0,0
1748632718521,-18750000,4897355,5425199,5626814,0,0,0,0,0,0,0
1748632718621,-18750000,4879027,5480186,5608484,0,0,0,0,0,0,0
1748632718721,-18750000,4875361,5516842,5535172,0,0,0,0,0,0,0
1748632718821,-18750000,4890025,5498512,5553502,0,0,0,0,0,0,0
1748632718921,-18750000,4897357,5425199,5535172,0,0,0,0,0,0,0
1748632719021,-18750000,4897357,5443526,5553498,0,0,0,0,0,0,0
1748632719121,-18750000,4904688,5425196,5553498,0,0,0,0,0,0,0
1748632719221,-18750000,4882694,5498508,5535172,0,0,0,0,0,0,0
1748632719321,-18750000,4875363,5590151,5553498,0,0,0,0,0,0,0
1748632719421,-18750000,4864367,5608481,5535168,0,0,0,0,0,0,0
1748632719521,-18750000,4879029,5553498,5516838,0,0,0,0,0,0,0
1748632719621,-18750000,4875363,5480186,5516838,0,0,0,0,0,0,0
1748632719721,-18750000,4857035,5461856,5516838,0,0,0,0,0,0,0
1748632719821,-18750000,4864366,5443529,5498508,0,0,0,0,0,0,0
1748632719921,-18750000,4875362,5498515,5443522,0,0,0,0,0,0,0
1748632720021,-18750000,4875362,5480189,5498508,0,0,0,0,0,0,0
1748632720121,-18750000,4871696,5516846,5443526,0,0,0,0,0,0,0
1748632720221,-18750000,4875362,5461859,5406869,0,0,0,0,0,0,0
1748632720321,-18750000,4882693,5351891,5443526,0,0,0,0,0,0,0
1748632720421,-18750000,4871696,5333561,5480182,0,0,0,0,0,0,0
1748632720521,-18750000,4875362,5388543,5443526,0,0,0,25,0,231,0
1748632720621,-18750000,4871697,5333557,5443526,0,0,0,25,0,231,0
1748632720721,-18750000,4886359,5351887,5443526,0,0,0,103,205,463,0
1748632720821,-18750000,4882693,5333557,5443526,0,25,0,180,411,694,0
1748632720921,-18750000,4890025,5370213,5480182,0,51,0,258,616,926,0
1748632721021,-18750000,4893691,5388539,5425196,0,76,0,336,822,1158,0
1748632721121,-18750000,4901022,5333557,5443522,0,102,1,413,1028,1389,0
1748632721221,-18750000,4901022,5370213,5498504,0,128,1,491,1233,1621,0
1748632721321,-18750000,4901022,5406869,5461848,0,153,1,568,1439,1852,0
1748632721421,-18750000,4904687,5351883,5480178,0,179,1,646,1644,2084,0
1748632721521,-18750000,4893690,5315227,5516834,0,204,1,698,1850,2084,0
1748632721621,-18750000,4904686,5333557,5516834,0,230,2,775,2056,2316,0
1748632721721,-18750000,4901021,5315227,5608477,0,256,2,775,2056,2316,0
1748632721821,-18750000,4890025,5333557,5663463,0,256,2,775,2056,2316,0
1748632721921,-18750000,4868031,5315227,5626807,0,230,2,775,2056,2316,0
1748632722021,-18750000,4857034,5315227,5608481,0,230,2,775,2056,2111,0
1748632722121,-18750000,4835040,5351883,5626811,0,230,2,774,1850,2111,0
1748632722221,-18750000,4842371,5351883,5663471,0,230,1,774,1850,2111,0
1748632722321,-18750000,4846037,5315227,5700127,0,204,1,774,1850,2111,0
1748632722421,-18750000,4868032,5370213,5681797,0,204,1,774,1850,1906,0
1748632722521,-18750000,4882694,5351887,5681797,0,204,1,697,1645,1880,0
1748632722621,-18750000,4882694,5370213,5681797,0,179,1,647,1645,1880,0
1748632722721,-18750000,4890026,5315231,5626811,0,153,1,569,1440,1648,0
1748632722821,-18750000,4901022,5278574,5571824,0,153,1,568,1439,1417,0
1748632722921,-18750000,4908353,5260248,5571824,0,153,0,491,1438,1185,0
1748632723021,-18750000,4919351,5186936,5553494,0,128,0,413,1232,1158,0
1748632723121,-18750000,4930348,5205262,5516838,0,102,0,336,1232,927,0
1748632723221,-18750000,4937679,5205262,5498508,0,76,0,259,1027,695,0
1748632723321,-18750000,4923016,5241918,5498508,0,76,0,181,821,464,0
1748632723421,-18750000,4923016,5296904,5425196,0,51,0,104,616,437,0
1748632723521,-18750000,4915685,5370217,5425196,0,25,0,103,615,232,0
1748632723621,-18750000,4904689,5370217,5388539,0,25,0,76,409,0,0
1748632723721,-18750000,4897357,5315231,5425196,0,25,0,76,409,0,0
1748632723821,-18750000,4890026,5370213,5461856,0,0,0,0,204,0,0
1748632723921,-18750000,4882695,5443526,5461856,0,0,0,0,0,0,0
1748632724021,-18750000,4868032,5516838,5461856,0,0,0,0,0,0,0
1748632724121,-18750000,4864366,5516838,5535168,0,0,0,0,0,0,0
1748632724221,-18750000,4849704,5443526,5480182,0,0,0,0,0,0,0
1748632724321,-18750000,4846038,5535168,5461856,0,0,0,0,0,0,0
1748632724421,-18750000,4831375,5443526,5516842,0,0,0,0,0,0,0
1748632724521,-18750000,4820379,5425196,5461859,0,0,0,0,0,0,0
1748632724621,-18750000,4827710,5406869,5498516,0,0,0,0,0,0,0
1748632724721,-18750000,4820378,5535168,5425203,0,0,0,0,0,0,0
1748632724821,-18750000,4820378,5480186,5425203,0,0,0,0,0,0,0
1748632724921,-18750000,4820378,5425199,5406877,0,0,0,0,0,0,0
1748632725021,-18750000,4835041,5425199,5461863,0,0,0,0,0,0,0
1748632725121,-18750000,4838707,5443529,5388551,0,0,0,0,0,0,0
1748632725221,-18750000,4838707,5516842,5425207,0,0,0,0,0,0,0
1748632725321,-18750000,4846038,5443526,5461863,0,0,0,0,0,0,0
1748632725421,-18750000,4853369,5498512,5498520,0,0,0,0,0,0,0
1748632725521,-18750000,4846037,5498512,5498520,0,0,0,0,0,0,0
1748632725621,-18750000,4842371,5553494,5461863,0,0,0,0,0,0,0
1748632725721,-18750000,4853369,5571824,5516846,0,0,0,0,0,0,0
1748632725821,-18750000,4842371,5700123,5461859,0,0,0,0,0,0,0
1748632725921,-18750000,4835040,5645141,5516842,0,0,0,0,0,0,0
1748632726021,-18750000,4835040,5626814,5461856,0,0,0,0,0,0,0
1748632726121,-18750000,4846037,5590158,5516838,0,0,0,0,0,0,0
1748632726221,-18750000,4857033,5590158,5535168,0,0,0,0,0,0,0
1748632726321,-18750000,4853368,5590158,5498512,0,0,0,0,0,0,0
1748632726421,-18750000,4864364,5663471,5461856,0,0,0,0,0,0,0
1748632726521,-18750000,4871696,5590158,5535168,0,0,0,0,0,0,0
1748632726621,-18750000,4864365,5590158,5590154,0,0,0,0,0,0,0
1748632726721,-18750000,4857034,5571828,5535172,0,0,0,0,0,0,0
1748632726821,-18750000,4871697,5443529,5553498,0,0,0,0,0,0,0
1748632726921,-18750000,4897357,5443529,5553498,0,0,0,0,0,0,0
1748632727021,-18750000,4890025,5516842,5590154,0,0,0,0,0,0,0
1748632727121,-18750000,4890025,5498512,5571828,0,0,0,0,0,0,0
1748632727221,-18750000,4875363,5498512,5516842,0,0,0,0,0,0,0
1748632727321,-18750000,4875363,5498512,5535168,0,0,0,0,0,0,0
1748632727421,-18750000,4868032,5388543,5608481,0,0,0,0,0,0,0
1748632727521,-18750000,4864366,5516842,5571824,0,0,0,0,0,0,0
1748632727621,-18750000,4864366,5480186,5498512,0,0,0,0,0,0,0
1748632727721,-18750000,4871697,5443529,5608481,0,0,0,0,0,0,0
1748632727821,-18750000,4864366,5498512,5571824,0,0,0,0,0,0,0
1748632727921,-18750000,4849703,5480182,5590154,0,0,0,0,0,0,0
1748632728021,-18750000,4838706,5535168,5535172,0,0,0,0,0,0,0
1748632728121,-18750000,4824043,5516842,5535172,0,0,0,0,0,0,0
1748632728221,-18750000,4835041,5425199,5571828,0,0,0,0,0,0,0
1748632728321,-18750000,4835041,5315231,5571828,0,0,0,0,0,0,0
1748632728421,-18750000,4824044,5370213,5535172,0,0,0,0,0,0,0
1748632728521,-18750000,4827710,5260244,5590158,0,0,0,0,0,0,0
1748632728621,-18750000,4824044,5296901,5681801,0,0,0,0,0,0,0
1748632728721,-18750000,4813047,5315227,5571832,0,0,0,0,0,0,0
1748632728821,-18750000,4802050,5260244,5535176,0,0,0,0,0,0,0
1748632728921,-18750000,4816712,5278574,5516846,0,0,0,0,0,0,0
1748632729021,-18750000,4827709,5260244,5590158,0,0,0,0,0,0,0
1748632729121,-18750000,4827709,5333557,5608485,0,0,0,0,0,0,0
1748632729221,-18750000,4820378,5388543,5571828,0,0,0,0,0,0,0
1748632729321,-18750000,4820378,5498512,5553502,0,0,0,0,0,0,0
1748632729421,-18750000,4831375,5535172,5553502,0,0,0,0,0,0,0
1748632729521,-18750000,4842371,5535172,5516842,0,0,0,0,0,0,0
1748632729621,-18750000,4846037,5480189,5480182,0,0,0,0,0,0,0
1748632729721,-18750000,4853369,5480189,5535164,0,0,0,0,0,0,0
1748632729821,-18750000,4875363,5590158,5608477,0,0,0,0,0,0,0
1748632729921,-18750000,4871697,5590158,5663463,0,0,0,0,0,0,0
1748632730021,-18750000,4860700,5498516,5626807,0,0,0,0,0,0,0
1748632730121,-18750000,4871697,5443529,5626807,0,0,0,0,0,0,0
1748632730221,-18750000,4871697,5480186,5608481,0,0,0,0,0,0,0
1748632730321,-18750000,4879028,5498516,5663467,0,0,0,0,0,0,0
1748632730421,-18750000,4879028,5425199,5645137,0,0,0,0,0,0,0
1748632730521,-18750000,4871697,5480182,5645137,0,0,0,0,0,0,0
1748632730621,-18750000,4875363,5535164,5663467,0,0,0,0,0,0,0
1748632730721,-18750000,4871697,5590151,5645141,0,0,0,0,0,0,0
1748632730821,-18750000,4871697,5443522,5645141,0,0,0,0,0,0,0
1748632730921,-18750000,4860700,5498504,5553498,0,0,0,0,0,0,0
1748632731021,-18750000,4879029,5443518,5571824,0,0,0,0,0,0,0
1748632731121,-18750000,4875363,5480174,5590154,0,0,0,0,0,0,0
1748632731221,-18750000,4882694,5535161,5590154,0,0,0,0,0,0,0
1748632731321,-18750000,4875363,5516831,5553494,0,0,0,0,0,0,0
1748632731421,-18750000,4864366,5571817,5553494,0,0,0,0,0,0,0
1748632731521,-18750000,4871698,5516834,5535168,0,0,0,0,0,0,0
1748632731621,-18750000,4868032,5571821,5498512,0,0,0,0,0,0,0
1748632731721,-18750000,4857034,5516834,5498512,0,0,0,0,0,0,0
1748632731821,-18750000,4860700,5590151,5498512,0,0,0,0,0,0,0
1748632731921,-18750000,4871697,5535168,5535168,0,0,0,0,0,0,0
1748632732021,-18750000,4868031,5571828,5535168,0,0,0,0,0,0,0
1748632732121,-18750000,4875362,5516846,5516838,0,0,0,0,0,0,0
1748632732221,-18750000,4864365,5425203,5571821,0,0,0,0,0,0,0
1748632732321,-18750000,4868030,5406877,5608481,0,0,0,0,0,0,0
1748632732421,-18750000,4882693,5443533,5590154,0,0,0,0,0,0,0
1748632732521,-18750000,4882693,5461859,5571824,0,0,0,0,0,0,0
1748632732621,-18750000,4897355,5351891,5571824,0,0,0,0,0,0,0
1748632732721,-18750000,4908352,5351891,5535168,0,0,0,0,0,0,0
1748632732821,-18750000,4904686,5388547,5480186,0,0,0,0,0,0,0
1748632732921,-18750000,4904686,5498516,5480186,0,0,0,0,0,0,0
1748632733021,-18750000,4897355,5443529,5480186,0,0,0,0,0,0,0
1748632733121,-18750000,4904686,5406869,5480186,0,0,0,0,0,0,0
1748632733221,-18750000,4904686,5535168,5443529,0,0,0,0,0,0,0
1748632733321,-18750000,4901021,5553494,5425199,0,0,0,0,0,0,0
1748632733421,-18750000,4882693,5425196,5498512,0,0,0,0,0,0,0
1748632733521,-18750000,4860699,5406869,5535168,0,0,0,0,0,0,0
1748632733621,-18750000,4860699,5370209,5553494,0,0,0,0,0,0,0
1748632733721,-18750000,4864365,5315227,5608477,0,0,0,0,0,0,0
1748632733821,-18750000,4846036,5296897,5626803,0,0,0,0,0,0,0
1748632733921,-18750000,4838705,5223584,5700119,0,0,0,0,0,0,0
1748632734021,-18750000,4838705,5241911,5663463,0,0,0,0,0,0,0
1748632734121,-18750000,4820377,5370213,5645137,0,0,0,0,0,0,0
1748632734221,-18750000,4816711,5333557,5626811,0,0,0,0,0,0,0
1748632734321,-18750000,4835039,5351887,5571824,0,0,0,0,0,0,0
1748632734421,-18750000,4838705,5425199,5498512,0,0,0,0,0,0,0
1748632734521,-18750000,4849702,5480182,5516842,0,0,0,0,0,0,0
1748632734621,-18750000,4835040,5516842,5535172,0,0,0,0,0,0,0
1748632734721,-18750000,4853368,5553498,5590158,0,0,0,0,0,0,0
1748632734821,-18750000,4849703,5535172,5626814,0,0,0,0,0,0,0
1748632734921,-18750000,4849703,5535172,5553498,0,0,0,0,0,0,0
1748632735021,-18750000,4846037,5626814,5571828,0,0,0,0,0,0,0
1748632735121,-18750000,4857034,5553498,5590154,0,0,0,0,0,0,0
1748632735221,-18750000,4875362,5425199,5645137,0,0,0,0,0,0,0
1748632735321,-18750000,4853368,5406869,5645137,0,0,0,0,0,0,0
1748632735421,-18750000,4849702,5425199,5681793,0,0,0,0,0,0,0
1748632735521,-18750000,4857034,5425199,5718449,0,0,0,0,0,0,0
1748632735621,-18750000,4857034,5498512,5700119,0,0,0,0,0,0,0
1748632735721,-18750000,4838706,5443526,5645133,0,0,0,0,0,0,0
1748632735821,-18750000,4849703,5388539,5608477,0,0,0,0,0,0,0
1748632735921,-18750000,4831375,5406866,5590151,0,0,0,0,0,0,0
1748632736021,-18750000,4827709,5351883,5553494,0,0,0,0,0,0,0
1748632736121,-18750000,4831375,5351883,5553494,0,0,0,0,0,0,0
1748632736221,-18750000,4820378,5406869,5590154,0,0,0,0,0,0,0
1748632736321,-18750000,4827709,5370213,5626811,0,0,0,0,0,0,0
1748632736421,-18750000,4842372,5351883,5571824,0,25,0,77,0,27,0
1748632736521,-18750000,4849703,5370213,5480182,0,25,0,103,0,233,0
1748632736621,-18750000,4864366,5296901,5480182,0,51,0,180,206,464,0
1748632736721,-18750000,4868031,5370213,5516842,0,51,0,258,412,670,0
1748632736821,-18750000,4875362,5388543,5516842,0,51,0,336,616,902,0
1748632736921,-18750000,4886359,5388543,5480186,0,51,0,361,822,1133,0
1748632737021,-18750000,4901022,5425199,5480186,0,51,0,439,822,1133,0
1748632737121,-18750000,4886359,5461856,5443529,0,51,0,439,822,1133,0
1748632737221,-18750000,4893691,5498512,5388543,0,76,0,439,822,1160,0
1748632737321,-18750000,4904688,5535168,5443529,0,76,0,439,822,1365,0
1748632737421,-18750000,4886359,5571828,5425203,0,51,0,439,1028,1544,0
1748632737521,-18750000,4879028,5553498,5406877,0,51,0,439,1027,1338,0
1748632737621,-18750000,4853369,5608481,5425207,0,25,0,361,821,1106,0
1748632737721,-18750000,4853369,5608481,5388547,0,25,0,284,616,901,0
1748632737821,-18750000,4846037,5700123,5425203,0,25,0,206,411,670,0
1748632737921,-18750000,4860700,5645141,5498516,0,25,0,180,205,439,0
1748632738021,-18750000,4849703,5645141,5553498,0,25,0,180,205,439,0
1748632738121,-18750000,4842371,5535172,5590154,0,25,0,180,205,439,0
1748632738221,-18750000,4827708,5571828,5590154,0,0,0,180,205,412,0
1748632738321,-18750000,4816711,5553502,5535168,0,0,0,180,205,206,0
1748632738421,-18750000,4824043,5516842,5608481,0,0,0,102,0,1,0
1748632738521,-18750000,4813045,5535172,5663463,0,0,0,76,0,1,0
1748632738621,-18750000,4838705,5480189,5645133,0,0,0,76,0,1,0
1748632738721,-18750000,4842371,5443533,5626807,0,0,0,76,0,0,0
1748632738821,-18750000,4842371,5388547,5571824,0,0,0,76,0,0,0
1748632738921,-18750000,4820377,5370217,5516838,0,0,0,76,0,0,0
1748632739021,-18750000,4820377,5388543,5516838,0,0,0,0,0,0,0
1748632739121,-18750000,4842372,5590154,5480182,0,0,0,0,0,0,0
1748632739221,-18750000,4860700,5553498,5443526,0,0,0,0,0,0,0
1748632739321,-18750000,4853369,5590154,5461856,0,0,0,0,0,0,0
1748632739421,-18750000,4868032,5608484,5461856,0,0,0,0,0,0,0
1748632739521,-18750000,4879029,5571828,5443529,0,0,0,0,0,0,0
1748632739621,-18750000,4857035,5608484,5425203,0,0,0,0,0,0,0
1748632739721,-18750000,4835041,5590158,5443529,0,0,0,0,0,0,0
1748632739821,-18750000,4846037,5590158,5480186,0,0,0,0,0,0,0
1748632739921,-18750000,4853368,5626814,5461859,0,0,0,0,0,0,0
1748632740021,-18750000,4857034,5626814,5516846,0,0,0,0,0,0,0
1748632740121,-18750000,4857034,5480189,5553502,0,0,0,0,0,0,0
1748632740221,-18750000,4846037,5406877,5608484,0,0,0,0,0,0,0
1748632740321,-18750000,4860700,5406877,5553498,0,0,0,0,0,0,0
1748632740421,-18750000,4853369,5425207,5516842,0,0,0,0,0,0,0
1748632740521,-18750000,4838705,5443533,5498512,0,0,0,0,0,0,0
1748632740621,-18750000,4835039,5443533,5571824,0,0,0,0,0,0,0
1748632740721,-18750000,4860699,5553502,5590154,0,0,0,0,0,0,0
1748632740821,-18750000,4842370,5571828,5590154,0,0,0,0,0,0,0
1748632740921,-18750000,4857033,5553502,5645137,0,0,0,0,0,0,0
1748632741021,-18750000,4849702,5516846,5608481,0,0,0,0,0,0,0
1748632741121,-18750000,4846036,5590158,5590154,0,0,0,0,0,0,0
1748632741221,-18750000,4857032,5608484,5571828,0,0,0,0,0,0,0
1748632741321,-18750000,4846036,5590154,5571828,0,0,0,0,0,0,0
1748632741421,-18750000,4838704,5553494,5553498,0,0,0,0,0,0,0
1748632741521,-18750000,4853368,5535168,5571828,0,0,0,0,0,0,0
1748632741621,-18750000,4882693,5535168,5535172,0,0,0,0,0,0,0
1748632741721,-18750000,4871697,5461856,5535172,0,0,0,0,0,0,0
1748632741821,-18750000,4890025,5516842,5590158,0,0,0,0,0,0,0
1748632741921,-18750000,4879029,5571824,5535176,0,0,0,0,0,0,0
1748632742021,-18750000,4890026,5626811,5461863,0,0,0,0,0,0,0
1748632742121,-18750000,4886361,5626811,5443533,0,0,0,0,0,0,0
1748632742221,-18750000,4893692,5626811,5461859,0,0,0,0,0,0,0
1748632742321,-18750000,4893692,5626811,5443533,0,0,0,0,0,0,0
1748632742421,-18750000,4904689,5626811,5443533,0,0,0,0,0,0,0
1748632742521,-18750000,4912020,5608481,5461859,0,0,0,0,0,0,0
1748632742621,-18750000,4912020,5571824,5443529,0,0,0,0,0,0,0
1748632742721,-18750000,4908354,5571824,5443529,0,0,0,0,0,0,0
1748632742821,-18750000,4908354,5516838,5351887,0,0,0,0,0,0,0
1748632742921,-18750000,4919350,5498512,5406869,0,0,0,0,0,0,0
1748632743021,-18750000,4912019,5480182,5406869,0,0,0,0,0,0,0
1748632743121,-18750000,4915684,5443526,5406869,0,0,0,0,0,0,0
1748632743221,-18750000,4908353,5498512,5406869,0,0,0,0,0,0,0
1748632743321,-18750000,4897356,5498512,5406869,0,0,0,0,0,0,0
1748632743421,-18750000,4901022,5516842,5443526,0,0,0,0,0,0,0
1748632743521,-18750000,4886359,5535172,5480186,0,0,0,0,0,0,0
1748632743621,-18750000,4871697,5590154,5535172,0,0,0,0,0,0,0
1748632743721,-18750000,4864366,5626811,5461859,0,0,0,0,0,0,0
1748632743821,-18750000,4849703,5626811,5461859,0,0,0,0,0,0,0
1748632743921,-18750000,4827709,5645137,5406877,0,0,0,0,0,0,0
1748632744021,-18750000,4846037,5608481,5443533,0,0,0,0,0,0,0
1748632744121,-18750000,4831375,5645137,5443533,0,0,0,0,0,0,0
1748632744221,-18750000,4827710,5571824,5443533,0,0,0,0,0,0,0
1748632744321,-18750000,4857035,5553498,5535176,0,0,0,0,0,0,0
1748632744421,-18750000,4838706,5498512,5480193,0,0,0,0,0,0,0
1748632744521,-18750000,4827709,5516838,5425207,0,0,0,0,0,0,0
1748632744621,-18750000,4838705,5461856,5370221,0,0,0,0,0,0,0
1748632744721,-18750000,4835039,5425199,5443533,0,0,0,0,0,0,0
1748632744821,-18750000,4824042,5425199,5516846,0,0,0,0,0,0,0
1748632744921,-18750000,4835039,5425199,5535172,0,0,0,0,0,0,0
1748632745021,-18750000,4816712,5461856,5498516,0,0,0,0,0,0,0
1748632745121,-18750000,4816712,5443526,5480189,0,0,0,0,0,0,0
1748632745221,-18750000,4816712,5461852,5461863,0,0,0,0,0,0,0
1748632745321,-18750000,4798384,5516838,5443533,0,0,0,0,0,0,0
1748632745421,-18750000,4802050,5553494,5461859,0,0,0,0,0,0,0
1748632745521,-18750000,4816712,5498512,5498516,0,0,0,0,0,0,0
1748632745621,-18750000,4802050,5498512,5480189,0,0,0,0,0,0,0
1748632745721,-18750000,4816713,5516838,5406877,0,0,0,0,0,0,0
1748632745821,-18750000,4827710,5535168,5370221,0,0,0,0,0,0,0
1748632745921,-18750000,4809382,5535168,5351894,0,0,0,0,0,0,0
1748632746021,-18750000,4794718,5535168,5351894,0,0,0,0,0,0,0
1748632746121,-18750000,4805716,5553498,5388551,0,0,0,0,0,0,0
1748632746221,-18750000,4791052,5590155,5351894,0,0,0,0,0,0,0
1748632746321,-18750000,4794718,5571825,5260252,0,0,0,0,0,0,0
1748632746421,-18750000,4809380,5590155,5260252,0,0,0,0,0,0,0
1748632746521,-18750000,4809380,5626811,5186939,0,0,0,0,0,0,0
1748632746621,-18750000,4824043,5645137,5205266,0,0,0,0,0,0,0
1748632746721,-18750000,4835039,5626811,5315234,0,0,0,0,0,0,0
1748632746821,-18750000,4849702,5571824,5333561,0,0,0,0,0,0,0
1748632746921,-18750000,4875362,5553498,5370217,0,0,0,0,0,0,0
1748632747021,-18750000,4882693,5535172,5406873,0,0,0,0,0,0,0
1748632747121,-18750000,4864364,5461859,5425199,0,0,0,0,0,0,0
1748632747221,-18750000,4871696,5461859,5480182,0,0,0,0,0,0,0
1748632747321,-18750000,4882693,5388547,5608481,0,0,0,0,0,0,0
1748632747421,-18750000,4879027,5260248,5608481,0,0,0,0,0,0,0
1748632747521,-18750000,4893690,5260248,5626807,0,0,0,0,0,0,0
1748632747621,-18750000,4897356,5296904,5590150,0,0,0,0,0,0,0
1748632747721,-18750000,4897356,5333561,5480182,0,0,0,0,0,0,0
1748632747821,-18750000,4897356,5315234,5480182,0,0,0,0,0,0,0
1748632747921,-18750000,4890025,5333561,5443526,0,0,0,0,0,0,0
1748632748021,-18750000,4912019,5241918,5498512,0,0,0,0,0,0,0
1748632748121,-18750000,4937679,5296901,5498512,0,0,0,0,0,0,0
1748632748221,-18750000,4945010,5296901,5516842,0,0,0,0,0,0,0
1748632748321,-18750000,4923016,5351883,5480186,0,0,0,0,0,0,0
1748632748421,-18750000,4901022,5480182,5480186,0,0,0,0,0,0,0
1748632748521,-18750000,4901022,5480182,5480186,0,0,0,0,0,0,0
1748632748621,-18750000,4897356,5535168,5498516,0,0,0,0,0,0,0
1748632748721,-18750000,4893691,5553498,5498516,0,0,0,0,0,0,0
1748632748821,-18750000,4871697,5553498,5498516,0,0,0,0,0,0,0
1748632748921,-18750000,4886360,5590158,5553498,0,0,0,0,0,0,0
1748632749021,-18750000,4879028,5718457,5516838,0,0,0,0,0,0,0
1748632749121,-18750000,4857034,5718457,5461856,0,0,0,0,0,0,0
1748632749221,-18750000,4864365,5718457,5388543,0,0,0,0,0,0,0
1748632749321,-18750000,4886360,5663474,5370213,0,0,0,0,0,0,0
1748632749421,-18750000,4897357,5645144,5351887,0,0,0,0,0,0,0
1748632749521,-18750000,4879029,5608488,5351887,0,0,0,0,0,0,0
1748632749621,-18750000,4879029,5498520,5351887,0,0,0,0,0,0,0
1748632749721,-18750000,4860700,5370217,5351887,0,0,0,0,0,0,0
1748632749821,-18750000,4882694,5443530,5351887,0,0,0,0,0,0,0
1748632749921,-18750000,4879028,5370213,5370217,0,0,0,0,0,0,0
1748632750021,-18750000,4875362,5370213,5370217,0,0,0,0,0,0,0
1748632750121,-18750000,4893691,5260244,5388543,0,0,0,0,0,0,0
1748632750221,-18750000,4879028,5260244,5388543,0,0,0,0,0,0,0
1748632750321,-18750000,4864366,5315227,5333561,0,0,0,0,0,0,0
1748632750421,-18750000,4875362,5315227,5388543,0,0,0,0,0,0,0
1748632750521,-18750000,4886359,5388539,5406873,0,0,0,0,0,0,0
1748632750621,-18750000,4871696,5388539,5443529,0,0,0,0,0,0,0
1748632750721,-18750000,4890025,5425199,5498512,0,0,0,0,0,0,0
1748632750821,-18750000,4893691,5406869,5498512,0,0,0,0,0,1,0
1748632750921,-18750000,4904688,5443526,5498512,0,0,0,0,205,232,0
1748632751021,-18750000,4915685,5443526,5498512,0,25,0,78,205,464,0
1748632751121,-18750000,4904689,5553495,5480186,0,51,0,156,411,696,0
1748632751221,-18750000,4923016,5461852,5535168,0,76,0,233,616,927,0
1748632751321,-18750000,4937679,5425196,5645137,0,102,1,311,822,1159,0
1748632751421,-18750000,4937679,5333553,5645137,0,128,1,388,1028,1390,0
1748632751521,-18750000,4930348,5351883,5608481,0,153,1,466,1233,1622,0
1748632751621,-18750000,4945010,5406866,5626811,0,179,1,544,1439,1854,0
1748632751721,-18750000,4941344,5461848,5645141,0,204,1,621,1644,2085,0
1748632751821,-18750000,4934013,5425192,5645141,0,230,2,699,1850,2316,0
1748632751921,-18750000,4930347,5370209,5626811,0,256,2,776,1850,2316,0
1748632752021,-18750000,4912019,5351879,5645141,0,256,2,776,2056,2316,0
1748632752121,-18750000,4923015,5351879,5718453,0,256,2,776,2056,2316,0
1748632752221,-18750000,4912019,5443522,5700127,0,256,2,776,2056,2316,0
1748632752321,-18750000,4912019,5535164,5663471,0,256,2,776,2056,2316,0
1748632752421,-18750000,4908353,5608481,5718457,0,256,2,776,2056,2316,0
1748632752521,-18750000,4915685,5571821,5791769,0,256,2,776,2056,2316,0
1748632752621,-18750000,4934013,5571821,5736783,0,256,2,776,2056,2316,0
1748632752721,-18750000,4930348,5461852,5718453,0,256,2,776,2056,2316,0
1748632752821,-18750000,4919350,5516838,5681797,0,256,2,776,2056,2316,0
1748632752921,-18750000,4904688,5535164,5681797,0,256,2,776,2056,2316,0
1748632753021,-18750000,4908354,5516838,5608484,0,256,2,776,2056,2316,0
1748632753121,-18750000,4901023,5516838,5553498,0,256,2,776,2056,2316,0
1748632753221,-18750000,4890025,5461856,5535168,0,256,2,699,2056,2316,0
1748632753321,-18750000,4882694,5425199,5498512,0,256,2,699,2056,2289,0
1748632753421,-18750000,4882694,5406869,5425199,0,256,2,699,2055,2083,0
1748632753521,-18750000,4871698,5406869,5370213,0,256,2,699,2054,1852,0
1748632753621,-18750000,4831376,5406869,5443525,0,230,1,622,2054,1852,0
1748632753721,-18750000,4816712,5443526,5480185,0,204,1,622,2054,1852,0
1748632753821,-18750000,4831375,5370213,5516842,0,179,1,544,1848,1825,0
1748632753921,-18750000,4816712,5425199,5480185,0,153,1,467,1643,1593,0
1748632754021,-18750000,4827709,5461856,5461855,0,128,1,389,1437,1362,0
1748632754121,-18750000,4820378,5425199,5461855,0,102,0,312,1232,1130,0
1748632754221,-18750000,4824044,5480182,5553498,0,76,0,311,1026,898,0
1748632754321,-18750000,4816712,5388539,5571824,0,51,0,233,820,694,0
1748632754421,-18750000,4805715,5406869,5608481,0,25,0,156,616,668,0
1748632754521,-18750000,4794718,5406869,5590154,0,0,0,78,411,668,0
1748632754621,-18750000,4809380,5370213,5553498,0,0,0,77,205,436,0
1748632754721,-18750000,4824043,5333557,5535168,0,0,0,0,0,204,0
1748632754821,-18750000,4816712,5461856,5516842,0,0,0,0,0,0,0
1748632754921,-18750000,4827709,5443526,5516842,0,0,0,0,0,0,0
1748632755021,-18750000,4809381,5425196,5516842,0,0,0,0,0,0,0
1748632755121,-18750000,4813047,5461852,5553498,0,0,0,0,0,0,0
1748632755221,-18750000,4813047,5461852,5443529,0,0,0,0,0,0,0
1748632755321,-18750000,4824043,5480182,5480189,0,0,0,0,0,0,0
1748632755421,-18750000,4820377,5498508,5406877,0,0,0,0,0,0,0
1748632755521,-18750000,4831375,5480182,5425203,0,0,0,0,0,0,0
1748632755621,-18750000,4838706,5480182,5388547,0,0,0,0,0,0,0
1748632755721,-18750000,4838706,5553494,5388547,0,0,0,0,0,0,0
1748632755821,-18750000,4831375,5443522,5406873,0,0,0,0,0,0,0
1748632755921,-18750000,4846037,5388539,5443529,0,0,0,0,0,0,0
1748632756021,-18750000,4853369,5370213,5516842,0,0,0,0,0,0,0
1748632756121,-18750000,4846037,5370213,5461859,0,0,0,0,0,0,0
1748632756221,-18750000,4842371,5425199,5516842,0,0,0,0,0,0,0
1748632756321,-18750000,4827709,5406869,5443526,0,0,0,0,0,0,0
1748632756421,-18750000,4835041,5388543,5498508,0,0,0,0,0,0,0
1748632756521,-18750000,4827709,5296900,5535164,0,0,0,0,0,0,0
1748632756621,-18750000,4820377,5315230,5553491,0,0,0,0,0,0,0
1748632756721,-18750000,4813045,5241918,5535161,0,0,0,0,0,0,0
1748632756821,-18750000,4820377,5333560,5516834,0,0,0,0,0,0,0
1748632756921,-18750000,4820377,5296900,5461852,0,0,0,0,0,0,0
1748632757021,-18750000,4820377,5315227,5461852,0,0,0,0,0,0,0
1748632757121,-18750000,4831374,5278570,5498508,0,0,0,0,0,0,0
1748632757221,-18750000,4831374,5241914,5480182,0,0,0,0,0,0,0
1748632757321,-18750000,4827708,5296900,5535168,0,0,0,0,0,0,0
1748632757421,-18750000,4842370,5333557,5535168,0,0,0,0,0,0,0
1748632757521,-18750000,4857034,5461856,5553498,0,0,0,0,0,0,0
1748632757621,-18750000,4838705,5516842,5498516,0,0,0,0,0,0,0
1748632757721,-18750000,4849703,5645141,5461859,0,0,0,0,0,0,0
1748632757821,-18750000,4849703,5535172,5461859,0,0,0,0,0,0,0
1748632757921,-18750000,4827708,5626814,5461859,0,0,0,0,0,0,0
1748632758021,-18750000,4820376,5590158,5443533,0,0,0,0,0,0,0
1748632758121,-18750000,4802048,5571832,5461859,0,0,0,0,0,0,0
1748632758221,-18750000,4805714,5571832,5480186,0,0,0,0,0,0,0
1748632758321,-18750000,4813046,5590158,5443529,0,0,0,0,0,0,0
1748632758421,-18750000,4813046,5571828,5425203,0,0,0,0,0,0,0
1748632758521,-18750000,4802048,5535172,5425203,0,0,0,0,0,0,0
1748632758621,-18750000,4805714,5553498,5461859,0,0,0,0,0,0,0
1748632758721,-18750000,4791052,5553498,5498516,0,0,0,0,0,0,0
1748632758821,-18750000,4780054,5608481,5498516,0,0,0,0,0,0,0
1748632758921,-18750000,4780054,5498512,5553498,0,0,0,0,0,0,0
1748632759021,-18750000,4787386,5516842,5535168,0,0,0,0,0,0,0
1748632759121,-18750000,4794718,5571824,5480186,0,0,0,0,0,0,0
1748632759221,-18750000,4791052,5626811,5461859,0,0,0,0,0,0,0
1748632759321,-18750000,4776388,5608484,5461859,0,0,0,0,0,0,0
1748632759421,-18750000,4758060,5626814,5498516,0,0,0,0,0,0,0
1748632759521,-18750000,4761726,5645141,5443529,0,0,0,0,0,0,0
1748632759621,-18750000,4758060,5590154,5406873,0,0,0,0,0,0,0
1748632759721,-18750000,4769057,5590154,5370217,0,0,0,0,0,0,0
1748632759821,-18750000,4783720,5571828,5370217,0,0,0,0,0,0,0
1748632759921,-18750000,4783720,5681797,5370217,0,0,0,0,0,0,0
1748632760021,-18750000,4776388,5700123,5351891,0,0,0,0,0,0,0
1748632760121,-18750000,4776388,5700123,5370217,0,0,0,0,0,0,0
1748632760221,-18750000,4787386,5626807,5370217,0,0,0,0,0,0,0
1748632760321,-18750000,4794717,5718449,5333561,0,0,0,0,0,0,0
1748632760421,-18750000,4805714,5663463,5296904,0,0,0,0,0,0,0
1748632760521,-18750000,4802048,5608481,5278578,0,0,0,0,0,0,0
1748632760621,-18750000,4805714,5590154,5351891,0,0,0,0,0,0,0
1748632760721,-18750000,4813046,5571824,5406877,0,0,0,0,0,0,0
1748632760821,-18750000,4802048,5553494,5443533,0,0,0,0,0,0,0
1748632760921,-18750000,4805714,5553494,5425207,0,0,0,0,0,0,0
1748632761023,-18750000,4794718,5553494,5480189,0,0,0,0,0,0,0
1748632761123,-18750000,4798384,5590154,5498519,0,0,0,0,0,0,0
1748632761223,-18750000,4791052,5608484,5443533,0,0,0,0,0,0,0
1748632761323,-18750000,4798384,5590154,5461859,0,0,0,0,0,0,0
1748632761423,-18750000,4780056,5626811,5516846,0,0,0,0,0,0,0
1748632761523,-18750000,4780056,5681793,5590158,0,0,0,0,0,0,0
1748632761623,-18750000,4787387,5718449,5553502,0,0,0,0,0,0,0
1748632761723,-18750000,4776390,5700123,5553502,0,0,0,0,0,0,0
1748632761823,-18750000,4787387,5718453,5535172,0,0,0,0,0,0,0
1748632761923,-18750000,4798384,5718453,5516842,0,0,0,0,0,0,0
1748632762023,-18750000,4816713,5718453,5516842,0,0,0,0,0,0,0
1748632762123,-18750000,4824044,5553494,5535168,0,0,0,0,0,0,0
1748632762223,-18750000,4813047,5498508,5590154,0,0,0,0,0,0,0
1748632762323,-18750000,4798384,5461852,5571828,0,0,0,0,0,0,0
1748632762423,-18750000,4813046,5333553,5553498,0,0,0,0,0,0,0
1748632762523,-18750000,4816712,5223584,5571828,0,0,0,0,0,0,0
1748632762623,-18750000,4820378,5205254,5535172,0,0,0,0,0,0,0
1748632762723,-18750000,4813047,5223581,5516842,0,0,0,0,0,0,0
1748632762823,-18750000,4802050,5296893,5461859,0,0,0,0,0,0,0
1748632762923,-18750000,4791053,5296893,5443533,0,0,0,0,0,0,0
1748632763023,-18750000,4791053,5333553,5461863,0,0,0,0,0,0,0
1748632763123,-18750000,4798384,5406869,5461863,0,0,0,0,0,0,0
1748632763223,-18750000,4813046,5443526,5425207,0,0,0,0,0,0,0
1748632763323,-18750000,4835041,5425196,5443533,0,0,0,0,0,0,0
1748632763423,-18750000,4824043,5553494,5388547,0,0,0,0,0,0,0
1748632763523,-18750000,4824043,5663463,5370217,0,0,0,0,0,0,0
1748632763623,-18750000,4816711,5663463,5443529,0,0,0,0,0,0,0
1748632763723,-18750000,4827709,5663463,5461859,0,0,0,0,0,0,0
1748632763823,-18750000,4835040,5645137,5498516,0,0,0,0,0,0,0
1748632763923,-18750000,4838706,5626811,5553498,0,0,0,0,0,0,0
1748632764023,-18750000,4849702,5553494,5535168,0,0,0,0,0,0,0
1748632764123,-18750000,4849702,5498508,5535168,0,0,0,0,0,0,0
1748632764223,-18750000,4849702,5443526,5590151,0,0,0,0,0,0,0
1748632764323,-18750000,4842371,5443526,5571824,0,0,0,0,0,0,0
1748632764423,-18750000,4842371,5443526,5608481,0,0,0,0,0,0,0
1748632764523,-18750000,4846036,5333557,5590151,0,0,0,0,0,0,0
1748632764623,-18750000,4838705,5315231,5571821,0,0,0,0,0,0,0
1748632764723,-18750000,4838705,5315231,5553491,0,0,0,0,0,0,0
1748632764823,-18750000,4842371,5168602,5571817,0,0,0,0,0,0,0
1748632764923,-18750000,4831374,5113616,5590147,0,0,0,0,0,0,0
1748632765023,-18750000,4809380,5131946,5553491,0,0,0,0,0,0,0
1748632765123,-18750000,4783721,5223588,5553491,0,0,0,0,0,0,0
1748632765223,-18750000,4791052,5241914,5571821,0,0,0,0,0,0,0
1748632765323,-18750000,4783720,5241914,5626803,0,0,0,0,0,0,0
1748632765423,-18750000,4805714,5168602,5626803,0,0,0,0,0,0,0
1748632765523,-18750000,4805714,5241914,5608477,0,0,0,0,0,0,0
1748632765623,-18750000,4820378,5223584,5608477,0,0,0,0,0,0,0
1748632765723,-18750000,4798383,5150272,5608477,0,0,0,0,0,0,0
1748632765823,-18750000,4783720,5260241,5608477,0,0,0,0,0,0,0
1748632765923,-18750000,4787385,5333553,5590147,0,0,0,0,0,0,0
1748632766023,-18750000,4787385,5351879,5626803,0,0,0,0,0,0,0
1748632766123,-18750000,4813045,5296893,5590147,0,0,0,0,0,0,0
1748632766223,-18750000,4802048,5333549,5590147,0,0,0,0,0,0,0
1748632766323,-18750000,4813045,5315223,5571821,0,25,0,77,205,1,0
1748632766423,-18750000,4794717,5351879,5553494,0,51,0,155,411,206,0
1748632766523,-18750000,4794717,5351879,5571821,0,76,0,232,616,437,0
1748632766623,-18750000,4772722,5315223,5535164,0,102,0,310,822,669,0
1748632766723,-18750000,4772722,5315223,5498508,0,128,1,388,1028,900,0
1748632766823,-18750000,4816711,5333553,5516838,0,153,1,465,1233,1132,0
1748632766923,-18750000,4816711,5370213,5461856,0,179,1,543,1439,1364,0
1748632767023,-18750000,4827709,5333557,5425199,0,204,1,620,1644,1595,0
1748632767123,-18750000,4831375,5425199,5425199,0,230,1,698,1850,1827,0
1748632767223,-18750000,4831375,5425199,5425199,0,256,2,776,2056,2058,0
1748632767323,-18750000,4813045,5425199,5388543,0,256,2,776,2056,2289,0
1748632767423,-18750000,4813045,5425199,5388543,0,256,2,776,2056,2316,0
1748632767523,-18750000,4820377,5425199,5370217,0,256,2,776,2056,2316,0
1748632767623,-18750000,4827708,5516842,5406873,0,256,2,776,2056,2316,0
1748632767723,-18750000,4820377,5516842,5406873,0,256,2,776,2056,2316,0
1748632767823,-18750000,4827708,5516842,5425203,0,256,2,776,2056,2316,0
1748632767923,-18750000,4816711,5516842,5480186,0,230,2,776,2056,2111,0
1748632768023,-18750000,4816711,5425199,5535172,0,230,2,776,2056,2111,0
1748632768123,-18750000,4816711,5425199,5571828,0,230,1,776,2056,2111,0
1748632768223,-18750000,4809380,5406869,5571828,0,204,1,724,2056,2110,0
1748632768323,-18750000,4813046,5480186,5553498,0,204,1,647,2055,1905,0
1748632768423,-18750000,4816712,5370213,5553498,0,179,1,569,1849,1674,0
1748632768523,-18750000,4813046,5351887,5590154,0,153,1,492,1644,1442,0
1748632768623,-18750000,4835041,5351887,5590154,0,128,1,414,1438,1210,0
1748632768723,-18750000,4835041,5315231,5571828,0,102,0,336,1232,979,0
1748632768823,-18750000,4842372,5296904,5571824,0,76,0,259,1027,747,0
1748632768923,-18750000,4835041,5406873,5571824,0,76,0,181,821,720,0
1748632769023,-18750000,4827709,5333561,5535172,0,51,0,104,616,489,0
1748632769123,-18750000,4816712,5388547,5535172,0,25,0,26,410,257,0
1748632769223,-18750000,4816712,5370221,5498516,0,25,0,0,204,27,0
1748632769323,-18750000,4831375,5315234,5498516,0,0,0,0,0,0,0
1748632769423,-18750000,4824043,5425207,5516846,0,0,0,0,0,0,0
1748632769523,-18750000,4813046,5406877,5516846,0,0,0,0,0,0,0
1748632769623,-18750000,4809380,5443533,5480189,0,0,0,0,0,0,0
1748632769723,-18750000,4813045,5425203,5480189,0,0,0,0,0,0,0
1748632769823,-18750000,4791051,5443529,5480189,0,0,0,0,0,0,0
1748632769923,-18750000,4787385,5370217,5443533,0,0,0,0,0,0,0
1748632770023,-18750000,4802047,5425199,5406873,0,0,0,0,0,0,0
1748632770123,-18750000,4827707,5480182,5480186,0,0,0,0,0,0,0
1748632770223,-18750000,4805713,5535168,5535172,0,0,0,0,0,0,0
1748632770323,-18750000,4783719,5535168,5516842,0,0,0,0,0,0,0
1748632770423,-18750000,4794716,5516838,5535168,0,0,0,0,0,0,0
1748632770523,-18750000,4794716,5498512,5498512,0,0,0,0,0,0,0
1748632770623,-18750000,4791051,5535168,5553494,0,0,0,0,0,0,0
1748632770723,-18750000,4787386,5516842,5498512,0,0,0,0,0,0,0
1748632770823,-18750000,4798383,5516842,5480182,0,0,0,0,0,0,0
1748632770923,-18750000,4794718,5553498,5498512,0,0,0,0,0,0,0
1748632771023,-18750000,4780055,5535172,5461856,0,0,0,0,0,0,0
1748632771123,-18750000,4772724,5498516,5443526,0,0,0,0,0,0,0
1748632771223,-18750000,4798384,5425199,5461856,0,0,0,0,0,0,0
1748632771323,-18750000,4802049,5443526,5498512,0,0,0,0,0,0,0
1748632771423,-18750000,4794717,5388543,5480186,0,0,0,0,0,0,0
1748632771523,-18750000,4794717,5461856,5498512,0,0,0,0,0,0,0
1748632771623,-18750000,4769057,5333557,5461856,0,0,0,0,0,0,0
1748632771723,-18750000,4780055,5443526,5516838,0,0,0,0,0,0,0
1748632771823,-18750000,4780055,5443526,5516838,0,0,0,0,0,0,0
1748632771923,-18750000,4780055,5443526,5516838,0,0,0,0,0,0,0
1748632772023,-18750000,4780055,5443526,5516838,0,0,0,0,0,0,0
1748632772123,-18750000,4780055,5443526,5516838,0,0,0,0,0,0,0
1748632772223,-18750000,4780055,5443526,5516838,0,0,0,0,0,0,0
1748632772323,-18750000,4780055,5443526,5516838,0,0,0,0,0,0,0
1748632772423,-18750000,4780055,5443526,5516838,0,0,0,0,0,0,0
1748632772523,-18750000,4780055,5443526,5516838,0,0,0,0,0,0,0
1748632772623,-18750000,4780055,5443526,5516838,0,0,0,0,0,0,0
1748632772723,-18750000,4780055,5370213,5535168,0,0,0,0,0,0,0
1748632772823,-18750000,4776389,5370213,5535168,0,0,0,0,0,0,0
1748632772923,-18750000,4794717,5351883,5571824,0,0,0,0,0,0,0
1748632773023,-18750000,4791052,5370213,5773439,0,0,0,0,0,0,0
1748632773123,-18750000,4805714,5461856,5938394,0,0,0,0,0,0,0
1748632773223,-18750000,4846037,5388543,6103353,0,0,0,0,0,0,0
1748632773323,-18750000,4893692,5443526,6286638,0,0,0,0,0,0,0
1748632773423,-18750000,4945011,5443526,6249982,0,0,0,0,0,0,0
1748632773523,-18750000,4988999,5626811,6268312,0,0,0,0,0,0,0
1748632773623,-18750000,5003662,5626811,6268312,0,0,0,0,0,0,0
1748632773723,-18750000,5029322,5700123,6268312,0,0,0,0,0,0,0
1748632773823,-18750000,5073310,5681793,6378281,0,0,0,0,0,0,0
1748632773923,-18750000,5080641,5773436,6414941,0,0,0,0,0,0,0
1748632774023,-18750000,5106301,5810092,6176669,0,0,0,0,0,0,0
1748632774123,-18750000,5120964,5810092,5993384,0,0,0,0,0,0,0
1748632774223,-18750000,5109967,5901734,5755113,0,0,0,0,0,0,0
1748632774323,-18750000,5084307,5883408,5626814,0,0,0,0,0,0,0
1748632774423,-18750000,5051316,5901738,5663471,0,0,0,0,0,0,0
1748632774523,-18750000,5043984,5883412,5700127,0,0,0,0,0,0,0
1748632774623,-18750000,5054981,5846756,5791769,0,0,0,0,0,0,0
1748632774723,-18750000,5069645,5846756,5865082,0,0,0,0,0,0,0
1748632774823,-18750000,5073311,5846756,5791769,0,0,0,0,0,0,0
1748632774923,-18750000,5080642,5828429,5773439,0,0,0,0,0,0,0
1748632775023,-18750000,5084307,5755117,5791769,0,0,0,0,0,0,0
1748632775123,-18750000,5065979,5681804,5773439,0,0,0,0,0,0,0
1748632775223,-18750000,5069645,5663474,5810096,0,0,0,0,0,0,0
1748632775323,-18750000,5069645,5681801,5718453,0,0,0,0,0,0,0
1748632775423,-18750000,5073310,5608484,5755113,0,0,0,0,0,0,0
1748632775523,-18750000,5058647,5608484,5681801,0,0,0,0,0,0,0
1748632775623,-18750000,5054981,5645141,5718457,0,0,0,0,0,0,0
1748632775723,-18750000,5032987,5663471,5791769,0,0,0,0,0,0,0
1748632775823,-18750000,5014658,5663471,5736783,0,0,0,0,0,0,0
1748632775923,-18750000,5018324,5590154,5681797,0,0,0,0,0,0,0
1748632776023,-18750000,5018324,5663467,5791766,0,0,0,0,0,0,0
1748632776123,-18750000,5014658,5663467,5791766,0,0,0,0,0,0,0
1748632776223,-18750000,5029321,5718453,5846752,0,0,0,0,0,0,0
1748632776323,-18750000,5040318,5773439,5883408,0,0,0,0,0,0,0
1748632776423,-18750000,5069644,5865082,5883408,0,0,0,0,0,0,0
1748632776523,-18750000,5076975,5901738,5938391,0,0,0,0,0,0,0
1748632776623,-18750000,5065978,5846752,5773436,0,0,0,0,0,0,0
1748632776723,-18750000,5051315,5883408,5626811,0,0,0,0,0,0,0
1748632776823,-18750000,5054981,5883408,5755109,0,0,0,0,0,0,0
1748632776923,-18750000,5058646,5956724,5883408,0,0,0,0,0,0,0
1748632777023,-18750000,5065977,5956724,5791766,0,0,0,0,0,0,0
1748632777123,-18750000,5080640,5938394,5810096,0,0,0,0,0,0,0
1748632777223,-18750000,5080640,5901738,5810096,0,0,0,0,0,0,0
1748632777323,-18750000,5080640,5865082,5846752,0,0,0,0,0,0,0
1748632777423,-18750000,5065978,5810096,5810092,0,0,0,0,0,0,0
1748632777523,-18750000,5084306,5718453,5810092,0,0,0,0,0,0,0
1748632777623,-18750000,5087972,5773439,5791766,0,0,0,0,0,0,0
1748632777723,-18750000,5095304,5736783,5773436,0,0,0,0,0,0,0
1748632777823,-18750000,5102636,5736783,5755109,0,0,0,0,0,0,0
1748632777923,-18750000,5102636,5700123,5791766,0,0,0,0,0,0,0
1748632778023,-18750000,5102636,5718453,5810096,0,0,0,0,0,0,0
1748632778123,-18750000,5098970,5773439,5755109,0,0,0,0,0,0,0
1748632778223,-18750000,5084307,5700127,5718453,0,0,0,0,0,0,0
1748632778323,-18750000,5084307,5681797,5663467,0,0,0,0,0,0,0
1748632778423,-18750000,5084307,5681797,5663467,0,0,0,0,0,0,0
1748632778523,-18750000,5084307,5681797,5663467,0,0,0,0,0,0,0
1748632778623,-18750000,5084307,5681797,5663467,0,0,0,0,0,0,0
1748632778723,-18750000,5084307,5681797,5663467,0,0,0,0,0,0,0
1748632778823,-18750000,5084307,5681797,5663467,0,0,0,0,0,0,0
1748632778923,-18750000,5084307,5681797,5663467,0,0,0,0,0,0,0
1748632779023,-18750000,5084307,5681797,5663467,0,0,0,0,0,0,0
1748632779123,-18750000,5084307,5681797,5663467,0,0,0,0,0,0,0
1748632779223,-18750000,5084307,5681797,5663467,0,0,0,0,0,0,0
1748632779323,-18750000,5065979,5700127,5590154,0,0,0,0,0,0,0
1748632779423,-18750000,5025656,5663471,5553498,0,0,0,0,0,0,0
1748632779523,-18750000,5003662,5535172,5590154,0,0,0,0,0,0,0
1748632779623,-18750000,4992665,5480186,5590154,0,0,0,0,0,0,0
1748632779723,-18750000,4967005,5461859,5461855,0,0,0,0,0,0,0
1748632779823,-18750000,4904688,5406877,5296900,0,0,0,0,0,0,0
1748632779923,-18750000,4846037,5315234,5260244,0,0,0,0,0,0,0
1748632780023,-18750000,4787387,5260248,5278574,0,0,0,0,0,0,0
1748632780123,-18750000,4732401,5333561,5278574,0,0,0,0,0,0,0
1748632780223,-18750000,4662752,5223592,5260248,0,0,0,0,0,0,0
1748632780323,-18750000,4615098,5131949,5223592,0,0,0,0,0,0,0
1748632780423,-18750000,4582106,5131949,5186935,0,0,0,0,0,0,0
1748632780523,-18750000,4549115,5095293,5131949,0,0,0,0,0,0,0
1748632780623,-18750000,4497796,5076967,5113623,0,0,0,0,0,0,0
1748632780723,-18750000,4461139,4985324,5113623,0,0,0,0,0,0,0
1748632780823,-18750000,4453807,4966994,5095297,0,0,0,0,0,0,0
1748632780923,-18750000,4428148,5003651,5040311,0,0,0,0,0,0,0
1748632781023,-18750000,4428148,4966994,5003654,0,0,0,0,0,0,0
1748632781123,-18750000,4431813,4930338,4966998,0,0,0,0,0,0,0
1748632781223,-18750000,4431813,4966994,4930338,0,0,0,0,0,0,0
1748632781323,-18750000,4446475,4948664,5021981,0,0,0,0,0,0,0
1748632781423,-18750000,4442810,4930334,5021981,0,0,0,0,0,0,0
1748632781523,-18750000,4439144,5003647,5021981,0,0,0,0,0,0,0
1748632781623,-18750000,4431813,5040303,4966994,0,0,0,0,0,0,0
1748632781723,-18750000,4406153,5113616,4966994,0,0,0,0,0,0,0
1748632781823,-18750000,4391491,5186928,4930334,0,0,0,0,0,0,0
1748632781923,-18750000,4376828,5113612,4948664,0,0,0,0,0,0,0
1748632782023,-18750000,4347503,5131942,4893678,0,0,0,0,0,0,0
1748632782123,-18750000,4303514,5040299,4857018,0,0,0,0,0,0,0
1748632782223,-18750000,4277855,5058629,4875348,0,0,0,0,0,0,0
1748632782323,-18750000,4233866,5058629,4783706,0,0,0,0,0,0,0
1748632782423,-18750000,4204541,5021973,4802036,0,0,0,0,0,0,0
1748632782523,-18750000,4175216,4985317,4747049,0,0,0,0,0,0,0
1748632782623,-18750000,4167884,4948661,4765376,0,0,0,0,0,0,0
1748632782723,-18750000,4160552,4838692,4710389,0,0,0,0,0,0,0
1748632782823,-18750000,4127561,4747049,4728719,0,0,0,0,0,0,0
1748632782923,-18750000,4094570,4673737,4692059,0,0,0,0,0,0,0
1748632783023,-18750000,4068910,4563764,4673729,0,0,0,0,0,0,0
1748632783123,-18750000,4068910,4563764,4673729,0,0,0,0,0,0,0
1748632783223,-18750000,4068910,4563764,4673729,0,0,0,0,0,0,0
1748632783323,-18750000,4068910,4563764,4673729,0,0,0,0,0,0,0
1748632783423,-18750000,4068910,4563764,4673729,0,0,0,0,0,0,0
1748632783523,-18750000,4068910,4563764,4673729,0,0,0,0,0,0,0
1748632783623,-18750000,4068910,4563764,4673729,0,0,0,0,0,0,0
1748632783723,-18750000,4068910,4563764,4673729,0,0,0,0,0,0,0
1748632783823,-18750000,4068910,4563764,4673729,0,0,0,0,0,0,0
1748632783923,-18750000,4068910,4563764,4673729,0,0,0,0,0,0,0
1748632784023,-18750000,4039585,4545434,4673729,0,0,0,0,0,0,0
1748632784123,-18750000,4002929,4472118,4637073,0,0,0,0,0,0,0
1748632784223,-18750000,3966272,4453792,4783702,0,0,0,0,0,0,0
1748632784323,-18750000,3955275,4453792,4857014,0,0,0,0,0,0,0
1748632784423,-18750000,3947944,4472122,5058629,0,0,0,0,0,0,0
1748632784523,-18750000,3951609,4453792,5223588,0,0,0,0,0,0,0
1748632784623,-18750000,3984601,4527104,5351887,0,0,0,0,0,0,0
1748632784723,-18750000,4010260,4563764,5480186,0,0,0,0,0,0,0
1748632784823,-18750000,4061580,4618751,5608488,0,0,0,0,0,0,0
1748632784923,-18750000,4116565,4710393,5718461,0,0,0,0,0,0,0
1748632785023,-18750000,4182547,4728723,5828433,0,0,0,0,0,0,0
1748632785123,-18750000,4270524,4802039,5956732,0,0,0,0,0,0,0
1748632785223,-18750000,4343837,4820366,5938402,0,0,0,0,0,0,0
1748632785323,-18750000,4417151,4820366,5920072,0,0,0,0,0,0,0
1748632785423,-18750000,4505128,4783706,5938398,0,0,0,0,0,0,0
1748632785523,-18750000,4560113,4857018,5938398,0,0,0,0,0,0,0
1748632785623,-18750000,4593104,4893674,5975054,0,0,0,0,0,0,0
1748632785723,-18750000,4662752,4875344,6030041,0,0,0,0,0,0,0
1748632785823,-18750000,4703075,4985313,6085023,0,0,0,0,0,0,0
1748632785923,-18750000,4761726,5095286,6140009,0,0,0,0,0,0,0
1748632786023,-18750000,4809380,5241914,6249978,0,0,0,0,0,0,0
1748632786123,-18750000,4849703,5260241,6341621,0,0,0,0,0,0,0
1748632786223,-18750000,4915685,5406869,6414933,0,0,0,0,0,0,0
1748632786323,-18750000,4959673,5553498,6506576,0,0,0,0,0,0,0
1748632786423,-18750000,4999996,5645141,6579892,0,0,0,0,0,0,0
1748632786523,-18750000,5051315,5663471,6634874,0,0,0,0,0,0,0
1748632786623,-18750000,5120963,5755113,6671531,0,0,0,0,0,0,0
1748632786723,-18750000,5161285,5791769,6653201,0,0,0,0,0,0,0
1748632786823,-18750000,5230933,5810099,6671531,0,0,0,0,0,0,0
1748632786923,-18750000,5267590,5846756,6799829,0,0,0,0,0,0,0
1748632787023,-18750000,5315244,5810096,6799829,0,0,0,0,0,0,0
1748632787123,-18750000,5377561,5883412,6818156,0,0,0,0,0,0,0
1748632787223,-18750000,5410552,5865086,6836486,0,0,0,0,0,0,0
1748632787323,-18750000,5465537,5846756,6873142,0,0,0,0,0,0,0
1748632787423,-18750000,5494863,5956728,6836482,0,0,0,0,0,0,0
1748632787523,-18750000,5527854,5993384,6818156,0,0,0,0,0,0,0
1748632787623,-18750000,5538851,5938398,6873142,0,0,0,0,0,0,0
1748632787723,-18750000,5586505,5993384,6891472,0,0,0,0,0,0,0
1748632787823,-18750000,5608500,6030041,6891472,0,0,0,0,0,0,0
1748632787923,-18750000,5630494,6030041,6854812,0,0,0,0,0,0,0
1748632788023,-18750000,5663485,6176669,6891472,0,0,0,0,0,0,0
1748632788123,-18750000,5678148,6194996,6891472,0,0,0,0,0,0,0
1748632788223,-18750000,5703808,6213322,6928128,0,0,0,0,0,0,0
1748632788323,-18750000,5696477,6323290,6928128,0,0,0,0,0,0,0
1748632788423,-18750000,5725802,6304960,6946458,0,0,0,0,0,0,0
1748632788523,-18750000,5751461,6378273,7001444,0,0,0,0,0,0,0
1748632788623,-18750000,5795450,6488245,7019774,0,0,0,0,0,0,0
1748632788723,-18750000,5810112,6598214,7019774,0,0,0,0,0,0,0
1748632788823,-18750000,5813777,6671527,6928132,0,0,0,0,0,0,0
1748632788923,-18750000,5846769,6634870,6799833,0,0,0,0,0,0,0
1748632789023,-18750000,5832106,6598214,6763173,0,0,0,0,0,0,0
1748632789123,-18750000,5846769,6653201,6799833,0,0,0,0,0,0,0
1748632789223,-18750000,5850435,6689857,6763177,0,0,0,0,0,0,0
1748632789323,-18750000,5887092,6653201,6781507,0,0,0,0,0,0,0
1748632789423,-18750000,5876096,6598218,6818163,0,0,0,0,0,0,0
1748632789523,-18750000,5876096,6506579,6781503,0,0,0,0,0,0,0
1748632789623,-18750000,5868764,6488249,6726517,0,0,0,0,0,0,0
1748632789723,-18750000,5850436,6396611,6744843,0,0,0,0,0,0,0
1748632789823,-18750000,5865098,6433271,6873142,0,0,0,0,0,0,0
1748632789923,-18750000,5868764,6506583,7001440,0,0,0,0,0,0,0
1748632790023,-18750000,5901755,6506583,7019770,0,0,0,0,0,0,0
1748632790123,-18750000,5898089,6506583,7019770,0,0,0,0,0,0,0
1748632790223,-18750000,5923749,6469927,7056427,0,0,0,0,0,0,0
1748632790323,-18750000,5905421,6488257,7038097,0,0,0,0,0,0,0
1748632790423,-18750000,5931080,6543239,6836485,0,0,0,0,0,0,0
1748632790523,-18750000,5927415,6543239,6689860,0,0,0,0,0,0,0
1748632790623,-18750000,5909087,6561569,6543232,0,0,0,0,0,0,0
1748632790723,-18750000,5901755,6616552,6451593,0,0,0,0,0,0,0
1748632790823,-18750000,5894424,6579892,6414937,0,0,0,0,0,0,0
1748632790923,-18750000,5883427,6579892,6433267,0,0,0,0,0,0,0
1748632791023,-18750000,5865098,6488249,6396610,0,0,0,0,0,0,0
1748632791123,-18750000,5872430,6524906,6359950,0,0,0,0,0,0,0
1748632791223,-18750000,5843104,6561562,6359950,0,0,0,0,0,0,0
1748632791323,-18750000,5846769,6543232,6433267,0,0,0,0,0,0,0
1748632791423,-18750000,5843103,6579888,6579892,0,0,0,0,0,0,0
1748632791523,-18750000,5865097,6616544,6763177,0,0,0,0,0,0,0
1748632791623,-18750000,5890757,6598214,6799833,0,0,0,0,0,0,0
1748632791723,-18750000,5898088,6598214,6799833,0,0,0,0,0,0,0
1748632791823,-18750000,5905419,6561558,6799833,0,0,0,0,0,0,0
1748632791923,-18750000,5905419,6616544,6671534,0,0,0,0,0,0,0
1748632792023,-18750000,5912750,6689857,6763177,0,0,0,0,0,0,0
1748632792123,-18750000,5894422,6671527,6799837,0,0,0,0,0,0,0
1748632792223,-18750000,5923747,6708183,6854823,0,0,0,0,0,0,0
1748632792323,-18750000,5934745,6708183,6781507,0,0,0,0,0,0,0
1748632792423,-18750000,5923748,6689857,6726524,0,0,0,0,0,0,0
1748632792523,-18750000,5912751,6708183,6598226,0,0,0,0,0,0,0
1748632792623,-18750000,5890757,6671527,6708198,0,0,0,0,0,0,0
1748632792723,-18750000,5901754,6689857,6836497,0,0,0,0,0,0,0
1748632792823,-18750000,5905420,6653201,6854823,0,0,0,0,0,0,0
1748632792923,-18750000,5909086,6561558,6964792,0,0,0,0,0,0,0
1748632793023,-18750000,5905420,6543232,6946462,0,0,0,0,0,0,0
1748632793123,-18750000,5920083,6488249,6964788,0,0,0,0,0,0,0
1748632793223,-18750000,5920083,6506579,6891472,0,0,0,0,0,0,0
1748632793323,-18750000,5923749,6506579,6928132,0,0,0,0,0,0,0
1748632793423,-18750000,5934746,6451593,6909802,0,0,0,0,0,0,0
1748632793523,-18750000,5931080,6561565,6891472,0,0,0,0,0,0,0
1748632793623,-18750000,5938412,6653208,6799829,0,0,0,0,0,0,0
1748632793723,-18750000,5923749,6689864,6689857,0,0,0,0,0,0,0
1748632793823,-18750000,5923749,6744850,6726517,0,0,0,0,0,0,0
1748632793923,-18750000,5931080,6799833,6689861,0,0,0,0,0,0,0
1748632794023,-18750000,5931080,6873145,6634874,0,0,0,0,0,0,0
1748632794123,-18750000,5942077,6891472,6561562,0,0,0,0,0,0,0
1748632794223,-18750000,5945742,6836486,6598222,0,0,0,0,0,0,0
1748632794323,-18750000,5949407,6818159,6579892,0,0,0,0,0,0,0
1748632794423,-18750000,5942076,6891472,6561566,0,0,0,0,0,0,0
1748632794523,-18750000,5931079,6689857,6579896,0,0,0,0,0,0,0
1748632794623,-18750000,5942076,6616544,6708194,0,0,0,0,0,0,0
1748632794723,-18750000,5960405,6579888,6763181,0,0,0,0,0,0,0
1748632794823,-18750000,5964071,6579888,6671538,0,0,0,0,0,0,0
1748632794923,-18750000,5949408,6561562,6634882,0,0,0,0,0,0,0
1748632795023,-18750000,5953074,6506576,6653212,0,0,0,0,0,0,0
1748632795123,-18750000,5953074,6543232,6634882,0,0,0,0,0,0,0
1748632795223,-18750000,5938412,6579888,6671538,0,0,0,0,0,0,0
1748632795323,-18750000,5931080,6598214,6689868,0,0,0,0,0,0,0
1748632795423,-18750000,5934746,6561558,6799837,0,0,0,0,0,0,0
1748632795523,-18750000,5949410,6653201,6909805,0,0,0,0,0,0,0
1748632795623,-18750000,5953076,6653201,6909805,0,0,0,0,0,0,0
1748632795723,-18750000,5960407,6616544,6909805,0,0,0,0,0,0,0
1748632795823,-18750000,5960407,6634871,6854819,0,0,0,0,0,0,0
1748632795923,-18750000,5967738,6671527,6854819,0,0,0,0,0,0,0
1748632796023,-18750000,5989732,6616544,6873149,0,0,0,0,0,0,0
1748632796123,-18750000,5997064,6634874,6928135,0,0,0,0,0,0,0
1748632796223,-18750000,5989733,6561562,6781507,0,0,0,0,0,0,0
1748632796323,-18750000,5978735,6543235,6689864,0,0,0,0,0,0,0
1748632796423,-18750000,5978735,6543235,6689864,0,0,0,0,0,0,0
1748632796523,-18750000,5982401,6433267,6708194,0,0,0,0,0,0,0
1748632796623,-18750000,5982401,6488249,6689864,0,0,0,0,0,0,0
1748632796723,-18750000,5978735,6451593,6708190,0,0,0,0,0,0,0
1748632796823,-18750000,5978735,6488253,6726520,0,0,0,0,0,0,0
1748632796923,-18750000,5986066,6396610,6708194,0,0,0,0,0,0,0
1748632797023,-18750000,5978734,6396610,6726520,0,0,0,0,0,0,0
1748632797123,-18750000,5949409,6378280,6689864,0,0,0,0,0,0,0
1748632797223,-18750000,5956740,6451593,6726521,0,0,0,0,0,0,0
1748632797323,-18750000,5978734,6451593,6726521,0,0,0,0,0,0,0
1748632797423,-18750000,5982400,6433267,6726521,0,0,0,0,205,231,0
1748632797523,-18750000,5964071,6524909,6671534,0,0,0,0,206,232,0
1748632797623,-18750000,5953074,6506583,6561566,0,0,0,0,206,233,0
1748632797723,-18750000,5949409,6598222,6469927,0,0,0,0,206,233,0
1748632797823,-18750000,5956740,6579892,6598226,0,0,0,0,207,260,0
1748632797923,-18750000,5949409,6634878,6689864,0,0,0,0,207,260,0
1748632798023,-18750000,5949409,6689860,6543239,0,0,0,0,207,285,0
1748632798123,-18750000,5964071,6708190,6469927,0,0,0,26,207,285,0
1748632798223,-18750000,5953074,6653208,6469927,0,0,0,26,207,285,0
1748632798323,-18750000,5945743,6763177,6469927,0,0,0,26,207,286,0
1748632798423,-18750000,5934746,6726521,6469927,0,0,0,26,2,56,0
1748632798523,-18750000,5945743,6744847,6543239,0,0,0,104,1,260,0
1748632798623,-18750000,5938412,6726517,6744851,0,0,0,104,206,259,0
1748632798723,-18750000,5949408,6726517,6836489,0,0,0,104,207,285,0
1748632798823,-18750000,5949408,6708187,6781503,0,0,0,104,206,258,0
1748632798923,-18750000,5967737,6689857,6781503,0,0,0,104,206,258,0
1748632799023,-18750000,5975068,6726513,6763173,0,0,0,104,207,463,0
1748632799123,-18750000,5956739,6653201,6763173,0,0,0,78,207,463,0
1748632799223,-18750000,5975068,6689857,6744847,0,0,0,78,207,463,0
1748632799323,-18750000,5967736,6579888,6671531,0,0,0,78,207,462,0
1748632799423,-18750000,5960405,6671527,6524902,0,0,0,78,206,460,0
1748632799523,-18750000,5949407,6744843,6378277,0,0,0,0,206,256,0
1748632799623,-18750000,5949407,6854815,6268308,0,0,0,0,1,256,0
1748632799723,-18750000,5942076,6818159,6304968,0,0,0,0,0,230,0
1748632799823,-18750000,5942076,6818159,6323294,0,0,0,0,0,230,0
1748632799923,-18750000,5920081,6818159,6341624,0,0,0,0,0,230,0
1748632800023,-18750000,5920081,6836489,6396611,0,0,0,0,0,0,0
1748632800123,-18750000,5927413,6854816,6378281,0,0,0,0,0,0,0
1748632800223,-18750000,5923748,6781503,6396607,0,0,0,0,0,0,0
1748632800323,-18750000,5931080,6854816,6433267,0,0,0,0,0,0,0
1748632800423,-18750000,5934746,6873146,6579896,0,0,0,0,0,0,0
1748632800523,-18750000,5942077,6781503,6689864,0,0,0,0,0,0,0
1748632800623,-18750000,5942077,6671531,6781507,0,0,0,0,0,0,0
1748632800723,-18750000,5942077,6653204,6726521,0,0,0,0,0,0,0
1748632800823,-18750000,5945742,6634878,6689864,0,0,0,0,0,0,0
1748632800923,-18750000,5945742,6616552,6708194,0,0,0,0,0,0,0
1748632801023,-18750000,5923748,6524909,6708194,0,0,0,0,0,0,0
1748632801123,-18750000,5916417,6506583,6708194,0,0,0,0,0,0,0
1748632801223,-18750000,5927414,6616552,6726524,0,0,0,0,0,0,0
1748632801323,-18750000,5923748,6543239,6836493,0,0,0,0,0,0,0
1748632801423,-18750000,5931079,6506583,6763181,0,0,0,0,0,0,0
1748632801523,-18750000,5931079,6433267,6634882,0,0,0,0,0,0,0
1748632801623,-18750000,5931079,6396610,6561566,0,0,0,0,0,0,0
1748632801723,-18750000,5912750,6414937,6579892,0,0,0,0,0,0,0
1748632801823,-18750000,5909085,6451593,6616548,0,0,0,0,0,0,0
1748632801923,-18750000,5905420,6524905,6561562,0,0,0,0,0,0,0
1748632802023,-18750000,5912751,6598218,6506576,0,0,0,0,0,0,0
1748632802123,-18750000,5916417,6616544,6543232,0,0,0,0,0,0,0
1748632802223,-18750000,5898089,6616544,6561558,0,0,0,0,0,0,0
1748632802323,-18750000,5905420,6634871,6561558,0,0,0,0,0,0,0
1748632802423,-18750000,5909086,6634871,6653200,0,0,0,0,0,0,0
1748632802523,-18750000,5927414,6763169,6799829,0,0,0,0,0,0,0
1748632802623,-18750000,5942077,6836482,6854815,0,0,0,0,0,0,0
1748632802723,-18750000,5953074,6873138,6836489,0,0,0,0,0,0,0
1748632802823,-18750000,5956739,6836482,6708191,0,0,0,0,0,0,0
1748632802923,-18750000,5960405,6836482,6653204,0,0,0,0,0,0,0
1748632803023,-18750000,5975067,6726513,6708190,0,0,0,0,0,0,0
1748632803123,-18750000,5993396,6763169,6671534,0,0,0,0,0,0,0
1748632803223,-18750000,5989730,6708183,6616552,0,0,0,0,0,0,0
1748632803323,-18750000,5975068,6744839,6524909,0,0,0,0,0,0,0
1748632803423,-18750000,5956739,6634867,6524909,0,0,0,0,0,0,0
1748632803523,-18750000,5938411,6671527,6524909,0,0,0,0,0,0,0
1748632803623,-18750000,5931080,6616544,6506583,0,0,0,0,0,0,0
1748632803723,-18750000,5938411,6543232,6524909,0,0,0,0,0,0,0
1748632803823,-18750000,5912751,6506575,6689868,0,0,0,0,0,0,0
1748632803923,-18750000,5920083,6433263,6763180,0,0,0,0,0,0,0
1748632804023,-18750000,5920083,6469919,6836493,0,0,0,0,0,0,0
1748632804123,-18750000,5916417,6433263,6983122,0,0,0,0,0,0,0
1748632804223,-18750000,5923748,6451593,7001448,0,0,0,0,0,0,0
1748632804323,-18750000,5949408,6451593,6983122,0,0,0,0,0,0,0
1748632804423,-18750000,5986065,6543235,6983122,0,0,0,0,0,0,0
1748632804523,-18750000,5989731,6488249,6928135,0,0,0,0,0,0,0
1748632804623,-18750000,5993397,6524906,6818163,0,0,0,0,0,0,0
1748632804723,-18750000,5993397,6561562,6744850,0,0,0,0,0,0,0
1748632804823,-18750000,6011726,6598218,6726520,0,0,0,0,0,0,0
1748632804923,-18750000,6008060,6634874,6689864,0,0,0,0,0,0,0
1748632805023,-18750000,5982400,6781503,6579896,0,0,0,0,0,0,0
1748632805123,-18750000,5986066,6799833,6488253,0,0,0,0,0,0,0
1748632805223,-18750000,5982400,6763177,6506583,0,0,0,0,0,0,0
1748632805323,-18750000,5975069,6744851,6561566,0,0,0,0,0,0,0
1748632805423,-18750000,5967737,6708194,6543236,0,0,0,0,0,0,0
1748632805523,-18750000,5986065,6708194,6598222,0,0,0,0,0,0,0
1748632805623,-18750000,6004394,6763181,6524909,0,0,0,0,0,0,0
1748632805723,-18750000,6000728,6799837,6561566,0,0,0,0,0,0,0
1748632805823,-18750000,5989731,6653208,6469923,0,0,0,0,0,0,0
1748632805923,-18750000,6000728,6671534,6469923,0,0,0,0,0,0,0
1748632806023,-18750000,5993397,6634878,6579892,0,0,0,0,0,0,0
1748632806123,-18750000,5997062,6598222,6616548,0,0,0,0,0,0,0
1748632806223,-18750000,5997062,6598222,6671534,0,0,0,0,0,0,0
1748632806323,-18750000,5993396,6561565,6671534,0,0,0,0,0,0,0
1748632806423,-18750000,5982400,6708194,6689864,0,0,0,0,0,0,0
1748632806523,-18750000,5975069,6726520,6671534,0,0,0,0,0,0,0
1748632806623,-18750000,5945743,6671534,6873146,0,0,0,0,0,0,0
1748632806723,-18750000,5964071,6689864,6873146,0,0,0,0,0,0,0
1748632806823,-18750000,5964071,6799837,6946458,0,0,0,0,0,0,0
1748632806923,-18750000,5975069,6799837,6983114,0,0,0,0,0,0,0
1748632807023,-18750000,6000728,6708194,6983114,0,0,0,0,0,0,0
1748632807123,-18750000,6000728,6708194,7038100,0,0,0,0,0,0,0
1748632807223,-18750000,6008060,6726520,6928128,0,0,0,0,0,0,0
1748632807323,-18750000,6004395,6763177,6873145,0,0,0,0,0,0,0
1748632807423,-18750000,6004395,6763177,6873145,0,0,0,0,0,0,0
1748632807523,-18750000,6004395,6763177,6873145,0,0,0,0,0,0,0
1748632807623,-18750000,6004395,6763177,6873145,0,0,0,0,0,0,0
1748632807723,-18750000,6004395,6763177,6873145,0,0,0,0,0,0,0
1748632807823,-18750000,6004395,6763177,6873145,0,0,0,0,0,0,0
1748632807923,-18750000,6004395,6763177,6873145,0,0,0,0,0,0,0
1748632808023,-18750000,6004395,6763177,6873145,0,0,0,0,0,0,0
1748632808123,-18750000,6004395,6763177,6873145,0,0,0,0,0,0,0
1748632808223,-18750000,6004395,6763177,6873145,0,0,0,0,0,0,0
1748632808323,-18750000,6004395,6763177,6873145,0,25,0,77,205,230,0
1748632808423,-18750000,6004395,6708190,6836485,0,25,0,77,205,230,0
1748632808523,-18750000,6000729,6671534,6799829,0,25,0,77,205,230,0
1748632808623,-18750000,6015392,6653204,6726517,0,25,0,77,205,230,0
1748632808723,-18750000,5997063,6634874,6726517,0,25,0,77,205,230,0
1748632808823,-18750000,6011726,6634874,6726517,0,25,0,77,205,230,0
1748632808923,-18750000,5982401,6616548,6744847,0,25,0,77,205,230,0
1748632809023,-18750000,5975069,6616548,6799833,0,25,0,77,205,230,0
1748632809123,-18750000,5982401,6634874,6781503,0,25,0,77,205,230,0
1748632809223,-18750000,5975069,6634874,6836489,0,0,0,0,0,0,0
1748632809323,-18750000,5964072,6689861,6928128,0,0,0,0,0,0,0
1748632809423,-18750000,5982401,6653204,6946458,0,0,0,0,0,0,0
1748632809523,-18750000,5986067,6653204,6946458,0,0,0,0,0,0,0
1748632809623,-18750000,5989733,6671534,7038101,0,0,0,0,0,0,0
1748632809723,-18750000,5989733,6579896,7148073,0,0,0,0,0,0,0
1748632809823,-18750000,6000730,6616552,7184733,0,0,0,0,0,0,0
1748632809923,-18750000,6011727,6634878,7166403,0,0,0,0,0,0,0
1748632810023,-18750000,6026390,6726521,7148073,0,0,0,0,0,0,0
1748632810123,-18750000,6015392,6671538,7111417,0,0,0,0,0,0,0
1748632810223,-18750000,6044718,6561569,7203059,0,0,0,0,0,0,0
1748632810323,-18750000,6070378,6433271,7276376,0,0,0,0,0,0,0
1748632810423,-18750000,6052049,6396614,7148077,0,0,0,0,0,0,0
1748632810523,-18750000,6055715,6359958,7001448,0,0,0,0,0,0,0
1748632810623,-18750000,6037386,6378284,6854819,0,0,0,0,0,0,0
1748632810723,-18750000,6048383,6359954,6653204,0,0,0,0,0,0,0
1748632810823,-18750000,6026388,6396610,6561562,0,0,0,0,0,0,0
1748632810923,-18750000,6033719,6414940,6506579,0,0,0,0,0,0,0
1748632811023,-18750000,6015391,6286642,6378281,0,0,0,0,0,0,0
1748632811123,-18750000,6011725,6268312,6323294,0,0,0,0,0,0,0
1748632811223,-18750000,6011725,6268312,6323294,0,0,0,0,0,0,0
1748632811323,-18750000,6011725,6268312,6323294,0,0,0,0,0,0,0
1748632811423,-18750000,6011725,6268312,6323294,0,0,0,0,0,0,0
1748632811523,-18750000,6011725,6268312,6323294,0,0,0,0,0,0,0
1748632811623,-18750000,6011725,6268312,6323294,0,0,0,0,0,0,0
1748632811723,-18750000,6011725,6268312,6323294,0,0,0,0,0,0,0
1748632811823,-18750000,6011725,6268312,6323294,0,0,0,0,0,0,0
1748632811923,-18750000,6011725,6268312,6323294,0,0,0,0,0,0,0
1748632812023,-18750000,6011725,6268312,6323294,0,0,0,0,0,0,0
1748632812123,-18750000,6011725,6268312,6323294,0,0,0,0,0,0,0
1748632812223,-18750000,5942077,6488249,6030037,0,0,0,0,0,0,0
1748632812323,-18750000,5949408,6396607,6085023,0,0,0,0,0,0,0
1748632812423,-18750000,5938412,6396607,6176665,0,0,0,0,0,0,0
1748632812523,-18750000,5938412,6341624,6268308,0,0,0,0,0,0,0
1748632812623,-18750000,5912752,6341624,6341624,0,0,0,0,0,0,0
1748632812723,-18750000,5912752,6231656,6378280,0,0,0,0,0,0,0
1748632812823,-18750000,5876095,6213326,6433263,0,0,0,0,0,0,0
1748632812923,-18750000,5879761,6249982,6414937,0,0,0,0,0,0,0
1748632813023,-18750000,5865098,6378280,6433267,0,0,0,0,0,0,0
1748632813123,-18750000,5876095,6304968,6524909,0,0,0,0,0,0,0
1748632813223,-18750000,5865098,6268312,6506579,0,0,0,0,0,0,0
1748632813323,-18750000,5835773,6396611,6524906,0,0,0,0,0,0,0
1748632813423,-18750000,5835773,6414941,6561562,0,0,0,0,0,0,0
1748632813523,-18750000,5839438,6433267,6543232,0,0,0,0,0,0,0
1748632813623,-18750000,5850435,6488253,6598214,0,0,0,0,0,0,0
1748632813723,-18750000,5843104,6579892,6634871,0,0,0,0,0,0,0
1748632813823,-18750000,5865098,6543236,6616544,0,0,0,0,0,0,0
1748632813923,-18750000,5850435,6579892,6653201,0,0,0,0,0,0,0
1748632814023,-18750000,5850435,6488249,6671527,0,0,0,0,0,0,0
1748632814123,-18750000,5857766,6579888,6708183,0,0,0,0,0,0,0
1748632814223,-18750000,5872429,6543232,6653201,0,0,0,0,0,0,0
1748632814323,-18750000,5887091,6488245,6689857,0,0,0,0,0,0,0
1748632814423,-18750000,5879759,6488245,6634874,0,0,0,0,0,0,0
1748632814523,-18750000,5872428,6414933,6653204,0,0,0,0,0,0,0
1748632814623,-18750000,5865097,6414933,6653204,0,0,0,0,0,25,0
1748632814723,-18750000,5854100,6286634,6543236,0,0,0,0,205,25,0
1748632814823,-18750000,5846768,6268308,6524906,0,0,0,0,410,257,0
1748632814923,-18750000,5854100,6213322,6579888,0,0,0,27,616,488,0
1748632815023,-18750000,5857765,6194995,6579888,0,25,0,104,821,720,0
1748632815123,-18750000,5861431,6158339,6506576,0,51,0,131,1027,952,0
1748632815223,-18750000,5872428,6194996,6561558,0,76,0,208,1232,1183,0
1748632815323,-18750000,5857766,6304968,6524902,0,102,1,286,1438,1415,0
1748632815423,-18750000,5857766,6286638,6579884,0,128,1,364,1644,1646,0
1748632815523,-18750000,5854100,6341624,6524898,0,153,1,441,1849,1878,0
1748632815623,-18750000,5854100,6359951,6469916,0,179,1,468,2055,2083,0
1748632815723,-18750000,5861432,6433267,6543228,0,204,1,544,2055,2314,0
1748632815823,-18750000,5883426,6488249,6561558,0,204,1,622,2056,2314,0
1748632815923,-18750000,5876095,6524906,6561558,0,230,1,622,2056,2314,0
1748632816023,-18750000,5879761,6634874,6579888,0,204,1,570,2056,2314,0
1748632816123,-18750000,5876095,6616548,6616544,0,179,1,621,2055,2314,0
1748632816223,-18750000,5846769,6634878,6598218,0,179,1,621,2055,2314,0
1748632816323,-18750000,5861432,6561562,6616548,0,179,1,621,2055,2109,0
1748632816423,-18750000,5839438,6579892,6598222,0,179,1,544,2055,1904,0
1748632816523,-18750000,5843103,6598218,6634878,0,179,1,467,1850,1672,0
1748632816623,-18750000,5839437,6561562,6671534,0,153,1,440,1645,1674,0
1748632816723,-18750000,5835772,6598218,6634878,0,128,1,363,1440,1647,0
1748632816823,-18750000,5810112,6524906,6616548,0,128,1,285,1234,1415,0
1748632816923,-18750000,5817443,6561562,6524909,0,102,0,259,1028,1184,0
1748632817023,-18750000,5802781,6543232,6488253,0,102,0,233,823,952,0
1748632817123,-18750000,5791784,6488246,6469927,0,102,0,156,618,720,0
1748632817223,-18750000,5817444,6414933,6451597,0,76,0,78,412,490,0
1748632817323,-18750000,5817444,6359951,6359954,0,51,0,0,207,463,0
1748632817423,-18750000,5839438,6359951,6341624,0,25,0,0,1,436,0
1748632817523,-18750000,5835773,6396607,6323298,0,0,0,0,0,436,0
1748632817623,-18750000,5843104,6469919,6304968,0,0,0,0,0,204,0
1748632817723,-18750000,5843104,6506575,6323294,0,0,0,0,0,0,0
1748632817823,-18750000,5846769,6579888,6268312,0,0,0,0,0,0,0
1748632817923,-18750000,5850434,6543232,6341624,0,0,0,0,0,0,0
1748632818023,-18750000,5857766,6506576,6323294,0,0,0,0,0,0,0
1748632818123,-18750000,5857766,6488246,6359951,0,0,0,0,0,0,0
1748632818223,-18750000,5839437,6396603,6396607,0,0,0,0,0,0,0
1748632818323,-18750000,5835772,6414929,6414937,0,0,0,0,0,0,0
1748632818423,-18750000,5835772,6469912,6469923,0,0,0,0,0,0,0
1748632818523,-18750000,5839437,6469912,6414937,0,0,0,0,0,0,0
1748632818623,-18750000,5835772,6451586,6414937,0,0,0,0,0,0,0
1748632818723,-18750000,5843103,6414929,6378281,0,0,0,0,0,0,0
1748632818823,-18750000,5846769,6414929,6469919,0,0,0,0,0,0,0
1748632818923,-18750000,5846769,6359947,6451589,0,0,0,0,0,0,0
1748632819023,-18750000,5843103,6433263,6506576,0,0,0,0,0,0,0
1748632819123,-18750000,5835772,6561562,6469919,0,0,0,0,0,0,0
1748632819223,-18750000,5846769,6744843,6469919,0,0,0,0,0,0,0
1748632819323,-18750000,5832106,6836485,6506576,0,0,0,0,0,0,0
1748632819423,-18750000,5835772,6873145,6506576,0,0,0,0,0,0,0
1748632819523,-18750000,5839438,6818163,6543232,0,0,0,0,0,0,0
1748632819623,-18750000,5843104,6726520,6543232,0,0,0,0,0,0,0
1748632819723,-18750000,5854101,6689864,6561562,0,0,0,0,0,0,0
1748632819823,-18750000,5857766,6634882,6488249,0,0,0,0,0,0,0
1748632819923,-18750000,5865098,6689864,6469923,0,0,0,0,0,0,0
1748632820023,-18750000,5857767,6671534,6488249,0,0,0,0,0,0,0
1748632820123,-18750000,5872430,6634878,6469919,0,0,0,0,0,0,0
1748632820223,-18750000,5865098,6598222,6451593,0,0,0,0,0,0,0
1748632820323,-18750000,5879761,6506579,6469919,0,0,0,0,0,0,0
1748632820423,-18750000,5857767,6396607,6488245,0,0,0,0,0,0,0
1748632820523,-18750000,5854101,6378277,6524902,0,0,0,0,0,0,0
1748632820623,-18750000,5857767,6451589,6543232,0,0,0,0,0,0,0
1748632820723,-18750000,5843104,6414933,6579888,0,0,0,0,0,0,0
1748632820823,-18750000,5846770,6414933,6653200,0,0,0,0,0,0,0
1748632820923,-18750000,5832106,6451589,6689857,0,0,0,0,0,0,0
1748632821023,-18750000,5843104,6414933,6653201,0,0,0,0,0,0,0
1748632821123,-18750000,5850435,6396607,6689857,0,0,0,0,0,0,0
1748632821223,-18750000,5850435,6433263,6689857,0,0,0,0,0,0,0
1748632821323,-18750000,5850435,6469919,6653201,0,0,0,0,0,0,0
1748632821423,-18750000,5865097,6488249,6579888,0,0,0,0,0,0,0
1748632821523,-18750000,5868763,6561562,6561562,0,0,0,0,0,0,0
1748632821623,-18750000,5843104,6488249,6488249,0,0,0,0,0,0,0
1748632821723,-18750000,5828441,6506575,6451593,0,0,0,0,0,0,0
1748632821823,-18750000,5810113,6433259,6414937,0,0,0,0,0,0,0
1748632821923,-18750000,5806447,6433259,6433263,0,0,0,0,0,0,0
1748632822023,-18750000,5799116,6433259,6433263,0,0,0,0,0,0,0
1748632822123,-18750000,5806447,6451586,6378281,0,0,0,0,0,0,0
1748632822223,-18750000,5813779,6451586,6323294,0,0,0,0,0,0,0
1748632822323,-18750000,5806448,6414929,6341624,0,0,0,0,0,0,0
1748632822423,-18750000,5802782,6469912,6378281,0,0,0,0,0,0,0
1748632822523,-18750000,5810113,6341613,6304968,0,0,0,0,0,0,0
1748632822623,-18750000,5824775,6396599,6359951,0,0,0,0,0,0,0
1748632822723,-18750000,5828441,6414929,6341621,0,0,0,0,0,0,0
1748632822823,-18750000,5828441,6451589,6304964,0,0,0,0,0,0,0
1748632822923,-18750000,5828441,6433263,6286638,0,0,0,0,0,0,0
1748632823023,-18750000,5843104,6396607,6231656,0,0,0,0,0,0,0
1748632823123,-18750000,5828441,6359950,6286638,0,0,0,0,0,0,0
1748632823223,-18750000,5817444,6304968,6396607,0,0,0,0,0,0,0
1748632823323,-18750000,5813778,6341624,6396607,0,0,0,0,0,0,0
1748632823423,-18750000,5799116,6341624,6414937,0,0,0,0,0,0,0
1748632823523,-18750000,5784453,6433267,6506576,0,0,0,0,0,0,0
1748632823623,-18750000,5791784,6451593,6488249,0,0,0,0,0,0,0
1748632823723,-18750000,5802781,6433263,6506579,0,0,0,0,0,0,0
1748632823823,-18750000,5817443,6488246,6543236,0,0,0,0,0,0,0
1748632823923,-18750000,5828440,6451589,6488249,0,0,0,0,0,0,0
1748632824023,-18750000,5817443,6469916,6506575,0,0,0,0,0,0,0
1748632824123,-18750000,5802780,6433259,6543232,0,0,0,0,0,0,0
1748632824223,-18750000,5806446,6359943,6506575,0,0,0,0,0,0,0
1748632824323,-18750000,5817443,6378273,6469919,0,0,0,0,0,0,0
1748632824423,-18750000,5835772,6268304,6451589,0,0,0,0,0,0,0
1748632824523,-18750000,5832106,6213322,6359951,0,0,0,0,0,0,0
1748632824623,-18750000,5828440,6231652,6378277,0,0,0,0,0,0,0
1748632824723,-17558651,5835772,6304964,6433259,0,0,0,0,0,0,0
1748632824823,-16367302,5824775,6286638,6378277,0,0,0,0,0,0,0
1748632824923,-15175953,5810113,6304964,6414933,0,0,0,0,0,0,0
1748632825023,-11088712,5813779,6286638,6488246,0,0,0,0,0,0,0
1748632825123,-6414959,5806447,6396607,6451589,0,0,0,0,0,0,0
1748632825223,-1741207,5802781,6469923,6396607,0,0,0,0,0,0,0
1748632825323,-1741207,5802781,6396611,6414933,0,0,0,0,0,0,0
1748632825423,-1741207,5791784,6506579,6433263,0,0,0,0,0,0,0
1748632825523,-1741207,5791784,6506579,6451589,0,0,0,0,0,0,0
1748632825623,-1741207,5788118,6414937,6433263,0,0,0,0,0,0,0
1748632825723,-2932556,5791784,6304968,6304964,0,0,0,0,0,0,0
1748632825823,-4123905,5806446,6304968,6304964,0,0,0,0,0,0,0
1748632825923,-5315253,5813777,6231656,6286638,0,0,0,0,0,0,0
1748632826023,-9402495,5806446,6249982,6249982,0,0,0,0,0,0,0
1748632826123,-14076247,5832106,6213326,6268312,0,0,0,0,0,0,0
1748632826223,-18750000,5824775,6213326,6268312,0,0,0,0,0,0,0
1748632826323,-18750000,5817443,6249982,6323298,0,0,0,0,0,0,0
1748632826423,-18750000,5817443,6231656,6249986,0,0,0,0,0,0,0
1748632826523,-18750000,5824775,6304968,6268316,0,0,0,0,0,0,0
1748632826623,-18750000,5824775,6396611,6286642,0,0,0,0,0,0,0
1748632826723,-18750000,5813777,6506579,6414941,0,0,0,0,0,0,0
1748632826823,-18750000,5799115,6506579,6451597,0,0,0,0,0,0,0
1748632826923,-18750000,5806446,6579892,6414941,0,0,0,0,0,0,0
1748632827023,-18750000,5813777,6506579,6414941,0,0,0,0,0,0,0
1748632827123,-18750000,5817443,6414937,6378284,0,0,0,0,0,0,0
1748632827223,-18750000,5817443,6396607,6451597,0,0,0,0,0,0,0
1748632827323,-18750000,5813777,6433263,6451597,0,0,0,0,0,0,0
1748632827423,-18750000,5824775,6414933,6524909,0,0,0,0,0,0,0
1748632827523,-18750000,5835772,6378277,6543236,0,0,0,0,0,0,0
1748632827623,-18750000,5832107,6304964,6524909,0,0,0,0,0,0,0
1748632827723,-18750000,5821110,6304964,6451597,0,0,0,0,0,0,0
1748632827823,-18750000,5832107,6323291,6451597,0,0,0,77,0,25,0
1748632827923,-17558651,5821110,6341621,6543236,2081,2133,2184,2313,2287,2364,0
1748632828023,-17558651,5821110,6414933,6543236,4163,4266,4369,4549,4574,4703,0
1748632828123,-17558651,5810113,6451593,6598218,4163,4266,4369,4549,4574,4703,0
1748632828223,-17558651,5821110,6451593,6561562,4163,4266,4369,4549,4574,4703,0
1748632828323,-17558651,5839439,6433263,6543232,4163,4266,4369,4549,4574,4703,0
1748632828423,-17558651,5828441,6378281,6469919,4163,4292,4369,4627,4780,4934,0
1748632828523,-17558651,5821110,6396607,6451593,4163,4292,4369,4627,4780,4934,0
1748632828623,-17558651,5835773,6469919,6469919,4163,4292,4369,4627,4780,4934,0
1748632828723,-17558651,5854100,6469919,6506576,6245,6425,6554,6863,7067,7273,0
1748632828823,-16367302,5854100,6488249,6506576,8327,8558,8738,9021,9355,9586,0
1748632828923,-16367302,5857766,6451593,6433263,8327,8558,8738,9021,9355,9586,0
1748632829023,-15175953,5846768,6451593,6414937,8327,8558,8738,9021,9355,9586,0
1748632829123,-13984604,5835772,6451593,6396611,10409,10691,10923,11257,11642,11925,0
1748632829223,-13966278,5828441,6561566,6396611,12490,12824,13107,13493,13930,14264,0
1748632829323,-13966278,5806447,6579896,6396611,14572,14958,15292,15729,16217,16603,0
1748632829423,-13966278,5813778,6543236,6451593,16654,17065,17476,17888,18299,18710,0
1748632829523,-13966278,5810112,6579892,6451593,16654,17091,17477,17965,18504,18942,0
1748632829623,-13966278,5799115,6506579,6433267,18736,19224,19661,20201,20792,21280,0
1748632829723,-13966278,5791783,6433267,6414940,16654,17091,17477,17965,18504,18942,0
1748632829823,-15157627,5777121,6359954,6433267,14572,14958,15292,15729,16217,16603,0
1748632829923,-16348976,5769790,6323298,6469923,12490,12824,13108,13493,13930,14264,0
1748632830023,-17540324,5766124,6323298,6469923,10409,10691,10923,11257,11642,11925,0
1748632830123,-18731673,5769790,6341624,6433267,8327,8558,8738,9021,9355,9586,0
1748632830223,-18750000,5769790,6268308,6451593,6245,6425,6554,6785,7067,7248,0
1748632830323,-18750000,5780786,6249978,6488249,4163,4292,4369,4549,4780,4909,0
1748632830423,-18750000,5791784,6341621,6488249,2081,2158,2185,2313,2493,2570,0
1748632830523,-18750000,5795450,6268308,6506576,2081,2133,2184,2236,2287,2338,0
1748632830623,-18750000,5806447,6268308,6524902,2081,2133,2184,2236,2287,2338,0
1748632830723,-18750000,5806447,6231652,6524902,3754,4266,4369,4472,4574,4677,0
1748632830823,-18750000,5821109,6286634,6561558,3762,6399,4395,4549,4780,4909,0
1748632830923,-18750000,5835772,6341617,6561558,5400,6425,4395,4627,4986,5140,0
1748632831023,-18750000,5857766,6249974,6561558,5400,6450,4395,4704,5191,5372,0
1748632831123,-18750000,5865097,6286631,6524902,5400,6476,4395,4782,5397,5604,0
1748632831223,-18750000,5868762,6286631,6579888,5400,6502,4395,4860,5603,5835,0
1748632831323,-18750000,5861431,6249974,6561562,5400,6527,4396,4937,5808,6067,0
1748632831423,-18750000,5861431,6249974,6598218,5400,6553,4396,5015,6014,6298,0
1748632831523,-18750000,5861431,6286631,6634874,5400,6553,4396,5092,6219,6298,0
1748632831623,-18750000,5835771,6341613,6579892,3318,4420,2211,2883,4136,4190,0
1748632831723,-18750000,5835771,6359943,6616548,1646,2286,27,647,1849,1878,0
1748632831823,-18750000,5832106,6304961,6598222,1638,153,1,595,1643,1878,0
1748632831923,-18750000,5813778,6249978,6579896,0,128,1,517,1437,1647,0
1748632832023,-18750000,5817444,6268308,6616552,0,102,1,440,1232,1415,0
1748632832123,-18750000,5821110,6268308,6708191,0,76,1,363,1026,1184,0
1748632832223,-18750000,5813779,6249982,6634878,0,51,0,285,820,952,0
1748632832323,-18750000,5813779,6341624,6616548,0,25,0,208,615,720,0
1748632832423,-18750000,5810113,6304968,6598222,0,0,0,130,409,489,0
1748632832523,-18750000,5802782,6304968,6561566,0,0,0,52,204,489,0
1748632832623,-18750000,5810113,6323298,6616548,0,0,0,26,0,258,0
1748632832723,-18750000,5813779,6433267,6524906,0,0,0,26,0,231,0
1748632832823,-18750000,5810113,6488249,6451593,0,0,0,0,0,0,0
1748632832923,-18750000,5806447,6579888,6469919,0,0,0,0,0,0,0
1748632833023,-18750000,5780787,6689857,6451589,0,0,0,0,0,0,0
1748632833123,-18750000,5784452,6689857,6433263,0,0,0,0,0,0,0
1748632833223,-18750000,5791784,6708183,6451590,0,0,0,0,0,0,0
1748632833323,-18750000,5795450,6671527,6451590,0,0,0,0,0,0,0
1748632833423,-18750000,5784453,6708183,6451590,0,0,0,0,0,0,0
1748632833523,-18750000,5791784,6744839,6488246,0,0,0,0,0,0,0
1748632833623,-18750000,5784453,6763166,6488246,0,0,0,0,0,0,0
1748632833723,-18750000,5784453,6744836,6561558,0,0,0,0,0,0,0
1748632833823,-18750000,5795450,6671523,6598214,0,0,0,0,0,0,0
1748632833923,-18750000,5810113,6506568,6653201,0,0,0,0,0,0,0
1748632834023,-18750000,5817444,6506568,6653201,0,0,0,0,0,0,0
1748632834123,-18750000,5799116,6524898,6671527,0,0,0,0,0,0,0
1748632834223,-18750000,5806448,6524898,6726513,0,0,0,0,0,0,0
1748632834323,-18750000,5802782,6451586,6726513,0,0,0,0,0,0,0
1748632834423,-18750000,5817444,6451586,6653201,0,0,0,0,0,0,0
1748632834523,-18750000,5813778,6414929,6653201,0,0,0,0,0,0,0
1748632834623,-18750000,5828441,6341617,6616544,0,0,0,0,0,0,0
1748632834723,-18750000,5810112,6323291,6598218,0,0,0,0,0,0,0
1748632834823,-18750000,5795450,6341621,6616544,0,0,0,0,0,0,0
1748632834923,-18750000,5795450,6469919,6598214,0,0,0,0,0,0,0
1748632835023,-18750000,5802781,6451593,6598214,0,0,0,0,0,0,0
1748632835123,-18750000,5799115,6396607,6561558,0,0,0,0,0,0,0
1748632835223,-18750000,5788118,6414937,6506572,0,0,0,0,0,0,0
1748632835323,-18750000,5784453,6506576,6506572,0,0,0,0,0,0,0
1748632835423,-18750000,5769790,6543232,6561554,0,0,0,0,0,0,0
1748632835523,-18750000,5784454,6524906,6524898,0,0,0,0,0,0,0
1748632835623,-18750000,5791785,6506579,6506572,0,0,0,0,0,0,0
1748632835723,-18750000,5813779,6414937,6561554,0,0,0,0,0,0,0
1748632835823,-18750000,5817444,6414937,6543228,0,0,0,0,0,0,0
1748632835923,-18750000,5821110,6414937,6451589,0,0,0,0,0,0,0
1748632836023,-18750000,5806448,6341624,6488246,0,0,0,0,0,0,0
1748632836123,-18750000,5813779,6359954,6469919,0,0,0,0,0,0,0
1748632836223,-18750000,5828441,6341624,6488249,0,0,0,0,0,0,0
1748632836323,-18750000,5843104,6249986,6488249,0,0,0,0,0,0,0
1748632836423,-18750000,5839438,6249986,6488249,0,0,0,0,0,0,0
1748632836523,-18750000,5835772,6213329,6506579,0,0,0,0,0,0,0
1748632836623,-18750000,5839438,6268312,6543236,0,0,0,0,0,0,0
1748632836723,-18750000,5828441,6414941,6506579,0,0,0,0,0,0,0
1748632836823,-18750000,5828441,6396611,6579892,0,0,0,0,0,0,0
1748632836923,-18750000,5828441,6323298,6579892,0,0,0,0,0,0,0
1748632837023,-18750000,5839438,6359954,6543236,0,0,0,0,0,0,0
1748632837123,-18750000,5843104,6359954,6561562,0,0,0,0,0,0,0
1748632837223,-18750000,5824775,6396611,6543232,0,0,0,0,0,0,0
1748632837323,-18750000,5828441,6451593,6524906,0,0,0,0,0,0,0
1748632837423,-18750000,5824775,6396611,6543236,0,0,0,0,0,0,0
1748632837523,-18750000,5810113,6433267,6524906,0,0,0,0,0,0,0
1748632837623,-18750000,5810113,6359954,6524906,0,0,0,0,0,0,0
1748632837723,-18750000,5821109,6231656,6488249,0,0,0,0,0,0,0
1748632837823,-18750000,5821109,6323298,6433263,0,0,0,0,0,0,0
1748632837923,-18750000,5821109,6359954,6506576,0,0,0,0,0,0,0
1748632838023,-18750000,5813778,6359954,6433263,0,0,0,0,0,0,0
1748632838123,-18750000,5799115,6451597,6378281,0,0,0,0,0,0,0
1748632838223,-18750000,5788118,6341628,6359954,0,0,0,0,0,0,0
1748632838323,-18750000,5788118,6304972,6378281,0,0,0,0,0,0,0
1748632838423,-18750000,5791783,6341628,6323294,0,0,0,0,0,0,0
1748632838523,-18750000,5795448,6341628,6359951,0,0,0,0,0,0,0
1748632838623,-18750000,5788117,6469927,6378277,0,0,0,0,0,0,0
1748632838723,-18750000,5762457,6579895,6414933,0,0,0,0,0,0,0
1748632838823,-18750000,5762457,6561565,6359951,0,0,0,0,0,0,0
1748632838923,-18750000,5758791,6598222,6359951,0,0,0,0,0,0,0
1748632839023,-18750000,5766122,6524906,6469919,0,0,0,0,0,0,0
1748632839123,-18750000,5791782,6378277,6488246,0,0,0,0,0,0,0
1748632839223,-18750000,5802779,6469919,6451589,0,0,0,0,0,0,0
1748632839323,-18750000,5788117,6451593,6396607,0,0,0,0,0,0,0
1748632839423,-18750000,5780785,6488249,6433263,0,0,0,0,0,0,0
1748632839523,-18750000,5791783,6506576,6451593,0,0,0,0,0,0,0
1748632839623,-18750000,5788117,6451589,6488249,0,0,0,0,0,0,0
1748632839723,-18750000,5810111,6341621,6433267,0,0,0,0,0,0,0
1748632839823,-18750000,5795449,6414937,6433267,0,0,0,0,0,0,0
1748632839923,-18750000,5788118,6451593,6396611,0,0,0,0,0,0,0
1748632840023,-18750000,5795449,6524909,6359954,0,0,0,0,0,0,0
1748632840123,-18750000,5784452,6598222,6378284,0,0,0,0,0,0,0
1748632840223,-18750000,5795450,6634878,6433267,0,0,0,0,0,0,0
1748632840323,-18750000,5788118,6671534,6488249,0,0,0,0,0,0,0
1748632840423,-18750000,5791784,6671534,6414937,0,0,0,0,0,0,0
1748632840523,-18750000,5780787,6671534,6359951,0,0,0,0,0,0,0
1748632840623,-18750000,5773456,6671534,6286638,0,0,0,0,0,0,0
1748632840723,-18750000,5769790,6744847,6341621,0,0,0,0,0,0,0
1748632840823,-18750000,5777121,6726517,6396603,0,0,0,0,0,0,0
1748632840923,-18750000,5773456,6744847,6359947,0,0,0,0,0,0,0
1748632841023,-18750000,5766124,6799829,6323291,0,0,0,0,0,0,0
1748632841123,-18750000,5762458,6836485,6286634,0,0,0,0,0,0,0
1748632841223,-18750000,5747796,6781499,6268308,0,0,0,0,0,0,0
1748632841323,-18750000,5766124,6836482,6194996,0,0,0,0,0,0,0
1748632841423,-18750000,5758792,6763169,6249982,0,0,0,0,0,0,0
1748632841523,-18750000,5740464,6763169,6268312,0,0,0,0,0,0,0
1748632841623,-18750000,5736799,6781499,6286642,0,0,0,0,0,0,0
1748632841723,-18750000,5725802,6781499,6304972,0,0,0,0,0,0,0
1748632841823,-18750000,5736799,6653201,6323302,0,0,0,0,0,0,0
1748632841923,-18750000,5747796,6598214,6359958,0,0,0,0,0,0,0
1748632842023,-18750000,5758793,6561558,6433271,0,0,0,0,0,0,0
1748632842123,-18750000,5747796,6469919,6488253,0,0,0,0,0,0,0
1748632842223,-18750000,5751461,6414937,6524909,0,0,0,0,0,0,0
1748632842323,-18750000,5740464,6359954,6598222,0,0,0,0,0,0,0
1748632842423,-18750000,5751461,6414937,6616548,0,0,0,0,0,0,0
1748632842523,-18750000,5769790,6359954,6579892,0,0,0,0,0,0,0
1748632842623,-18750000,5769790,6323298,6543236,0,0,0,0,0,0,0
1748632842723,-18750000,5773455,6286642,6506579,0,0,0,0,0,0,0
1748632842823,-18750000,5758793,6359954,6469923,0,0,0,0,0,0,0
1748632842923,-18750000,5758793,6414941,6451593,0,0,0,0,0,0,0
1748632843023,-18750000,5736799,6469927,6378281,0,0,0,0,0,0,0
1748632843123,-18750000,5762459,6524909,6414937,0,0,0,0,0,0,0
1748632843223,-18750000,5758793,6561565,6396607,0,0,0,0,0,0,0
1748632843323,-18750000,5777122,6543235,6414937,0,0,0,0,0,0,0
1748632843423,-18750000,5777122,6451597,6414937,0,0,0,0,0,0,0
1748632843523,-18750000,5766125,6561565,6414937,0,0,0,0,0,0,0
1748632843623,-18750000,5773457,6598222,6414937,0,0,0,0,0,0,0
1748632843723,-18750000,5769791,6598222,6396607,0,0,0,77,205,463,0
1748632843823,-18750000,5773457,6579895,6414933,0,0,0,155,205,463,0
1748632843923,-18750000,5762460,6433267,6451589,0,25,0,232,616,694,0
1748632844023,-18750000,5780788,6304968,6469919,0,51,0,310,822,926,0
1748632844123,-18750000,5769791,6304968,6378281,0,76,1,388,822,1158,0
1748632844223,-18750000,5769791,6268312,6378281,0,102,1,465,1233,1389,0
1748632844323,-18750000,5751463,6359954,6359951,0,128,1,465,1233,1621,0
1748632844423,-18750000,5758794,6378281,6378281,0,153,1,620,1644,1852,0
1748632844523,-18750000,5773457,6323294,6433263,0,179,1,698,1644,2084,0
1748632844623,-18750000,5777122,6249982,6451589,0,204,2,776,1850,2316,0
1748632844723,-18750000,5799116,6213326,6451589,0,230,2,776,2056,2316,0
1748632844823,-18750000,5806447,6176669,6433263,0,256,2,776,2056,2316,0
1748632844923,-18750000,5806447,6323298,6433263,0,256,2,776,2056,2316,0
1748632845023,-18750000,5791784,6396611,6414933,0,256,2,776,2056,2316,0
1748632845123,-18750000,5799115,6433267,6433259,0,256,2,776,2056,2316,0
1748632845223,-18750000,5810112,6359951,6414933,0,256,2,776,2056,2316,0
1748632845323,-18750000,5813778,6323294,6451589,0,256,2,776,2056,2316,0
1748632845423,-18750000,5806447,6341624,6451589,0,256,2,776,2056,2316,0
1748632845523,-18750000,5799116,6304968,6414933,0,256,2,776,2056,2316,0
1748632845623,-18750000,5802782,6359951,6451589,0,256,2,776,2056,2316,0
1748632845723,-18750000,5788119,6451589,6451589,0,256,2,776,2056,2316,0
1748632845823,-18750000,5773457,6524902,6414933,0,256,2,776,2056,2316,0
1748632845923,-18750000,5795450,6451589,6433263,0,256,2,776,2056,2316,0
1748632846023,-18750000,5813779,6378277,6506576,0,256,2,776,2056,2316,0
1748632846123,-18750000,5791784,6323294,6579888,0,256,2,776,2056,2316,0
1748632846223,-18750000,5806448,6414937,6634871,0,256,2,776,2056,2316,0
1748632846323,-18750000,5813779,6268308,6543232,0,256,2,776,2056,2316,0
1748632846423,-18750000,5821110,6304964,6488246,0,256,2,776,2056,2316,0
1748632846523,-18750000,5824775,6433263,6414933,0,256,1,776,2056,2316,0
1748632846623,-18750000,5806447,6469919,6341621,0,230,1,776,2056,2316,0
1748632846723,-18750000,5810112,6359951,6323294,0,230,1,699,2056,2111,0
1748632846823,-18750000,5824774,6304964,6378277,0,204,1,699,1850,1905,0
1748632846923,-18750000,5806446,6341621,6304964,0,204,1,622,1644,1878,0
1748632847023,-18750000,5795449,6341621,6249982,0,153,1,544,1439,1647,0
1748632847123,-18750000,5824774,6341621,6158343,0,153,1,467,1233,1415,0
1748632847223,-18750000,5806446,6231652,6103361,0,128,1,466,1028,1184,0
1748632847323,-18750000,5791783,6359951,6158343,0,102,1,466,822,952,0
1748632847423,-18750000,5799115,6341621,6231656,0,76,0,388,616,720,0
1748632847523,-18750000,5799115,6213322,6249986,0,25,0,311,411,489,0
1748632847623,-18750000,5810112,6176666,6323298,0,25,0,233,205,257,0
1748632847723,-18750000,5791784,6249978,6323298,0,25,0,232,0,230,0
1748632847823,-18750000,5780787,6323291,6323298,0,0,0,155,0,204,0
1748632847923,-18750000,5806447,6213318,6378281,0,0,0,154,0,0,0
1748632848023,-18750000,5821110,6323287,6341624,0,0,0,154,0,0,0
1748632848123,-18750000,5810113,6341613,6341624,0,0,0,154,0,0,0
1748632848223,-18750000,5817444,6451582,6304968,0,0,0,77,0,0,0
1748632848323,-18750000,5828440,6488238,6304968,0,0,0,0,0,0,0
1748632848423,-18750000,5824775,6488238,6213330,0,0,0,0,0,0,0
1748632848523,-18750000,5806447,6561551,6231656,0,0,0,0,0,0,0
1748632848623,-18750000,5813778,6561551,6213329,0,0,0,0,0,0,0
1748632848723,-18750000,5828441,6561551,6304968,0,0,0,0,0,0,0
1748632848823,-18750000,5828441,6524894,6359954,0,0,0,0,0,0,0
1748632848923,-18750000,5810113,6616537,6359954,0,0,0,0,0,0,0
1748632849023,-18750000,5777121,6616537,6414937,0,0,0,0,0,0,0
1748632849123,-18750000,5780787,6561554,6433263,0,0,0,0,0,0,0
1748632849223,-18750000,5773456,6598211,6488246,0,0,0,0,0,0,0
1748632849323,-18750000,5780787,6579884,6469919,0,0,0,0,0,0,0
1748632849423,-18750000,5777121,6579884,6469919,0,0,0,0,0,0,0
1748632849523,-18750000,5791784,6488246,6506576,0,0,0,0,0,0,0
1748632849623,-18750000,5795450,6524902,6469919,0,0,0,0,0,0,0
1748632849723,-18750000,5784452,6469919,6396607,0,0,0,0,0,0,0
1748632849823,-18750000,5788118,6451593,6341621,0,0,0,0,0,0,0
1748632849923,-18750000,5769789,6488249,6304964,0,0,0,0,0,0,0
1748632850023,-18750000,5788118,6488249,6304964,0,0,0,0,0,0,0
1748632850123,-18750000,5780786,6543232,6341621,0,0,0,0,0,0,0
1748632850223,-18750000,5777120,6598218,6286638,0,0,0,0,0,0,0
1748632850323,-18750000,5758793,6561562,6304964,0,0,0,0,0,0,0
1748632850423,-18750000,5758793,6561562,6304964,0,0,0,0,0,0,0
1748632850523,-18750000,5769789,6543232,6286638,0,0,0,0,0,0,0
1748632850623,-18750000,5766124,6506576,6323294,0,0,0,0,0,0,0
1748632850723,-18750000,5762458,6598214,6304968,0,0,0,0,0,0,0
1748632850823,-18750000,5766124,6561558,6323298,0,0,0,0,0,0,0
1748632850923,-18750000,5780787,6561558,6359954,0,0,0,0,0,0,0
1748632851023,-18750000,5758793,6543232,6359954,0,0,0,0,0,0,0
1748632851123,-18750000,5747796,6543232,6359954,0,0,0,0,0,0,0
1748632851223,-18750000,5762459,6488246,6414937,0,0,0,0,0,0,0
1748632851323,-18750000,5773455,6506572,6469923,0,0,0,0,0,0,0
1748632851423,-18750000,5762459,6488246,6524906,0,0,0,0,0,0,0
1748632851523,-18750000,5766125,6524902,6579888,0,0,0,0,0,0,0
1748632851623,-18750000,5758793,6524902,6634871,0,0,0,0,0,0,0
1748632851723,-18750000,5766125,6506576,6689853,0,0,0,0,0,0,0
1748632851823,-18750000,5751462,6561558,6708179,0,0,0,0,0,0,0
1748632851923,-18750000,5740465,6506576,6653197,0,0,0,0,0,0,0
1748632852023,-18750000,5766124,6378277,6689853,0,0,0,0,0,0,0
1748632852123,-18750000,5766124,6323294,6689853,0,0,0,0,0,0,0
1748632852223,-18750000,5747797,6304968,6634871,0,0,0,0,0,0,0
1748632852323,-18750000,5747797,6268312,6598214,0,0,0,0,0,0,0
1748632852423,-18750000,5758793,6286638,6561558,0,0,0,0,0,0,0
1748632852523,-18750000,5758793,6268312,6506576,0,0,0,0,0,0,0
1748632852623,-18750000,5747796,6304968,6469919,0,0,0,0,0,0,0
1748632852723,-18750000,5758792,6323294,6451593,0,0,0,0,0,0,0
1748632852823,-18750000,5784452,6323294,6451593,0,0,0,0,0,0,0
1748632852923,-18750000,5788118,6286638,6506576,0,0,0,0,0,0,0
1748632853023,-18750000,5788118,6396607,6469919,0,0,0,0,0,0,0
1748632853123,-18750000,5806447,6469919,6506576,0,0,0,0,0,0,0
1748632853223,-18750000,5806447,6488246,6598214,0,0,0,0,0,0,0
1748632853323,-18750000,5795450,6543232,6524902,0,0,0,0,0,0,0
1748632853423,-18750000,5795450,6579888,6506576,0,0,0,0,0,0,0
1748632853523,-18750000,5788118,6653201,6469919,0,0,0,0,0,0,0
1748632853623,-18750000,5788118,6579888,6488249,0,0,0,0,0,0,0
1748632853723,-18750000,5788118,6579888,6451593,0,0,0,0,0,0,0
1748632853823,-18750000,5758793,6561562,6414937,0,0,0,0,0,0,0
1748632853923,-18750000,5758793,6561562,6396611,0,0,0,0,0,0,0
1748632854023,-18750000,5784453,6616544,6378284,0,0,0,0,0,0,0
1748632854123,-18750000,5766125,6598214,6378284,0,0,0,0,0,0,0
1748632854223,-18750000,5780787,6598214,6378284,0,0,0,0,0,0,0
1748632854323,-18750000,5777121,6469919,6396611,0,0,0,0,0,0,0
1748632854423,-18750000,5784453,6469919,6488249,0,0,0,0,0,0,0
1748632854523,-18750000,5802782,6378281,6506575,0,0,0,0,0,0,0
1748632854623,-18750000,5806447,6396607,6488245,0,0,0,0,0,0,0
1748632854723,-18750000,5788119,6506579,6488245,0,0,0,0,0,0,0
1748632854823,-18750000,5802782,6543236,6543228,0,0,0,0,0,0,0
1748632854923,-18750000,5799116,6433267,6543228,0,0,0,0,0,0,0
1748632855023,-18750000,5788119,6488253,6579881,0,0,0,0,0,0,0
1748632855123,-18750000,5784453,6433271,6579881,0,0,0,0,0,0,0
1748632855223,-18750000,5758793,6488257,6543224,0,0,0,0,0,0,0
1748632855323,-18750000,5755128,6579896,6543224,0,0,0,0,0,0,0
1748632855423,-18750000,5755128,6579896,6543224,0,0,0,0,0,0,0
1748632855523,-18750000,5729468,6634878,6469916,0,0,0,0,0,0,0
1748632855623,-18750000,5736799,6579896,6469916,0,0,0,0,0,0,0
1748632855723,-18750000,5744131,6433267,6359951,0,0,0,0,0,0,0
1748632855823,-18750000,5729468,6396611,6359951,0,0,0,0,0,0,0
1748632855923,-18750000,5729468,6414937,6304968,0,0,0,0,0,0,0
1748632856023,-18750000,5714806,6414937,6304968,0,0,0,0,0,0,0
1748632856123,-18750000,5703808,6506575,6268312,0,0,0,0,0,0,0
1748632856223,-18750000,5711140,6488245,6231656,0,0,0,0,0,0,0
1748632856323,-18750000,5703808,6488245,6231656,0,0,0,0,0,0,0
1748632856423,-18750000,5714805,6543228,6213329,0,0,0,0,0,0,0
1748632856523,-18750000,5729467,6506572,6249986,0,0,0,0,0,0,0
1748632856623,-18750000,5718471,6543228,6213329,0,0,0,0,0,0,0
1748632856723,-18750000,5722136,6488242,6286642,0,0,0,0,0,0,0
1748632856823,-18750000,5740465,6469915,6304968,0,0,0,0,0,0,0
1748632856923,-18750000,5740465,6451589,6378281,0,0,0,0,0,0,0
1748632857023,-18750000,5740465,6378277,6378281,0,0,0,0,0,0,0
1748632857123,-18750000,5758793,6249978,6433267,0,0,0,0,0,0,0
1748632857223,-18750000,5762458,6231652,6396611,0,0,0,0,0,0,0
1748632857323,-18750000,5777122,6231652,6396611,0,0,0,0,0,0,0
1748632857423,-18750000,5777122,6194996,6451593,0,0,0,0,0,0,0
1748632857523,-18750000,5773456,6194996,6414937,0,0,0,0,0,0,0
1748632857623,-18750000,5773456,6231652,6433263,0,0,0,0,0,0,0
1748632857723,-18750000,5773456,6359951,6414933,0,0,0,0,0,0,0
1748632857823,-18750000,5766125,6451589,6396607,0,0,0,0,0,0,0
1748632857923,-18750000,5784453,6469915,6378277,0,0,0,0,0,0,0
1748632858023,-18750000,5795450,6451585,6359951,0,0,0,0,0,0,0
1748632858123,-18750000,5799116,6579884,6304964,0,0,0,0,0,0,0
1748632858223,-18750000,5806447,6616540,6286638,0,0,0,0,0,0,0
1748632858323,-18750000,5799115,6634870,6286638,0,0,0,0,0,0,0
1748632858423,-18750000,5788119,6726513,6231656,0,0,0,0,0,0,0
1748632858523,-18750000,5791784,6689857,6268312,0,0,0,0,0,0,0
1748632858623,-18750000,5791784,6689857,6268312,0,0,0,0,0,0,0
1748632858723,-18750000,5773456,6726513,6268312,0,0,0,0,0,0,0
1748632858823,-18750000,5773456,6689857,6268312,0,0,0,0,0,0,0
1748632858923,-18750000,5751462,6708187,6268312,0,0,0,0,0,0,0
1748632859023,-18750000,5766125,6744843,6304968,0,0,0,0,0,0,0
1748632859123,-18750000,5747797,6726517,6286642,0,0,0,0,0,0,0
1748632859223,-18750000,5747797,6634874,6286642,0,0,0,0,0,0,0
1748632859323,-18750000,5744131,6543232,6268316,0,0,0,0,0,0,0
1748632859423,-18750000,5758793,6469919,6231659,0,0,0,0,0,0,0
1748632859523,-18750000,5740465,6579888,6249986,0,0,0,0,0,0,0
1748632859623,-18750000,5747796,6561558,6286642,0,0,0,0,0,0,0
1748632859723,-18750000,5758793,6506575,6268316,0,0,0,0,0,0,0
1748632859823,-18750000,5762458,6451593,6323298,0,0,0,0,0,0,0
1748632859923,-18750000,5777121,6469919,6359954,0,0,0,0,0,0,0
1748632860023,-18750000,5762458,6488249,6286642,0,0,0,0,0,0,0
1748632860123,-18750000,5766124,6414937,6341624,0,0,0,0,0,0,0
1748632860223,-18750000,5758792,6396611,6396607,0,0,0,0,0,0,0
1748632860323,-18750000,5755126,6414941,6451589,0,0,0,0,0,0,0
1748632860423,-18750000,5733132,6378284,6524902,0,0,0,0,0,0,0
1748632860523,-18750000,5751460,6341628,6506576,0,0,0,0,0,0,0
1748632860623,-18750000,5755126,6304972,6506576,0,0,0,0,0,0,0
1748632860723,-18750000,5747794,6341628,6488246,0,0,0,0,0,0,0
1748632860823,-18750000,5747794,6433267,6506576,0,0,0,0,0,0,0
1748632860923,-18750000,5751460,6304968,6414937,0,0,0,0,0,0,0
1748632861023,-18750000,5725801,6323294,6433263,0,0,0,0,0,0,0
1748632861123,-18750000,5725801,6304964,6378281,0,0,0,0,0,0,0
1748632861223,-18750000,5736798,6396603,6341624,0,0,0,0,0,0,0
1748632861323,-18750000,5762458,6359947,6359954,0,0,0,0,0,0,0
1748632861423,-18750000,5773455,6414929,6304968,0,0,0,0,0,0,0
1748632861523,-18750000,5773455,6396603,6304968,0,0,0,0,0,0,0
1748632861623,-18750000,5769790,6378277,6341624,0,0,0,0,0,0,0
1748632861723,-18750000,5784452,6359947,6378281,0,0,0,0,0,0,0
1748632861823,-18750000,5766124,6396607,6359951,0,0,0,0,0,0,0
1748632861923,-18750000,5762458,6506579,6433263,0,0,0,0,0,0,0
1748632862023,-18750000,5799115,6433267,6469919,0,0,0,0,0,0,0
1748632862123,-18750000,5795449,6543235,6561558,0,0,0,0,0,0,0
1748632862223,-18750000,5791783,6469923,6543232,0,0,0,0,0,0,0
1748632862323,-18750000,5784451,6524905,6469919,0,0,0,0,0,0,0
1748632862423,-18750000,5780786,6506579,6543232,0,0,0,0,0,0,0
1748632862523,-18750000,5780786,6524905,6561558,0,0,0,0,0,0,0
1748632862623,-18750000,5773455,6451589,6469919,0,0,0,0,0,0,0
1748632862723,-18750000,5762458,6433263,6506576,0,0,0,0,0,0,0
1748632862823,-18750000,5777122,6341620,6506576,0,0,0,0,0,0,0
1748632862923,-18750000,5766125,6359947,6488246,0,0,0,0,0,0,0
1748632863023,-18750000,5740465,6396603,6433263,0,0,0,0,0,0,0
1748632863123,-18750000,5747797,6396603,6396607,0,0,0,0,0,0,0
1748632863223,-18750000,5733134,6414933,6396607,0,0,0,0,0,0,0
1748632863323,-18750000,5722138,6323291,6433263,0,0,0,0,0,0,0
1748632863423,-18750000,5718472,6323291,6396607,0,0,0,0,0,0,0
1748632863523,-18750000,5711140,6231648,6433263,0,0,0,0,0,0,0
1748632863623,-18750000,5711140,6231648,6433263,0,0,0,0,0,0,0
1748632863723,-18750000,5711140,6231648,6433263,0,0,0,0,0,0,0
1748632863823,-18750000,5711140,6231648,6433263,0,0,0,0,0,0,0
1748632863923,-18750000,5711140,6231648,6433263,0,0,0,0,0,0,0
1748632864023,-18750000,5711140,6231648,6433263,0,0,0,0,0,0,0
1748632864123,-18750000,5711140,6231648,6433263,0,0,0,0,0,0,0
1748632864223,-18750000,5711140,6231648,6433263,0,0,0,0,0,0,0
1748632864323,-18750000,5711140,6231648,6433263,0,0,0,0,0,0,0
1748632864423,-18750000,5711140,6231648,6433263,0,0,0,0,0,0,0
1748632864523,-18750000,5722137,6323291,6524902,0,0,0,0,0,0,0
1748632864623,-18750000,5733133,6268304,6433263,0,25,0,77,205,231,0
1748632864723,-18750000,5722136,6268304,6469919,0,51,0,155,411,463,0
1748632864823,-18750000,5733133,6304961,6524906,0,76,0,232,616,694,0
1748632864923,-18750000,5751461,6213318,6598218,0,76,0,310,822,926,0
1748632865023,-18750000,5747796,6103349,6634874,0,76,1,388,1028,1132,0
1748632865123,-18750000,5762458,6121676,6726513,0,76,1,388,1028,1132,0
1748632865223,-18750000,5769790,6231648,6744839,0,76,1,414,1232,1132,0
1748632865323,-18750000,5788118,6268304,6726513,0,76,1,414,1232,1132,0
1748632865423,-18750000,5799115,6396603,6689857,0,76,1,414,1232,1132,0
1748632865523,-18750000,5810113,6359947,6708187,0,76,1,414,1232,1132,0
1748632865623,-18750000,5799116,6469916,6763169,0,51,1,336,1027,901,0
1748632865723,-18750000,5817445,6524898,6744843,0,25,0,259,821,669,0
1748632865823,-18750000,5821111,6469916,6653201,0,0,0,181,616,438,0
1748632865923,-18750000,5824776,6561558,6653201,0,0,0,104,410,206,0
1748632866023,-18750000,5824776,6671527,6616544,0,0,0,26,204,0,0
1748632866123,-18750000,5813779,6708183,6579888,0,0,0,26,204,0,0
1748632866223,-18750000,5828442,6671527,6579888,0,0,0,0,0,0,0
1748632866323,-18750000,5824776,6653197,6579888,0,0,0,0,0,0,0
1748632866423,-18750000,5817445,6653197,6579888,0,0,0,0,0,0,0
1748632866523,-18750000,5817445,6598210,6579888,0,0,0,0,0,0,0
1748632866623,-18750000,5817445,6524898,6561562,0,0,0,0,0,0,0
1748632866723,-18750000,5802782,6543228,6543232,0,0,0,0,0,0,0
1748632866823,-18750000,5799116,6524898,6561562,0,0,0,0,0,0,0
1748632866923,-18750000,5802782,6561554,6543232,0,0,0,0,0,0,0
1748632867023,-18750000,5828442,6524898,6579888,0,0,0,0,0,0,0
1748632867123,-18750000,5857767,6524898,6579888,0,0,0,0,0,0,0
1748632867223,-18750000,5843105,6598210,6579888,0,0,0,0,0,0,0
1748632867323,-18750000,5854102,6598210,6653201,0,0,0,0,0,0,0
1748632867423,-18750000,5850436,6543228,6653201,0,0,0,0,0,0,0
1748632867523,-18750000,5843105,6726513,6616544,0,0,0,0,0,0,0
1748632867623,-18750000,5861432,6763169,6671527,0,0,0,0,0,0,0
1748632867723,-18750000,5887092,6708183,6671527,0,0,0,0,0,0,0
1748632867823,-18750000,5894423,6781496,6689853,0,0,0,0,0,0,0
1748632867923,-18750000,5890757,6781496,6689853,0,0,0,0,0,0,0
1748632868023,-18750000,5872429,6726513,6726513,0,0,0,0,0,0,0
1748632868123,-18750000,5861432,6689857,6726513,0,0,0,0,0,0,0
1748632868223,-18750000,5883425,6598214,6781499,0,0,0,0,0,0,0
1748632868323,-18750000,5876094,6634871,6726513,0,0,0,0,0,0,0
1748632868423,-18750000,5890757,6671527,6726513,0,0,0,0,0,0,0
1748632868523,-18750000,5898088,6543228,6744839,0,0,0,0,0,0,0
1748632868623,-18750000,5898088,6561558,6708183,0,0,0,0,0,0,0
1748632868723,-18750000,5901753,6543232,6708183,0,0,0,0,0,0,0
1748632868823,-18750000,5912750,6488249,6708183,0,0,0,0,0,0,0
1748632868923,-18750000,5909085,6469923,6708183,0,0,0,0,0,0,0
1748632869023,-18750000,5923748,6506579,6689853,0,0,0,0,0,0,0
1748632869123,-18750000,5905420,6543235,6689853,0,0,0,0,0,0,0
1748632869223,-18750000,5879760,6616548,6634867,0,0,0,0,0,0,0
1748632869323,-18750000,5865098,6634878,6634867,0,0,0,0,0,0,0
1748632869423,-18750000,5879761,6634878,6634867,0,0,0,0,0,0,0
1748632869523,-18750000,5857767,6726520,6598211,0,0,0,0,0,0,0
1748632869623,-18750000,5850436,6708190,6616541,0,0,0,0,0,0,0
1748632869723,-18750000,5839438,6634874,6561558,0,0,0,0,0,0,0
1748632869823,-18750000,5813779,6708187,6524902,0,0,0,0,0,0,0
1748632869923,-18750000,5806448,6708187,6433259,0,0,0,0,0,0,0
1748632870023,-18750000,5795450,6763169,6359947,0,0,0,0,0,0,0
1748632870123,-18750000,5810113,6726513,6304964,0,0,0,0,0,0,0
1748632870223,-18750000,5835772,6689857,6231652,0,0,0,0,0,0,0
1748632870323,-18750000,5846769,6634871,6140009,0,0,0,0,0,0,0
1748632870423,-18750000,5832106,6616541,6103353,0,0,0,0,0,0,0
1748632870523,-18750000,5850434,6524898,6085027,0,0,0,0,0,0,0
1748632870623,-18750000,5835771,6488242,6066697,0,0,0,0,0,0,0
1748632870723,-18750000,5832106,6579884,6103353,0,0,0,0,0,0,0
1748632870823,-18750000,5828440,6561554,6066697,0,0,0,0,0,0,0
1748632870923,-18750000,5828440,6561554,6103357,0,0,0,0,0,0,0
1748632871023,-18750000,5817444,6561554,6085027,0,0,0,0,0,0,0
1748632871123,-18750000,5795449,6543228,6066697,0,0,0,0,0,0,0
1748632871223,-18750000,5758792,6543228,6121683,0,0,0,0,0,0,0
1748632871323,-18750000,5740464,6543228,6176669,0,0,0,0,0,0,0
1748632871423,-18750000,5703808,6543228,6158343,0,0,0,0,0,0,0
1748632871523,-18750000,5696476,6543228,6158343,0,0,0,0,0,0,0
1748632871623,-18750000,5711139,6579884,6085031,0,0,0,0,0,0,0
1748632871723,-18750000,5696476,6561558,6103357,0,0,0,0,0,0,0
1748632871823,-18750000,5696476,6506576,6194999,0,0,0,0,0,0,0
1748632871923,-18750000,5696476,6469919,6249982,0,0,0,0,0,0,0
1748632872023,-18750000,5718470,6378281,6323294,0,0,0,0,0,0,0
1748632872123,-18750000,5733133,6359951,6341624,0,0,0,0,0,0,0
1748632872223,-18750000,5736799,6396607,6323294,0,0,0,0,0,0,0
1748632872323,-18750000,5755128,6396607,6304968,0,0,0,0,0,0,0
1748632872423,-18750000,5766124,6378280,6323294,0,0,0,0,0,0,0
1748632872523,-18750000,5758793,6396610,6341621,0,0,0,0,0,0,0
1748632872623,-18750000,5744131,6378284,6378277,0,0,0,0,0,0,0
1748632872723,-18750000,5755127,6323298,6359951,0,0,0,0,0,0,0
1748632872823,-18750000,5758793,6414940,6323294,0,0,0,0,0,0,0
1748632872923,-18750000,5755127,6433267,6268312,0,0,0,0,0,0,0
1748632873023,-18750000,5747795,6433267,6158343,0,0,0,0,0,0,0
1748632873123,-18750000,5751460,6414941,6213326,0,0,0,0,0,0,0
1748632873223,-18750000,5766123,6378284,6249982,0,0,0,0,0,0,0
1748632873323,-18750000,5766123,6304972,6304964,0,0,0,0,0,0,0
1748632873423,-18750000,5755126,6304972,6286638,0,0,0,0,0,0,0
1748632873523,-18750000,5747795,6194999,6194996,0,0,0,0,0,0,0
1748632873623,-18750000,5751461,6158343,6176669,0,0,0,0,0,0,0
1748632873723,-18750000,5758792,6213329,6176669,0,0,0,0,0,0,0
1748632873823,-18750000,5751461,6121687,6103353,0,0,0,0,0,0,0
1748632873923,-18750000,5740464,6140017,6066693,0,0,0,0,0,0,0
1748632874023,-18750000,5711138,6231656,6066693,0,0,0,0,0,0,0
1748632874123,-18750000,5692810,6249982,5993381,0,0,0,0,0,0,0
1748632874223,-18750000,5674481,6231655,5901738,0,0,0,0,0,0,0
1748632874323,-18750000,5648821,6359954,5846756,0,0,0,0,0,0,0
1748632874423,-18750000,5670815,6378280,5883412,0,0,0,0,0,0,0
1748632874523,-18750000,5681813,6433267,5920072,0,0,0,0,0,0,0
1748632874623,-18750000,5667149,6524905,5865086,0,0,0,0,0,0,0
1748632874723,-18750000,5645156,6469919,5883412,0,0,0,0,0,0,0
1748632874823,-18750000,5652487,6524902,5846756,0,0,0,0,0,0,0
1748632874923,-18750000,5648822,6469915,5846756,0,0,0,0,0,0,0
1748632875023,-18750000,5659819,6286634,5828426,0,0,0,0,0,0,0
1748632875123,-18750000,5667151,6249978,5865082,0,0,0,0,0,0,0
1748632875223,-18750000,5670817,6213322,5865082,0,0,0,0,0,0,0
1748632875323,-18750000,5681814,6121679,5865082,0,0,0,0,0,0,0
1748632875423,-18750000,5678149,6103353,5755109,0,0,0,0,0,0,0
1748632875523,-18750000,5667151,6176666,5736779,0,0,0,0,0,0,0
1748632875623,-18750000,5678149,6066697,5755106,0,0,0,0,0,0,0
1748632875723,-18750000,5663486,6140009,5663463,0,0,0,0,0,0,0
1748632875823,-18750000,5648824,6158339,5663463,0,0,0,0,0,0,0
1748632875923,-18750000,5656155,6085027,5663463,0,0,0,0,0,0,0
1748632876023,-18750000,5652489,6213326,5663463,0,0,0,0,0,0,0
1748632876123,-18750000,5648823,6286638,5626807,0,0,0,0,0,0,0
1748632876223,-18750000,5634160,6323294,5571824,0,0,0,0,0,0,0
1748632876323,-18750000,5608501,6268308,5571824,0,0,0,0,0,0,0
1748632876423,-18750000,5579175,6231652,5645141,0,0,0,0,0,0,0
1748632876523,-18750000,5553515,6231652,5626811,0,0,0,0,0,0,0
1748632876623,-18750000,5553515,6268308,5626811,0,0,0,0,0,0,0
1748632876723,-18750000,5553515,6213326,5681797,0,0,0,0,0,0,0
1748632876823,-18750000,5542518,6103357,5755113,0,0,0,0,0,0,0
1748632876923,-18750000,5520523,6213326,5718457,0,0,0,0,0,0,0
1748632877023,-18750000,5502195,6176669,5681801,0,0,0,0,0,0,0
1748632877123,-18750000,5487532,6158343,5645144,0,0,0,0,0,0,0
1748632877223,-18750000,5472869,6140013,5700127,0,0,0,0,0,0,0
1748632877323,-18750000,5487532,6158343,5663467,0,0,0,0,0,0,0
1748632877423,-18750000,5491197,6140013,5626807,0,0,0,0,0,0,0
1748632877523,-18750000,5494862,6121687,5681793,0,0,0,0,0,0,0
1748632877623,-18750000,5491196,6194999,5645137,0,0,0,0,0,0,0
1748632877723,-18750000,5469202,6194999,5553494,0,0,0,0,0,0,0
1748632877823,-18750000,5476533,6140013,5516834,0,0,0,0,0,0,0
1748632877923,-18750000,5480199,6140013,5571821,0,0,0,0,0,0,0
1748632878023,-18750000,5476534,6103353,5626807,0,0,0,0,0,0,0
1748632878123,-18750000,5465537,6066697,5645133,0,0,0,0,0,0,0
1748632878223,-18750000,5480200,6066697,5608477,0,0,0,0,0,0,0
1748632878323,-18750000,5465537,6085027,5608477,0,0,0,0,0,0,0
1748632878423,-18750000,5472869,6121683,5626807,0,0,0,0,0,0,0
1748632878523,-18750000,5469204,6194996,5590151,0,0,0,0,0,0,0
1748632878623,-18750000,5447210,6066697,5626807,0,0,0,0,0,0,0
1748632878723,-18750000,5436213,6085023,5663463,0,0,0,0,0,0,0
1748632878823,-18750000,5421551,6121679,5626807,0,0,0,0,0,0,0
1748632878923,-18750000,5406888,6103353,5590151,0,0,0,0,0,0,0
1748632879023,-18750000,5392226,6066697,5535164,0,0,0,0,0,0,0
1748632879123,-18750000,5388560,6066697,5535164,0,0,0,0,0,0,0
1748632879223,-18750000,5373896,6066697,5571821,0,0,0,0,0,0,0
1748632879323,-18750000,5355568,6085023,5571821,0,0,0,0,0,0,0
1748632879423,-18750000,5315245,6066697,5498508,0,0,0,0,0,0,0
1748632879523,-18750000,5296916,5865086,5443522,0,0,0,0,0,0,0
1748632879623,-18750000,5285919,5865086,5498508,0,0,0,0,0,0,0
1748632879723,-18750000,5293251,5865086,5443526,0,0,0,0,0,0,0
1748632879823,-18750000,5271257,5938398,5480182,0,0,0,0,0,0,0
1748632879923,-18750000,5252928,5865082,5498508,0,0,0,0,0,0,0
1748632880023,-18750000,5245596,5956724,5535164,0,0,0,0,0,0,0
1748632880123,-18750000,5241931,5865082,5553494,0,0,0,0,0,0,0
1748632880223,-18750000,5230934,5810096,5608481,0,0,0,0,0,0,0
1748632880323,-18750000,5223603,5791769,5553498,0,0,0,0,0,0,0
1748632880423,-18750000,5219938,5810096,5590154,0,0,0,0,0,0,0
1748632880523,-18750000,5212607,5865078,5626811,0,0,0,0,0,0,0
1748632880623,-18750000,5197944,5865078,5571824,0,0,0,0,0,0,0
1748632880723,-18750000,5186947,5791766,5608481,0,0,0,0,0,0,0
1748632880823,-18750000,5175950,5681797,5553498,0,0,0,0,0,0,0
1748632880923,-18750000,5175950,5681797,5535172,0,0,0,0,0,0,0
1748632881023,-18750000,5172285,5645141,5535172,0,0,0,0,0,0,0
1748632881123,-18750000,5150290,5755109,5461859,0,0,0,0,0,0,0
1748632881223,-18750000,5150290,5755109,5351891,0,0,0,0,0,0,0
1748632881323,-18750000,5146624,5718449,5351891,0,0,0,0,0,0,0
1748632881423,-18750000,5146624,5608481,5370217,0,0,0,0,0,0,0
1748632881523,-18750000,5135627,5608481,5315234,0,0,0,0,0,0,0
1748632881623,-18750000,5124630,5553498,5315234,0,0,0,0,0,0,0
1748632881723,-18750000,5106302,5571824,5296904,0,0,0,0,0,0,0
1748632881823,-18750000,5098970,5535168,5351887,0,0,0,0,0,0,0
1748632881923,-18750000,5084306,5535168,5315231,0,0,0,0,0,0,0
1748632882023,-18750000,5080640,5535168,5296904,0,0,0,0,0,0,0
1748632882123,-18750000,5065978,5480182,5296904,0,0,0,0,0,0,0
1748632882223,-18750000,5051315,5480182,5351887,0,0,0,0,0,0,0
1748632882323,-18750000,5040317,5498512,5406869,0,0,0,0,0,0,0
1748632882423,-18750000,5036651,5590155,5406869,0,0,0,0,0,0,0
1748632882523,-18750000,5032985,5571828,5461852,0,0,0,0,0,0,0
1748632882623,-18750000,5029319,5681797,5388539,0,0,0,0,0,0,0
1748632882723,-18750000,5021988,5700127,5406869,0,0,0,0,0,0,0
1748632882823,-18750000,5010992,5700127,5333557,0,0,0,0,0,0,0
1748632882923,-18750000,4988998,5700127,5333557,0,0,0,0,0,0,0
1748632883023,-18750000,4963338,5681797,5315227,0,0,0,0,0,0,0
1748632883123,-18750000,4959672,5736783,5351883,0,0,0,0,0,0,0
1748632883223,-18750000,4923015,5718457,5296901,0,0,0,0,0,0,0
1748632883323,-18750000,4893690,5718457,5241918,0,0,0,0,0,0,0
