1748634723270,0,0,0,0,0,0,0,0,0,0,0
1748634723370,0,0,0,0,0,0,0,0,0,0,0
1748634723470,0,0,0,0,0,0,0,0,0,0,0
1748634723570,0,0,0,0,0,0,0,0,0,0,0
1748634723670,0,0,0,0,0,0,0,0,0,0,0
1748634723770,0,0,0,0,0,0,0,0,0,0,0
1748634723870,0,0,0,0,0,0,0,0,0,0,0
1748634723970,0,0,0,0,0,0,0,0,0,0,0
1748634724070,0,0,0,0,0,0,0,0,0,0,0
1748634724170,0,0,0,0,0,0,0,0,0,0,0
1748634724270,0,0,0,0,0,0,0,0,0,0,0
1748634724370,-3750000,-145161,43987,7327,0,0,0,0,0,0,0
1748634724470,-5625000,-230572,38486,38482,0,0,0,0,0,0,0
1748634724570,-7500000,-308651,51315,-22005,0,0,0,0,0,0,0
1748634724670,-9375000,-375734,82470,-100818,0,0,0,0,0,0,0
1748634724770,-11250000,-446482,113625,-161306,0,0,0,0,0,0,0
1748634724870,-13125000,-524561,144780,-166807,0,0,0,0,0,0,0
1748634724970,-15000000,-602641,212595,-190634,0,0,0,0,0,0,0
1748634725070,-16875000,-677054,262080,-196136,0,0,0,0,0,0,0
1748634725170,-18750000,-762465,238252,-164981,0,0,0,0,0,0,0
1748634725270,-18750000,-766131,164936,-238293,0,0,0,0,0,0,0
1748634725370,-18750000,-773462,238248,-238293,0,0,0,0,0,0,0
1748634725470,-18750000,-762465,238248,-274949,0,0,0,0,0,0,0
1748634725570,-18750000,-766131,256575,-183307,0,0,0,0,0,0,0
1748634725670,-18750000,-780794,183262,-128321,0,0,0,0,0,0,0
1748634725770,-18750000,-788126,201592,-91661,0,0,0,0,0,0,0
1748634725870,-18750000,-802788,164936,-91661,0,0,0,0,0,0,0
1748634725970,-18750000,-795457,109950,-73334,0,0,0,0,0,0,0
1748634726070,-18750000,-795457,73293,-146647,0,0,0,0,0,0,0
1748634726170,-18750000,-784460,109950,-183303,0,0,0,0,0,0,0
1748634726270,-18750000,-788126,146606,-183303,0,0,0,0,0,0,0
1748634726370,-18750000,-799123,146606,-128321,0,0,0,0,0,0,0
1748634726470,-18750000,-788126,183262,-128321,0,0,0,0,0,0,0
1748634726570,-18750000,-766132,146606,-201633,0,0,0,0,0,0,0
1748634726670,-18750000,-773463,164936,-201633,0,0,0,0,0,0,0
1748634726770,-18750000,-788126,36637,-183307,0,0,0,0,0,0,0
1748634726870,-18750000,-766132,109953,-201633,0,0,0,0,0,0,0
1748634726970,-18750000,-773463,128280,-219959,0,0,0,0,0,0,0
1748634727070,-18750000,-780795,128280,-219959,0,0,0,0,0,0,0
1748634727170,-18750000,-773464,164936,-238286,0,0,0,0,0,0,0
1748634727270,-18750000,-777129,91623,-183299,0,0,0,0,0,0,0
1748634727370,-18750000,-762466,54967,-219956,0,0,0,0,0,0,0
1748634727470,-18750000,-773462,36641,-256612,0,0,0,0,0,0,0
1748634727570,-18750000,-784460,54971,-274942,0,0,0,0,0,0,0
1748634727670,-18750000,-766131,109953,-256616,0,0,0,0,0,0,0
1748634727770,-18750000,-736806,164939,-311602,0,0,0,0,0,0,0
1748634727870,-18750000,-755135,73297,-348262,0,0,0,0,0,0,0
1748634727970,-18750000,-751469,109957,-329936,0,0,0,0,0,0,0
1748634728070,-18750000,-755134,128283,-238293,0,0,0,0,0,0,0
1748634728170,-18750000,-766131,18311,-183311,0,0,0,0,0,0,0
1748634728270,-18750000,-758800,36641,-201641,0,0,0,0,0,0,0
1748634728370,-18750000,-766132,73297,-238297,0,0,0,0,0,0,0
1748634728470,-18750000,-777129,54967,-293283,0,0,0,0,0,0,0
1748634728570,-18750000,-777129,73293,-293283,0,0,0,0,0,0,0
1748634728670,-18750000,-780794,91623,-311609,0,0,0,0,0,0,0
1748634728770,-18750000,-791791,91623,-274949,0,0,0,0,0,0,0
1748634728870,-18750000,-791791,183266,-164977,0,0,0,0,0,0,0
1748634728970,-18750000,-799122,238248,-128321,0,0,0,0,0,0,0
1748634729070,-18750000,-799122,201592,-109994,0,0,0,0,0,0,0
1748634729170,-18750000,-799122,293235,-183307,0,0,0,0,0,0,0
1748634729270,-18750000,-795456,311561,-164977,0,0,0,0,0,0,0
1748634729370,-18750000,-795456,311561,-146647,0,0,0,0,0,0,0
1748634729470,-18750000,-788125,164932,-18348,0,0,0,0,0,0,0
1748634729570,-18750000,-788125,164932,73293,0,0,0,0,0,0,0
1748634729670,-18750000,-799122,91620,54963,0,0,0,0,0,0,0
1748634729770,-18750000,-799122,146602,-22,0,0,0,0,0,0,0
1748634729870,-18750000,-795457,146602,-55008,0,0,0,0,0,0,0
1748634729970,-18750000,-784460,-26,-109991,0,0,0,0,0,0,0
1748634730070,-18750000,-766131,-26,-146647,0,0,0,0,0,0,0
1748634730170,-18750000,-744137,-55008,-146647,0,0,0,0,0,0,0
1748634730270,-18750000,-744137,-55008,-146647,0,0,0,0,0,0,0
1748634730370,-18750000,-747803,-91664,-91664,0,0,0,0,0,0,0
1748634730470,-18750000,-729475,-55004,-73334,0,0,0,0,0,0,0
1748634730570,-18750000,-744137,-36674,-73334,0,0,0,0,0,0,0
1748634730670,-18750000,-733140,-55004,-91661,0,0,0,0,0,0,0
1748634730770,-18750000,-729474,-55004,-91661,0,0,0,0,0,0,0
1748634730870,-18750000,-733139,-146647,-109991,0,0,0,0,0,0,0
1748634730970,-18750000,-740471,-219959,-128321,0,0,0,0,0,0,0
1748634731070,-18750000,-758799,-238286,-128321,0,0,0,0,0,0,0
1748634731170,-18750000,-769796,-293272,-146651,0,0,0,0,0,0,0
1748634731270,-18750000,-773462,-219960,-146651,0,0,0,0,0,0,0
1748634731370,-18750000,-773462,-201630,-146651,0,0,0,0,0,0,0
1748634731470,-18750000,-799121,-201630,-146651,0,0,0,0,0,0,0
1748634731570,-18750000,-788125,-146647,-146651,0,0,0,0,0,0,0
1748634731670,-18750000,-806453,-146647,-183307,0,0,0,0,0,0,0
1748634731770,-18750000,-813785,-109991,-183307,0,0,0,0,0,0,0
1748634731870,-18750000,-817451,-146647,-73335,0,0,0,0,0,0,0
1748634731970,-18750000,-810120,-164977,-73335,0,0,0,0,0,0,0
1748634732070,-18750000,-802789,-128321,-36678,0,0,0,0,0,0,0
1748634732170,-18750000,-817452,-55005,-36678,0,0,0,0,0,0,0
1748634732270,-18750000,-810120,-128317,-36678,0,0,0,0,0,0,0
1748634732370,-18750000,-813786,-91661,-55008,0,0,0,0,0,0,0
1748634732470,-18750000,-817451,-164977,-128321,0,0,0,0,0,0,0
1748634732570,-18750000,-813785,-238290,-201633,0,0,0,0,0,0,0
1748634732670,-18750000,-810120,-348258,-183307,0,0,0,0,0,0,0
1748634732770,-18750000,-802788,-366585,-146651,0,0,0,0,0,0,0
1748634732870,-18750000,-810119,-238286,-146651,0,0,0,0,0,0,0
1748634732970,-18750000,-824783,-219956,-146651,0,0,0,0,0,0,0
1748634733070,-18750000,-824783,-219956,-219963,0,0,0,0,0,0,0
1748634733170,-18750000,-821117,-256612,-183307,0,0,0,0,0,0,0
1748634733270,-18750000,-813785,-219956,-146647,0,0,0,0,0,0,0
1748634733370,-18750000,-832114,-256612,-146647,0,0,0,0,0,0,0
1748634733470,-18750000,-832114,-219956,-128317,0,0,0,0,0,0,0
1748634733570,-18750000,-821117,-201626,-128317,0,0,0,0,0,0,0
1748634733670,-18750000,-817451,-91657,-91661,0,0,0,0,0,0,0
1748634733770,-18750000,-835779,-73331,-36674,0,0,0,0,0,0,0
1748634733870,-18750000,-824782,-36671,-128317,0,0,0,0,0,0,0
1748634733970,-18750000,-832113,-15,-91661,0,0,0,0,0,0,0
1748634734070,-18750000,-828448,-15,-91661,0,0,0,0,0,0,0
1748634734170,-18750000,-828448,73297,-91661,0,0,0,0,0,0,0
1748634734270,-18750000,-850442,109953,-55005,0,0,0,0,0,0,0
1748634734370,-18750000,-824782,73293,-91661,0,0,0,0,0,0,0
1748634734470,-18750000,-817451,109953,-91661,0,0,0,0,0,0,0
1748634734570,-18750000,-828448,164936,-73335,0,0,0,0,0,0,0
1748634734670,-18750000,-832114,128280,-128317,0,0,0,0,0,0,0
1748634734770,-18750000,-806454,109953,-183303,0,0,0,0,0,0,0
1748634734870,-18750000,-821117,-36675,-146643,0,0,0,0,0,0,0
1748634734970,-18750000,-802789,-73331,-146643,0,0,0,0,0,0,0
1748634735070,-18750000,-791791,-73331,-109987,0,0,0,0,0,0,0
1748634735170,-18750000,-773463,-183303,-128313,0,0,0,0,0,0,0
1748634735270,-18750000,-762466,-201633,-109987,0,0,0,0,0,0,0
1748634735370,-18750000,-762466,-164973,-73331,0,0,0,0,0,0,0
1748634735470,-18750000,-744137,-164973,-73331,0,0,0,0,0,0,0
1748634735570,-18750000,-747803,-164973,-36674,0,0,0,0,0,0,0
1748634735670,-18750000,-744137,-183300,-73334,0,0,0,0,0,0,0
1748634735770,-18750000,-744137,-91657,-36678,0,0,0,0,0,0,0
1748634735870,-18750000,-725809,-73331,-55008,0,0,0,0,0,0,0
1748634735970,-18750000,-733140,-36675,-73338,0,0,0,0,0,0,0
1748634736070,-18750000,-751469,-73331,-128324,0,0,0,0,0,0,0
1748634736170,-18750000,-751469,-18345,-91668,0,0,0,0,0,0,0
1748634736270,-18750000,-755135,-55001,-146651,0,0,0,0,0,0,0
1748634736370,-18750000,-758801,-55001,-146651,0,0,0,0,0,0,0
1748634736470,-18750000,-788126,-18,-146651,0,0,0,0,0,0,0
1748634736570,-18750000,-777129,36641,-201633,0,0,0,0,0,0,0
1748634736670,-18750000,-777129,54967,-128317,0,0,0,0,0,0,0
1748634736770,-18750000,-791792,-55004,-128317,0,0,0,0,0,0,0
1748634736870,-18750000,-799124,54967,-146647,0,0,0,0,0,0,0
1748634736970,-18750000,-795458,-18348,-164973,0,0,0,0,0,0,0
1748634737070,-18750000,-780794,18307,-91657,0,0,0,0,0,0,0
1748634737170,-18750000,-788126,36637,-164973,0,0,0,0,0,0,0
1748634737270,-18750000,-788126,54967,-183303,0,0,0,0,0,0,0
1748634737370,-18750000,-788126,91623,-164973,0,0,0,0,0,0,0
1748634737470,-18750000,-762466,109953,-219960,0,0,0,0,0,0,0
1748634737570,-18750000,-780794,73293,-256620,0,0,0,0,0,0,0
1748634737670,-18750000,-769797,54967,-238293,0,0,0,0,0,0,0
1748634737770,-18750000,-766131,36637,-293276,0,0,0,0,0,0,0
1748634737870,-18750000,-762465,-73335,-238290,0,0,0,0,0,0,0
1748634737970,-18750000,-766131,18307,-219963,0,0,0,0,0,0,0
1748634738070,-18750000,-751469,-55008,-219963,0,0,0,0,0,0,0
1748634738170,-18750000,-758801,-55008,-183303,0,0,0,0,0,0,0
1748634738270,-18750000,-766132,-109995,-201633,0,0,0,0,0,0,0
1748634738370,-18750000,-773463,-91668,-238289,0,0,0,0,0,0,0
1748634738470,-18750000,-788126,-73338,-201633,0,0,0,0,0,0,0
1748634738570,-18750000,-773462,-55008,-219959,0,0,0,0,0,0,0
1748634738670,-18750000,-777128,18303,-311602,0,0,0,0,0,0,0
1748634738770,-18750000,-766131,109946,-293276,0,0,0,0,0,0,0
1748634738870,-18750000,-758800,274904,-311602,0,0,0,0,0,0,0
1748634738970,-18750000,-762466,219922,-329928,0,0,0,0,0,0,0
1748634739070,-18750000,-762466,201596,-311602,0,0,0,0,0,0,0
1748634739170,-18750000,-773462,201596,-311602,0,0,0,0,0,0,0
1748634739270,-18750000,-758799,201596,-274942,0,0,0,0,0,0,0
1748634739370,-18750000,-755134,201596,-238286,0,0,0,0,0,0,0
1748634739470,-18750000,-747803,128280,-219956,0,0,0,0,0,0,0
1748634739570,-18750000,-740471,54967,-109987,0,0,0,0,0,0,0
1748634739670,-18750000,-740471,-36675,-73327,0,0,0,0,0,0,0
1748634739770,-18750000,-744137,-55001,-128313,0,0,0,0,0,0,0
1748634739870,-18750000,-740472,-183300,-73331,0,0,0,0,0,0,0
1748634739970,-18750000,-733140,-91657,-18348,0,0,0,0,0,0,0
1748634740070,-18750000,-740471,-36671,-55005,0,0,0,0,0,0,0
1748634740170,-18750000,-740471,-91657,-109991,0,0,0,0,0,0,0
1748634740270,-18750000,-755135,-73327,-91664,0,0,0,0,0,0,0
1748634740370,-18750000,-751469,-183296,-146651,0,0,0,0,0,0,0
1748634740470,-18750000,-744137,-128310,-183311,0,0,0,0,0,0,0
1748634740570,-18750000,-762466,-54997,-183311,0,0,0,0,0,0,0
1748634740670,-18750000,-751469,-18341,-128328,0,0,0,0,0,0,0
1748634740770,-18750000,-755134,-18341,-36686,0,0,0,0,0,0,0
1748634740870,-18750000,-751468,-55001,-128328,0,0,0,0,0,0,0
1748634740970,-18750000,-751468,-91661,-146654,0,0,0,0,0,0,0
1748634741070,-18750000,-766131,-73334,-146654,0,0,0,0,0,0,0
1748634741170,-18750000,-751469,-36678,-73342,0,0,0,0,0,0,0
1748634741270,-18750000,-733140,-128321,-55012,0,0,0,0,0,0,0
1748634741370,-18750000,-729474,-18352,-73342,0,0,0,0,0,0,0
1748634741470,-18750000,-729474,-55008,18300,0,0,0,0,0,0,0
1748634741570,-18750000,-725809,-109994,-26,0,0,0,0,0,0,0
1748634741670,-18750000,-740471,-109994,-73338,0,0,0,0,0,0,0
1748634741770,-18750000,-740471,-128324,-128321,0,0,0,0,0,0,0
1748634741870,-18750000,-766131,-73338,-73335,0,0,0,0,0,0,0
1748634741970,-18750000,-773463,-183307,-109991,0,0,0,0,0,0,0
1748634742070,-18750000,-784460,-55008,-128317,0,0,0,0,0,0,0
1748634742170,-18750000,-773462,-73334,-183303,0,0,0,0,0,0,0
1748634742270,-18750000,-802788,73290,-201633,0,0,0,0,0,0,0
1748634742370,-18750000,-813785,-22,-146647,0,0,0,0,0,0,0
1748634742470,-18750000,-810119,-18352,-201629,0,0,0,0,0,0,0
1748634742570,-18750000,-802787,-36678,-238286,0,0,0,0,0,0,0
1748634742670,-18750000,-813785,-22,-219956,0,0,0,0,0,0,0
1748634742770,-18750000,-821117,18307,-219956,0,0,0,0,0,0,0
1748634742870,-18750000,-813785,18307,-238282,0,0,0,0,0,0,0
1748634742970,-18750000,-817451,36633,-219956,0,0,0,0,0,0,0
1748634743070,-18750000,-806454,-109991,-201629,0,0,0,0,0,0,0
1748634743170,-18750000,-802789,-91664,-201629,0,0,0,0,0,0,0
1748634743270,-18750000,-788126,-128321,-201629,0,0,0,0,0,0,0
1748634743370,-18750000,-780794,-146651,-256616,0,0,0,0,0,0,0
1748634743470,-18750000,-795458,-128321,-219959,0,0,0,0,0,0,0
1748634743570,-18750000,-788126,-109994,-201633,0,0,0,0,0,0,0
1748634743670,-18750000,-769798,-128321,-238293,0,0,0,0,0,0,0
1748634743770,-18750000,-751469,-109994,-238293,0,0,0,0,0,0,0
1748634743870,-18750000,-758801,-91665,-183311,0,0,0,0,0,0,0
1748634743970,-18750000,-747803,-36678,-219967,0,0,0,0,0,0,0
1748634744070,-18750000,-751469,-22,-238293,0,0,0,0,0,0,0
1748634744170,-18750000,-755134,-18348,-219963,0,0,0,0,0,0,0
1748634744270,-18750000,-744137,-18348,-293276,0,0,0,0,0,0,0
1748634744370,-18750000,-751468,73293,-219960,0,0,0,0,0,0,0
1748634744470,-18750000,-740470,109950,-183303,0,0,0,0,0,0,0
1748634744570,-18750000,-755134,109950,-201630,0,0,0,0,0,0,0
1748634744670,-18750000,-773462,91620,-91657,0,0,0,0,0,0,0
1748634744770,-18750000,-788125,54963,-91657,0,0,0,0,0,0,0
1748634744870,-18750000,-773462,-22,-164970,0,0,0,0,0,0,0
1748634744970,-18750000,-762466,-22,-146640,0,0,0,0,0,0,0
1748634745070,-18750000,-751469,-22,-109983,0,0,0,0,0,0,0
1748634745170,-18750000,-777128,18304,-91653,0,0,0,0,0,0,0
1748634745270,-18750000,-777128,54960,-18341,0,0,0,0,0,0,0
1748634745370,-18750000,-769797,-22,-15,0,0,0,0,0,0,0
1748634745470,-18750000,-777128,-73334,-73327,0,0,0,0,0,0,0
1748634745570,-18750000,-780794,-91661,-18345,0,0,0,0,0,0,0
1748634745670,-18750000,-769796,-109987,-91657,0,0,0,0,0,0,0
1748634745770,-18750000,-773462,-128313,-73331,0,0,0,0,0,0,0
1748634745870,-18750000,-777128,-91657,-18345,0,0,0,0,0,0,0
1748634745970,-18750000,-791790,-55001,-18345,0,0,0,0,0,0,0
1748634746070,-18750000,-788125,-91657,-73331,0,0,0,0,0,0,0
1748634746170,-18750000,-777128,-15,-109991,0,0,0,0,0,0,0
1748634746270,-18750000,-769797,-18341,-128317,0,0,0,0,0,0,0
1748634746370,-18750000,-791792,-18341,-183300,0,0,0,0,0,0,0
1748634746470,-18750000,-780794,-15,-201630,0,0,0,0,0,0,0
1748634746570,-18750000,-762466,-15,-256612,0,0,0,0,0,0,0
1748634746670,-18750000,-755135,-18345,-256612,0,0,0,0,0,0,0
1748634746770,-18750000,-736806,-36675,-311598,0,0,0,0,0,0,0
1748634746870,-18750000,-725810,-36675,-384915,0,0,0,0,0,0,0
1748634746970,-18750000,-711147,-109987,-366588,0,0,0,0,0,0,0
1748634747070,-18750000,-729476,-183303,-384918,0,0,0,0,0,0,0
1748634747170,-18750000,-725810,-329932,-366588,0,0,0,0,0,0,0
1748634747270,-18750000,-744138,-366588,-366588,0,0,0,0,0,0,0
1748634747370,-18750000,-729475,-293276,-366588,0,0,0,0,0,0,0
1748634747470,-18750000,-740472,-219959,-329932,0,0,0,0,0,0,0
1748634747570,-18750000,-751469,-164977,-274949,0,0,0,0,0,0,0
1748634747670,-18750000,-769798,-91664,-274949,0,0,0,0,0,0,0
1748634747770,-18750000,-780794,-109994,-238289,0,0,0,0,0,0,0
1748634747870,-18750000,-795457,-91665,-201629,0,0,0,0,0,0,0
1748634747970,-18750000,-817451,-73335,-183300,0,0,0,0,0,0,0
1748634748070,-18750000,-810119,54963,-73327,0,0,0,0,0,0,0
1748634748170,-18750000,-806453,54963,-36671,0,0,0,0,0,0,0
1748634748270,-18750000,-788125,18303,-36671,0,0,0,0,0,0,0
1748634748370,-18750000,-777128,-18352,-73331,0,0,0,0,0,0,0
1748634748470,-18750000,-777128,-55012,-73331,0,0,0,0,0,0,0
1748634748570,-18750000,-788125,-91668,-109987,0,0,0,0,0,0,0
1748634748670,-18750000,-795456,-109995,-36674,0,0,0,0,0,0,0
1748634748770,-18750000,-810119,-73335,-36674,0,0,0,0,0,0,0
1748634748870,-18750000,-795457,-36678,18307,0,0,0,0,0,0,0
1748634748970,-18750000,-795457,-73338,-22,0,0,0,0,0,0,0
1748634749070,-18750000,-795457,-201637,-73334,0,0,0,0,0,0,0
1748634749170,-18750000,-788126,-128321,-128321,0,0,0,0,0,0,0
1748634749270,-18750000,-817451,-36678,-109994,0,0,0,0,0,0,0
1748634749370,-18750000,-832115,-73335,-36678,0,0,0,0,0,0,0
1748634749470,-18750000,-828449,-146647,-36678,0,0,0,0,0,0,0
1748634749570,-18750000,-835780,-91661,-36678,0,0,0,0,0,0,0
1748634749670,-18750000,-817451,-73335,-146651,0,0,0,0,0,0,0
1748634749770,-18750000,-813785,-91665,-183311,0,0,0,0,0,0,0
1748634749870,-18750000,-813785,-164977,-256623,0,0,0,0,0,0,0
1748634749970,-18750000,-813785,-109991,-274949,0,0,0,0,0,0,0
1748634750070,-18750000,-813785,18307,-293279,0,0,0,0,0,0,0
1748634750170,-18750000,-817451,-18348,-293279,0,0,0,0,0,0,0
1748634750270,-18750000,-806454,-73331,-348266,0,0,0,0,0,0,0
1748634750370,-18750000,-780794,-36675,-421582,0,0,0,0,0,0,0
1748634750470,-18750000,-784460,36637,-439908,0,0,0,0,0,0,0
1748634750570,-18750000,-751469,-128317,-476565,0,0,0,0,0,0,0
1748634750670,-18750000,-766133,-128317,-403248,0,0,0,0,0,0,0
1748634750770,-18750000,-773464,-109987,-348262,0,0,0,0,0,0,0
1748634750870,-18750000,-799124,-55005,-293276,0,0,0,0,0,0,0
1748634750970,-18750000,-788126,-18348,-311606,0,0,0,0,0,0,0
1748634751070,-18750000,-758801,-73331,-274950,0,0,0,0,0,0,0
1748634751170,-18750000,-766132,-55005,-219963,0,0,0,0,0,0,0
1748634751270,-18750000,-758801,-73335,-219963,0,0,0,0,0,0,0
1748634751370,-18750000,-777129,-146651,-164977,0,0,0,0,0,0,0
1748634751470,-18750000,-780795,-201633,-183307,0,0,0,0,0,0,0
1748634751570,-18750000,-791792,-18348,-164977,0,0,0,0,0,0,0
1748634751670,-18750000,-777128,54967,-201633,0,0,0,0,0,0,0
1748634751770,-18750000,-769797,-18,-238289,0,0,0,0,0,0,0
1748634751870,-18750000,-766131,-55001,-256619,0,0,0,0,0,0,0
1748634751970,-18750000,-773463,-55001,-238289,0,0,0,0,0,0,0
1748634752070,-18750000,-799123,-55001,-256616,0,0,0,0,0,0,0
1748634752170,-18750000,-806454,-146643,-256616,0,0,0,0,0,0,0
1748634752270,-18750000,-806454,-128313,-183299,0,0,0,0,0,0,0
1748634752370,-18750000,-784460,-36671,-183299,0,0,0,0,0,0,0
1748634752470,-18750000,-784460,-15,-109987,0,0,0,0,0,0,0
1748634752570,-18750000,-773463,-73331,-36674,0,0,0,0,0,0,0
1748634752670,-18750000,-780795,-164973,-18348,0,0,0,0,0,0,0
1748634752770,-18750000,-777130,-36675,18307,0,0,0,0,0,0,0
1748634752870,-18750000,-769799,-18348,-18,0,0,0,0,0,0,0
1748634752970,-18750000,-766133,-18348,-36678,0,0,0,0,0,0,0
1748634753070,-18750000,-766133,-22,-36678,0,0,0,0,0,0,0
1748634753170,-18750000,-758802,128276,-55004,0,0,0,0,0,0,0
1748634753270,-18750000,-747804,128276,-128321,0,0,0,0,0,0,0
1748634753370,-18750000,-755135,73293,-91664,0,0,0,0,0,0,0
1748634753470,-18750000,-744138,18307,-183307,0,0,0,0,0,0,0
1748634753570,-18750000,-755135,54963,-183307,0,0,0,0,0,0,0
1748634753670,-18750000,-758800,73290,-146651,0,0,0,0,0,0,0
1748634753770,-18750000,-755134,18303,-146651,0,0,0,0,0,0,0
1748634753870,-18750000,-751468,36633,-146651,0,0,0,0,0,0,0
1748634753970,-18750000,-747802,36633,-146651,0,0,0,0,0,0,0
1748634754070,-18750000,-755133,73290,-91668,0,0,0,0,0,0,0
1748634754170,-18750000,-751467,36633,-36686,0,0,0,0,0,0,0
1748634754270,-18750000,-766130,54960,73286,0,0,0,0,0,0,0
1748634754370,-18750000,-784459,183258,36630,0,0,0,0,0,0,0
1748634754470,-18750000,-799121,238245,36630,0,0,0,0,0,0,0
1748634754570,-18750000,-810119,183262,-36682,0,0,0,0,0,0,0
1748634754670,-18750000,-795456,201592,-73338,0,0,0,0,0,0,0
1748634754770,-18750000,-799122,146606,-91664,0,0,0,0,0,0,0
1748634754870,-18750000,-817451,109950,-36682,0,0,0,0,0,0,0
1748634754970,-18750000,-806454,-18,36633,0,0,0,0,0,0,0
1748634755070,-18750000,-780794,-18345,36633,0,0,0,0,0,0,0
1748634755170,-18750000,-780794,-36671,-18348,0,0,0,0,0,0,0
1748634755270,-18750000,-773462,-109983,-128321,0,0,0,0,0,0,0
1748634755370,-18750000,-773462,-274942,-146647,0,0,0,0,0,0,0
1748634755470,-18750000,-777128,-238286,-109987,0,0,0,0,0,0,0
1748634755570,-18750000,-755135,-219959,-109987,0,0,0,0,0,0,0
1748634755670,-18750000,-744137,-348258,-91657,0,0,0,0,0,0,0
1748634755770,-18750000,-744137,-293272,-91657,0,0,0,0,0,0,0
1748634755870,-18750000,-722144,-274946,-128313,0,0,0,0,0,0,0
1748634755970,-18750000,-736806,-219959,-201630,0,0,0,0,0,0,0
1748634756070,-18750000,-762466,-256616,-219956,0,0,0,0,0,0,0
1748634756170,-18750000,-766132,-219959,-164973,0,0,0,0,0,0,0
1748634756270,-18750000,-766132,-109991,-128313,0,0,0,0,0,0,0
1748634756370,-18750000,-755135,-91661,-128313,0,0,0,0,0,0,0
1748634756470,-18750000,-755135,-91661,-128313,0,0,0,0,0,0,0
1748634756570,-18750000,-755135,-91661,-128313,0,0,0,0,0,0,0
1748634756670,-18750000,-755135,-91661,-128313,0,0,0,0,0,0,0
1748634756770,-18750000,-755135,-91661,-128313,0,0,0,0,0,0,0
1748634756870,-18750000,-755135,-91661,-128313,0,0,0,0,0,0,0
1748634756970,-18750000,-755135,-91661,-128313,0,0,0,0,0,0,0
1748634757070,-18750000,-755135,-91661,-128313,0,0,0,0,0,0,0
1748634757170,-18750000,-755135,-91661,-128313,0,0,0,0,0,0,0
1748634757270,-18750000,-755135,-91661,-128313,0,0,0,0,0,0,0
1748634757370,-18750000,-755135,-91661,-128313,0,0,0,0,0,0,0
1748634757470,-18750000,-758800,-91661,-164973,0,0,0,0,0,0,0
1748634757570,-18750000,-766131,-18348,-201630,0,0,0,0,0,0,0
1748634757670,-18750000,-766131,-18348,-201630,0,0,0,0,0,0,0
1748634757770,-18750000,-784460,91623,-256616,0,0,0,0,0,0,0
1748634757870,-18750000,-791791,73293,-183300,0,0,0,0,0,0,0
1748634757970,-18750000,-791791,146606,-219956,0,0,0,0,0,0,0
1748634758070,-18750000,-799122,128276,-274938,0,0,0,0,0,0,0
1748634758170,-18750000,-810119,128276,-183296,0,0,0,0,0,0,0
1748634758270,-18750000,-813785,238248,-201626,0,0,0,0,0,0,0
1748634758370,-18750000,-802788,183266,-164970,0,0,0,0,0,0,0
1748634758470,-18750000,-802788,219922,-73327,0,0,0,0,0,0,0
1748634758570,-18750000,-821116,293238,-109987,0,0,0,0,0,0,0
1748634758670,-18750000,-806453,366555,-109987,0,0,0,0,0,0,0
1748634758770,-18750000,-802787,219926,-55001,0,0,0,0,0,0,0
1748634758870,-18750000,-784459,201596,-91657,0,0,0,0,0,0,0
1748634758970,-18750000,-773461,146610,-109987,0,0,0,0,0,0,0
1748634759070,-18750000,-762464,164940,-91661,0,0,0,0,0,0,0
1748634759170,-18750000,-747802,36641,-128321,0,0,0,0,0,0,0
1748634759270,-18750000,-744136,-18,-146651,0,0,0,0,0,0,0
1748634759370,-18750000,-751468,54963,-146651,0,0,0,0,0,0,0
1748634759470,-18750000,-762465,73293,-183307,0,0,0,0,0,0,0
1748634759570,-18750000,-751468,-18348,-146647,0,0,0,0,0,0,0
1748634759670,-18750000,-751468,-109991,-128321,0,0,0,0,0,0,0
1748634759770,-18750000,-729474,-73334,-128321,0,0,0,0,0,0,0
1748634759870,-18750000,-729474,-36674,-128321,0,0,0,0,0,0,0
1748634759970,-18750000,-725809,-18,-55008,0,0,0,0,0,0,0
1748634760070,-18750000,-733141,-18348,-73334,0,0,0,0,0,0,0
1748634760170,-18750000,-747803,73293,-91661,0,0,0,0,0,0,0
1748634760270,-18750000,-751469,36637,-55001,0,0,0,0,0,0,0
1748634760370,-18750000,-740472,36637,-55001,0,0,0,0,0,0,0
1748634760470,-18750000,-733140,-22,-36671,0,0,0,0,0,0,0
1748634760570,-18750000,-725809,54960,-36671,0,0,0,0,0,0,0
1748634760670,-18750000,-733140,73286,-15,0,0,0,0,0,0,0
1748634760770,-18750000,-740471,109942,-15,0,0,0,0,0,0,0
1748634760870,-18750000,-751469,128269,-18345,0,0,0,0,0,0,0
1748634760970,-18750000,-758800,128269,-55001,0,0,0,0,0,0,0
1748634761070,-18750000,-744137,109942,-18,0,0,0,0,0,0,0
1748634761170,-18750000,-751468,91616,-18,0,0,0,0,0,0,0
1748634761270,-18750000,-755134,91616,-18348,0,0,0,0,0,0,0
1748634761370,-18750000,-747803,54960,-55005,0,0,0,0,0,0,0
1748634761470,-18750000,-758800,18304,-91661,0,0,0,0,0,0,0
1748634761570,-18750000,-758800,-73338,-73334,0,0,0,0,0,0,0
1748634761670,-18750000,-769797,-109994,-73334,0,0,0,0,0,0,0
1748634761770,-18750000,-788126,-128321,-36678,0,0,0,0,0,0,0
1748634761870,-18750000,-777128,-164977,-18348,0,0,0,0,0,0,0
1748634761970,-18750000,-777128,-201633,-73335,0,0,0,0,0,0,0
1748634762070,-18750000,-766132,-183307,-55005,0,0,0,0,0,0,0
1748634762170,-18750000,-733141,-164981,-36678,0,0,0,0,0,0,0
1748634762270,-18750000,-733141,-128324,-18348,0,0,0,0,0,0,0
1748634762370,-18750000,-729475,-128324,-22,0,0,0,0,0,0,0
1748634762470,-18750000,-714812,-201637,18303,0,0,0,0,0,0,0
1748634762570,-18750000,-711147,-91664,-22,0,0,0,0,0,0,0
1748634762670,-18750000,-703816,36633,18307,0,0,0,0,0,0,0
1748634762770,-18750000,-700150,54960,-18,0,0,0,0,0,0,0
1748634762870,-18750000,-703816,146602,18307,0,0,0,0,0,0,0
1748634762970,-18750000,-703816,183258,109950,0,0,0,0,0,0,0
1748634763070,-18750000,-729476,219915,91620,0,0,0,0,0,0,0
1748634763170,-18750000,-751470,256571,18307,0,0,0,0,0,0,0
1748634763270,-18750000,-755135,238245,73290,0,0,0,0,0,0,0
1748634763370,-18750000,-773464,274901,91620,0,0,0,0,0,0,0
1748634763470,-18750000,-769798,329887,73293,0,0,0,0,0,0,0
1748634763570,-18750000,-773463,274901,54963,0,0,0,0,0,0,0
1748634763670,-18750000,-762466,183258,-36678,0,0,0,0,0,0,0
1748634763770,-18750000,-762466,201588,-91665,0,0,0,0,0,0,0
1748634763870,-18750000,-758800,219918,-109991,0,0,0,0,0,0,0
1748634763970,-18750000,-777128,201592,-164973,0,0,0,0,0,0,0
1748634764070,-18750000,-773462,164936,-183300,0,0,0,0,0,0,0
1748634764170,-18750000,-766130,164936,-201630,0,0,0,0,0,0,0
1748634764270,-18750000,-758799,164936,-238286,0,0,0,0,0,0,0
1748634764370,-18750000,-758799,128280,-274942,0,0,0,0,0,0,0
1748634764470,-18750000,-758799,164936,-311602,0,0,0,0,0,0,0
1748634764570,-18750000,-780794,164936,-293272,0,0,0,0,0,0,0
1748634764670,-18750000,-795457,183266,-293272,0,0,0,0,0,0,0
1748634764770,-18750000,-791792,146609,-201630,0,0,0,0,0,0,0
1748634764870,-18750000,-806455,54967,-238290,0,0,0,0,0,0,0
1748634764970,-18750000,-784460,-36675,-219963,0,0,0,0,0,0,0
1748634765070,-18750000,-780794,36641,-201637,0,0,0,0,0,0,0
1748634765170,-18750000,-780794,-18341,-146651,0,0,0,0,0,0,0
1748634765270,-18750000,-788126,-54997,-164977,0,0,0,0,0,0,0
1748634765370,-18750000,-795457,-73323,-164977,0,0,0,0,0,0,0
1748634765470,-18750000,-780794,-54997,-109991,0,0,0,0,0,0,0
1748634765570,-18750000,-791792,-109983,-91664,0,0,0,0,0,0,0
1748634765670,-18750000,-788126,-109983,-36678,0,0,0,0,0,0,0
1748634765770,-18750000,-773462,-91657,-91664,0,0,0,0,0,0,0
1748634765870,-18750000,-751468,-128317,-22,0,0,0,0,0,0,0
1748634765970,-18750000,-762465,-128317,-22,0,0,0,0,0,0,0
1748634766070,-18750000,-766131,-201633,18307,0,0,0,0,0,0,0
1748634766170,-18750000,-777128,-201633,18307,0,0,0,0,0,0,0
1748634766270,-18750000,-762466,-201633,36634,0,0,0,0,0,0,0
1748634766370,-18750000,-762466,-128321,54960,0,0,0,0,0,0,0
1748634766470,-18750000,-780794,-164977,36634,0,0,0,0,0,0,0
1748634766570,-18750000,-773462,-109991,18307,0,0,0,0,0,0,0
1748634766670,-18750000,-791791,-183307,-22,0,0,0,0,0,0,0
1748634766770,-18750000,-802788,-201633,-18348,0,0,0,0,0,0,0
1748634766870,-18750000,-832114,-109991,-128317,0,0,0,0,0,0,0
1748634766970,-18750000,-824783,36637,-146643,0,0,0,0,0,0,0
1748634767070,-18750000,-832114,18311,-164973,0,0,0,0,0,0,0
1748634767170,-18750000,-835780,-18348,-183299,0,0,0,0,0,0,0
1748634767270,-18750000,-839445,-22,-201626,0,0,0,0,0,0,0
1748634767370,-18750000,-821117,-55008,-219952,0,0,0,0,0,0,0
1748634767470,-18750000,-835779,-73334,-219952,0,0,0,0,0,0,0
1748634767570,-18750000,-810119,-91661,-164969,0,0,0,0,0,0,0
1748634767670,-18750000,-784459,-55001,-201626,0,0,0,0,0,0,0
1748634767770,-18750000,-791791,-73331,-183299,0,0,0,0,0,0,0
1748634767870,-18750000,-769796,-128313,-146643,0,0,0,0,0,0,0
1748634767970,-18750000,-769796,-164973,-128317,0,0,0,0,0,0,0
1748634768070,-18750000,-773462,-55004,-183299,0,0,0,0,0,0,0
1748634768170,-18750000,-769796,36637,-183299,0,0,0,0,0,0,0
1748634768270,-18750000,-762465,36637,-219959,0,0,0,0,0,0,0
1748634768370,-18750000,-769796,54967,-256619,0,0,0,0,0,0,0
1748634768470,-18750000,-762465,54967,-238293,0,0,0,0,0,0,0
1748634768570,-18750000,-758800,109950,-348262,0,0,0,0,0,0,0
1748634768670,-18750000,-762465,54963,-329932,0,0,0,0,0,0,0
1748634768770,-18750000,-758800,91620,-293276,0,0,0,0,0,0,0
1748634768870,-18750000,-773463,73290,-274946,0,0,0,0,0,0,0
1748634768970,-18750000,-766132,36633,-293272,0,0,0,0,0,0,0
1748634769070,-18750000,-740472,-73334,-256616,0,0,0,0,0,0,0
1748634769170,-18750000,-733141,-73334,-256616,0,0,0,0,0,0,0
1748634769270,-18750000,-744138,-36678,-164973,0,0,0,0,0,0,0
1748634769370,-18750000,-736807,-73334,-164973,0,0,0,0,0,0,0
1748634769470,-18750000,-725810,-18352,-128317,0,0,0,0,0,0,0
1748634769570,-18750000,-725810,-18352,-73331,0,0,0,0,0,0,0
1748634769670,-18750000,-725810,-18352,-18348,0,0,0,0,0,0,0
1748634769770,-18750000,-725810,-36678,-55005,0,0,0,0,0,0,0
1748634769870,-18750000,-718478,-18348,-18348,0,0,0,0,0,0,0
1748634769970,-18750000,-718478,18307,-55008,0,0,0,0,0,0,0
1748634770070,-18750000,-722143,-18352,-91665,0,0,0,0,0,0,0
1748634770170,-18750000,-725809,-128321,-128325,0,0,0,0,0,0,0
1748634770270,-18750000,-714812,-73335,-164981,0,0,0,0,0,0,0
1748634770370,-18750000,-729475,-55008,-109994,0,0,0,0,0,0,0
1748634770470,-18750000,-736806,-55008,-109994,0,0,0,0,0,0,0
1748634770570,-18750000,-758800,-109991,-128324,0,0,0,0,0,0,0
1748634770670,-18750000,-751469,-109991,-109994,0,0,0,0,0,0,0
1748634770770,-18750000,-762465,-201633,-128321,0,0,0,0,0,0,0
1748634770870,-18750000,-777128,-183307,-164977,0,0,0,0,0,0,0
1748634770970,-18750000,-795457,-183307,-146647,0,0,0,0,0,0,0
1748634771070,-18750000,-810120,-109991,-164977,0,0,0,0,0,0,0
1748634771170,-18750000,-802788,54963,-128317,0,0,0,0,0,0,0
1748634771270,-18750000,-835780,-55004,-73331,0,0,0,0,0,0,0
1748634771370,-18750000,-835780,-109991,-55001,0,0,0,0,0,0,0
1748634771470,-18750000,-843112,-146647,-109983,0,0,0,0,0,0,0
1748634771570,-18750000,-839447,-91664,-109983,0,0,0,0,0,0,0
1748634771670,-18750000,-854110,-22,-183296,0,0,0,0,0,0,0
1748634771770,-18750000,-846779,91619,-164970,0,0,0,0,0,0,0
1748634771870,-18750000,-839447,-18348,-146643,0,0,0,0,0,0,0
1748634771970,-18750000,-835781,-18,-109987,0,0,0,0,0,0,0
1748634772070,-18750000,-828449,18307,-18344,0,0,0,0,0,0,0
1748634772170,-18750000,-828449,-18,-36674,0,0,0,0,0,0,0
1748634772270,-18750000,-802789,-18,-109987,0,0,0,0,0,0,0
1748634772370,-18750000,-802789,54967,-128317,0,0,0,0,0,0,0
1748634772470,-18750000,-799123,109953,-91661,0,0,0,0,0,0,0
1748634772570,-18750000,-802788,73297,-73331,0,0,0,0,0,0,0
1748634772670,-18750000,-784460,128283,-73331,0,0,0,0,0,0,0
1748634772770,-18750000,-791791,54967,-36674,0,0,0,0,0,0,0
1748634772870,-18750000,-795456,36637,-18,0,0,0,0,0,0,0
1748634772970,-18750000,-788125,-18348,-36675,0,0,0,0,0,0,0
1748634773070,-18750000,-769797,-36674,-73331,0,0,0,0,0,0,0
1748634773170,-18750000,-751469,-109991,-73331,0,0,0,0,0,0,0
1748634773270,-18750000,-758801,-18348,-18348,0,0,0,0,0,0,0
1748634773370,-18750000,-758801,-18348,18307,0,0,0,0,0,0,0
1748634773470,-18750000,-773464,-109991,-18348,0,0,0,0,0,0,0
1748634773570,-18750000,-788127,-109991,-55008,0,0,0,0,0,0,0
1748634773670,-18750000,-802790,-146651,-91668,0,0,0,0,0,0,0
1748634773770,-18750000,-784461,-55008,-164981,0,0,0,0,0,0,0
1748634773870,-18750000,-751470,91620,-183307,0,0,0,0,0,0,0
1748634773970,-18750000,-755136,183262,-146651,0,0,0,0,0,0,0
1748634774070,-18750000,-766133,109946,-164981,0,0,0,0,0,0,0
1748634774170,-18750000,-799124,146602,-91668,0,0,0,0,0,0,0
1748634774270,-18750000,-791792,146602,-146651,0,0,0,0,0,0,0
1748634774370,-18750000,-795457,201588,-238293,0,0,0,0,0,0,0
1748634774470,-18750000,-777128,311561,-201637,0,0,0,0,0,0,0
1748634774570,-18750000,-740471,293234,-164977,0,0,0,0,0,0,0
1748634774670,-18750000,-736805,256578,-109991,0,0,0,0,0,0,0
1748634774770,-18750000,-744137,219922,-91661,0,0,0,0,0,0,0
1748634774870,-18750000,-758800,201592,-73334,0,0,0,0,0,0,0
1748634774970,-18750000,-762465,91623,-91661,0,0,0,0,0,0,0
1748634775070,-18750000,-762465,128283,-109987,0,0,0,0,0,0,0
1748634775170,-18750000,-755134,73301,-146643,0,0,0,0,0,0,0
1748634775270,-18750000,-766131,36641,-146643,0,0,0,0,0,0,0
1748634775370,-18750000,-762466,36641,-128313,0,0,0,0,0,0,0
1748634775470,-18750000,-762466,-18,-164969,0,0,0,0,0,0,0
1748634775570,-18750000,-780794,109950,-201629,0,0,0,0,0,0,0
1748634775670,-18750000,-784460,128280,-256616,0,0,0,0,0,0,0
1748634775770,-18750000,-788126,146609,-256616,0,0,0,0,0,0,0
1748634775870,-18750000,-784460,164939,-293272,0,0,0,0,0,0,0
1748634775970,-18750000,-773463,219922,-256616,0,0,0,0,0,0,0
1748634776070,-18750000,-773463,274904,-219960,0,0,0,0,0,0,0
1748634776170,-18750000,-758800,329887,-238286,0,0,0,0,0,0,0
1748634776270,-18750000,-740471,238244,-219960,0,0,0,0,0,0,0
1748634776370,-18750000,-736805,201588,-146647,0,0,0,0,0,0,0
1748634776470,-18750000,-736805,201588,-128321,0,0,0,0,0,0,0
1748634776570,-18750000,-729473,91619,-91661,0,0,0,0,0,0,0
1748634776670,-18750000,-744136,91619,-18345,0,0,0,0,0,0,0
1748634776770,-18750000,-744136,-22,-18,0,0,0,0,0,0,0
1748634776870,-18750000,-766130,-73338,18311,0,0,0,0,0,0,0
1748634776970,-18750000,-758798,-73338,18311,0,0,0,0,0,0,0
1748634777070,-18750000,-766130,-91665,54967,0,0,0,0,0,0,0
1748634777170,-18750000,-773461,-109991,36637,0,0,0,0,0,0,0
1748634777270,-18750000,-773461,-18348,18311,0,0,0,0,0,0,0
1748634777370,-18750000,-777127,-18348,-18345,0,0,0,0,0,0,0
1748634777470,-18750000,-762464,-36675,-18345,0,0,0,0,0,0,0
1748634777570,-18750000,-766130,18307,-18345,0,0,0,0,0,0,0
1748634777670,-18750000,-744137,-18348,-73331,0,0,0,0,0,0,0
1748634777770,-18750000,-722143,-36678,-128317,0,0,0,0,0,0,0
1748634777870,-18750000,-714812,73293,-109991,0,0,0,0,0,0,0
1748634777970,-18750000,-707480,54967,-18348,0,0,0,0,0,0,0
1748634778070,-18750000,-703815,73293,109950,0,0,0,0,0,0,0
1748634778170,-18750000,-700150,73293,458190,0,0,0,0,0,0,0
1748634778270,-18750000,-678156,146609,898072,0,0,0,0,0,0,0
1748634778370,-18750000,-612173,219922,1374611,0,0,0,0,0,0,0
1748634778470,-18750000,-560854,293234,1979452,0,0,0,0,0,0,0
1748634778570,-18750000,-480209,311564,2584289,0,0,0,0,0,0,0
1748634778670,-18750000,-377570,366547,3225787,0,0,0,0,0,0,0
1748634778770,-18750000,-252936,586488,3940597,0,0,0,0,0,0,0
1748634778870,-18750000,-117306,641474,4582094,0,0,0,0,0,0,0
1748634778970,-18750000,25656,898072,5186932,0,0,0,0,0,0,0
1748634779070,-18750000,186946,1063030,5681801,0,0,0,0,0,0,0
1748634779170,-18750000,362899,1246315,6121683,0,0,0,0,0,0,0
1748634779270,-18750000,542518,1337958,6488249,0,0,0,0,0,0,0
1748634779370,-18750000,689145,1484587,6836493,0,0,0,0,0,0,0
1748634779470,-18750000,861433,1612886,7001448,0,0,0,0,0,0,0
1748634779570,-18750000,1041052,1851157,7166403,0,0,0,0,0,0,0
1748634779670,-18750000,1209674,2181070,7404671,0,0,0,0,0,0,0
1748634779770,-18750000,1345304,2401012,7532969,0,0,0,0,0,0,0
1748634779870,-18750000,1513926,2639279,7587956,0,0,0,0,0,0,0
1748634779970,-18750000,1631228,2730922,7661268,0,0,0,0,0,0,0
1748634780070,-18750000,1770524,2877547,7771237,0,0,0,0,0,0,0
1748634780170,-18750000,1913486,3024172,7807893,0,0,0,0,0,0,0
1748634780270,-18750000,2041784,3207457,7826223,0,0,0,0,0,0,0
1748634780370,-18750000,2181081,3372412,7789563,0,0,0,0,0,0,0
1748634780470,-18750000,2309380,3537370,7807889,0,0,0,0,0,0,0
1748634780570,-18750000,2434013,3574027,7844545,0,0,0,0,0,0,0
1748634780670,-18750000,2529321,3610683,7807889,0,0,0,0,0,0,0
1748634780770,-18750000,2635626,3647343,7862875,0,0,0,0,0,0,0
1748634780870,-18750000,2730934,3720659,7917858,0,0,0,0,0,0,0
1748634780970,-18750000,2859233,3720659,7899532,0,0,0,0,0,0,0
1748634781070,-18750000,2965538,3867288,7954518,0,0,0,0,0,0,0
1748634781170,-18750000,3068177,3940604,7936192,0,0,0,0,0,0,0
1748634781270,-18750000,3159820,3940604,7881206,0,0,0,0,0,0,0
1748634781370,-18750000,3247796,3977261,7881206,0,0,0,0,0,0,0
1748634781470,-18750000,3321110,4087229,7881206,0,0,0,0,0,0,0
1748634781570,-18750000,3379762,4215528,7881206,0,0,0,0,0,0,0
1748634781670,-18750000,3471403,4288841,7899536,0,0,0,0,0,0,0
1748634781770,-18750000,3548383,4343823,7862879,0,0,0,0,0,0,0
1748634781870,-18750000,3632693,4398806,7881209,0,0,0,0,0,0,0
1748634781970,-18750000,3695010,4545434,7881209,0,0,0,0,0,0,0
1748634782070,-18750000,3775655,4563764,7826223,0,0,0,0,0,0,0
1748634782170,-18750000,3830641,4655407,7807893,0,0,0,0,0,0,0
1748634782270,-18750000,3907620,4783706,7789567,0,0,0,0,0,0,0
1748634782370,-18750000,3973602,4875348,7771240,0,0,0,0,0,0,0
1748634782470,-18750000,4057913,4893678,7789570,0,0,0,0,0,0,0
1748634782570,-18750000,4120229,4985321,7771244,0,0,0,0,0,0,0
1748634782670,-18750000,4167884,4930338,7716258,0,0,0,0,0,0,0
1748634782770,-18750000,4222869,4985324,7661272,0,0,0,0,0,0,0
1748634782870,-18750000,4263192,5095297,7642942,0,0,0,0,0,0,0
1748634782970,-18750000,4325509,5113623,7661268,0,0,0,0,0,0,0
1748634783070,-18750000,4365831,5113623,7661268,0,0,0,0,0,0,0
1748634783170,-18750000,4424483,5186936,7661268,0,0,0,0,0,0,0
1748634783270,-18750000,4446477,5223592,7734581,0,0,0,0,0,0,0
1748634783370,-18750000,4486800,5223592,7734581,0,0,0,0,0,0,0
1748634783470,-18750000,4501463,5296904,7697924,0,0,0,0,0,0,0
1748634783570,-18750000,4552783,5296904,7679594,0,0,0,0,0,0,0
1748634783670,-18750000,4585774,5425203,7716251,0,0,0,0,0,0,0
1748634783770,-18750000,4629762,5498516,7697924,0,0,0,0,0,0,0
1748634783870,-18750000,4662753,5516846,7697924,0,0,0,0,0,0,0
1748634783970,-18750000,4692079,5553502,7716254,0,0,0,0,0,0,0
1748634784070,-18750000,4714073,5571828,7679598,0,0,0,0,0,0,0
1748634784170,-18750000,4747064,5498516,7697928,0,0,0,0,0,0,0
1748634784270,-18750000,4780055,5535172,7642942,0,0,0,0,0,0,0
1748634784370,-18750000,4813046,5571828,7679598,0,0,0,0,0,0,0
1748634784470,-18750000,4864366,5553498,7624612,0,0,0,0,0,0,0
1748634784570,-18750000,4893691,5626811,7624612,0,0,0,0,0,0,0
1748634784670,-18750000,4912020,5645137,7569626,0,0,0,0,0,0,0
1748634784770,-18750000,4945011,5608481,7624608,0,0,0,0,0,0,0
1748634784870,-18750000,4974337,5626807,7606282,0,0,0,0,0,0,0
1748634784970,-18750000,4988999,5645137,7569626,0,0,0,0,0,0,0
1748634785070,-18750000,4988999,5645137,7569626,0,0,0,0,0,0,0
1748634785170,-18750000,4988999,5645137,7569626,0,0,0,0,0,0,0
1748634785270,-18750000,4988999,5645137,7569626,0,0,0,0,0,0,0
1748634785370,-18750000,4988999,5645137,7569626,0,0,0,0,0,0,0
1748634785470,-18750000,4988999,5645137,7569626,0,0,0,0,0,0,0
1748634785570,-18750000,4988999,5645137,7569626,0,0,0,0,0,0,0
1748634785670,-18750000,4988999,5645137,7569626,0,0,0,0,0,0,0
1748634785770,-18750000,4988999,5645137,7569626,0,0,0,0,0,0,0
1748634785870,-18750000,4988999,5645137,7569626,0,0,0,0,0,0,0
1748634785970,-18750000,4988999,5645137,7569626,0,0,0,0,0,0,0
1748634786070,-18750000,5021990,5755109,7441327,0,0,0,0,0,0,0
1748634786170,-18750000,5043984,5920064,7221386,0,0,0,0,0,0,0
1748634786270,-18750000,5076975,5956721,6946458,0,0,0,0,0,0,0
1748634786370,-18750000,5091638,6103349,6598218,0,0,0,0,0,0,0
1748634786470,-18750000,5098969,6121679,6323291,0,0,0,0,0,0,0
1748634786570,-18750000,5084306,6085023,5938394,0,0,0,0,0,0,0
1748634786670,-18750000,5095303,6085023,5461855,0,0,0,0,0,0,0
1748634786770,-18750000,5095303,6176666,4985317,0,0,0,0,0,0,0
1748634786870,-18750000,5087971,6194996,4490448,0,0,0,0,0,0,0
1748634786970,-18750000,5106299,6194996,4013909,0,0,0,0,0,0,0
1748634787070,-18750000,5095302,6103353,3629013,0,0,0,0,0,0,0
1748634787170,-18750000,5062311,6121679,3317429,0,0,0,0,0,0,0
1748634787270,-18750000,5025655,6066693,3005845,0,0,0,0,0,0,0
1748634787370,-18750000,4999995,5901738,2749248,0,0,0,0,0,0,0
1748634787470,-18750000,4967004,5883408,2492650,0,0,0,0,0,0,0
1748634787570,-18750000,4941344,5828422,2346022,0,0,0,0,0,0,0
1748634787670,-18750000,4926682,5846752,2291036,0,0,0,0,0,0,0
1748634787770,-18750000,4875362,5736783,2107751,0,0,0,0,0,0,0
1748634787870,-18750000,4849703,5681797,2071094,0,0,0,0,0,0,0
1748634787970,-18750000,4798383,5663467,1961122,0,0,0,0,0,0,0
1748634788070,-18750000,4743398,5571824,1942792,0,0,0,0,0,0,0
1748634788170,-18750000,4710407,5406869,1906136,0,0,0,0,0,0,0
1748634788270,-18750000,4681082,5351887,1924466,0,0,0,0,0,0,0
1748634788370,-18750000,4648091,5315231,1869479,0,0,0,0,0,0,0
1748634788470,-18750000,4596770,5296904,1832823,0,0,0,0,0,0,0
1748634788570,-18750000,4567444,5333561,1796167,0,0,0,0,0,0,0
1748634788670,-18750000,4512459,5315231,1796167,0,0,0,0,0,0,0
1748634788770,-18750000,4475802,5370213,1887809,0,0,0,0,0,0,0
1748634788870,-18750000,4420817,5241914,1851153,0,0,0,0,0,0,0
1748634788970,-18750000,4376829,5205258,1924466,0,0,0,0,0,0,0
1748634789070,-18750000,4343837,5260244,1832823,0,0,0,0,0,0,0
1748634789170,-18750000,4292518,5241918,1796163,0,0,0,0,0,0,0
1748634789270,-18750000,4241198,5205258,1777833,0,0,0,0,0,0,0
1748634789370,-18750000,4204541,5168598,1796159,0,0,0,0,0,0,0
1748634789470,-18750000,4153222,5076956,1796159,0,0,0,0,0,0,0
1748634789570,-18750000,4105568,5003643,1979444,0,0,0,0,0,0,0
1748634789670,-18750000,4068911,4948661,2401000,0,0,0,0,0,0,0
1748634789770,-18750000,4032254,4912004,2969182,0,0,0,0,0,0,0
1748634789870,-18750000,4032254,4948661,3629005,0,0,0,0,0,0,0
1748634789970,-18750000,4039586,4985317,4233847,0,0,0,0,0,0,0
1748634790070,-18750000,4061580,5003643,4875344,0,0,0,0,0,0,0
1748634790170,-18750000,4098236,4948657,5296901,0,0,0,0,0,0,0
1748634790270,-18750000,4131227,4985317,5553502,0,0,0,0,0,0,0
1748634790370,-18750000,4153221,5021977,5755117,0,0,0,0,0,0,0
1748634790470,-18750000,4186213,5021977,5993388,0,0,0,0,0,0,0
1748634790570,-18750000,4226535,5095289,5975058,0,0,0,0,0,0,0
1748634790670,-18750000,4255861,5003647,5608488,0,0,0,0,0,0,0
1748634790770,-18750000,4285187,4966991,5113623,0,0,0,0,0,0,0
1748634790870,-18750000,4266858,5021977,4508782,0,0,0,0,0,0,0
1748634790970,-18750000,4259527,4948664,3903940,0,0,0,0,0,0,0
1748634791070,-18750000,4219204,4857022,3317429,0,0,0,0,0,0,0
1748634791170,-18750000,4186213,4893678,3042502,0,0,0,0,0,0,0
1748634791270,-18750000,4149556,4893678,3170800,0,0,0,0,0,0,0
1748634791370,-18750000,4105568,4857018,3189130,0,0,0,0,0,0,0
1748634791470,-18750000,4079907,4783706,3390742,0,0,0,0,0,0,0
1748634791570,-18750000,4043250,4728723,3812298,0,0,0,0,0,0,0
1748634791670,-18750000,4032253,4875348,4343823,0,0,0,0,0,0,0
1748634791770,-18750000,4039584,4838692,4912004,0,0,0,0,0,0,0
1748634791870,-18750000,4068909,4820362,5241918,0,0,0,0,0,0,0
1748634791970,-18750000,4068909,4820362,5480189,0,0,0,0,0,0,0
1748634792070,-18750000,4098235,4857018,5681804,0,0,0,0,0,0,0
1748634792170,-18750000,4116563,4893674,5736791,0,0,0,0,0,0,0
1748634792270,-18750000,4131226,4857014,5480193,0,0,0,0,0,0,0
1748634792370,-18750000,4160552,4930331,5406877,0,0,0,0,0,0,0
1748634792470,-18750000,4175215,4985313,5058637,0,0,0,0,0,0,0
1748634792570,-18750000,4160552,4966983,4527112,0,0,0,0,0,0,0
1748634792670,-18750000,4138558,4893671,4068899,0,0,0,0,0,0,0
1748634792770,-18750000,4105567,4948657,3793972,0,0,0,0,0,0,0
1748634792870,-18750000,4087238,4838688,3903941,0,0,0,0,0,0,0
1748634792970,-18750000,4065244,4783702,4233854,0,0,0,0,0,0,0
1748634793070,-18750000,4046915,4857018,4747049,0,0,0,0,0,0,0
1748634793170,-18750000,4061578,4875348,5168602,0,0,0,0,0,0,0
1748634793270,-18750000,4090903,4930334,5461856,0,0,0,0,0,0,0
1748634793370,-18750000,4101901,4930334,5626811,0,0,0,0,0,0,0
1748634793470,-18750000,4127561,4985321,5791766,0,0,0,0,0,0,0
1748634793570,-18750000,4164218,5040307,5956721,0,0,0,0,0,0,0
1748634793670,-18750000,4204541,5076963,5901738,0,0,0,0,0,0,0
1748634793770,-18750000,4233866,5095289,5608484,0,0,0,0,0,0,0
1748634793870,-18750000,4226535,5186932,5205262,0,0,0,0,0,0,0
1748634793970,-18750000,4244864,5296904,4637077,0,0,0,0,0,0,0
1748634794070,-18750000,4244864,5186932,3940597,0,0,0,0,0,0,0
1748634794170,-18750000,4204541,5113615,3372416,0,0,0,0,0,0,0
1748634794270,-18750000,4153222,5058629,3005846,0,0,0,0,0,0,0
1748634794370,-18750000,4098236,5021973,3060832,0,0,0,0,0,0,0
1748634794470,-18750000,4057913,4985317,3354085,0,0,0,0,0,0,0
1748634794570,-18750000,4035919,4948661,3775642,0,0,0,0,0,0,0
1748634794670,-18750000,4021256,4875348,4380479,0,0,0,0,0,0,0
1748634794770,-18750000,4021256,4875348,4948660,0,0,0,0,0,0,0
1748634794870,-18750000,4039584,4857018,5278570,0,0,0,0,0,0,0
1748634794970,-18750000,4050581,4838688,5480185,0,0,0,0,0,0,0
1748634795070,-18750000,4065245,4948661,5718453,0,0,0,0,0,0,0
1748634795170,-18750000,4079907,5040303,5846752,0,0,0,0,0,0,0
1748634795270,-18750000,4112898,5113619,5938394,0,0,0,0,0,0,0
1748634795370,-18750000,4156886,5095289,5736783,0,0,0,0,0,0,0
1748634795470,-18750000,4178881,5150276,5296900,0,0,0,0,0,0,0
1748634795570,-18750000,4182547,5168602,4710389,0,0,0,0,0,0,0
1748634795670,-18750000,4160553,5168602,4178864,0,0,0,0,0,0,0
1748634795770,-18750000,4156887,5168602,3903937,0,0,0,0,0,0,0
1748634795870,-18750000,4145890,5150272,3922267,0,0,0,0,0,0,0
1748634795970,-18750000,4149555,5168602,3958923,0,0,0,0,0,0,0
1748634796070,-18750000,4138558,5150272,3922267,0,0,0,0,0,0,0
1748634796170,-18750000,4138558,5040303,3922267,0,0,0,0,0,0,0
1748634796270,-18750000,4123895,4912004,3922267,0,0,0,0,0,0,0
1748634796370,-18750000,4094570,4875348,3903937,0,0,0,0,0,0,0
1748634796470,-18750000,4083572,4783705,3885611,0,0,0,0,0,0,0
1748634796570,-18750000,4079906,4692063,3903937,0,0,0,0,0,0,0
1748634796670,-18750000,4090904,4655407,3922267,0,0,0,0,0,0,0
1748634796770,-18750000,4068909,4618751,3940597,0,0,0,0,0,0,0
1748634796870,-18750000,4035918,4600424,3757312,0,0,0,0,0,0,0
1748634796970,-18750000,4010258,4472126,3903941,0,0,0,0,0,0,0
1748634797070,-18750000,3988264,4398813,4068896,0,0,0,0,0,0,0
1748634797170,-18750000,3969935,4490456,4362153,0,0,0,0,0,0,0
1748634797270,-18750000,3966269,4545438,4802036,0,0,0,0,0,0,0
1748634797370,-18750000,3991930,4508782,5333561,0,0,0,0,0,0,0
1748634797470,-18750000,4010258,4637081,5791769,0,0,0,0,0,0,0
1748634797570,-18750000,4039584,4747053,6231652,0,0,0,0,0,0,0
1748634797670,-18750000,4087238,4912008,6488249,0,0,0,0,0,0,0
1748634797770,-18750000,4131226,4930338,6469919,0,0,0,0,0,0,0
1748634797870,-18750000,4186211,5058637,6561562,0,0,0,0,0,0,0
1748634797970,-18750000,4219202,5168606,6378277,0,0,0,0,0,0,0
1748634798070,-18750000,4263191,5205262,6286634,0,0,0,0,0,0,0
1748634798170,-18750000,4296182,5205262,6030037,0,0,0,0,0,0,0
1748634798270,-18750000,4332839,5278578,5645140,0,0,0,0,0,0,0
1748634798370,-18750000,4332839,5370221,5113615,0,0,0,0,0,0,0
1748634798470,-18750000,4318177,5333564,4692063,0,0,0,0,0,0,0
1748634798570,-18750000,4321843,5241922,4307167,0,0,0,0,0,0,0
1748634798670,-18750000,4281520,5205266,3940597,0,0,0,0,0,0,0
1748634798770,-18750000,4255861,5205266,3629013,0,0,0,0,0,0,0
1748634798870,-18750000,4222870,5095293,3335755,0,0,0,0,0,0,0
1748634798970,-18750000,4193545,5003651,3115814,0,0,0,0,0,0,0
1748634799070,-18750000,4156888,4985321,2859217,0,0,0,0,0,0,0
1748634799170,-18750000,4109234,4893678,2785901,0,0,0,0,0,0,0
1748634799270,-18750000,4061579,4783706,3042498,0,0,0,0,0,0,0
1748634799370,-18750000,4039585,4765376,3445724,0,0,0,0,0,0,0
1748634799470,-18750000,4039585,4783702,4013906,0,0,0,0,0,0,0
1748634799570,-18750000,4035919,4893671,4362146,0,0,0,0,0,0,0
1748634799670,-18750000,4039584,4838684,4582087,0,0,0,0,0,0,0
1748634799770,-18750000,4035919,4820354,4692059,0,0,0,0,0,0,0
1748634799870,-18750000,4039584,4875341,4765376,0,0,0,0,0,0,0
1748634799970,-18750000,4043249,4875341,4838688,0,0,0,0,0,0,0
1748634800070,-18750000,4039584,4912001,4912004,0,0,0,0,0,0,0
1748634800170,-18750000,4061579,4912001,5003647,0,0,0,0,0,0,0
1748634800270,-18750000,4061579,4985317,4930334,0,0,0,0,0,0,0
1748634800370,-18750000,4046916,4985317,4618751,0,0,0,0,0,0,0
1748634800470,-18750000,4043250,4985317,4417139,0,0,0,0,0,0,0
1748634800570,-18750000,4024922,4966991,4325497,0,0,0,0,0,0,0
1748634800670,-18750000,4013925,4985321,4252184,0,0,0,0,0,0,0
1748634800770,-18750000,3995597,4985321,4252184,0,0,0,0,0,0,0
1748634800870,-18750000,3977268,4930334,4270511,0,0,0,0,0,0,0
1748634800970,-18750000,3962606,5040307,4508782,0,0,0,0,0,0,0
1748634801070,-18750000,3951608,5040307,4930334,0,0,0,0,0,0,0
1748634801170,-18750000,3947942,5113619,5296904,0,0,0,0,0,0,0
1748634801270,-18750000,3951608,5095289,5608488,0,0,0,0,0,0,0
1748634801370,-18750000,3980933,5168602,6066701,0,0,0,0,0,0,0
1748634801470,-18750000,4024922,5168602,6378284,0,0,0,0,0,0,0
1748634801570,-18750000,4043250,5095286,6488257,0,0,0,0,0,0,0
1748634801670,-18750000,4087238,5095286,6653212,0,0,0,0,0,0,0
1748634801770,-18750000,4131227,5131942,6708194,0,0,0,0,0,0,0
1748634801870,-18750000,4175215,5186928,6836493,0,0,0,0,0,0,0
1748634801970,-18750000,4211872,5131942,6634878,0,0,0,0,0,0,0
1748634802070,-18750000,4255860,5186924,6194996,0,0,0,0,0,0,0
1748634802170,-18750000,4270523,5223581,5700127,0,0,0,0,0,0,0
1748634802270,-18750000,4281520,5241911,5076959,0,0,0,0,0,0,0
1748634802370,-18750000,4277855,5186928,4435462,0,0,0,0,0,0,0
1748634802470,-18750000,4233866,5150272,3683996,0,0,0,0,0,0,0
1748634802570,-18750000,4226535,5168602,3262439,0,0,0,0,0,0,0
1748634802670,-18750000,4171550,5095286,2932525,0,0,0,0,0,0,0
1748634802770,-18750000,4127561,5113616,2767570,0,0,0,0,0,0,0
1748634802870,-18750000,4090904,5058629,2804230,0,0,0,0,0,0,0
1748634802970,-18750000,4054247,5076959,3097488,0,0,0,0,0,0,0
1748634803070,-18750000,4028588,4966991,3574027,0,0,0,0,0,0,0
1748634803170,-18750000,4032254,4930334,4142208,0,0,0,0,0,0,0
1748634803270,-18750000,4057913,4966991,4783702,0,0,0,0,0,0,0
1748634803370,-18750000,4072576,4966991,5186928,0,0,0,0,0,0,0
1748634803470,-18750000,4101902,5021977,5443525,0,0,0,0,0,0,0
1748634803570,-18750000,4123895,4985320,5608484,0,0,0,0,0,0,0
1748634803670,-18750000,4164218,5113619,5681801,0,0,0,0,0,0,0
1748634803770,-18750000,4193543,5003647,5736787,0,0,0,0,0,0,0
1748634803870,-18750000,4211872,5040307,5553502,0,0,0,0,0,0,0
1748634803970,-18750000,4226534,5021977,5168602,0,0,0,0,0,0,0
1748634804070,-18750000,4233866,5021977,4692063,0,0,0,0,0,0,0
1748634804170,-18750000,4215537,5003651,4087226,0,0,0,0,0,0,0
1748634804270,-18750000,4182546,4966994,3464058,0,0,0,0,0,0,0
1748634804370,-18750000,4160552,4948664,3280773,0,0,0,0,0,0,0
1748634804470,-18750000,4112898,4838692,3189131,0,0,0,0,0,0,0
1748634804570,-18750000,4065245,4893678,3262443,0,0,0,0,0,0,0
1748634804670,-18750000,4028588,4783709,3629009,0,0,0,0,0,0,0
1748634804770,-18750000,4021256,4875352,4050562,0,0,0,0,0,0,0
1748634804870,-18750000,4028588,4893678,4527100,0,0,0,0,0,0,0
1748634804970,-18750000,4028588,4912008,4857014,0,0,0,0,0,0,0
1748634805070,-18750000,4043251,4948664,5113612,0,0,0,0,0,0,0
1748634805170,-18750000,4068911,4985321,5333553,0,0,0,0,0,0,0
1748634805270,-18750000,4079907,5021977,5425195,0,0,0,0,0,0,0
1748634805370,-18750000,4087238,5003647,5296897,0,0,0,0,0,0,0
1748634805470,-18750000,4105567,5003647,5260241,0,0,0,0,0,0,0
1748634805570,-18750000,4123895,4948660,5021969,0,0,0,0,0,0,0
1748634805670,-18750000,4127561,4985317,4563761,0,0,0,0,0,0,0
1748634805770,-18750000,4116565,4875348,4032236,0,0,0,0,0,0,0
1748634805870,-18750000,4087239,4857022,3738982,0,0,0,0,0,0,0
1748634805970,-18750000,4079908,4912004,3482384,0,0,0,0,0,0,0
1748634806070,-18750000,4043251,4912004,3317429,0,0,0,0,0,0,0
1748634806170,-18750000,4002929,4820362,3262443,0,0,0,0,0,0,0
1748634806270,-18750000,3988266,4728719,3519044,0,0,0,0,0,0,0
1748634806370,-18750000,3966272,4765379,3922271,0,0,0,0,0,0,0
1748634806470,-18750000,3947943,4783709,4435466,0,0,0,0,0,0,0
1748634806570,-18750000,3944277,4875352,5040307,0,0,0,0,0,0,0
1748634806670,-18750000,3958940,4893682,5590158,0,0,0,0,0,0,0
1748634806770,-18750000,3969936,5058637,5975058,0,0,0,0,0,0,0
1748634806870,-18750000,4010258,4985321,5920072,0,0,0,0,0,0,0
1748634806970,-18750000,4013924,4930338,6030041,0,0,0,0,0,0,0
1748634807070,-18750000,4043249,4966994,6011711,0,0,0,0,0,0,0
1748634807170,-18750000,4076240,5058637,5938398,0,0,0,0,0,0,0
1748634807270,-18750000,4072574,5076963,5663471,0,0,0,0,0,0,0
1748634807370,-18750000,4087238,5076963,5205258,0,0,0,0,0,0,0
1748634807470,-18750000,4105566,5131949,4875348,0,0,0,0,0,0,0
1748634807570,-18750000,4116563,5058633,4453792,0,0,0,0,0,0,0
1748634807670,-18750000,4109232,5058633,4032239,0,0,0,0,0,0,0
1748634807770,-18750000,4087238,4985321,3738982,0,0,0,0,0,0,0
1748634807870,-18750000,4046916,5113619,3555697,0,0,0,0,0,0,0
1748634807970,-18750000,4028588,5021977,3647339,0,0,0,0,0,0,0
1748634808070,-18750000,3995597,5003651,3995579,0,0,0,0,0,0,0
1748634808170,-18750000,3977268,5040307,4417132,0,0,0,0,0,0,0
1748634808270,-18750000,3980934,5150280,4930327,0,0,0,0,0,0,0
1748634808370,-18750000,3995597,5168606,5516838,0,0,0,0,0,0,0
1748634808470,-18750000,4006594,5131946,5901734,0,0,0,0,0,0,0
1748634808570,-18750000,4024922,5205262,6176662,0,0,0,0,0,0,0
1748634808670,-18750000,4054248,5223588,6396603,0,0,0,0,0,0,0
1748634808770,-18750000,4123896,5278571,6524902,0,0,0,0,0,0,0
1748634808870,-18750000,4175216,5223588,6616544,0,0,0,0,0,0,0
1748634808970,-18750000,4204541,5351887,6469919,0,0,0,0,0,0,0
1748634809070,-18750000,4248530,5388543,6176666,0,0,0,0,0,0,0
1748634809170,-18750000,4266858,5370213,5736783,0,0,0,0,0,0,0
1748634809270,-18750000,4292518,5278571,5150272,0,0,0,0,0,0,0
1748634809370,-18750000,4288852,5241914,4527104,0,0,0,0,0,0,0
1748634809470,-18750000,4288852,5278574,3830624,0,0,0,0,0,0,0
1748634809570,-18750000,4255861,5223588,3280769,0,0,0,0,0,0,0
1748634809670,-18750000,4208207,5186932,2895873,0,0,0,0,0,0,0
1748634809770,-18750000,4149556,5095289,2712588,0,0,0,0,0,0,0
1748634809870,-18750000,4079908,5076959,2804230,0,0,0,0,0,0,0
1748634809970,-18750000,4046916,5003643,2804230,0,0,0,0,0,0,0
1748634810070,-18750000,3995597,5003643,2895873,0,0,0,0,0,0,0
1748634810170,-18750000,3969937,4948661,3207457,0,0,0,0,0,0,0
1748634810270,-18750000,3947943,4985317,3683999,0,0,0,0,0,0,0
1748634810370,-18750000,3958940,4930331,4233854,0,0,0,0,0,0,0
1748634810470,-18750000,3958940,4912001,4618750,0,0,0,0,0,0,0
1748634810570,-18750000,3984600,5021973,4893678,0,0,0,0,0,0,0
1748634810670,-18750000,4013926,5058629,5186932,0,0,0,0,0,0,0
1748634810770,-18750000,4017591,5095289,5260248,0,0,0,0,0,0,0
1748634810870,-18750000,4072576,5113619,5150276,0,0,0,0,0,0,0
1748634810970,-18750000,4079908,5150279,5040303,0,0,0,0,0,0,0
1748634811070,-18750000,4120230,5113623,5003647,0,0,0,0,0,0,0
1748634811170,-18750000,4123895,5168606,4875348,0,0,0,0,0,0,0
1748634811270,-18750000,4123895,5113619,4563764,0,0,0,0,0,0,0
1748634811370,-18750000,4098236,5186936,4472122,0,0,0,0,0,0,0
1748634811470,-18750000,4090904,5113623,4398809,0,0,0,0,0,0,0
1748634811570,-18750000,4072576,5003651,4380483,0,0,0,0,0,0,0
1748634811670,-18750000,4046916,4912008,4215528,0,0,0,0,0,0,0
1748634811770,-18750000,4028588,4948664,4178872,0,0,0,0,0,0,0
1748634811870,-18750000,3999262,4948664,4417143,0,0,0,0,0,0,0
1748634811970,-18750000,4006594,4948664,4838696,0,0,0,0,0,0,0
1748634812070,-18750000,3991931,4838692,4893682,0,0,0,0,0,0,0
1748634812170,-18750000,4013926,4692067,4948668,0,0,0,0,0,0,0
1748634812270,-18750000,4021257,4655411,5223592,0,0,0,0,0,0,0
1748634812370,-18750000,4028588,4582094,5021977,0,0,0,0,0,0,0
1748634812470,-18750000,4024922,4637077,4875348,0,0,0,0,0,0,0
1748634812570,-18750000,4017591,4637077,4820362,0,0,0,0,0,0,0
1748634812670,-18750000,4028588,4728719,4820362,0,0,0,0,0,0,0
1748634812770,-18750000,4050583,4692063,4820362,0,0,0,0,0,0,0
1748634812870,-18750000,4035920,4655403,4490448,0,0,0,0,0,0,0
1748634812970,-18750000,4021257,4655403,4013909,0,0,0,0,0,0,0
1748634813070,-18750000,4006595,4692059,3903937,0,0,0,0,0,0,0
1748634813170,-18750000,3988266,4783702,3958923,0,0,0,0,0,0,0
1748634813270,-18750000,3966272,4857018,3977253,0,0,0,0,0,0,0
1748634813370,-18750000,3977269,4912004,4270511,0,0,0,0,0,0,0
1748634813470,-18750000,3980935,4948664,4747049,0,0,0,0,0,0,0
1748634813570,-18750000,3999263,4966994,5021977,0,0,0,0,0,0,0
1748634813670,-18750000,4028588,4912008,5205262,0,0,0,0,0,0,0
1748634813770,-18750000,4039586,4948664,5370217,0,0,0,0,0,0,0
1748634813870,-18750000,4072577,4912008,5425203,0,0,0,0,0,0,0
1748634813970,-18750000,4098236,4912008,5608488,0,0,0,0,0,0,0
1748634814070,-18750000,4127561,4893682,5480189,0,0,0,0,0,0,0
1748634814170,-18750000,4127561,4838696,5131946,0,0,0,0,0,0,0
1748634814270,-18750000,4142225,4875352,4692063,0,0,0,0,0,0,0
1748634814370,-18750000,4112899,4875352,4178864,0,0,0,0,0,0,0
1748634814470,-18750000,4090904,4765379,3793968,0,0,0,0,0,0,0
1748634814570,-18750000,4061579,4802036,3812294,0,0,0,0,0,0,0
1748634814670,-18750000,4061579,4783709,4013905,0,0,0,0,0,0,0
1748634814770,-18750000,4035919,4747053,4343815,0,0,0,0,0,0,0
1748634814870,-18750000,4035919,4857026,4582087,0,0,0,0,0,0,0
1748634814970,-18750000,4028587,4783709,4563760,0,0,0,0,0,0,0
1748634815070,-18750000,4035919,4820365,4655403,0,0,0,0,0,0,0
1748634815170,-18750000,4035919,4966994,4710389,0,0,0,0,0,0,0
1748634815270,-18750000,4087239,4985321,4783702,0,0,0,0,0,0,0
1748634815370,-18750000,4087239,4985321,4765375,0,0,0,0,0,0,0
1748634815470,-18750000,4098236,5058637,4527104,0,0,0,0,0,0,0
1748634815570,-18750000,4098236,5021981,4307163,0,0,0,0,0,0,0
1748634815670,-18750000,4098236,5076967,4123878,0,0,0,0,0,0,0
1748634815770,-18750000,4068911,5076967,4013909,0,0,0,0,0,0,0
1748634815870,-18750000,4035920,5076967,4013909,0,0,0,0,0,0,0
1748634815970,-18750000,4013926,5113623,4710386,0,0,0,0,0,0,0
1748634816070,-18750000,4013926,5113623,4966983,0,0,0,0,0,0,0
1748634816170,-18750000,3991931,5095293,5260241,0,0,0,0,0,0,0
1748634816270,-18750000,3969937,5095293,5590154,0,0,0,0,0,0,0
1748634816370,-18750000,3991931,5058637,5590154,0,0,0,0,0,0,0
1748634816470,-18750000,4013925,5150279,5901738,0,0,0,0,0,0,0
1748634816570,-18750000,4061579,5168606,5901738,0,0,0,0,0,0,0
1748634816670,-18750000,4087239,5040303,5443529,0,0,0,0,0,0,0
1748634816770,-18750000,4120230,5040303,4966991,0,0,0,0,0,0,0
1748634816870,-18750000,4138559,4985317,4966991,0,0,0,0,0,0,0
1748634816970,-18750000,4142225,4948661,3684003,0,0,0,0,0,0,0
1748634817070,-18750000,4134893,4966991,3684003,0,0,0,0,0,0,0
1748634817170,-18750000,4123895,4893674,3317433,0,0,0,0,0,0,0
1748634817270,-18750000,4116564,4930331,3317433,0,0,0,0,0,0,0
1748634817370,-18750000,4065245,4966987,3280777,0,0,0,0,0,0,0
1748634817470,-18750000,4039584,4912001,3280777,0,0,0,0,0,0,0
1748634817570,-18750000,3984599,4857014,3574034,0,0,0,0,0,0,0
1748634817670,-18750000,3969936,4912001,4435469,0,0,0,0,0,0,0
1748634817770,-18750000,3962605,5003643,4435469,0,0,0,0,0,0,0
1748634817870,-18750000,3973601,5058629,4875348,0,0,0,0,0,0,0
1748634817970,-18750000,3973601,4985313,4875348,0,0,0,0,0,0,0
1748634818070,-18750000,3999262,5003643,5021977,0,0,0,0,0,0,0
1748634818170,-18750000,3999262,5003643,5021977,0,0,0,0,0,0,0
1748634818270,-18750000,3999262,5003643,5021977,0,0,0,0,0,0,0
1748634818370,-18750000,3999262,5003643,5021977,0,0,0,0,0,0,0
1748634818470,-18750000,3999262,5003643,5021977,0,0,0,0,0,0,0
1748634818570,-18750000,3999262,5003643,5021977,0,0,0,0,0,0,0
1748634818670,-18750000,3999262,5003643,5021977,0,0,0,0,0,0,0
1748634818770,-18750000,3999262,5003643,5021977,0,0,0,0,0,0,0
1748634818870,-18750000,3999262,5003643,5021977,0,0,0,0,0,0,0
1748634818970,-18750000,3999262,5003643,5021977,0,0,0,0,0,0,0
1748634819070,-18750000,3999262,5003643,5021977,0,0,0,0,0,0,0
1748634819170,-18750000,3966271,4966987,4875348,0,0,0,0,0,0,0
1748634819270,-18750000,3900289,4912001,4563764,0,0,0,0,0,0,0
1748634819370,-18750000,3867298,4838688,4453792,0,0,0,0,0,0,0
1748634819470,-18750000,3826976,4765376,4600421,0,0,0,0,0,0,0
1748634819570,-18750000,3808647,4728719,4747046,0,0,0,0,0,0,0
1748634819670,-18750000,3775655,4692063,4820358,0,0,0,0,0,0,0
1748634819770,-18750000,3760993,4637077,5021973,0,0,0,0,0,0,0
1748634819870,-18750000,3720670,4637077,5351887,0,0,0,0,0,0,0
1748634819970,-18750000,3713338,4692063,5920068,0,0,0,0,0,0,0
1748634820070,-18750000,3691344,4710389,6579892,0,0,0,0,0,0,0
1748634820170,-18750000,3735332,4820362,7386344,0,0,0,0,0,0,0
1748634820270,-18750000,3834305,4893678,8119481,0,0,0,0,0,0,0
1748634820370,-18750000,3914951,4948664,8577693,0,0,0,0,0,0,0
1748634820470,-18750000,4010258,5076963,8999246,0,0,0,0,0,0,0
1748634820570,-18750000,4094570,5131949,9255843,0,0,0,0,0,0,0
1748634820670,-18750000,4167884,5205262,9439128,0,0,0,0,0,0,0
1748634820770,-18750000,4233866,5241918,9567427,0,0,0,0,0,0,0
1748634820870,-18750000,4318176,5351887,9750712,0,0,0,0,0,0,0
1748634820970,-18750000,4391490,5406873,9824028,0,0,0,0,0,0,0
1748634821070,-18750000,4483133,5425203,9879011,0,0,0,0,0,0,0
1748634821170,-18750000,4552781,5425203,9933997,0,0,0,0,0,0,0
1748634821270,-18750000,4589438,5425203,9970653,0,0,0,0,0,0,0
1748634821370,-18750000,4644423,5498515,10007309,0,0,0,0,0,0,0
1748634821470,-18750000,4692077,5498515,10025639,0,0,0,0,0,0,0
1748634821570,-18750000,4754394,5553502,10025639,0,0,0,0,0,0,0
1748634821670,-18750000,4816711,5626818,10080626,0,0,0,0,0,0,0
1748634821770,-18750000,4882694,5773447,10117282,0,0,0,0,0,0,0
1748634821870,-18750000,4937679,5736790,10098952,0,0,0,0,0,0,0
1748634821970,-18750000,4978002,5846759,10208921,0,0,0,0,0,0,0
1748634822070,-18750000,5018324,5901745,10282237,0,0,0,0,0,0,0
1748634822170,-18750000,5069644,6011714,10300567,0,0,0,0,0,0,0
1748634822270,-18750000,5102636,6066701,10337227,0,0,0,0,0,0,0
1748634822370,-18750000,5131961,6048374,10318897,0,0,0,0,0,0,0
1748634822470,-18750000,5157620,6085031,10318897,0,0,0,0,0,0,0
1748634822570,-18750000,5179614,6194999,10355557,0,0,0,0,0,0,0
1748634822670,-18750000,5216271,6140013,10428869,0,0,0,0,0,0,0
1748634822770,-18750000,5227268,6158340,10483856,0,0,0,0,0,0,0
1748634822870,-18750000,5263925,6231652,10538842,0,0,0,0,0,0,0
1748634822970,-18750000,5311579,6176670,10502186,0,0,0,0,0,0,0
1748634823070,-18750000,5329907,6249982,10483856,0,0,0,0,0,0,0
1748634823170,-18750000,5362899,6304968,10538838,0,0,0,0,0,0,0
1748634823270,-18750000,5414219,6341624,10428866,0,0,0,0,0,0,0
1748634823370,-18750000,5450876,6396607,10153942,0,0,0,0,0,0,0
1748634823470,-18750000,5483867,6488249,9677399,0,0,0,0,0,0,0
1748634823570,-18750000,5516858,6488249,9145874,0,0,0,0,0,0,0
1748634823670,-18750000,5527855,6543236,8486051,0,0,0,0,0,0,0
1748634823770,-18750000,5549849,6543236,7789571,0,0,0,0,0,0,0
1748634823870,-18750000,5542517,6561566,7129747,0,0,0,0,0,0,0
1748634823970,-18750000,5542517,6561566,6469923,0,0,0,0,0,0,0
1748634824070,-18750000,5535186,6524909,6048371,0,0,0,0,0,0,0
1748634824170,-18750000,5513192,6396611,5681804,0,0,0,0,0,0,0
1748634824270,-18750000,5491197,6359954,5590162,0,0,0,0,0,0,0
1748634824370,-18750000,5483866,6396611,5755117,0,0,0,0,0,0,0
1748634824470,-18750000,5476535,6323298,6048374,0,0,0,0,0,0,0
1748634824570,-18750000,5472869,6304972,6451600,0,0,0,0,0,0,0
1748634824670,-18750000,5476535,6359954,6744858,0,0,0,0,0,0,0
1748634824770,-18750000,5483866,6341628,6946469,0,0,0,0,0,0,0
1748634824870,-18750000,5491197,6359954,7019782,0,0,0,0,0,0,0
1748634824970,-18750000,5491197,6359954,7093094,0,0,0,0,0,0,0
1748634825070,-18750000,5487531,6378281,7129751,0,0,0,0,0,0,0
1748634825170,-18750000,5498528,6396611,7129751,0,0,0,0,0,0,0
1748634825270,-18750000,5513192,6488249,7184737,0,0,0,0,0,0,0
1748634825370,-18750000,5520523,6378281,7148081,0,0,0,0,0,0,0
1748634825470,-18750000,5516857,6414937,6946466,0,0,0,0,0,0,0
1748634825570,-18750000,5524188,6359951,6598222,0,0,0,0,0,0,0
1748634825670,-18750000,5509526,6268312,6323294,0,0,0,0,0,0,0
1748634825770,-18750000,5487532,6286638,6231652,0,0,0,0,0,0,0
1748634825870,-18750000,5483866,6176669,6451593,0,0,0,0,0,0,0
1748634825970,-18750000,5480201,6213326,6818163,0,0,0,0,0,0,0
1748634826070,-18750000,5498529,6140013,6983118,0,0,0,0,0,0,0
1748634826170,-18750000,5494863,6213326,6964788,0,0,0,0,0,0,0
1748634826270,-18750000,5509526,6085027,6708191,0,0,0,0,0,0,0
1748634826370,-18750000,5513192,6194996,6708191,0,0,0,0,0,0,0
1748634826470,-18750000,5527855,6194996,6616548,0,0,0,0,0,0,0
1748634826570,-18750000,5502195,6249982,6506579,0,0,0,0,0,0,0
1748634826670,-18750000,5516858,6268308,6689864,0,0,0,0,0,0,0
1748634826770,-18750000,5520523,6176666,6799837,0,0,0,0,0,0,0
1748634826870,-18750000,5524189,6176666,6653208,0,0,0,0,0,0,0
1748634826970,-18750000,5524189,6194992,6561566,0,0,0,0,0,0,0
1748634827070,-18750000,5509526,6286634,6506579,0,0,0,0,0,0,0
1748634827170,-18750000,5527855,6249978,6634878,0,0,0,0,0,0,0
1748634827270,-18750000,5505860,6341621,6799833,0,0,0,0,0,0,0
1748634827370,-18750000,5505860,6268308,6561562,0,0,0,0,0,0,0
1748634827470,-18750000,5513192,6304964,6781503,0,0,0,0,0,0,0
1748634827570,-18750000,5516857,6323291,7001444,0,0,0,0,0,0,0
1748634827670,-18750000,5513191,6359947,7093087,0,0,0,0,0,0,0
1748634827770,-18750000,5538852,6414933,7221385,0,0,0,0,0,0,0
1748634827870,-18750000,5546183,6451589,7184729,0,0,0,0,0,0,0
1748634827970,-18750000,5546183,6433263,6946458,0,0,0,0,0,0,0
1748634828070,-18750000,5553514,6396607,6653204,0,0,0,0,0,0,0
1748634828170,-18750000,5557180,6341621,6414937,0,0,0,0,0,0,0
1748634828270,-18750000,5560846,6341621,6268308,0,0,0,0,0,0,0
1748634828370,-18750000,5546183,6304964,6213322,0,0,0,0,0,0,0
1748634828470,-18750000,5542517,6323291,6103353,0,0,0,0,0,0,0
1748634828570,-18750000,5549849,6268308,6249982,0,0,0,0,0,0,0
1748634828670,-18750000,5538852,6249982,6158339,0,0,0,0,0,0,0
1748634828770,-18750000,5520523,6323294,6066697,0,0,0,0,0,0,0
1748634828870,-18750000,5516858,6396607,6323294,0,0,0,0,0,0,0
1748634828970,-18750000,5527855,6396607,6433267,0,0,0,0,0,0,0
1748634829070,-18750000,5538852,6359951,6396611,0,0,0,0,0,0,0
1748634829170,-18750000,5520523,6378281,6268308,0,0,0,0,0,0,0
1748634829270,-18750000,5527855,6323298,6066697,0,0,0,0,0,0,0
1748634829370,-18750000,5538852,6341628,6231655,0,0,0,0,0,0,0
1748634829470,-18750000,5520524,6195003,6048370,0,0,0,0,0,0,0
1748634829570,-18750000,5527855,6213329,5718457,0,0,0,0,0,0,0
1748634829670,-18750000,5538852,6194999,5461859,0,0,0,0,0,0,0
1748634829770,-18750000,5531520,6140017,5260244,0,0,0,0,0,0,0
1748634829870,-18750000,5535185,6140017,4838692,0,0,0,0,0,0,0
1748634829970,-18750000,5516857,6158343,4875348,0,0,0,0,0,0,0
1748634830070,-18750000,5509526,6213326,4912004,0,0,0,0,0,0,0
1748634830170,-18750000,5516857,6286638,4875348,0,0,0,0,0,0,0
1748634830270,-18750000,5502194,6268308,4912004,0,0,0,0,0,0,0
1748634830370,-18750000,5476534,6286634,4912004,0,0,0,0,0,0,0
1748634830470,-18750000,5469203,6396603,5223588,0,0,0,0,0,0,0
1748634830570,-18750000,5465537,6341617,5571828,0,0,0,0,0,0,0
1748634830670,-18750000,5458205,6268304,5865082,0,0,0,0,0,0,0
1748634830770,-18750000,5450874,6213318,6085023,0,0,0,0,0,0,0
1748634830870,-18750000,5450874,6085019,6506576,0,0,0,0,0,0,0
1748634830970,-18750000,5443543,5993377,6763173,0,0,0,0,0,0,0
1748634831070,-18750000,5450874,5993377,6873146,0,0,0,0,0,0,0
1748634831170,-18750000,5458205,5920064,6946462,0,0,0,0,0,0,0
1748634831270,-18750000,5480199,5975051,6891476,0,0,0,0,0,0,0
1748634831370,-18750000,5494862,6030037,6543236,0,0,0,0,0,0,0
1748634831470,-18750000,5502193,5920068,6158339,0,0,0,0,0,0,0
1748634831570,-18750000,5502193,5975054,5993384,0,0,0,0,0,0,0
1748634831670,-18750000,5502193,6121679,5883412,0,0,0,0,0,0,0
1748634831770,-18750000,5505859,6140009,5810099,0,0,0,0,0,0,0
1748634831870,-18750000,5509525,6194996,5810099,0,0,0,0,0,0,0
1748634831970,-18750000,5527853,6249982,5736787,0,0,0,0,0,0,0
1748634832070,-18750000,5516856,6231655,5755113,0,0,0,0,0,0,0
1748634832170,-18750000,5509525,6286638,5920068,0,0,0,0,0,0,0
1748634832270,-18750000,5487531,6341620,6268308,0,0,0,0,0,0,0
1748634832370,-18750000,5476535,6213322,6744847,0,0,0,0,0,0,0
1748634832470,-18750000,5469203,6304964,7239716,0,0,0,0,0,0,0
1748634832570,-18750000,5458206,6323294,7514643,0,0,0,0,0,0,0
1748634832670,-18750000,5469203,6231655,7899543,0,0,0,0,0,0,0
1748634832770,-18750000,5480201,6304968,8174471,0,0,0,0,0,0,0
1748634832870,-18750000,5483866,6359954,8046172,0,0,0,0,0,0,0
1748634832970,-18750000,5472868,6396611,7771244,0,0,0,0,0,0,0
1748634833070,-18750000,5494863,6451593,7661276,0,0,0,0,0,0,0
1748634833170,-18750000,5498529,6451593,7368022,0,0,0,0,0,0,0
1748634833270,-18750000,5498529,6396611,7019782,0,0,0,0,0,0,0
1748634833370,-18750000,5524189,6488253,6561569,0,0,0,0,0,0,0
1748634833470,-18750000,5549848,6451597,6286642,0,0,0,0,0,0,0
1748634833570,-18750000,5560846,6414941,5791773,0,0,0,0,0,0,0
1748634833670,-18750000,5560846,6524909,5315231,0,0,0,0,0,0,0
1748634833770,-18750000,5542517,6524909,4820362,0,0,0,0,0,0,0
1748634833870,-18750000,5524189,6524909,4563764,0,0,0,0,0,0,0
1748634833970,-18750000,5535186,6506583,4710393,0,0,0,0,0,0,0
1748634834070,-18750000,5509526,6524913,5003647,0,0,0,0,0,0,0
1748634834170,-18750000,5513191,6524913,5443529,0,0,0,0,0,0,0
1748634834270,-18750000,5535185,6561569,5755113,0,0,0,0,0,0,0
1748634834370,-18750000,5516856,6561569,5901742,0,0,0,0,0,0,0
1748634834470,-18750000,5494862,6543239,5718457,0,0,0,0,0,0,0
1748634834570,-18750000,5487531,6598222,6011711,0,0,0,0,0,0,0
1748634834670,-18750000,5487531,6506579,6341624,0,0,0,0,0,0,0
1748634834770,-18750000,5491196,6524906,6726521,0,0,0,0,0,0,0
1748634834870,-18750000,5502194,6524906,6909806,0,0,0,0,0,0,0
1748634834970,-18750000,5502194,6543232,7038104,0,0,0,0,0,0,0
1748634835070,-18750000,5516857,6506576,6854819,0,0,0,0,0,0,0
1748634835170,-18750000,5516857,6488249,6451593,0,0,0,0,0,0,0
1748634835270,-18750000,5494863,6433263,6066697,0,0,0,0,0,0,0
1748634835370,-18750000,5487532,6451589,5956724,0,0,0,0,0,0,0
1748634835470,-18750000,5505860,6433259,6176666,0,0,0,0,0,0,0
1748634835570,-18750000,5502194,6433259,6176666,0,0,0,0,0,0,0
1748634835670,-18750000,5494863,6469916,6231652,0,0,0,0,0,0,0
1748634835770,-18750000,5498529,6433259,6396611,0,0,0,0,0,0,0
1748634835870,-18750000,5487532,6414929,6671538,0,0,0,0,0,0,0
1748634835970,-18750000,5476535,6524902,6781511,0,0,0,0,0,0,0
1748634836070,-18750000,5461871,6488246,7166407,0,0,0,0,0,0,0
1748634836170,-18750000,5458206,6524902,7679602,0,0,0,0,0,0,0
1748634836270,-18750000,5476534,6561558,8174471,0,0,0,0,0,0,0
1748634836370,-18750000,5502194,6616544,8376086,0,0,0,0,0,0,0
1748634836470,-18750000,5502194,6763173,8211131,0,0,0,0,0,0,0
1748634836570,-18750000,5520523,6744847,7972863,0,0,0,0,0,0,0
1748634836670,-18750000,5538851,6689864,7661279,0,0,0,0,0,0,0
1748634836770,-18750000,5553514,6689864,7221393,0,0,0,0,0,0,0
1748634836870,-18750000,5560846,6763181,6744854,0,0,0,0,0,0,0
1748634836970,-18750000,5553515,6616552,6194999,0,0,0,0,0,0,0
1748634837070,-18750000,5557181,6598222,5535176,0,0,0,0,0,0,0
1748634837170,-18750000,5542517,6598222,5131949,0,0,0,0,0,0,0
1748634837270,-18750000,5527854,6616552,4985320,0,0,0,0,0,0,0
1748634837370,-18750000,5516857,6543239,5150275,0,0,0,0,0,0,0
1748634837470,-18750000,5520522,6396611,5516842,0,0,0,0,0,0,0
1748634837570,-18750000,5527854,6396611,5883408,0,0,0,0,0,0,0
1748634837670,-18750000,5531520,6506579,6048363,0,0,0,0,0,0,0
1748634837770,-18750000,5531520,6414937,6194992,0,0,0,0,0,0,0
1748634837870,-18750000,5527854,6268308,6323290,0,0,0,0,0,0,0
1748634837970,-18750000,5527854,6341621,6396603,0,0,0,0,0,0,0
1748634838070,-18750000,5520523,6359951,6781503,0,0,0,0,0,0,0
1748634838170,-18750000,5538851,6268308,7019774,0,0,0,0,0,0,0
1748634838270,-18750000,5553515,6268308,7056430,0,0,0,0,0,0,0
1748634838370,-18750000,5557181,6268308,6818159,0,0,0,0,0,0,0
1748634838470,-18750000,5538852,6378281,6433263,0,0,0,0,0,0,0
1748634838570,-18750000,5535186,6359951,6048367,0,0,0,0,0,0,0
1748634838670,-18750000,5520523,6323294,5700127,0,0,0,0,0,0,0
1748634838770,-18750000,5513192,6469923,5370217,0,0,0,0,0,0,0
1748634838870,-18750000,5513192,6543236,5205258,0,0,0,0,0,0,0
1748634838970,-18750000,5505860,6488253,5425199,0,0,0,0,0,0,0
1748634839070,-18750000,5520523,6506579,5461856,0,0,0,0,0,0,0
1748634839170,-18750000,5513191,6543236,5333557,0,0,0,0,0,0,0
1748634839270,-18750000,5502194,6524906,5186932,0,0,0,0,0,0,0
1748634839370,-18750000,5491197,6469919,5406873,0,0,0,0,0,0,0
1748634839470,-18750000,5502194,6433263,5755113,0,0,0,0,0,0,0
1748634839570,-18750000,5491197,6414937,6140009,0,0,0,0,0,0,0
1748634839670,-18750000,5494863,6378281,6506579,0,0,0,0,0,0,0
1748634839770,-18750000,5483866,6286638,6744847,0,0,0,0,0,0,0
1748634839870,-18750000,5480200,6304968,6983118,0,0,0,0,0,0,0
1748634839970,-18750000,5509526,6359951,7093091,0,0,0,0,0,0,0
1748634840070,-18750000,5520523,6323294,7166403,0,0,0,0,0,0,0
1748634840170,-18750000,5531520,6396607,7184729,0,0,0,0,0,0,0
1748634840270,-18750000,5546183,6396607,7166399,0,0,0,0,0,0,0
1748634840370,-18750000,5568176,6414937,6891476,0,0,0,0,0,0,0
1748634840470,-18750000,5579174,6396607,6469923,0,0,0,0,0,0,0
1748634840570,-18750000,5571842,6451589,5993384,0,0,0,0,0,0,0
1748634840670,-18750000,5560845,6469916,5883412,0,0,0,0,0,0,0
1748634840770,-18750000,5568176,6488246,6085027,0,0,0,0,0,0,0
1748634840870,-18750000,5571842,6488246,6286638,0,0,0,0,0,0,0
1748634840970,-18750000,5575507,6488246,6359951,0,0,0,0,0,0,0
1748634841070,-18750000,5571841,6506576,6414937,0,0,0,0,0,0,0
1748634841170,-18750000,5560844,6488249,6433267,0,0,0,0,0,0,0
1748634841270,-18750000,5546182,6469923,6506579,0,0,0,0,0,0,0
1748634841370,-18750000,5546182,6451593,6836489,0,0,0,0,0,0,0
1748634841470,-18750000,5520522,6469923,7239716,0,0,0,0,0,0,0
1748634841570,-18750000,5524188,6451597,7459657,0,0,0,0,0,0,0
1748634841670,-18750000,5538850,6433270,7331358,0,0,0,0,0,0,0
1748634841770,-18750000,5549848,6451597,7093087,0,0,0,0,0,0,0
1748634841870,-18750000,5560845,6433267,6726521,0,0,0,0,0,0,0
1748634841970,-18750000,5557180,6359954,6286638,0,0,0,0,0,0,0
1748634842070,-18750000,5553515,6359954,5791769,0,0,0,0,0,0,0
1748634842170,-18750000,5571843,6304968,5443529,0,0,0,0,0,0,0
1748634842270,-18750000,5579174,6268312,5076963,0,0,0,0,0,0,0
1748634842370,-18750000,5557181,6323298,4563768,0,0,0,0,0,0,0
1748634842470,-18750000,5564512,6414940,4013913,0,0,0,0,0,0,0
1748634842570,-18750000,5549849,6451597,3977257,0,0,0,0,0,0,0
1748634842670,-18750000,5538852,6451597,4197198,0,0,0,0,0,0,0
1748634842770,-18750000,5524190,6451597,4380483,0,0,0,0,0,0,0
1748634842870,-18750000,5513192,6396614,4508782,0,0,0,0,0,0,0
1748634842970,-18750000,5505861,6469927,4857022,0,0,0,0,0,0,0
1748634843070,-18750000,5487533,6524909,5260248,0,0,0,0,0,0,0
1748634843170,-18750000,5465538,6433267,5773443,0,0,0,0,0,0,0
1748634843270,-18750000,5469204,6433267,6341624,0,0,0,0,0,0,0
1748634843370,-18750000,5465538,6433267,6909806,0,0,0,0,0,0,0
1748634843470,-18750000,5472869,6341624,7313032,0,0,0,0,0,0,0
1748634843570,-18750000,5480201,6359950,7514643,0,0,0,0,0,0,0
1748634843670,-18750000,5472869,6323294,7661272,0,0,0,0,0,0,0
1748634843770,-18750000,5491197,6359950,7881213,0,0,0,0,0,0,0
1748634843870,-18750000,5520523,6414933,8192797,0,0,0,0,0,0,0
1748634843970,-18750000,5535185,6433263,8046172,0,0,0,0,0,0,0
1748634844070,-18750000,5538851,6341624,7826231,0,0,0,0,0,0,0
1748634844170,-18750000,5546183,6469923,7624619,0,0,0,0,0,0,0
1748634844270,-18750000,5531519,6524906,7441334,0,0,0,0,0,0,0
1748634844370,-18750000,5546182,6561562,7111421,0,0,0,0,0,0,0
1748634844470,-18750000,5549848,6561562,7148077,0,0,0,0,0,0,0
1748634844570,-18750000,5568177,6579892,6873153,0,0,0,0,0,0,0
1748634844670,-18750000,5579174,6616548,6524913,0,0,0,0,0,0,0
1748634844770,-18750000,5575508,6543236,6066701,0,0,0,0,0,0,0
1748634844870,-18750000,5575508,6616552,5590162,0,0,0,0,0,0,0
1748634844970,-18750000,5549849,6561566,5351891,0,0,0,0,0,0,0
1748634845070,-18750000,5546183,6616548,5168606,0,0,0,0,0,0,0
1748634845170,-18750000,5535186,6598222,5113619,0,0,0,0,0,0,0
1748634845270,-18750000,5535186,6579895,5150276,0,0,0,0,0,0,0
1748634845370,-18750000,5549849,6506583,5333561,0,0,0,0,0,0,0
1748634845470,-18750000,5538851,6561565,5461859,0,0,0,0,0,0,0
1748634845570,-18750000,5535186,6543235,5571828,0,0,0,0,0,0,0
1748634845670,-18750000,5535186,6469919,5608484,0,0,0,0,0,0,0
1748634845770,-18750000,5524189,6488249,5681801,0,0,0,0,0,0,0
1748634845870,-18750000,5498529,6396607,5681801,0,0,0,0,0,0,0
1748634845970,-18750000,5498529,6414937,5993384,0,0,0,0,0,0,0
1748634846070,-18750000,5502194,6414937,6103357,0,0,0,0,0,0,0
1748634846170,-18750000,5502194,6433263,6158343,0,0,0,0,0,0,0
1748634846270,-18750000,5509526,6341621,6194999,0,0,0,0,0,0,0
1748634846370,-18750000,5494864,6414933,6249986,0,0,0,0,0,0,0
1748634846470,-18750000,5509526,6378277,6011718,0,0,0,0,0,0,0
1748634846570,-18750000,5516857,6359951,5901749,0,0,0,0,0,0,0
1748634846670,-18750000,5494864,6433267,5773451,0,0,0,0,0,0,0
1748634846770,-18750000,5494864,6433267,5755121,0,0,0,0,0,0,0
1748634846870,-18750000,5502195,6414937,6048374,0,0,0,0,0,0,0
1748634846970,-18750000,5513192,6396607,6158343,0,0,0,0,0,0,0
1748634847070,-18750000,5524189,6414937,6286642,0,0,0,0,0,0,0
1748634847170,-18750000,5531521,6341624,6176669,0,0,0,0,0,0,0
1748634847270,-18750000,5527855,6433267,5956728,0,0,0,0,0,0,0
1748634847370,-18750000,5524189,6396611,5901742,0,0,0,0,0,0,0
1748634847470,-18750000,5505860,6323298,6158339,0,0,0,0,0,0,0
1748634847570,-18750000,5483866,6323298,6488249,0,0,0,0,0,0,0
1748634847670,-18750000,5513191,6341624,6946458,0,0,0,0,0,0,0
1748634847770,-18750000,5531519,6359951,7276372,0,0,0,0,0,0,0
1748634847870,-18750000,5516856,6433263,7221385,0,0,0,0,0,0,0
1748634847970,-18750000,5509524,6414937,7019774,0,0,0,0,0,0,0
1748634848070,-18750000,5505859,6396607,7093087,0,0,0,0,0,0,0
1748634848170,-18750000,5505859,6414937,7203059,0,0,0,0,0,0,0
1748634848270,-18750000,5513190,6414937,7294702,0,0,0,0,0,0,0
1748634848370,-18750000,5516856,6433263,7294702,0,0,0,0,0,0,0
1748634848470,-18750000,5524188,6524906,7001444,0,0,0,0,0,0,0
1748634848570,-18750000,5527854,6451593,6671534,0,0,0,0,0,0,0
1748634848670,-18750000,5520523,6396611,6469923,0,0,0,0,0,0,0
1748634848770,-18750000,5520523,6323298,6268308,0,0,0,0,0,0,0
1748634848870,-18750000,5513191,6286642,6121679,0,0,0,0,0,0,0
1748634848970,-18750000,5513191,6286642,6121679,0,0,0,0,0,0,0
1748634849070,-18750000,5513191,6286642,6121679,0,0,0,0,0,0,0
1748634849170,-18750000,5513191,6286642,6121679,0,0,0,0,0,0,0
1748634849270,-18750000,5513191,6286642,6121679,0,0,0,0,0,0,0
1748634849370,-18750000,5513191,6286642,6121679,0,0,0,0,0,0,0
1748634849470,-18750000,5513191,6286642,6121679,0,0,0,0,0,0,0
1748634849570,-18750000,5513191,6286642,6121679,0,0,0,0,0,0,0
1748634849670,-18750000,5513191,6286642,6121679,0,0,0,0,0,0,0
1748634849770,-18750000,5513191,6286642,6121679,0,0,0,0,0,0,0
1748634849870,-18750000,5513191,6286642,6121679,0,0,0,0,0,0,0
1748634849970,-18750000,5524189,6158343,6524906,0,0,0,0,0,0,0
1748634850070,-18750000,5527854,6213329,6818159,0,0,0,0,0,0,0
1748634850170,-18750000,5557180,6304968,6854816,0,0,0,0,0,0,0
1748634850270,-18750000,5564511,6323294,6836489,0,0,0,0,0,0,0
1748634850370,-18750000,5575508,6414937,6579892,0,0,0,0,0,0,0
1748634850470,-18750000,5575508,6396607,6469923,0,0,0,0,0,0,0
1748634850570,-18750000,5582839,6433263,6396607,0,0,0,0,0,0,0
1748634850670,-18750000,5582839,6506576,6140009,0,0,0,0,0,0,0
1748634850770,-18750000,5571842,6579888,5901742,0,0,0,0,0,0,0
1748634850870,-18750000,5612165,6561562,5791773,0,0,0,0,0,0,0
1748634850970,-18750000,5608500,6671531,5150276,0,0,0,0,0,0,0
1748634851070,-18750000,5612166,6653201,4453796,0,0,0,0,0,0,0
1748634851170,-18750000,5575509,6561562,4050569,0,0,0,0,0,0,0
1748634851270,-18750000,5546184,6488249,3775642,0,0,0,0,0,0,0
1748634851370,-18750000,5527856,6414937,3867284,0,0,0,0,0,0,0
1748634851470,-18750000,5516858,6396611,4087226,0,0,0,0,0,0,0
1748634851570,-18750000,5502196,6396611,4417139,0,0,0,0,0,0,0
1748634851670,-18750000,5509527,6359954,4838692,0,0,0,0,0,0,0
1748634851770,-18750000,5509527,6341628,5315231,0,0,0,0,0,0,0
1748634851870,-18750000,5491199,6286642,5883412,0,0,0,0,0,0,0
1748634851970,-18750000,5487533,6268316,6176669,0,0,0,0,0,0,0
1748634852070,-18750000,5469204,6249989,6396611,0,0,0,0,0,0,0
1748634852170,-18750000,5483867,6268316,6928136,0,0,0,0,0,0,0
1748634852270,-18750000,5494863,6396614,7459661,0,0,0,0,0,0,0
1748634852370,-18750000,5491198,6341628,7459661,0,0,0,0,0,0,0
1748634852470,-18750000,5509526,6378284,7276376,0,0,0,0,0,0,0
1748634852570,-18750000,5520524,6378284,7221389,0,0,0,0,0,0,0
1748634852670,-18750000,5498530,6451597,7129747,0,0,0,0,0,0,0
1748634852770,-18750000,5494864,6469923,6836489,0,0,0,0,0,0,0
1748634852870,-18750000,5505861,6506579,6451593,0,0,0,0,0,0,0
1748634852970,-18750000,5509527,6561562,6524906,0,0,0,0,0,0,0
1748634853070,-18750000,5535187,6488249,6799833,0,0,0,0,0,0,0
1748634853170,-18750000,5538853,6469923,6543236,0,0,0,0,0,0,0
1748634853270,-18750000,5538853,6433267,6194996,0,0,0,0,0,0,0
1748634853370,-18750000,5553515,6469923,6066697,0,0,0,0,0,0,0
1748634853470,-18750000,5542518,6414937,5920068,0,0,0,0,0,0,0
1748634853570,-18750000,5538852,6433263,5608484,0,0,0,0,0,0,0
1748634853670,-18750000,5560846,6359951,5223588,0,0,0,0,0,0,0
1748634853770,-18750000,5571843,6268308,5351887,0,0,0,0,0,0,0
1748634853870,-18750000,5546182,6286638,5516842,0,0,0,0,0,0,0
1748634853970,-18750000,5535185,6286638,5296900,0,0,0,0,0,0,0
1748634854070,-18750000,5524188,6378277,4930330,0,0,0,0,0,0,0
1748634854170,-18750000,5531519,6378277,5150272,0,0,0,0,0,0,0
1748634854270,-18750000,5538851,6231648,5388539,0,0,0,0,0,0,0
1748634854370,-18750000,5535186,6304964,5461852,0,0,0,0,0,0,0
1748634854470,-18750000,5520523,6286638,5645137,0,0,0,0,0,0,0
1748634854570,-18750000,5527855,6231656,5718449,0,0,0,0,0,0,0
1748634854670,-18750000,5516858,6249982,5736779,0,0,0,0,0,0,0
1748634854770,-18750000,5505861,6341624,5388539,0,0,0,0,0,0,0
1748634854870,-18750000,5513193,6396607,5076956,0,0,0,0,0,0,0
1748634854970,-18750000,5505862,6341624,5205254,0,0,0,0,0,0,0
1748634855070,-18750000,5487533,6286642,5480182,0,0,0,0,0,0,0
1748634855170,-18750000,5454542,6378281,5516838,0,0,0,0,0,0,0
1748634855270,-18750000,5443545,6506579,5626810,0,0,0,0,0,0,0
1748634855370,-18750000,5439879,6433263,6048367,0,0,0,0,0,0,0
1748634855470,-18750000,5450875,6414933,6414937,0,0,0,0,0,0,0
1748634855570,-18750000,5439878,6451589,6909805,0,0,0,0,0,0,0
1748634855670,-18750000,5443543,6451589,7514643,0,0,0,0,0,0,0
1748634855770,-18750000,5432546,6488246,8137810,0,0,0,0,0,0,0
1748634855870,-18750000,5425214,6396607,8760978,0,0,0,0,0,0,0
1748634855970,-18750000,5465537,6451589,9145874,0,0,0,0,0,0,0
1748634856070,-18750000,5483865,6469916,9329159,0,0,0,0,0,0,0
1748634856170,-18750000,5502194,6433259,9219187,0,0,0,0,0,0,0
1748634856270,-18750000,5516856,6396603,8980915,0,0,0,0,0,0,0
1748634856370,-18750000,5527853,6378277,8559359,0,0,0,0,0,0,0
1748634856470,-18750000,5542517,6451589,8192789,0,0,0,0,0,0,0
1748634856570,-18750000,5560845,6488246,7752907,0,0,0,0,0,0,0
1748634856670,-18750000,5542517,6506576,7239708,0,0,0,0,0,0,0
1748634856770,-18750000,5564511,6341621,6671527,0,0,0,0,0,0,0
1748634856870,-18750000,5560846,6414933,6048359,0,0,0,0,0,0,0
1748634856970,-18750000,5531520,6378277,5388535,0,0,0,0,0,0,0
1748634857070,-18750000,5516858,6323294,4820354,0,0,0,0,0,0,0
1748634857170,-18750000,5513192,6341624,4838684,0,0,0,0,0,0,0
1748634857270,-18750000,5513192,6378281,4985313,0,0,0,0,0,0,0
1748634857370,-18750000,5509526,6414937,5278571,0,0,0,0,0,0,0
1748634857470,-18750000,5502194,6451593,5535168,0,0,0,0,0,0,0
1748634857570,-18750000,5494863,6396607,5645141,0,0,0,0,0,0,0
1748634857670,-18750000,5509526,6378277,5718457,0,0,0,0,0,0,0
1748634857770,-18750000,5513192,6451593,5773443,0,0,0,0,0,0,0
1748634857870,-18750000,5531520,6396607,5810099,0,0,0,0,0,0,0
1748634857970,-18750000,5535186,6451593,5920072,0,0,0,0,0,0,0
1748634858070,-18750000,5546183,6488249,6030040,0,0,0,0,0,0,0
1748634858170,-18750000,5546183,6469919,5975054,0,0,0,0,0,0,0
1748634858270,-18750000,5535186,6451593,6011710,0,0,0,0,0,0,0
1748634858370,-18750000,5527855,6414937,6030037,0,0,0,0,0,0,0
1748634858470,-18750000,5520523,6341624,6158339,0,0,0,0,0,0,0
1748634858570,-18750000,5516857,6378281,6378280,0,0,0,0,0,0,0
1748634858670,-18750000,5535186,6323298,6726520,0,0,0,0,0,0,0
1748634858770,-18750000,5524189,6268312,6854819,0,0,0,0,0,0,0
1748634858870,-18750000,5520523,6304968,6946462,0,0,0,0,0,0,0
1748634858970,-18750000,5535186,6341624,6964788,0,0,0,0,0,0,0
1748634859070,-18750000,5531520,6396607,7019774,0,0,0,0,0,0,0
1748634859170,-18750000,5538851,6378280,6781507,0,0,0,0,0,0,0
1748634859270,-18750000,5546183,6378280,6396611,0,0,0,0,0,0,0
1748634859370,-18750000,5560846,6378280,5920072,0,0,0,0,0,0,0
1748634859470,-18750000,5575509,6378280,5351887,0,0,0,0,0,0,0
1748634859570,-18750000,5571843,6341624,4820362,0,0,0,0,0,0,0
1748634859670,-18750000,5549848,6396607,4288837,0,0,0,0,0,0,0
1748634859770,-18750000,5524189,6451593,4325493,0,0,0,0,0,0,0
1748634859870,-18750000,5516857,6378280,4563764,0,0,0,0,0,0,0
1748634859970,-18750000,5516857,6378280,4563764,0,0,0,0,0,0,0
1748634860070,-18750000,5516857,6378280,4563764,0,0,0,0,0,0,0
1748634860170,-18750000,5516857,6378280,4563764,0,0,0,0,0,0,0
1748634860270,-18750000,5516857,6378280,4563764,0,0,0,0,0,0,0
1748634860370,-18750000,5516857,6378280,4563764,0,0,0,0,0,0,0
1748634860470,-18750000,5516857,6378280,4563764,0,0,0,0,0,0,0
1748634860570,-18750000,5516857,6378280,4563764,0,0,0,0,0,0,0
1748634860670,-18750000,5516857,6378280,4563764,0,0,0,0,0,0,0
1748634860770,-18750000,5516857,6378280,4563764,0,0,0,0,0,0,0
1748634860870,-18750000,5516857,6378280,4563764,0,0,0,0,0,0,0
1748634860970,-18750000,5505861,6341624,5113619,0,0,0,0,0,0,0
1748634861070,-18750000,5498530,6323298,5590158,0,0,0,0,0,0,0
1748634861170,-18750000,5509527,6268312,6121683,0,0,0,0,0,0,0
1748634861270,-18750000,5509527,6323294,6708191,0,0,0,0,0,0,0
1748634861370,-18750000,5498530,6341621,7404671,0,0,0,0,0,0,0
1748634861470,-18750000,5502196,6378277,8064494,0,0,0,0,0,0,0
1748634861570,-18750000,5520524,6378277,8614346,0,0,0,0,0,0,0
1748634861670,-18750000,5524190,6341621,8907599,0,0,0,0,0,0,0
1748634861770,-18750000,5557181,6341621,8889273,0,0,0,0,0,0,0
1748634861870,-18750000,5557181,6414933,8687658,0,0,0,0,0,0,0
1748634861970,-18750000,5557181,6378277,8119477,0,0,0,0,0,0,0
1748634862070,-18750000,5571844,6341621,7587952,0,0,0,0,0,0,0
1748634862170,-18750000,5553515,6414933,7038097,0,0,0,0,0,0,0
1748634862270,-18750000,5542518,6359951,6414933,0,0,0,0,0,0,0
1748634862370,-18750000,5535186,6304968,5718453,0,0,0,0,0,0,0
1748634862470,-18750000,5513192,6323298,5113616,0,0,0,0,0,0,0
1748634862570,-18750000,5487533,6396611,4710389,0,0,0,0,0,0,0
1748634862670,-18750000,5494864,6488253,4802032,0,0,0,0,0,0,0
1748634862770,-18750000,5491198,6561566,5021973,0,0,0,0,0,0,0
1748634862870,-18750000,5487532,6543239,5241914,0,0,0,0,0,0,0
1748634862970,-18750000,5476535,6598222,5370213,0,0,0,0,0,0,0
1748634863070,-18750000,5458206,6561566,5480186,0,0,0,0,0,0,0
1748634863170,-18750000,5450875,6506583,5571828,0,0,0,0,0,0,0
1748634863270,-18750000,5447209,6616552,5865082,0,0,0,0,0,0,0
1748634863370,-18750000,5443544,6653208,6341621,0,0,0,0,0,0,0
1748634863470,-18750000,5447209,6671534,6763177,0,0,0,0,0,0,0
1748634863570,-18750000,5450874,6634878,7148077,0,0,0,0,0,0,0
1748634863670,-18750000,5450874,6524909,7239719,0,0,0,0,0,0,0
1748634863770,-18750000,5454540,6451597,7349688,0,0,0,0,0,0,0
1748634863870,-18750000,5450875,6378281,7459661,0,0,0,0,0,0,0
1748634863970,-18750000,5458206,6268312,7514647,0,0,0,0,0,0,0
1748634864070,-18750000,5458206,6304968,7532973,0,0,0,0,0,0,0
1748634864170,-18750000,5469203,6304968,7587959,0,0,0,0,0,0,0
1748634864270,-18750000,5472869,6194999,7642946,0,0,0,0,0,0,0
1748634864370,-18750000,5472869,6176669,7606289,0,0,0,0,0,0,0
1748634864470,-18750000,5465538,6176669,7606289,0,0,0,0,0,0,0
1748634864570,-18750000,5472870,6121687,7661275,0,0,0,0,0,0,0
1748634864670,-18750000,5469204,6194999,7771248,0,0,0,0,0,0,0
1748634864770,-18750000,5461873,6304968,7752922,0,0,0,0,0,0,0
1748634864870,-18750000,5458207,6469927,7752922,0,0,0,0,0,0,0
1748634864970,-18750000,5461873,6543239,7789578,0,0,0,0,0,0,0
1748634865070,-18750000,5469204,6616552,7771252,0,0,0,0,0,0,0
1748634865170,-18750000,5454541,6671534,7679609,0,0,0,0,0,0,0
1748634865270,-18750000,5450875,6671534,7606293,0,0,0,0,0,0,0
1748634865370,-18750000,5447209,6726521,7587963,0,0,0,0,0,0,0
1748634865470,-18750000,5443544,6653208,7642945,0,0,0,0,0,0,0
1748634865570,-18750000,5425215,6708191,7587959,0,0,0,0,0,0,0
1748634865670,-18750000,5410553,6726517,7551303,0,0,0,0,0,0,0
1748634865770,-18750000,5384893,6671531,7569629,0,0,0,0,0,0,0
1748634865870,-18750000,5388559,6561558,7661272,0,0,0,0,0,0,0
1748634865970,-18750000,5359233,6506576,7917869,0,0,0,0,0,0,0
1748634866070,-18750000,5359233,6414933,8357752,0,0,0,0,0,0,0
1748634866170,-18750000,5351902,6396607,8907603,0,0,0,0,0,0,0
1748634866270,-18750000,5337239,6378277,9219187,0,0,0,0,0,0,0
1748634866370,-18750000,5329908,6359947,9402472,0,0,0,0,0,0,0
1748634866470,-18750000,5333573,6396603,9457458,0,0,0,0,0,0,0
1748634866570,-18750000,5348236,6341621,9604083,0,0,0,0,0,0,0
1748634866670,-18750000,5351901,6304964,9677396,0,0,0,0,0,0,0
1748634866770,-18750000,5359232,6213322,9732382,0,0,0,0,0,0,0
1748634866870,-18750000,5351901,6194996,9750708,0,0,0,0,0,0,0
1748634866970,-18750000,5359232,6268308,9805694,0,0,0,0,0,0,0
1748634867070,-18750000,5348236,6213322,9787364,0,0,0,0,0,0,0
1748634867170,-18750000,5344570,6194992,9805694,0,0,0,0,0,0,0
1748634867270,-18750000,5348236,6176666,9805694,0,0,0,0,0,0,0
1748634867370,-18750000,5344571,6140009,9860681,0,0,0,0,0,0,0
1748634867470,-18750000,5340906,6140009,9915667,0,0,0,0,0,0,0
1748634867570,-18750000,5307915,6176666,9952327,0,0,0,0,0,0,0
1748634867670,-18750000,5296918,6158339,10007313,0,0,0,0,0,0,0
1748634867770,-18750000,5285921,6194999,9988983,0,0,0,0,0,0,0
1748634867870,-18750000,5274924,6268312,9988983,0,0,0,0,0,0,0
1748634867970,-18750000,5260262,6194999,10007309,0,0,0,0,0,0,0
1748634868070,-18750000,5238267,6304972,10025639,0,0,0,0,0,0,0
1748634868170,-18750000,5223604,6341628,9970653,0,0,0,0,0,0,0
1748634868270,-18750000,5223604,6341628,9970653,0,0,0,0,0,0,0
1748634868370,-18750000,5223604,6341628,9970653,0,0,0,0,0,0,0
1748634868470,-18750000,5223604,6341628,9970653,0,0,0,0,0,0,0
1748634868570,-18750000,5223604,6341628,9970653,0,0,0,0,0,0,0
1748634868670,-18750000,5223604,6341628,9970653,0,0,0,0,0,0,0
1748634868770,-18750000,5223604,6341628,9970653,0,0,0,0,0,0,0
1748634868870,-18750000,5223604,6341628,9970653,0,0,0,0,0,0,0
1748634868970,-18750000,5223604,6341628,9970653,0,0,0,0,0,0,0
1748634869070,-18750000,5223604,6341628,9970653,0,0,0,0,0,0,0
1748634869170,-18750000,5223604,6341628,9970653,0,0,0,0,0,0,0
1748634869270,-18750000,5223604,6341624,9970653,0,0,0,0,0,0,0
1748634869370,-18750000,5194278,6378281,9970653,0,0,0,0,0,0,0
1748634869470,-18750000,5190612,6323294,9970653,0,0,0,0,0,0,0
1748634869570,-18750000,5164952,6286638,9933993,0,0,0,0,0,0,0
1748634869670,-18750000,5150290,6304964,9933993,0,0,0,0,0,0,0
1748634869770,-18750000,5131961,6231652,9879011,0,0,0,0,0,0,0
1748634869870,-18750000,5120964,6286634,9860684,0,0,0,0,0,0,0
1748634869970,-18750000,5128295,6140006,9879011,0,0,0,0,0,0,0
1748634870070,-18750000,5128295,6066693,9915667,0,0,0,0,0,0,0
1748634870170,-18750000,5113632,5975051,9879011,0,0,0,0,0,0,0
1748634870270,-18750000,5095304,5993381,9860684,0,0,0,0,0,0,0
1748634870370,-18750000,5084306,5865082,9879011,0,0,0,0,0,0,0
1748634870470,-18750000,5069644,5883412,9805694,0,0,0,0,0,0,0
1748634870570,-18750000,5076975,5883412,9824024,0,0,0,0,0,0,0
1748634870670,-18750000,5080640,5883412,9842354,0,0,0,0,0,0,0
1748634870770,-18750000,5076974,5901738,9879011,0,0,0,0,0,0,0
1748634870870,-18750000,5076974,5810096,9879011,0,0,0,0,0,0,0
1748634870970,-18750000,5065978,5883412,9842354,0,0,0,0,0,0,0
1748634871070,-18750000,5062313,5901742,9805698,0,0,0,0,0,0,0
1748634871170,-18750000,5047650,5938402,9842354,0,0,0,0,0,0,0
1748634871270,-18750000,5032987,5938402,9860680,0,0,0,0,0,0,0
1748634871370,-18750000,5025656,6030044,9879010,0,0,0,0,0,0,0
1748634871470,-18750000,5025656,5956728,9879010,0,0,0,0,0,0,0
1748634871570,-18750000,5003661,5920068,9842354,0,0,0,0,0,0,0
1748634871670,-18750000,4988999,5828426,9805698,0,0,0,0,0,0,0
1748634871770,-18750000,5003662,5846756,9879010,0,0,0,0,0,0,0
1748634871870,-18750000,5007328,5865086,9897337,0,0,0,0,0,0,0
1748634871970,-18750000,4996330,5810099,9897337,0,0,0,0,0,0,0
1748634872070,-18750000,4992664,5736783,9879011,0,0,0,0,0,0,0
1748634872170,-18750000,5003662,5755109,9842354,0,0,0,0,0,0,0
1748634872270,-18750000,5003662,5755109,9860684,0,0,0,0,0,0,0
1748634872370,-18750000,5021990,5681797,9824028,0,0,0,0,0,0,0
1748634872470,-18750000,5021990,5810096,9860684,0,0,0,0,0,0,0
1748634872570,-18750000,5043985,5883412,9897341,0,0,0,0,0,0,0
1748634872670,-18750000,5047650,5938398,9933997,0,0,0,0,0,0,0
1748634872770,-18750000,5014659,5920068,9842354,0,0,0,0,0,0,0
1748634872870,-18750000,5007327,5920068,9805698,0,0,0,0,0,0,0
1748634872970,-18750000,4992665,5975054,9769042,0,0,0,0,0,0,0
1748634873070,-18750000,4985333,6011711,9824024,0,0,0,0,0,0,0
1748634873170,-18750000,4970670,5975054,9860681,0,0,0,0,0,0,0
1748634873270,-18750000,4956007,6011711,9824024,0,0,0,0,0,0,0
1748634873370,-18750000,4934014,6048367,9787368,0,0,0,0,0,0,0
1748634873470,-18750000,4919351,5883412,9787368,0,0,0,0,0,0,0
1748634873570,-18750000,4897357,5810096,9769038,0,0,0,0,0,0,0
1748634873670,-18750000,4879029,5846752,9787364,0,0,0,0,0,0,0
1748634873770,-18750000,4890025,5810096,9787364,0,0,0,0,0,0,0
1748634873870,-18750000,4890025,5810096,9787364,0,0,0,0,0,0,0
1748634873970,-18750000,4890025,5810096,9787364,0,0,0,0,0,0,0
1748634874070,-18750000,4890025,5810096,9787364,0,0,0,0,0,0,0
1748634874170,-18750000,4890025,5810096,9787364,0,0,0,0,0,0,0
1748634874270,-18750000,4890025,5810096,9787364,0,0,0,0,0,0,0
1748634874370,-18750000,4890025,5810096,9787364,0,0,0,0,0,0,0
1748634874470,-18750000,4890025,5810096,9787364,0,0,0,0,0,0,0
1748634874570,-18750000,4890025,5810096,9787364,0,0,0,0,0,0,0
1748634874670,-18750000,4890025,5810096,9787364,0,0,0,0,0,0,0
1748634874770,-18750000,4890025,5810096,9787364,0,0,0,0,0,0,0
1748634874870,-18750000,4853369,5865082,9824021,0,0,0,0,0,0,0
1748634874970,-18750000,4853369,5828422,9824021,0,0,0,0,0,0,0
1748634875070,-18750000,4846038,5810096,9824021,0,0,0,0,0,0,0
1748634875170,-18750000,4824044,5846752,9732378,0,0,0,0,0,0,0
1748634875270,-18750000,4831375,5773439,9512437,0,0,0,0,0,0,0
1748634875370,-18750000,4824043,5736783,9182523,0,0,0,0,0,0,0
1748634875470,-18750000,4831375,5810096,8632672,0,0,0,0,0,0,0
1748634875570,-18750000,4813046,5755113,8101147,0,0,0,0,0,0,0
1748634875670,-18750000,4809380,5663471,7587952,0,0,0,0,0,0,0
1748634875770,-18750000,4791052,5681801,7019771,0,0,0,0,0,0,0
1748634875870,-18750000,4805714,5516842,6414933,0,0,0,0,0,0,0
1748634875970,-18750000,4805714,5571828,5791766,0,0,0,0,0,0,0
1748634876070,-18750000,4791051,5535172,5076959,0,0,0,0,0,0,0
1748634876170,-18750000,4816711,5553502,4508778,0,0,0,0,0,0,0
1748634876270,-18750000,4813045,5626814,4032239,0,0,0,0,0,0,0
1748634876370,-18750000,4816711,5608484,3738986,0,0,0,0,0,0,0
1748634876470,-18750000,4802048,5553502,3574031,0,0,0,0,0,0,0
1748634876570,-18750000,4798383,5626814,3390749,0,0,0,0,0,0,0
1748634876670,-18750000,4798383,5681801,3207464,0,0,0,0,0,0,0
1748634876770,-18750000,4783720,5663471,3097496,0,0,0,0,0,0,0
1748634876870,-18750000,4791052,5791773,2969197,0,0,0,0,0,0,0
1748634876970,-18750000,4794717,5718461,2895884,0,0,0,0,0,0,0
1748634877070,-18750000,4783720,5755117,2822568,0,0,0,0,0,0,0
1748634877170,-18750000,4754395,5645144,2785912,0,0,0,0,0,0,0
1748634877270,-18750000,4736066,5535176,2712596,0,0,0,0,0,0,0
1748634877370,-18750000,4736066,5590162,2602623,0,0,0,0,0,0,0
1748634877470,-18750000,4739732,5700131,2547637,0,0,0,0,0,0,0
1748634877570,-18750000,4739732,5681801,2529307,0,0,0,0,0,0,0
1748634877670,-18750000,4728735,5645144,2492651,0,0,0,0,0,0,0
1748634877770,-18750000,4743398,5571832,2455991,0,0,0,0,0,0,0
1748634877870,-18750000,4721404,5571832,2419334,0,0,0,0,0,0,0
1748634877970,-18750000,4703075,5553502,2419334,0,0,0,0,0,0,0
1748634878070,-18750000,4717738,5571828,2455991,0,0,0,0,0,0,0
1748634878170,-18750000,4714072,5663471,2401004,0,0,0,0,0,0,0
1748634878270,-18750000,4725069,5736783,2455991,0,0,0,0,0,0,0
1748634878370,-18750000,4714072,5736783,2474321,0,0,0,0,0,0,0
1748634878470,-18750000,4717738,5700127,2455991,0,0,0,0,0,0,0
1748634878570,-18750000,4714072,5718457,2401004,0,0,0,0,0,0,0
1748634878670,-18750000,4725069,5718457,2401004,0,0,0,0,0,0,0
1748634878770,-18750000,4732401,5828426,2401004,0,0,0,0,0,0,0
1748634878870,-18750000,4743397,5718453,2455991,0,0,0,0,0,0,0
1748634878970,-18750000,4765392,5755109,2419334,0,0,0,0,0,0,0
1748634879070,-18750000,4750729,5810096,2437664,0,0,0,0,0,0,0
1748634879170,-18750000,4769058,5773439,2492650,0,0,0,0,0,0,0
1748634879270,-18750000,4765393,5718453,2455994,0,0,0,0,0,0,0
1748634879370,-18750000,4772724,5681797,2474320,0,0,0,0,0,0,0
1748634879470,-18750000,4769058,5755109,2455994,0,0,0,0,0,0,0
1748634879570,-18750000,4769058,5755109,2474324,0,0,0,0,0,0,0
1748634879670,-18750000,4761727,5791766,2455994,0,0,0,0,0,0,0
1748634879770,-18750000,4761727,5700123,2455994,0,0,0,0,0,0,0
1748634879870,-18750000,4750730,5773436,2364352,0,0,0,0,0,0,0
1748634879970,-18750000,4725070,5773436,2364352,0,0,0,0,0,0,0
1748634880070,-18750000,4725070,5663467,2272709,0,0,0,0,0,0,0
1748634880170,-18750000,4710407,5645137,2272709,0,0,0,0,0,0,0
1748634880270,-18750000,4717738,5663467,2272709,0,0,0,0,0,0,0
1748634880370,-18750000,4717738,5645137,2272709,0,0,0,0,0,0,0
1748634880470,-18750000,4692079,5553494,2327692,0,0,0,0,0,0,0
1748634880570,-18750000,4706742,5535164,2291035,0,0,0,0,0,0,0
1748634880670,-18750000,4706742,5516834,2291035,0,0,0,0,0,0,0
1748634880770,-18750000,4699410,5516834,2272709,0,0,0,0,0,0,0
1748634880870,-18750000,4714072,5443522,2327692,0,0,0,0,0,0,0
1748634880970,-18750000,4728735,5498508,2364348,0,0,0,0,0,0,0
1748634881070,-18750000,4725069,5571821,2382678,0,0,0,0,0,0,0
1748634881170,-18750000,4725069,5663463,2364348,0,0,0,0,0,0,0
1748634881270,-18750000,4714072,5736776,2382674,0,0,0,0,0,0,0
1748634881370,-18750000,4721404,5828418,2401004,0,0,0,0,0,0,0
1748634881470,-18750000,4743397,5718449,2401004,0,0,0,0,0,0,0
1748634881570,-18750000,4721403,5700123,2474317,0,0,0,0,0,0,0
1748634881670,-18750000,4714072,5681797,2474317,0,0,0,0,0,0,0
1748634881770,-18750000,4695743,5681797,2474317,0,0,0,0,0,0,0
1748634881870,-18750000,4688412,5736783,2455990,0,0,0,0,0,0,0
1748634881970,-18750000,4684746,5773439,2455990,0,0,0,0,0,0,0
1748634882070,-18750000,4699408,5700127,2474317,0,0,0,0,0,0,0
1748634882170,-18750000,4699408,5626814,2437661,0,0,0,0,0,0,0
1748634882270,-18750000,4706740,5626814,2419334,0,0,0,0,0,0,0
1748634882370,-18750000,4681079,5516845,2382678,0,0,0,0,0,0,0
1748634882470,-18750000,4673748,5645144,2364352,0,0,0,0,0,0,0
1748634882570,-18750000,4695742,5700131,2327696,0,0,0,0,0,0,0
1748634882670,-18750000,4688410,5736787,2327696,0,0,0,0,0,0,0
1748634882770,-18750000,4695742,5791773,2327696,0,0,0,0,0,0,0
1748634882870,-18750000,4714071,5755117,2364352,0,0,0,0,0,0,0
1748634882970,-18750000,4714071,5553506,2364352,0,0,0,0,0,0,0
1748634883070,-18750000,4703074,5571832,2346026,0,0,0,0,0,0,0
1748634883170,-18750000,4703074,5571832,2272709,0,0,0,0,0,0,0
1748634883270,-18750000,4692078,5498519,2254379,0,0,0,0,0,0,0
1748634883370,-18750000,4717738,5516846,2254379,0,0,0,0,0,0,0
1748634883470,-18750000,4717738,5516846,2217723,0,0,0,0,0,0,0
1748634883570,-18750000,4688413,5443529,2217723,0,0,0,0,0,0,0
1748634883670,-18750000,4710407,5425199,2181067,0,0,0,0,0,0,0
1748634883770,-18750000,4710407,5406869,2162737,0,0,0,0,0,0,0
1748634883870,-18750000,4692079,5461852,2071094,0,0,0,0,0,0,0
1748634883970,-18750000,4692079,5516838,2034438,0,0,0,0,0,0,0
1748634884070,-18750000,4703075,5571824,2089421,0,0,0,0,0,0,0
1748634884170,-18750000,4699410,5516838,2144407,0,0,0,0,0,0,0
1748634884270,-18750000,4706741,5498508,2126081,0,0,0,0,0,0,0
1748634884370,-18750000,4706741,5516838,2181067,0,0,0,0,0,0,0
1748634884470,-18750000,4703076,5516838,2144407,0,0,0,0,0,0,0
1748634884570,-18750000,4721404,5571824,2144407,0,0,0,0,0,0,0
1748634884670,-18750000,4721404,5571824,2199393,0,0,0,0,0,0,0
1748634884770,-18750000,4728736,5608484,2272709,0,0,0,0,0,0,0
1748634884870,-18750000,4739733,5626814,2346022,0,0,0,0,0,0,0
1748634884970,-18750000,4728736,5736783,2401004,0,0,0,0,0,0,0
1748634885070,-18750000,4725071,5718453,2419334,0,0,0,0,0,0,0
1748634885170,-18750000,4728737,5810096,2419334,0,0,0,0,0,0,0
1748634885270,-18750000,4732402,5865082,2437660,0,0,0,0,0,0,0
1748634885370,-18750000,4725070,5938394,2419330,0,0,0,0,0,0,0
1748634885470,-18750000,4736066,5956724,2474317,0,0,0,0,0,0,0
1748634885570,-18750000,4725069,5846752,2437660,0,0,0,0,0,0,0
1748634885670,-18750000,4706740,5883412,2401004,0,0,0,0,0,0,0
1748634885770,-18750000,4714072,5901738,2327688,0,0,0,0,0,0,0
1748634885870,-18750000,4703074,5993381,2309362,0,0,0,0,0,0,0
1748634885970,-18750000,4695742,5901738,2291036,0,0,0,0,0,0,0
1748634886070,-18750000,4684745,5828426,2272706,0,0,0,0,0,0,0
1748634886170,-18750000,4699408,5810099,2272706,0,0,0,0,0,0,0
1748634886270,-18750000,4688412,5718457,2309362,0,0,0,0,0,0,0
1748634886370,-18750000,4692078,5645144,2272706,0,0,0,0,0,0,0
1748634886470,-18750000,4673749,5590158,2327692,0,0,0,0,0,0,0
1748634886570,-18750000,4681081,5626818,2346018,0,0,0,0,0,0,0
1748634886670,-18750000,4688412,5571832,2346018,0,0,0,0,0,0,0
1748634886770,-18750000,4673749,5590162,2364348,0,0,0,0,0,0,0
1748634886870,-18750000,4673749,5535176,2419334,0,0,0,0,0,0,0
1748634886970,-18750000,4703075,5571832,2474321,0,0,0,0,0,0,0
1748634887070,-18750000,4717738,5645144,2474321,0,0,0,0,0,0,0
1748634887170,-18750000,4706741,5553502,2547637,0,0,0,0,0,0,0
1748634887270,-18750000,4721403,5571832,2510981,0,0,0,0,0,0,0
1748634887370,-18750000,4725069,5571832,2492651,0,0,0,0,0,0,0
1748634887470,-18750000,4732401,5590158,2474321,0,0,0,0,0,0,0
1748634887570,-18750000,4736067,5663471,2492651,0,0,0,0,0,0,0
1748634887670,-18750000,4754396,5645141,2529307,0,0,0,0,0,0,0
1748634887770,-18750000,4780055,5626811,2547633,0,0,0,0,0,0,0
1748634887870,-18750000,4791053,5571824,2474317,0,0,0,0,0,0,0
1748634887970,-18750000,4783721,5498512,2401001,0,0,0,0,0,0,0
1748634888070,-18750000,4794719,5461856,2382674,0,0,0,0,0,0,0
1748634888170,-18750000,4813047,5516838,2364344,0,0,0,0,0,0,0
1748634888270,-18750000,4809381,5571821,2419331,0,0,0,0,0,0,0
1748634888370,-18750000,4794718,5553491,2419331,0,0,0,0,0,0,0
1748634888470,-18750000,4813046,5645133,2419331,0,0,0,0,0,0,0
1748634888570,-18750000,4820378,5645133,2455987,0,0,0,0,0,0,0
1748634888670,-18750000,4816712,5700119,2419331,0,0,0,0,0,0,0
1748634888770,-18750000,4820377,5681793,2401004,0,0,0,0,0,0,0
1748634888870,-18750000,4827709,5663467,2419334,0,0,0,0,0,0,0
1748634888970,-18750000,4835040,5791766,2437664,0,0,0,0,0,0,0
1748634889070,-18750000,4831375,5828422,2474321,0,0,0,0,0,0,0
1748634889170,-18750000,4816711,5883408,2419334,0,0,0,0,0,0,0
1748634889270,-18750000,4820377,5956724,2437664,0,0,0,0,0,0,0
1748634889370,-18750000,4824043,5938398,2437664,0,0,0,0,0,0,0
1748634889470,-18750000,4827709,5938398,2419338,0,0,0,0,0,0,0
1748634889570,-18750000,4813046,5956728,2382682,0,0,0,0,0,0,0
1748634889670,-18750000,4827709,5956728,2455994,0,0,0,0,0,0,0
1748634889770,-18750000,4813046,5938398,2492651,0,0,0,0,0,0,0
1748634889870,-18750000,4805715,5975054,2547637,0,0,0,0,0,0,0
1748634889970,-18750000,4798384,5956728,2510981,0,0,0,0,0,0,0
1748634890070,-18750000,4791052,5956728,2437668,0,0,0,0,0,0,0
1748634890170,-18750000,4791052,5865086,2474324,0,0,0,0,0,0,0
1748634890270,-18750000,4783720,5791769,2437664,0,0,0,0,0,0,0
1748634890370,-18750000,4776389,5865082,2474320,0,0,0,0,0,0,0
1748634890470,-18750000,4772724,5773439,2455990,0,0,0,0,0,0,0
1748634890570,-18750000,4780055,5736779,2474317,0,0,0,0,0,0,0
1748634890670,-18750000,4765393,5718449,2455990,0,0,0,0,0,0,0
1748634890770,-18750000,4750730,5791762,2437660,0,0,0,0,0,0,0
1748634890870,-18750000,4754395,5755106,2327688,0,0,0,0,0,0,0
1748634890970,-18750000,4747064,5736776,2346014,0,0,0,0,0,0,0
1748634891070,-18750000,4769059,5736776,2382670,0,0,0,0,0,0,0
1748634891170,-18750000,4769059,5791762,2401000,0,0,0,0,0,0,0
1748634891270,-18750000,4776390,5681793,2401000,0,0,0,0,0,0,0
1748634891370,-18750000,4798384,5645137,2364344,0,0,0,0,0,0,0
1748634891470,-18750000,4794718,5700123,2437660,0,0,0,0,0,0,0
1748634891570,-18750000,4813046,5755109,2437660,0,0,0,0,0,0,0
1748634891670,-18750000,4813046,5791769,2364344,0,0,0,0,0,0,0
1748634891770,-18750000,4827709,5700127,2346018,0,0,0,0,0,0,0
1748634891870,-18750000,4805715,5700127,2401004,0,0,0,0,0,0,0
1748634891970,-18750000,4824043,5681797,2419334,0,0,0,0,0,0,0
1748634892070,-18750000,4787386,5681797,2419334,0,0,0,0,0,0,0
1748634892170,-18750000,4794718,5718453,2437664,0,0,0,0,0,0,0
1748634892270,-18750000,4783721,5846752,2419338,0,0,0,0,0,0,0
1748634892370,-18750000,4765393,5828422,2492654,0,0,0,0,0,0,0
1748634892470,-18750000,4761727,5791766,2492654,0,0,0,0,0,0,0
1748634892570,-18750000,4743398,5736779,2474328,0,0,0,0,0,0,0
1748634892670,-18750000,4732401,5718449,2492658,0,0,0,0,0,0,0
1748634892770,-18750000,4743398,5700123,2474328,0,0,0,0,0,0,0
1748634892870,-18750000,4765392,5663467,2492654,0,0,0,0,0,0,0
1748634892970,-18750000,4750729,5663467,2510981,0,0,0,0,0,0,0
1748634893070,-18750000,4765391,5681797,2474324,0,0,0,0,0,0,0
1748634893170,-18750000,4761725,5663471,2419338,0,0,0,0,0,0,0
1748634893270,-18750000,4787385,5571828,2382682,0,0,0,0,0,0,0
1748634893370,-18750000,4787385,5590158,2309366,0,0,0,0,0,0,0
1748634893470,-18750000,4787385,5608488,2254379,0,0,0,0,0,0,0
1748634893570,-18750000,4787385,5626818,2291036,0,0,0,0,0,0,0
1748634893670,-18750000,4772722,5626818,2291036,0,0,0,0,0,0,0
1748634893770,-18750000,4780053,5681805,2327692,0,0,0,0,0,0,0
1748634893870,-18750000,4750727,5626818,2291036,0,0,0,0,0,0,0
1748634893970,-18750000,4765390,5663478,2291036,0,0,0,0,0,0,0
1748634894070,-18750000,4758059,5645148,2309362,0,0,0,0,0,0,0
1748634894170,-18750000,4754393,5645148,2346018,0,0,0,0,0,0,0
1748634894270,-18750000,4736065,5663478,2382674,0,0,0,0,0,0,0
1748634894370,-18750000,4747062,5626822,2364348,0,0,0,0,0,0,0
1748634894470,-18750000,4743397,5571836,2346018,0,0,0,0,0,0,0
1748634894570,-18750000,4750728,5516849,2309362,0,0,0,0,0,0,0
1748634894670,-18750000,4769056,5535179,2327688,0,0,0,0,0,0,0
1748634894770,-18750000,4739731,5461863,2364348,0,0,0,0,0,0,0
1748634894870,-18750000,4761725,5535176,2364348,0,0,0,0,0,0,0
1748634894970,-18750000,4736065,5480189,2346022,0,0,0,0,0,0,0
1748634895070,-18750000,4739731,5425207,2401008,0,0,0,0,0,0,0
1748634895170,-18750000,4758060,5388547,2327696,0,0,0,0,0,0,0
1748634895270,-18750000,4761726,5370217,2327696,0,0,0,0,0,0,0
1748634895370,-18750000,4776388,5388543,2401008,0,0,0,0,0,0,0
1748634895470,-18750000,4776388,5351887,2437664,0,0,0,0,0,0,0
1748634895570,-18750000,4783720,5333561,2437664,0,0,0,0,0,0,0
1748634895670,-18750000,4776389,5260244,2455994,0,0,0,0,0,0,0
1748634895770,-18750000,4791052,5241918,2401008,0,0,0,0,0,0,0
1748634895870,-18750000,4780055,5296904,2401008,0,0,0,0,0,0,0
1748634895970,-18750000,4787386,5333561,2437664,0,0,0,0,0,0,0
1748634896070,-18750000,4783720,5388543,2401008,0,0,0,0,0,0,0
1748634896170,-18750000,4761726,5388543,2510977,0,0,0,0,0,0,0
1748634896270,-18750000,4747064,5498516,2547633,0,0,0,0,0,0,0
1748634896370,-18750000,4714073,5498516,2510977,0,0,0,0,0,0,0
1748634896470,-18750000,4706741,5553498,2474321,0,0,0,0,0,0,0
1748634896570,-18750000,4688413,5590154,2455991,0,0,0,0,0,0,0
1748634896670,-18750000,4688413,5608484,2437661,0,0,0,0,0,0,0
1748634896770,-18750000,4662752,5663467,2455987,0,0,0,0,0,0,0
1748634896870,-18750000,4666418,5700123,2492643,0,0,0,0,0,0,0
1748634896970,-18750000,4648090,5718453,2510973,0,0,0,0,0,0,0
1748634897070,-18750000,4644425,5681797,2547629,0,0,0,0,0,0,0
1748634897170,-18750000,4644425,5700127,2474317,0,0,0,0,0,0,0
1748634897270,-18750000,4633427,5553498,2419331,0,0,0,0,0,0,0
1748634897370,-18750000,4622430,5553498,2437657,0,0,0,0,0,0,0
1748634897470,-18750000,4629761,5535172,2437657,0,0,0,0,0,0,0
1748634897570,-18750000,4618764,5516842,2510973,0,0,0,0,0,0,0
1748634897670,-18750000,4604102,5553498,2474317,0,0,0,0,0,0,0
1748634897770,-18750000,4600436,5516842,2437661,0,0,0,0,0,0,0
1748634897870,-18750000,4585773,5535172,2455991,0,0,0,0,0,0,0
1748634897970,-18750000,4596770,5461855,2401004,0,0,0,0,0,0,0
1748634898070,-18750000,4593104,5480185,2419334,0,0,0,0,0,0,0
1748634898170,-18750000,4582107,5406873,2419334,0,0,0,0,0,0,0
1748634898270,-18750000,4578441,5498515,2437664,0,0,0,0,0,0,0
1748634898370,-18750000,4582107,5498515,2382682,0,0,0,0,0,0,0
1748634898470,-18750000,4563779,5516842,2437668,0,0,0,0,0,0,0
1748634898570,-18750000,4574776,5553498,2401008,0,0,0,0,0,0,0
1748634898670,-18750000,4589438,5480186,2364352,0,0,0,0,0,0,0
1748634898770,-18750000,4589438,5461859,2382682,0,0,0,0,0,0,0
1748634898870,-18750000,4567445,5370217,2327696,0,0,0,0,0,0,0
1748634898970,-18750000,4552781,5315231,2382682,0,0,0,0,0,0,0
1748634899070,-18750000,4530787,5260244,2327696,0,0,0,0,0,0,0
1748634899170,-18750000,4505127,5315227,2291039,0,0,0,0,0,0,0
1748634899270,-18750000,4505127,5278571,2254383,0,0,0,0,0,0,0
1748634899370,-18750000,4490464,5278571,2309365,0,0,0,0,0,0,0
1748634899470,-18750000,4472135,5278571,2272709,0,0,0,0,0,0,0
1748634899570,-18750000,4442810,5223588,2236053,0,0,0,0,0,0,0
1748634899670,-18750000,4406153,5150272,2309366,0,0,0,0,0,0,0
1748634899770,-18750000,4380493,5150272,2327692,0,0,0,0,0,0,0
1748634899870,-18750000,4391490,5113616,2346022,0,0,0,0,0,0,0
1748634899970,-18750000,4369496,5150276,2309362,0,0,0,0,0,0,0
1748634900070,-18750000,4354834,5113619,2309362,0,0,0,0,0,0,0
1748634900170,-18750000,4362165,5095293,2327688,0,0,0,0,0,0,0
1748634900270,-18750000,4332840,5058633,2382671,0,0,0,0,0,0,0
1748634900370,-18750000,4325509,4948664,2401001,0,0,0,0,0,0,0
1748634900470,-18750000,4318177,4875352,2419327,0,0,0,0,0,0,0
1748634900570,-18750000,4292518,4857022,2455983,0,0,0,0,0,0,0
1748634900670,-18750000,4292518,4930338,2401000,0,0,0,0,0,0,0
1748634900770,-18750000,4274189,4930338,2419330,0,0,0,0,0,0,0
1748634900870,-18750000,4259526,5003651,2437657,0,0,0,0,0,0,0
1748634900970,-18750000,4252195,5040307,2382674,0,0,0,0,0,0,0
1748634901070,-18750000,4252195,5058633,2346018,0,0,0,0,0,0,0
1748634901170,-18750000,4252195,5003647,2346018,0,0,0,0,0,0,0
1748634901270,-18750000,4230201,5003647,2327692,0,0,0,0,0,0,0
1748634901370,-18750000,4230201,5021973,2254379,0,0,0,0,0,0,0
1748634901470,-18750000,4167884,5040303,2199397,0,0,0,0,0,0,0
1748634901570,-18750000,4167884,5003647,2144414,0,0,0,0,0,0,0
1748634901670,-18750000,4153222,4985317,2107754,0,0,0,0,0,0,0
1748634901770,-18750000,4094571,4930331,2034442,0,0,0,0,0,0,0
1748634901870,-18750000,4094571,4930331,1997785,0,0,0,0,0,0,0
1748634901970,-18750000,4032254,4802032,1997785,0,0,0,0,0,0,0
1748634902070,-18750000,4032254,4802032,2071098,0,0,0,0,0,0,0
1748634902170,-18750000,4006595,4838692,2052772,0,0,0,0,0,0,0
1748634902270,-18750000,3980934,4802036,2236057,0,0,0,0,0,0,0
1748634902370,-18750000,3933280,4802036,2236057,0,0,0,0,0,0,0
1748634902470,-18750000,3914951,4692067,2785904,0,0,0,0,0,0,0
1748634902570,-18750000,3907620,4692067,3024172,0,0,0,0,0,0,0
1748634902670,-18750000,3892958,4838696,3335756,0,0,0,0,0,0,0
1748634902770,-18750000,3903954,4838696,3647339,0,0,0,0,0,0,0
1748634902870,-18750000,3896623,4838696,3647339,0,0,0,0,0,0,0
1748634902970,-18750000,3896623,4802036,4197194,0,0,0,0,0,0,0
1748634903070,-18750000,3878294,4838692,4197194,0,0,0,0,0,0,0
1748634903170,-18750000,3870963,4912004,4417136,0,0,0,0,0,0,0
1748634903270,-18750000,3867298,4857018,4710389,0,0,0,0,0,0,0
1748634903370,-18750000,3878295,4966991,4747046,0,0,0,0,0,0,0
1748634903470,-18750000,3881961,4985317,4765376,0,0,0,0,0,0,0
1748634903570,-18750000,3903955,5058629,4765376,0,0,0,0,0,0,0
1748634903670,-18750000,3922283,5131942,4765379,0,0,0,0,0,0,0
1748634903770,-18750000,3944278,5058629,4765379,0,0,0,0,0,0,0
1748634903870,-18750000,3940612,5095286,4710393,0,0,0,0,0,0,0
1748634903970,-18750000,3962605,5058629,4710393,0,0,0,0,0,0,0
1748634904070,-18750000,3980934,5058629,4692063,0,0,0,0,0,0,0
1748634904170,-18750000,4010260,4985317,4710393,0,0,0,0,0,0,0
1748634904270,-18750000,4039586,5040303,4673737,0,0,0,0,0,0,0
1748634904370,-18750000,4068911,4985317,4490452,0,0,0,0,0,0,0
1748634904470,-18750000,4065245,5021977,4490452,0,0,0,0,0,0,0
1748634904570,-18750000,4057913,5003647,4325497,0,0,0,0,0,0,0
1748634904670,-18750000,4065245,4966991,4105556,0,0,0,0,0,0,0
1748634904770,-18750000,4035919,4948661,3922271,0,0,0,0,0,0,0
1748634904870,-18750000,4050582,4912004,3793972,0,0,0,0,0,0,0
1748634904970,-18750000,4021257,4948661,3592357,0,0,0,0,0,0,0
1748634905070,-18750000,4010260,4838692,3299103,0,0,0,0,0,0,0
1748634905170,-18750000,3977268,4838692,3042502,0,0,0,0,0,0,0
1748634905270,-18750000,3929614,4783706,2840887,0,0,0,0,0,0,0
1748634905370,-18750000,3885625,4692063,2859217,0,0,0,0,0,0,0
1748634905470,-18750000,3885625,4582091,2840890,0,0,0,0,0,0,0
1748634905570,-18750000,3870963,4545434,2895877,0,0,0,0,0,0,0
1748634905670,-18750000,3834306,4508778,3115818,0,0,0,0,0,0,0
1748634905770,-18750000,3819643,4508778,3335759,0,0,0,0,0,0,0
1748634905870,-18750000,3786652,4545434,3445728,0,0,0,0,0,0,0
1748634905970,-18750000,3793983,4527108,3610687,0,0,0,0,0,0,0
1748634906070,-18750000,3779320,4527108,3848954,0,0,0,0,0,0,0
1748634906170,-18750000,3775655,4508778,4050569,0,0,0,0,0,0,0
1748634906270,-18750000,3779321,4490448,4307170,0,0,0,0,0,0,0
1748634906370,-18750000,3786653,4600421,4398813,0,0,0,0,0,0,0
1748634906470,-18750000,3771991,4692063,4490452,0,0,0,0,0,0,0
1748634906570,-18750000,3771991,4728719,4655407,0,0,0,0,0,0,0
1748634906670,-18750000,3797651,4710389,4655407,0,0,0,0,0,0,0
1748634906770,-18750000,3790319,4673733,4618750,0,0,0,0,0,0,0
1748634906870,-18750000,3804983,4710389,4655407,0,0,0,0,0,0,0
1748634906970,-18750000,3808648,4783702,4728719,0,0,0,0,0,0,0
1748634907070,-18750000,3823310,4765372,4765376,0,0,0,0,0,0,0
1748634907170,-18750000,3834307,4783702,4765376,0,0,0,0,0,0,0
1748634907270,-18750000,3852635,4802032,4765376,0,0,0,0,0,0,0
1748634907370,-18750000,3856300,4783702,4783702,0,0,0,0,0,0,0
1748634907470,-18750000,3852634,4783702,4765376,0,0,0,0,0,0,0
1748634907570,-18750000,3852634,4857018,4673733,0,0,0,0,0,0,0
1748634907670,-18750000,3848968,4838688,4747046,0,0,0,0,0,0,0
1748634907770,-18750000,3859965,4820358,4783702,0,0,0,0,0,0,0
1748634907870,-18750000,3863630,4655403,4783702,0,0,0,0,0,0,0
1748634907970,-18750000,3867296,4637077,4783702,0,0,0,0,0,0,0
1748634908070,-18750000,3892957,4747049,4838688,0,0,0,0,0,0,0
1748634908170,-18750000,3889292,4692063,4912001,0,0,0,0,0,0,0
1748634908270,-18750000,3903955,4655407,4875341,0,0,0,0,0,0,0
1748634908370,-18750000,3918617,4655407,4893671,0,0,0,0,0,0,0
1748634908470,-18750000,3958940,4673737,4930327,0,0,0,0,0,0,0
1748634908570,-18750000,3958940,4728723,4948653,0,0,0,0,0,0,0
1748634908670,-18750000,3973603,4747053,4911997,0,0,0,0,0,0,0
1748634908770,-18750000,4002928,4820369,4930327,0,0,0,0,0,0,0
1748634908870,-18750000,3995597,4985324,4948657,0,0,0,0,0,0,0
1748634908970,-18750000,4032254,4930338,4930327,0,0,0,0,0,0,0
1748634909070,-18750000,4013926,4966994,4893671,0,0,0,0,0,0,0
1748634909170,-18750000,4032254,5076967,4857015,0,0,0,0,0,0,0
1748634909270,-18750000,4043252,5168609,4857015,0,0,0,0,0,0,0
1748634909370,-18750000,4057915,5168609,4783702,0,0,0,0,0,0,0
1748634909470,-18750000,4054249,5168609,4600417,0,0,0,0,0,0,0
1748634909570,-18750000,4072577,5150279,4435462,0,0,0,0,0,0,0
1748634909670,-18750000,4065246,5186936,4307163,0,0,0,0,0,0,0
1748634909770,-18750000,4054249,5150276,4032236,0,0,0,0,0,0,0
1748634909870,-18750000,4072577,5113619,3812294,0,0,0,0,0,0,0
1748634909970,-18750000,4028589,5113619,3647339,0,0,0,0,0,0,0
1748634910070,-18750000,4006595,5003647,3427398,0,0,0,0,0,0,0
1748634910170,-18750000,3984600,4875348,3225787,0,0,0,0,0,0,0
1748634910270,-18750000,3940612,4820362,3005846,0,0,0,0,0,0,0
1748634910370,-18750000,3911286,4802032,2950859,0,0,0,0,0,0,0
1748634910470,-18750000,3867298,4710389,3097488,0,0,0,0,0,0,0
1748634910570,-18750000,3834306,4600417,3225787,0,0,0,0,0,0,0
1748634910670,-18750000,3790318,4545431,3244117,0,0,0,0,0,0,0
1748634910770,-18750000,3768324,4527104,3427402,0,0,0,0,0,0,0
1748634910870,-18750000,3757327,4527104,3629013,0,0,0,0,0,0,0
1748634910970,-18750000,3746329,4600417,3738985,0,0,0,0,0,0,0
1748634911070,-18750000,3753661,4618747,3885614,0,0,0,0,0,0,0
1748634911170,-18750000,3742664,4710389,4032239,0,0,0,0,0,0,0
1748634911270,-18750000,3749995,4728716,4215524,0,0,0,0,0,0,0
1748634911370,-18750000,3738998,4747046,4307167,0,0,0,0,0,0,0
1748634911470,-18750000,3760993,4857014,4343823,0,0,0,0,0,0,0
1748634911570,-18750000,3771990,4875344,4417139,0,0,0,0,0,0,0
1748634911670,-18750000,3786652,4912004,4527108,0,0,0,0,0,0,0
1748634911770,-18750000,3779321,4893674,4600421,0,0,0,0,0,0,0
1748634911870,-18750000,3768325,4875344,4582094,0,0,0,0,0,0,0
1748634911970,-18750000,3786653,4820358,4582094,0,0,0,0,0,0,0
1748634912070,-18750000,3790319,4838684,4600421,0,0,0,0,0,0,0
1748634912170,-18750000,3782987,4820354,4692063,0,0,0,0,0,0,0
1748634912270,-18750000,3786652,4802028,4765379,0,0,0,0,0,0,0
1748634912370,-18750000,3793984,4747042,4838692,0,0,0,0,0,0,0
1748634912470,-18750000,3790318,4637073,4802036,0,0,0,0,0,0,0
1748634912570,-18750000,3804981,4527104,4802036,0,0,0,0,0,0,0
1748634912670,-18750000,3804981,4453788,4765379,0,0,0,0,0,0,0
1748634912770,-18750000,3823309,4490444,4747049,0,0,0,0,0,0,0
1748634912870,-18750000,3834306,4508774,4765376,0,0,0,0,0,0,0
1748634912970,-18750000,3834306,4490448,4802032,0,0,0,0,0,0,0
1748634913070,-18750000,3841637,4508778,4838688,0,0,0,0,0,0,0
1748634913170,-18750000,3863632,4417136,4783702,0,0,0,0,0,0,0
1748634913270,-18750000,3863632,4472122,4765372,0,0,0,0,0,0,0
1748634913370,-18750000,3856300,4527108,4673729,0,0,0,0,0,0,0
1748634913470,-18750000,3889291,4563764,4765372,0,0,0,0,0,0,0
1748634913570,-18750000,3889291,4728719,4783698,0,0,0,0,0,0,0
1748634913670,-18750000,3900288,4802036,4838684,0,0,0,0,0,0,0
1748634913770,-18750000,3903953,4747053,4820358,0,0,0,0,0,0,0
1748634913870,-18750000,3911285,4710397,4857018,0,0,0,0,0,0,0
1748634913970,-18750000,3922282,4802039,4912004,0,0,0,0,0,0,0
1748634914070,-18750000,3918616,4893682,4948664,0,0,0,0,0,0,0
1748634914170,-18750000,3911285,5076967,5021981,0,0,0,0,0,0,0
1748634914270,-18750000,3911285,5095293,5058637,0,0,0,0,0,0,0
1748634914370,-18750000,3936944,5113623,5113623,0,0,0,0,0,0,0
1748634914470,-18750000,3925948,5131949,5095293,0,0,0,0,0,0,0
1748634914570,-18750000,3936945,5021977,5076967,0,0,0,0,0,0,0
1748634914670,-18750000,3962605,5003647,5076967,0,0,0,0,0,0,0
1748634914770,-18750000,3977268,5058629,5113623,0,0,0,0,0,0,0
1748634914870,-18750000,3988265,5058629,5058637,0,0,0,0,0,0,0
1748634914970,-18750000,4006594,5021973,5058637,0,0,0,0,0,0,0
1748634915070,-18750000,4013926,4857018,5076963,0,0,0,0,0,0,0
1748634915170,-18750000,4035920,4820362,4966991,0,0,0,0,0,0,0
1748634915270,-18750000,4057914,4765376,4930334,0,0,0,0,0,0,0
1748634915370,-18750000,4072577,4765376,4838692,0,0,0,0,0,0,0
1748634915470,-18750000,4076242,4765376,4637081,0,0,0,0,0,0,0
1748634915570,-18750000,4076242,4802032,4453796,0,0,0,0,0,0,0
1748634915670,-18750000,4076242,4838688,4252181,0,0,0,0,0,0,0
1748634915770,-18750000,4076242,4838688,3995583,0,0,0,0,0,0,0
1748634915870,-18750000,4072577,4893674,3812298,0,0,0,0,0,0,0
1748634915970,-18750000,4050583,4875344,3537371,0,0,0,0,0,0,0
1748634916070,-18750000,4046917,4985313,3225787,0,0,0,0,0,0,0
1748634916170,-18750000,4021257,4948657,3005846,0,0,0,0,0,0,0
1748634916270,-18750000,3966272,4966987,2767574,0,0,0,0,0,0,0
1748634916370,-18750000,3933281,4985313,2712588,0,0,0,0,0,0,0
1748634916470,-18750000,3892958,4985313,2749244,0,0,0,0,0,0,0
1748634916570,-18750000,3856301,4893674,2877543,0,0,0,0,0,0,0
1748634916670,-18750000,3826976,4912004,2987516,0,0,0,0,0,0,0
1748634916770,-18750000,3782987,5021977,3170801,0,0,0,0,0,0,0
1748634916870,-18750000,3760993,4966991,3372412,0,0,0,0,0,0,0
1748634916970,-18750000,3713339,4893678,3592353,0,0,0,0,0,0,0
1748634917070,-18750000,3695010,4820366,3830624,0,0,0,0,0,0,0
1748634917170,-18750000,3695010,4783706,4068895,0,0,0,0,0,0,0
1748634917270,-18750000,3709673,4765376,4252180,0,0,0,0,0,0,0
1748634917370,-18750000,3702341,4710389,4343823,0,0,0,0,0,0,0
1748634917470,-18750000,3717003,4673733,4453792,0,0,0,0,0,0,0
1748634917570,-18750000,3724335,4765372,4472118,0,0,0,0,0,0,0
1748634917670,-18750000,3713338,4673729,4527101,0,0,0,0,0,0,0
1748634917770,-18750000,3728000,4545431,4582083,0,0,0,0,0,0,0
1748634917870,-18750000,3728000,4545431,4600413,0,0,0,0,0,0,0
1748634917970,-18750000,3757326,4673729,4545427,0,0,0,0,0,0,0
1748634918070,-18750000,3764657,4655399,4527097,0,0,0,0,0,0,0
1748634918170,-18750000,3753660,4618743,4600409,0,0,0,0,0,0,0
1748634918270,-18750000,3764657,4600417,4655396,0,0,0,0,0,0,0
1748634918370,-18750000,3782986,4673733,4692052,0,0,0,0,0,0,0
1748634918470,-18750000,3793983,4637077,4692052,0,0,0,0,0,0,0
1748634918570,-18750000,3801314,4673737,4692052,0,0,0,0,0,0,0
1748634918670,-18750000,3815978,4673737,4655396,0,0,0,0,0,0,0
1748634918770,-18750000,3841637,4637080,4710382,0,0,0,0,0,0,0
1748634918870,-18750000,3859966,4728723,4710382,0,0,0,0,0,0,0
1748634918970,-18750000,3870963,4673737,4783694,0,0,0,0,0,0,0
1748634919070,-18750000,3863632,4692067,4783694,0,0,0,0,0,0,0
1748634919170,-18750000,3881960,4783709,4747038,0,0,0,0,0,0,0
1748634919270,-18750000,3892958,4747053,4747038,0,0,0,0,0,0,0
1748634919370,-18750000,3881961,4673737,4747038,0,0,0,0,0,0,0
1748634919470,-18750000,3874630,4747049,4747038,0,0,0,0,0,0,0
1748634919570,-18750000,3900290,4673733,4747038,0,0,0,0,0,0,0
1748634919670,-18750000,3911286,4673733,4765368,0,0,0,0,0,0,0
1748634919770,-18750000,3892958,4728716,4728712,0,0,0,0,0,0,0
1748634919870,-18750000,3878295,4710386,4728712,0,0,0,0,0,0,0
1748634919970,-18750000,3881960,4692056,4710386,0,0,0,0,0,0,0
1748634920070,-18750000,3896623,4747042,4783702,0,0,0,0,0,0,0
1748634920170,-18750000,3907620,4747042,4802032,0,0,0,0,0,0,0
1748634920270,-18750000,3914951,4838684,4820362,0,0,0,0,0,0,0
1748634920370,-18750000,3940611,4820358,4838692,0,0,0,0,0,0,0
1748634920470,-18750000,3944276,4857018,4912008,0,0,0,0,0,0,0
1748634920570,-18750000,3933279,5021977,4893682,0,0,0,0,0,0,0
1748634920670,-18750000,3929614,5021977,4930338,0,0,0,0,0,0,0
1748634920770,-18750000,3940611,5021977,4893682,0,0,0,0,0,0,0
1748634920870,-18750000,3966271,5021977,4912012,0,0,0,0,0,0,0
1748634920970,-18750000,3977268,5040307,4930338,0,0,0,0,0,0,0
1748634921070,-18750000,3984600,5040307,4912008,0,0,0,0,0,0,0
1748634921170,-18750000,3988266,4948664,4912008,0,0,0,0,0,0,0
1748634921270,-18750000,3995597,4875348,4912008,0,0,0,0,0,0,0
1748634921370,-18750000,3999262,4875348,4802039,0,0,0,0,0,0,0
1748634921470,-18750000,4013926,4875348,4655411,0,0,0,0,0,0,0
1748634921570,-18750000,4024923,4783706,4490456,0,0,0,0,0,0,0
1748634921670,-18750000,4013926,4875348,4325501,0,0,0,0,0,0,0
1748634921770,-18750000,4021257,4783709,4142216,0,0,0,0,0,0,0
1748634921870,-18750000,4002929,4692067,3867288,0,0,0,0,0,0,0
1748634921970,-18750000,3991931,4692067,3647347,0,0,0,0,0,0,0
1748634922070,-18750000,3969937,4673737,3390749,0,0,0,0,0,0,0
1748634922170,-18750000,3933280,4673737,3079166,0,0,0,0,0,0,0
1748634922270,-18750000,3900289,4728723,2804238,0,0,0,0,0,0,0
1748634922370,-18750000,3874629,4783709,2785908,0,0,0,0,0,0,0
1748634922470,-18750000,3845303,4710393,2767582,0,0,0,0,0,0,0
1748634922570,-18750000,3793984,4692063,2895881,0,0,0,0,0,0,0
1748634922670,-18750000,3782987,4600421,2987523,0,0,0,0,0,0,0
1748634922770,-18750000,3738998,4728719,3097496,0,0,0,0,0,0,0
1748634922870,-18750000,3720670,4765376,3335763,0,0,0,0,0,0,0
1748634922970,-18750000,3680347,4783706,3519048,0,0,0,0,0,0,0
1748634923070,-18750000,3665685,4747049,3757316,0,0,0,0,0,0,0
1748634923170,-18750000,3669350,4747049,3995583,0,0,0,0,0,0,0
1748634923270,-18750000,3680347,4728719,4178868,0,0,0,0,0,0,0
1748634923370,-18750000,3669350,4655403,4288837,0,0,0,0,0,0,0
1748634923470,-18750000,3669350,4673733,4380476,0,0,0,0,0,0,0
1748634923570,-18750000,3680347,4637077,4417132,0,0,0,0,0,0,0
1748634923670,-18750000,3687679,4655403,4472114,0,0,0,0,0,0,0
1748634923770,-18750000,3706007,4618743,4508771,0,0,0,0,0,0,0
1748634923870,-18750000,3706007,4545431,4490444,0,0,0,0,0,0,0
1748634923970,-18750000,3717004,4435458,4527101,0,0,0,0,0,0,0
1748634924070,-18750000,3728002,4417128,4508774,0,0,0,0,0,0,0
1748634924170,-18750000,3731668,4508771,4527104,0,0,0,0,0,0,0
1748634924270,-18750000,3724336,4527101,4618747,0,0,0,0,0,0,0
1748634924370,-18750000,3720671,4545431,4637077,0,0,0,0,0,0,0
1748634924470,-18750000,3709674,4582087,4637077,0,0,0,0,0,0,0
1748634924570,-18750000,3731668,4582087,4618747,0,0,0,0,0,0,0
1748634924670,-18750000,3720671,4563761,4618747,0,0,0,0,0,0,0
1748634924770,-18750000,3731669,4545434,4673729,0,0,0,0,0,0,0
1748634924870,-18750000,3739000,4600420,4692056,0,0,0,0,0,0,0
1748634924970,-18750000,3749997,4673733,4692056,0,0,0,0,0,0,0
1748634925070,-18750000,3771991,4692063,4710382,0,0,0,0,0,0,0
1748634925170,-18750000,3786653,4582094,4728708,0,0,0,0,0,0,0
1748634925270,-18750000,3797650,4545438,4637066,0,0,0,0,0,0,0
1748634925370,-18750000,3819644,4508782,4655396,0,0,0,0,0,0,0
1748634925470,-18750000,3848969,4527112,4692056,0,0,0,0,0,0,0
1748634925570,-18750000,3841638,4582098,4710386,0,0,0,0,0,0,0
1748634925670,-18750000,3863632,4582098,4692059,0,0,0,0,0,0,0
1748634925770,-18750000,3867297,4563768,4673733,0,0,0,0,0,0,0
1748634925870,-18750000,3878294,4545438,4710393,0,0,0,0,0,0,0
1748634925970,-18750000,3900288,4472126,4710393,0,0,0,0,0,0,0
1748634926070,-18750000,3878294,4508782,4710393,0,0,0,0,0,0,0
1748634926170,-18750000,3878294,4563764,4692067,0,0,0,0,0,0,0
1748634926270,-18750000,3885625,4600421,4710393,0,0,0,0,0,0,0
1748634926370,-18750000,3892957,4655403,4655407,0,0,0,0,0,0,0
1748634926470,-18750000,3903954,4655403,4618747,0,0,0,0,0,0,0
1748634926570,-18750000,3933279,4545431,4692059,0,0,0,0,0,0,0
1748634926670,-18750000,3940610,4508774,4728716,0,0,0,0,0,0,0
1748634926770,-18750000,3955274,4600417,4820358,0,0,0,0,0,0,0
1748634926870,-18750000,3951608,4692059,4765372,0,0,0,0,0,0,0
1748634926970,-18750000,3944276,4802032,4765372,0,0,0,0,0,0,0
1748634927070,-18750000,3962604,4857018,4802032,0,0,0,0,0,0,0
1748634927170,-18750000,3962604,4875348,4875344,0,0,0,0,0,0,0
1748634927270,-18750000,3958939,4875348,4912001,0,0,0,0,0,0,0
1748634927370,-18750000,3966271,4875348,5021969,0,0,0,0,0,0,0
1748634927470,-18750000,3951608,4893674,5058629,0,0,0,0,0,0,0
1748634927570,-18750000,3936945,4948661,5058629,0,0,0,0,0,0,0
1748634927670,-18750000,3951608,4948661,5003643,0,0,0,0,0,0,0
1748634927770,-18750000,3951608,4893674,4948657,0,0,0,0,0,0,0
1748634927870,-18750000,3958940,4875348,4948657,0,0,0,0,0,0,0
1748634927970,-18750000,3951608,4857018,5021973,0,0,0,0,0,0,0
1748634928070,-18750000,3962606,4893674,4966987,0,0,0,0,0,0,0
1748634928170,-18750000,3988265,4857018,4930331,0,0,0,0,0,0,0
1748634928270,-18750000,4002928,4802032,4948661,0,0,0,0,0,0,0
1748634928370,-18750000,3991931,4857018,4728719,0,0,0,0,0,0,0
1748634928470,-18750000,3999262,4838692,4527104,0,0,0,0,0,0,0
1748634928570,-18750000,3991931,4802036,4307163,0,0,0,0,0,0,0
1748634928670,-18750000,3973602,4930334,4178864,0,0,0,0,0,0,0
1748634928770,-18750000,3962605,4948664,3977253,0,0,0,0,0,0,0
1748634928870,-18750000,3966271,4948664,3848954,0,0,0,0,0,0,0
1748634928970,-18750000,3973602,4948664,3519041,0,0,0,0,0,0,0
1748634929070,-18750000,3947942,4802036,3317426,0,0,0,0,0,0,0
1748634929170,-18750000,3907620,4820362,3097484,0,0,0,0,0,0,0
1748634929270,-18750000,3870963,4893678,2877543,0,0,0,0,0,0,0
1748634929370,-18750000,3859966,4783709,2859217,0,0,0,0,0,0,0
1748634929470,-18750000,3826975,4655411,2969189,0,0,0,0,0,0,0
1748634929570,-18750000,3808646,4710393,3060832,0,0,0,0,0,0,0
1748634929670,-18750000,3771989,4673737,3134148,0,0,0,0,0,0,0
1748634929770,-18750000,3757327,4618751,3317429,0,0,0,0,0,0,0
1748634929870,-18750000,3731667,4582091,3372416,0,0,0,0,0,0,0
1748634929970,-18750000,3709672,4545434,3610687,0,0,0,0,0,0,0
1748634930070,-18750000,3695010,4582091,3848958,0,0,0,0,0,0,0
1748634930170,-18750000,3702341,4582091,3995587,0,0,0,0,0,0,0
1748634930270,-18750000,3706007,4563761,4142216,0,0,0,0,0,0,0
1748634930370,-18750000,3709673,4600417,4325501,0,0,0,0,0,0,0
1748634930470,-18750000,3709673,4637073,4362157,0,0,0,0,0,0,0
1748634930570,-18750000,3717005,4600417,4453799,0,0,0,0,0,0,0
1748634930670,-18750000,3749996,4508774,4490456,0,0,0,0,0,0,0
1748634930770,-18750000,3742664,4545431,4453799,0,0,0,0,0,0,0
1748634930870,-18750000,3728001,4508774,4527112,0,0,0,0,0,0,0
1748634930970,-18750000,3738998,4508774,4545438,0,0,0,0,0,0,0
1748634931070,-18750000,3749996,4545434,4527108,0,0,0,0,0,0,0
1748634931170,-18750000,3757327,4527108,4563764,0,0,0,0,0,0,0
1748634931270,-18750000,3749996,4582094,4582091,0,0,0,0,0,0,0
1748634931370,-18750000,3742664,4508782,4545431,0,0,0,0,0,0,0
1748634931470,-18750000,3768324,4600424,4563757,0,0,0,0,0,0,0
1748634931570,-18750000,3760993,4710397,4527101,0,0,0,0,0,0,0
1748634931670,-18750000,3742664,4728723,4618743,0,0,0,0,0,0,0
1748634931770,-18750000,3746330,4710397,4692059,0,0,0,0,0,0,0
1748634931870,-18750000,3757327,4765383,4692059,0,0,0,0,0,0,0
1748634931970,-18750000,3764658,4820369,4637077,0,0,0,0,0,0,0
1748634932070,-18750000,3782986,4820369,4655407,0,0,0,0,0,0,0
1748634932170,-18750000,3764657,4875356,4673733,0,0,0,0,0,0,0
1748634932270,-18750000,3782986,4820369,4673733,0,0,0,0,0,0,0
1748634932370,-18750000,3779320,4838696,4673733,0,0,0,0,0,0,0
1748634932470,-18750000,3779320,4802036,4637077,0,0,0,0,0,0,0
1748634932570,-18750000,3782986,4710393,4673733,0,0,0,0,0,0,0
1748634932670,-18750000,3804980,4747049,4618747,0,0,0,0,0,0,0
1748634932770,-18750000,3823309,4783706,4600417,0,0,0,0,0,0,0
1748634932870,-18750000,3826975,4783706,4600417,0,0,0,0,0,0,0
1748634932970,-18750000,3819643,4710389,4563761,0,0,0,0,0,0,0
1748634933070,-18750000,3801316,4582091,4527104,0,0,0,0,0,0,0
1748634933170,-18750000,3830641,4545431,4545434,0,0,0,0,0,0,0
1748634933270,-18750000,3826975,4545431,4582091,0,0,0,0,0,0,0
1748634933370,-18750000,3837973,4618743,4582091,0,0,0,0,0,0,0
1748634933470,-18750000,3852636,4655403,4600421,0,0,0,0,0,0,0
1748634933570,-18750000,3874630,4692059,4600421,0,0,0,0,0,0,0
1748634933670,-18750000,3874630,4710389,4673733,0,0,0,0,0,0,0
1748634933770,-18750000,3867299,4728719,4637077,0,0,0,0,0,0,0
1748634933870,-18750000,3878296,4747049,4637077,0,0,0,0,0,0,0
1748634933970,-18750000,3892958,4765379,4765376,0,0,0,0,0,0,0
1748634934070,-18750000,3918618,4875348,4820362,0,0,0,0,0,0,0
1748634934170,-18750000,3914952,4966991,4802032,0,0,0,0,0,0,0
1748634934270,-18750000,3929615,4985321,4783706,0,0,0,0,0,0,0
1748634934370,-18750000,3947943,5040307,4783706,0,0,0,0,0,0,0
1748634934470,-18750000,3962606,4985321,4783706,0,0,0,0,0,0,0
1748634934570,-18750000,3958940,4985321,4820362,0,0,0,0,0,0,0
1748634934670,-18750000,3955274,4966991,4765376,0,0,0,0,0,0,0
1748634934770,-18750000,3977267,4912004,4728719,0,0,0,0,0,0,0
1748634934870,-18750000,3980933,4893674,4747046,0,0,0,0,0,0,0
1748634934970,-18750000,3991930,4930331,4747046,0,0,0,0,0,0,0
1748634935070,-18750000,3984598,4948661,4710386,0,0,0,0,0,0,0
1748634935170,-18750000,3999261,4912004,4692059,0,0,0,0,0,0,0
1748634935270,-18750000,4017590,4875344,4728716,0,0,0,0,0,0,0
1748634935370,-18750000,4021255,4820358,4618747,0,0,0,0,0,0,0
1748634935470,-18750000,4021255,4893671,4472118,0,0,0,0,0,0,0
1748634935570,-18750000,4010258,4985313,4270507,0,0,0,0,0,0,0
1748634935670,-18750000,4024922,4985313,4160538,0,0,0,0,0,0,0
1748634935770,-18750000,4013924,5040299,4013909,0,0,0,0,0,0,0
1748634935870,-18750000,4021256,5058629,3775642,0,0,0,0,0,0,0
1748634935970,-18750000,4002927,5095286,3555701,0,0,0,0,0,0,0
1748634936070,-18750000,3991931,5095286,3317433,0,0,0,0,0,0,0
1748634936170,-18750000,3955274,5076959,3134148,0,0,0,0,0,0,0
1748634936270,-18750000,3892957,5113619,2840894,0,0,0,0,0,0,0
1748634936370,-18750000,3845303,5095293,2877551,0,0,0,0,0,0,0
1748634936470,-18750000,3775655,5040307,2950867,0,0,0,0,0,0,0
1748634936570,-18750000,3768324,4948664,3097492,0,0,0,0,0,0,0
1748634936670,-18750000,3742664,4948664,3115822,0,0,0,0,0,0,0
1748634936770,-18750000,3724336,4912004,3317433,0,0,0,0,0,0,0
1748634936870,-18750000,3687680,4838688,3555701,0,0,0,0,0,0,0
1748634936970,-18750000,3669352,4802032,3702326,0,0,0,0,0,0,0
1748634937070,-18750000,3647357,4783702,3848954,0,0,0,0,0,0,0
1748634937170,-18750000,3651023,4728716,4050566,0,0,0,0,0,0,0
1748634937270,-18750000,3665686,4618743,4325489,0,0,0,0,0,0,0
1748634937370,-18750000,3673018,4508771,4398802,0,0,0,0,0,0,0
1748634937470,-18750000,3706009,4545431,4453784,0,0,0,0,0,0,0
1748634937570,-18750000,3695012,4472118,4453784,0,0,0,0,0,0,0
1748634937670,-18750000,3687680,4417136,4508767,0,0,0,0,0,0,0
1748634937770,-18750000,3680348,4417136,4490441,0,0,0,0,0,0,0
1748634937870,-18750000,3687679,4472122,4490441,0,0,0,0,0,0,0
1748634937970,-18750000,3706007,4472122,4527097,0,0,0,0,0,0,0
1748634938070,-18750000,3698676,4417136,4600409,0,0,0,0,0,0,0
1748634938170,-18750000,3695010,4472122,4545427,0,0,0,0,0,0,0
1748634938270,-18750000,3709673,4545434,4545427,0,0,0,0,0,0,0
1748634938370,-18750000,3709673,4618751,4527101,0,0,0,0,0,0,0
1748634938470,-18750000,3706007,4527108,4582087,0,0,0,0,0,0,0
1748634938570,-18750000,3706007,4618751,4563761,0,0,0,0,0,0,0
1748634938670,-18750000,3731667,4655407,4582091,0,0,0,0,0,0,0
1748634938770,-18750000,3742664,4655407,4582091,0,0,0,0,0,0,0
1748634938870,-18750000,3753662,4673737,4582091,0,0,0,0,0,0,0
1748634938970,-18750000,3742665,4582094,4600421,0,0,0,0,0,0,0
1748634939070,-18750000,3768325,4582094,4618747,0,0,0,0,0,0,0
1748634939170,-18750000,3771991,4582094,4692059,0,0,0,0,0,0,0
1748634939270,-18750000,3775657,4563768,4673733,0,0,0,0,0,0,0
1748634939370,-18750000,3786654,4618751,4655403,0,0,0,0,0,0,0
1748634939470,-18750000,3801317,4728719,4637073,0,0,0,0,0,0,0
1748634939570,-18750000,3830642,4655403,4655399,0,0,0,0,0,0,0
1748634939670,-18750000,3834308,4655403,4673726,0,0,0,0,0,0,0
1748634939770,-18750000,3848970,4637077,4637069,0,0,0,0,0,0,0
1748634939870,-18750000,3852635,4582090,4600413,0,0,0,0,0,0,0
1748634939970,-18750000,3848969,4692063,4527101,0,0,0,0,0,0,0
1748634940070,-18750000,3852635,4765379,4508774,0,0,0,0,0,0,0
1748634940170,-18750000,3859967,4765379,4453788,0,0,0,0,0,0,0
1748634940270,-18750000,3867298,4765379,4453788,0,0,0,0,0,0,0
1748634940370,-18750000,3885626,4747053,4490444,0,0,0,0,0,0,0
1748634940470,-18750000,3889291,4637084,4490444,0,0,0,0,0,0,0
1748634940570,-18750000,3881960,4637084,4490444,0,0,0,0,0,0,0
1748634940670,-18750000,3863631,4747053,4490444,0,0,0,0,0,0,0
1748634940770,-18750000,3870963,4783709,4527101,0,0,0,0,0,0,0
1748634940870,-18750000,3881960,4838696,4600417,0,0,0,0,0,0,0
1748634940970,-18750000,3907620,4728723,4692059,0,0,0,0,0,0,0
1748634941070,-18750000,3914951,4728723,4710386,0,0,0,0,0,0,0
1748634941170,-18750000,3933280,4710393,4747042,0,0,0,0,0,0,0
1748634941270,-18750000,3933280,4747049,4728712,0,0,0,0,0,0,0
1748634941370,-18750000,3940612,4747049,4655399,0,0,0,0,0,0,0
1748634941470,-18750000,3929615,4857018,4527101,0,0,0,0,0,0,0
1748634941570,-18750000,3922284,4912004,4362146,0,0,0,0,0,0,0
1748634941670,-18750000,3922284,4820362,4197191,0,0,0,0,0,0,0
1748634941770,-18750000,3900290,4820362,4013906,0,0,0,0,0,0,0
1748634941870,-18750000,3892958,4802032,3757304,0,0,0,0,0,0,0
1748634941970,-18750000,3867299,4875344,3482377,0,0,0,0,0,0,0
1748634942070,-18750000,3856301,4893671,3262436,0,0,0,0,0,0,0
1748634942170,-18750000,3819644,4893671,3005838,0,0,0,0,0,0,0
1748634942270,-18750000,3786653,4875341,2840883,0,0,0,0,0,0,0
1748634942370,-18750000,3728002,4820354,2785897,0,0,0,0,0,0,0
1748634942470,-18750000,3706007,4838684,2859213,0,0,0,0,0,0,0
1748634942570,-18750000,3691345,4783698,2969186,0,0,0,0,0,0,0
1748634942670,-18750000,3676682,4783698,3115814,0,0,0,0,0,0,0
1748634942770,-18750000,3654689,4747042,3317426,0,0,0,0,0,0,0
1748634942870,-18750000,3618032,4710386,3445728,0,0,0,0,0,0,0
1748634942970,-18750000,3592372,4582087,3629013,0,0,0,0,0,0,0
1748634943070,-18750000,3566712,4582087,3812298,0,0,0,0,0,0,0
1748634943170,-18750000,3563046,4563757,3977257,0,0,0,0,0,0,0
1748634943270,-18750000,3566711,4582087,4160542,0,0,0,0,0,0,0
1748634943370,-18750000,3577709,4673729,4307171,0,0,0,0,0,0,0
1748634943470,-18750000,3559380,4563757,4325497,0,0,0,0,0,0,0
1748634943570,-18750000,3574043,4545431,4380479,0,0,0,0,0,0,0
1748634943670,-18750000,3555714,4582091,4380479,0,0,0,0,0,0,0
1748634943770,-18750000,3552048,4673733,4343823,0,0,0,0,0,0,0
1748634943870,-18750000,3581374,4600421,4435462,0,0,0,0,0,0,0
1748634943970,-18750000,3603368,4728719,4435462,0,0,0,0,0,0,0
1748634944070,-18750000,3603368,4655407,4472118,0,0,0,0,0,0,0
1748634944170,-18750000,3607034,4600424,4527101,0,0,0,0,0,0,0
1748634944270,-18750000,3614365,4600424,4527101,0,0,0,0,0,0,0
1748634944370,-18750000,3640025,4508782,4453788,0,0,0,0,0,0,0
1748634944470,-18750000,3651022,4582098,4435462,0,0,0,0,0,0,0
1748634944570,-18750000,3625362,4563768,4417136,0,0,0,0,0,0,0
1748634944670,-18750000,3636359,4563768,4398806,0,0,0,0,0,0,0
1748634944770,-18750000,3658354,4435469,4435462,0,0,0,0,0,0,0
1748634944870,-18750000,3647356,4545438,4417136,0,0,0,0,0,0,0
1748634944970,-18750000,3632694,4563768,4453792,0,0,0,0,0,0,0
1748634945070,-18750000,3640025,4545438,4417135,0,0,0,0,0,0,0
1748634945170,-18750000,3640025,4508782,4453792,0,0,0,0,0,0,0
1748634945270,-18750000,3640025,4472126,4453792,0,0,0,0,0,0,0
1748634945370,-18750000,3636360,4563768,4472118,0,0,0,0,0,0,0
1748634945470,-18750000,3651022,4490452,4527100,0,0,0,0,0,0,0
1748634945570,-18750000,3665685,4527108,4490444,0,0,0,0,0,0,0
1748634945670,-18750000,3662019,4508778,4472118,0,0,0,0,0,0,0
1748634945770,-18750000,3651022,4563761,4435462,0,0,0,0,0,0,0
1748634945870,-18750000,3662019,4618747,4398806,0,0,0,0,0,0,0
1748634945970,-18750000,3680347,4600417,4362149,0,0,0,0,0,0,0
1748634946070,-18750000,3702342,4655403,4398806,0,0,0,0,0,0,0
1748634946170,-18750000,3706007,4747042,4417136,0,0,0,0,0,0,0
1748634946270,-18750000,3717004,4820354,4453792,0,0,0,0,0,0,0
1748634946370,-18750000,3713338,4838684,4453792,0,0,0,0,0,0,0
1748634946470,-18750000,3724336,4820358,4472122,0,0,0,0,0,0,0
1748634946570,-18750000,3746330,4838688,4472122,0,0,0,0,0,0,0
1748634946670,-18750000,3779321,4820358,4508778,0,0,0,0,0,0,0
1748634946770,-18750000,3779321,4838688,4618751,0,0,0,0,0,0,0
1748634946870,-18750000,3782987,4783702,4692063,0,0,0,0,0,0,0
1748634946970,-18750000,3793984,4710389,4747046,0,0,0,0,0,0,0
1748634947070,-18750000,3786653,4637077,4728719,0,0,0,0,0,0,0
1748634947170,-18750000,3804981,4600421,4673733,0,0,0,0,0,0,0
1748634947270,-18750000,3804981,4563764,4618747,0,0,0,0,0,0,0
1748634947370,-18750000,3815978,4563764,4673733,0,0,0,0,0,0,0
1748634947470,-18750000,3830641,4600421,4637077,0,0,0,0,0,0,0
1748634947570,-18750000,3837972,4582091,4692059,0,0,0,0,0,0,0
1748634947670,-18750000,3848969,4600421,4747046,0,0,0,0,0,0,0
1748634947770,-18750000,3867298,4563764,4692059,0,0,0,0,0,0,0
1748634947870,-18750000,3878295,4508778,4637073,0,0,0,0,0,0,0
1748634947970,-18750000,3870964,4545434,4655403,0,0,0,0,0,0,0
1748634948070,-18750000,3878295,4545434,4673729,0,0,0,0,0,0,0
1748634948170,-18750000,3892958,4600421,4710386,0,0,0,0,0,0,0
1748634948270,-18750000,3892958,4600421,4747042,0,0,0,0,0,0,0
1748634948370,-18750000,3900290,4600421,4692056,0,0,0,0,0,0,0
1748634948470,-18750000,3892958,4582091,4527101,0,0,0,0,0,0,0
1748634948570,-18750000,3863633,4618747,4288833,0,0,0,0,0,0,0
1748634948670,-18750000,3841639,4618747,4068892,0,0,0,0,0,0,0
1748634948770,-18750000,3841639,4655403,3848951,0,0,0,0,0,0,0
1748634948870,-18750000,3826976,4673733,3647339,0,0,0,0,0,0,0
1748634948970,-18750000,3815979,4747049,3390742,0,0,0,0,0,0,0
1748634949070,-18750000,3808648,4802032,3115818,0,0,0,0,0,0,0
1748634949170,-18750000,3768325,4765376,2840894,0,0,0,0,0,0,0
1748634949270,-18750000,3753662,4820362,2620953,0,0,0,0,0,0,0
1748634949370,-18750000,3720671,4783702,2492654,0,0,0,0,0,0,0
1748634949470,-18750000,3691346,4765376,2602623,0,0,0,0,0,0,0
1748634949570,-18750000,3673018,4692063,2785908,0,0,0,0,0,0,0
1748634949670,-18750000,3658355,4545434,2950863,0,0,0,0,0,0,0
1748634949770,-18750000,3636360,4472122,3115818,0,0,0,0,0,0,0
1748634949870,-18750000,3610700,4362149,3244117,0,0,0,0,0,0,0
1748634949970,-18750000,3603368,4307163,3427402,0,0,0,0,0,0,0
1748634950070,-18750000,3577708,4252181,3647343,0,0,0,0,0,0,0
1748634950170,-18750000,3566710,4252181,3885611,0,0,0,0,0,0,0
1748634950270,-18750000,3555713,4178864,4050569,0,0,0,0,0,0,0
1748634950370,-18750000,3537385,4087226,4123886,0,0,0,0,0,0,0
1748634950470,-18750000,3541050,4160538,4215528,0,0,0,0,0,0,0
1748634950570,-18750000,3541050,4233851,4233854,0,0,0,0,0,0,0
1748634950670,-18750000,3530053,4325493,4215524,0,0,0,0,0,0,0
1748634950770,-18750000,3544716,4288837,4270511,0,0,0,0,0,0,0
1748634950870,-18750000,3555713,4380479,4343823,0,0,0,0,0,0,0
1748634950970,-18750000,3548381,4362149,4362149,0,0,0,0,0,0,0
1748634951070,-18750000,3541050,4325493,4362149,0,0,0,0,0,0,0
1748634951170,-18750000,3563044,4325493,4435466,0,0,0,0,0,0,0
1748634951270,-18750000,3585039,4233854,4472122,0,0,0,0,0,0,0
1748634951370,-18750000,3607033,4325493,4563761,0,0,0,0,0,0,0
1748634951470,-18750000,3621696,4307163,4508774,0,0,0,0,0,0,0
1748634951570,-18750000,3625362,4307163,4527104,0,0,0,0,0,0,0
1748634951670,-18750000,3636359,4233850,4563761,0,0,0,0,0,0,0
1748634951770,-18750000,3621696,4343819,4545431,0,0,0,0,0,0,0
1748634951870,-18750000,3625362,4307163,4527104,0,0,0,0,0,0,0
1748634951970,-18750000,3658354,4362149,4563761,0,0,0,0,0,0,0
1748634952070,-18750000,3695011,4472118,4600417,0,0,0,0,0,0,0
1748634952170,-18750000,3684014,4472118,4563757,0,0,0,0,0,0,0
1748634952270,-18750000,3673016,4508774,4527101,0,0,0,0,0,0,0
1748634952370,-18750000,3687680,4472118,4508774,0,0,0,0,0,0,0
1748634952470,-18750000,3673016,4490448,4490448,0,0,0,0,0,0,0
1748634952570,-18750000,3702342,4527108,4453792,0,0,0,0,0,0,0
1748634952670,-18750000,3706008,4618751,4398809,0,0,0,0,0,0,0
1748634952770,-18750000,3720671,4637081,4307171,0,0,0,0,0,0,0
1748634952870,-18750000,3739000,4765379,4343827,0,0,0,0,0,0,0
1748634952970,-18750000,3742665,4710393,4343827,0,0,0,0,0,0,0
1748634953070,-18750000,3742665,4655407,4343827,0,0,0,0,0,0,0
1748634953170,-18750000,3742665,4692063,4362157,0,0,0,0,0,0,0
1748634953270,-18750000,3760994,4747046,4435469,0,0,0,0,0,0,0
1748634953370,-18750000,3760994,4783702,4453796,0,0,0,0,0,0,0
1748634953470,-18750000,3782988,4747046,4527108,0,0,0,0,0,0,0
1748634953570,-18750000,3775657,4637073,4600421,0,0,0,0,0,0,0
1748634953670,-18750000,3782988,4618743,4692063,0,0,0,0,0,0,0
1748634953770,-18750000,3790319,4582083,4747046,0,0,0,0,0,0,0
1748634953870,-18750000,3786653,4490441,4765372,0,0,0,0,0,0,0
1748634953970,-18750000,3775657,4563757,4783702,0,0,0,0,0,0,0
1748634954070,-18750000,3786654,4600413,4838688,0,0,0,0,0,0,0
1748634954170,-18750000,3804983,4508771,4802032,0,0,0,0,0,0,0
1748634954270,-18750000,3790319,4508771,4802032,0,0,0,0,0,0,0
1748634954370,-18750000,3786653,4527101,4765376,0,0,0,0,0,0,0
1748634954470,-18750000,3786653,4527101,4747046,0,0,0,0,0,0,0
1748634954570,-18750000,3786653,4582087,4747046,0,0,0,0,0,0,0
1748634954670,-18750000,3804982,4637073,4692059,0,0,0,0,0,0,0
1748634954770,-18750000,3815978,4637073,4710389,0,0,0,0,0,0,0
1748634954870,-18750000,3823309,4692059,4673733,0,0,0,0,0,0,0
1748634954970,-18750000,3819643,4692059,4637077,0,0,0,0,0,0,0
1748634955070,-18750000,3815977,4637077,4618747,0,0,0,0,0,0,0
1748634955170,-18750000,3830640,4673733,4618747,0,0,0,0,0,0,0
1748634955270,-18750000,3834306,4637077,4600417,0,0,0,0,0,0,0
1748634955370,-18750000,3830640,4655407,4673733,0,0,0,0,0,0,0
1748634955470,-18750000,3826974,4655407,4618751,0,0,0,0,0,0,0
1748634955570,-18750000,3845302,4728719,4600421,0,0,0,0,0,0,0
1748634955670,-18750000,3841636,4710389,4618747,0,0,0,0,0,0,0
1748634955770,-18750000,3830639,4655407,4600417,0,0,0,0,0,0,0
1748634955870,-18750000,3834305,4618751,4692059,0,0,0,0,0,0,0
1748634955970,-18750000,3867296,4600421,4692059,0,0,0,0,0,0,0
1748634956070,-18750000,3878294,4673733,4618747,0,0,0,0,0,0,0
1748634956170,-18750000,3874628,4710389,4673733,0,0,0,0,0,0,0
1748634956270,-18750000,3885626,4728719,4728719,0,0,0,0,0,0,0
1748634956370,-18750000,3907620,4692059,4692059,0,0,0,0,0,0,0
1748634956470,-18750000,3918617,4710386,4783702,0,0,0,0,0,0,0
1748634956570,-18750000,3900289,4692059,4838688,0,0,0,0,0,0,0
1748634956670,-18750000,3896624,4692059,4857018,0,0,0,0,0,0,0
1748634956770,-18750000,3896624,4820358,4875348,0,0,0,0,0,0,0
1748634956870,-18750000,3896624,4802028,4802036,0,0,0,0,0,0,0
1748634956970,-18750000,3885627,4765372,4802036,0,0,0,0,0,0,0
1748634957070,-18750000,3881961,4765372,4893678,0,0,0,0,0,0,0
1748634957170,-18750000,3874630,4747046,4893678,0,0,0,0,0,0,0
1748634957270,-18750000,3878295,4710389,4802036,0,0,0,0,0,0,0
1748634957370,-18750000,3881960,4692063,4838696,0,0,0,0,0,0,0
1748634957470,-18750000,3889292,4747049,4838696,0,0,0,0,0,0,0
1748634957570,-18750000,3914951,4747049,4765383,0,0,0,0,0,0,0
1748634957670,-18750000,3936945,4802035,4747053,0,0,0,0,0,0,0
1748634957770,-18750000,3955274,4747049,4802039,0,0,0,0,0,0,0
1748634957870,-18750000,3969936,4765379,4875352,0,0,0,0,0,0,0
1748634957970,-18750000,3991931,4802036,4875352,0,0,0,0,0,0,0
1748634958070,-18750000,4006594,4820366,4820366,0,0,0,0,0,0,0
1748634958170,-18750000,4021256,4857022,4765379,0,0,0,0,0,0,0
1748634958270,-18750000,4043251,4875348,4783709,0,0,0,0,0,0,0
1748634958370,-18750000,4039586,4948661,4747049,0,0,0,0,0,0,0
1748634958470,-18750000,4035920,4912004,4728719,0,0,0,0,0,0,0
1748634958570,-18750000,4054248,4857018,4747046,0,0,0,0,0,0,0
1748634958670,-18750000,4046917,4838692,4783706,0,0,0,0,0,0,0
1748634958770,-18750000,4039585,4820362,4783706,0,0,0,0,0,0,0
1748634958870,-18750000,4046916,4912004,4710393,0,0,0,0,0,0,0
1748634958970,-18750000,4039585,4838692,4710393,0,0,0,0,0,0,0
1748634959070,-18750000,4039585,4893674,4765379,0,0,0,0,0,0,0
1748634959170,-18750000,4050582,4912004,4783706,0,0,0,0,0,0,0
1748634959270,-18750000,4046916,4966991,4820362,0,0,0,0,0,0,0
1748634959370,-18750000,4065245,4985321,4747049,0,0,0,0,0,0,0
1748634959470,-18750000,4065245,4948664,4655407,0,0,0,0,0,0,0
1748634959570,-18750000,4035919,5021977,4417139,0,0,0,0,0,0,0
1748634959670,-18750000,4028587,5021977,4197198,0,0,0,0,0,0,0
1748634959770,-18750000,4024922,5076963,3958927,0,0,0,0,0,0,0
1748634959870,-18750000,4006594,5003647,3830628,0,0,0,0,0,0,0
1748634959970,-18750000,3995596,5076959,3665673,0,0,0,0,0,0,0
1748634960070,-18750000,3962605,5021977,3409072,0,0,0,0,0,0,0
1748634960170,-18750000,3933280,4966991,3207461,0,0,0,0,0,0,0
1748634960270,-18750000,3892958,4930334,2950863,0,0,0,0,0,0,0
1748634960370,-18750000,3852635,4875348,2932537,0,0,0,0,0,0,0
1748634960470,-18750000,3826975,4802036,2932537,0,0,0,0,0,0,0
1748634960570,-18750000,3797649,4765379,3115822,0,0,0,0,0,0,0
1748634960670,-18750000,3768323,4728719,3225791,0,0,0,0,0,0,0
1748634960770,-18750000,3738998,4692063,3372419,0,0,0,0,0,0,0
1748634960870,-18750000,3717004,4655407,3464062,0,0,0,0,0,0,0
1748634960970,-18750000,3698675,4618751,3574031,0,0,0,0,0,0,0
1748634961070,-18750000,3687678,4637077,3793972,0,0,0,0,0,0,0
1748634961170,-18750000,3673016,4673733,4013913,0,0,0,0,0,0,0
1748634961270,-18750000,3669350,4637077,4233854,0,0,0,0,0,0,0
1748634961370,-18750000,3665684,4618747,4325493,0,0,0,0,0,0,0
1748634961470,-18750000,3658353,4692059,4398806,0,0,0,0,0,0,0
1748634961570,-18750000,3676682,4655403,4417132,0,0,0,0,0,0,0
1748634961670,-18750000,3687679,4637077,4508774,0,0,0,0,0,0,0
1748634961770,-18750000,3702342,4692063,4545431,0,0,0,0,0,0,0
1748634961870,-18750000,3702342,4747049,4600413,0,0,0,0,0,0,0
1748634961970,-18750000,3687680,4820362,4655399,0,0,0,0,0,0,0
1748634962070,-18750000,3684014,4838692,4637073,0,0,0,0,0,0,0
1748634962170,-18750000,3680348,4912004,4563761,0,0,0,0,0,0,0
1748634962270,-18750000,3706007,4985317,4563761,0,0,0,0,0,0,0
1748634962370,-18750000,3695010,4912004,4545434,0,0,0,0,0,0,0
1748634962470,-18750000,3720670,5021973,4527108,0,0,0,0,0,0,0
1748634962570,-18750000,3724336,5003643,4527108,0,0,0,0,0,0,0
1748634962670,-18750000,3742664,4966987,4545438,0,0,0,0,0,0,0
1748634962770,-18750000,3757327,4875344,4508782,0,0,0,0,0,0,0
1748634962870,-18750000,3771989,4838688,4508782,0,0,0,0,0,0,0
1748634962970,-18750000,3771989,4802032,4508782,0,0,0,0,0,0,0
1748634963070,-18750000,3793984,4783702,4545438,0,0,0,0,0,0,0
1748634963170,-18750000,3812312,4655403,4582094,0,0,0,0,0,0,0
1748634963270,-18750000,3804981,4637073,4618751,0,0,0,0,0,0,0
1748634963370,-18750000,3845303,4747046,4655407,0,0,0,0,0,0,0
1748634963470,-18750000,3826975,4728719,4637077,0,0,0,0,0,0,0
1748634963570,-18750000,3841637,4747049,4673733,0,0,0,0,0,0,0
1748634963670,-18750000,3834306,4820362,4618747,0,0,0,0,0,0,0
1748634963770,-18750000,3819644,4838688,4673729,0,0,0,0,0,0,0
1748634963870,-18750000,3823310,4875344,4637073,0,0,0,0,0,0,0
1748634963970,-18750000,3856301,4912001,4692059,0,0,0,0,0,0,0
1748634964070,-18750000,3852635,4802032,4600417,0,0,0,0,0,0,0
1748634964170,-18750000,3867297,4820362,4655403,0,0,0,0,0,0,0
1748634964270,-18750000,3867297,4802036,4637073,0,0,0,0,0,0,0
1748634964370,-18750000,3870963,4747049,4673729,0,0,0,0,0,0,0
1748634964470,-18750000,3907620,4692063,4692059,0,0,0,0,0,0,0
1748634964570,-18750000,3903954,4728719,4655403,0,0,0,0,0,0,0
1748634964670,-18750000,3907619,4728719,4692059,0,0,0,0,0,0,0
1748634964770,-18750000,3925947,4728719,4673733,0,0,0,0,0,0,0
1748634964870,-18750000,3922281,4692063,4728719,0,0,0,0,0,0,0
1748634964970,-18750000,3929612,4692063,4655403,0,0,0,0,0,0,0
1748634965070,-18750000,3933278,4783706,4765376,0,0,0,0,0,0,0
1748634965170,-18750000,3929613,4912004,4747046,0,0,0,0,0,0,0
1748634965270,-18750000,3929613,4912004,4728719,0,0,0,0,0,0,0
1748634965370,-18750000,3933279,4985317,4600421,0,0,0,0,0,0,0
1748634965470,-18750000,3922282,4966987,4692063,0,0,0,0,0,0,0
1748634965570,-18750000,3914951,4966987,4747049,0,0,0,0,0,0,0
1748634965670,-18750000,3918617,4985317,4692063,0,0,0,0,0,0,0
1748634965770,-18750000,3907620,5003647,4710389,0,0,0,0,0,0,0
1748634965870,-18750000,3914951,5021973,4673733,0,0,0,0,0,0,0
1748634965970,-18750000,3911286,4966987,4692063,0,0,0,0,0,0,0
1748634966070,-18750000,3944277,4875344,4637077,0,0,0,0,0,0,0
1748634966170,-18750000,3951608,4728716,4600420,0,0,0,0,0,0,0
1748634966270,-18750000,3966271,4728716,4600420,0,0,0,0,0,0,0
1748634966370,-18750000,3977267,4655403,4692063,0,0,0,0,0,0,0
1748634966470,-18750000,3991931,4728719,4582090,0,0,0,0,0,0,0
1748634966570,-18750000,4013925,4728719,4582090,0,0,0,0,0,0,0
1748634966670,-18750000,4028588,4692059,4692063,0,0,0,0,0,0,0
1748634966770,-18750000,4035919,4637073,4637080,0,0,0,0,0,0,0
1748634966870,-18750000,4057913,4673733,4637080,0,0,0,0,0,0,0
1748634966970,-18750000,4061579,4637077,4728723,0,0,0,0,0,0,0
1748634967070,-18750000,4061579,4728719,4783709,0,0,0,0,0,0,0
1748634967170,-18750000,4065245,4728719,4820366,0,0,0,0,0,0,0
1748634967270,-18750000,4098236,4747046,4838692,0,0,0,0,0,0,0
1748634967370,-18750000,4079908,4838688,4728723,0,0,0,0,0,0,0
1748634967470,-18750000,4068911,4802032,4563768,0,0,0,0,0,0,0
1748634967570,-18750000,4035920,4765376,4380483,0,0,0,0,0,0,0
1748634967670,-18750000,4013926,4783706,4105556,0,0,0,0,0,0,0
1748634967770,-18750000,4013926,4820362,4032239,0,0,0,0,0,0,0
1748634967870,-18750000,3988266,4820362,3885611,0,0,0,0,0,0,0
1748634967970,-18750000,3973604,4783706,3592353,0,0,0,0,0,0,0
1748634968070,-18750000,3929615,4747046,3299096,0,0,0,0,0,0,0
1748634968170,-18750000,3911287,4710389,3042498,0,0,0,0,0,0,0
1748634968270,-18750000,3856301,4710389,2804231,0,0,0,0,0,0,0
1748634968370,-18750000,3834307,4655403,2785901,0,0,0,0,0,0,0
1748634968470,-18750000,3793985,4618743,2895873,0,0,0,0,0,0,0
1748634968570,-18750000,3764659,4692056,3005846,0,0,0,0,0,0,0
1748634968670,-18750000,3735334,4637069,3152474,0,0,0,0,0,0,0
1748634968770,-18750000,3709674,4545431,3207461,0,0,0,0,0,0,0
1748634968870,-18750000,3684014,4527101,3335759,0,0,0,0,0,0,0
1748634968970,-18750000,3669352,4582087,3500718,0,0,0,0,0,0,0
1748634969070,-18750000,3669352,4563761,3720659,0,0,0,0,0,0,0
1748634969170,-18750000,3658354,4582091,3922271,0,0,0,0,0,0,0
1748634969270,-18750000,3654688,4545434,4123882,0,0,0,0,0,0,0
1748634969370,-18750000,3658354,4527104,4270511,0,0,0,0,0,0,0
1748634969470,-18750000,3651022,4582090,4362149,0,0,0,0,0,0,0
1748634969570,-18750000,3669351,4545434,4362149,0,0,0,0,0,0,0
1748634969670,-18750000,3676682,4545434,4398806,0,0,0,0,0,0,0
1748634969770,-18750000,3691345,4728716,4472118,0,0,0,0,0,0,0
1748634969870,-18750000,3706007,4710386,4472118,0,0,0,0,0,0,0
1748634969970,-18750000,3709673,4692056,4545431,0,0,0,0,0,0,0
1748634970070,-18750000,3702341,4618743,4563761,0,0,0,0,0,0,0
1748634970170,-18750000,3706007,4637069,4600417,0,0,0,0,0,0,0
1748634970270,-18750000,3709673,4655399,4600417,0,0,0,0,0,0,0
1748634970370,-18750000,3706007,4637073,4582087,0,0,0,0,0,0,0
1748634970470,-18750000,3735333,4582087,4545431,0,0,0,0,0,0,0
1748634970570,-18750000,3760993,4600417,4618743,0,0,0,0,0,0,0
1748634970670,-18750000,3768324,4618747,4637069,0,0,0,0,0,0,0
1748634970770,-18750000,3764659,4527104,4582087,0,0,0,0,0,0,0
1748634970870,-18750000,3760993,4527104,4618743,0,0,0,0,0,0,0
1748634970970,-18750000,3757328,4637077,4600413,0,0,0,0,0,0,0
1748634971070,-18750000,3779322,4802032,4618739,0,0,0,0,0,0,0
1748634971170,-18750000,3782987,4802032,4600413,0,0,0,0,0,0,0
1748634971270,-18750000,3801316,4765376,4582087,0,0,0,0,0,0,0
1748634971370,-18750000,3797650,4783702,4545431,0,0,0,0,0,0,0
1748634971470,-18750000,3801316,4765376,4527104,0,0,0,0,0,0,0
1748634971570,-18750000,3790318,4747046,4545434,0,0,0,0,0,0,0
1748634971670,-18750000,3804982,4692059,4582094,0,0,0,0,0,0,0
1748634971770,-18750000,3819644,4783702,4655407,0,0,0,0,0,0,0
1748634971870,-18750000,3815978,4747046,4673737,0,0,0,0,0,0,0
1748634971970,-18750000,3808646,4673729,4618754,0,0,0,0,0,0,0
1748634972070,-18750000,3790318,4582087,4637084,0,0,0,0,0,0,0
1748634972170,-18750000,3812312,4655403,4637084,0,0,0,0,0,0,0
1748634972270,-18750000,3808646,4747046,4673741,0,0,0,0,0,0,0
1748634972370,-18750000,3826975,4765376,4600428,0,0,0,0,0,0,0
1748634972470,-18750000,3823309,4765376,4545442,0,0,0,0,0,0,0
1748634972570,-18750000,3804980,4728719,4343827,0,0,0,0,0,0,0
1748634972670,-18750000,3797649,4802032,4068899,0,0,0,0,0,0,0
1748634972770,-18750000,3775654,4747049,3793972,0,0,0,0,0,0,0
1748634972870,-18750000,3775654,4765379,3574031,0,0,0,0,0,0,0
1748634972970,-18750000,3779320,4820366,3390746,0,0,0,0,0,0,0
1748634973070,-18750000,3760992,4747053,3152474,0,0,0,0,0,0,0
1748634973170,-18750000,3720669,4692067,2895877,0,0,0,0,0,0,0
1748634973270,-18750000,3691344,4637080,2639279,0,0,0,0,0,0,0
1748634973370,-18750000,3647356,4582094,2620949,0,0,0,0,0,0,0
1748634973470,-18750000,3618030,4545438,2602619,0,0,0,0,0,0,0
1748634973570,-18750000,3610699,4472125,2657605,0,0,0,0,0,0,0
1748634973670,-18750000,3570376,4453799,2804234,0,0,0,0,0,0,0
1748634973770,-18750000,3544716,4417139,2969193,0,0,0,0,0,0,0
1748634973870,-18750000,3508059,4398809,3079165,0,0,0,0,0,0,0
1748634973970,-18750000,3486064,4233854,3280777,0,0,0,0,0,0,0
1748634974070,-18750000,3471402,4270510,3500718,0,0,0,0,0,0,0
1748634974170,-18750000,3449408,4288837,3738985,0,0,0,0,0,0,0
1748634974270,-18750000,3434745,4215524,3995583,0,0,0,0,0,0,0
1748634974370,-18750000,3427414,4252181,4050569,0,0,0,0,0,0,0
1748634974470,-18750000,3434746,4252181,4123885,0,0,0,0,0,0,0
1748634974570,-18750000,3412752,4307163,4252184,0,0,0,0,0,0,0
1748634974670,-18750000,3434746,4233851,4325497,0,0,0,0,0,0,0
1748634974770,-18750000,3442078,4197194,4325497,0,0,0,0,0,0,0
1748634974870,-18750000,3453075,4215524,4362153,0,0,0,0,0,0,0
1748634974970,-18750000,3460407,4307167,4398809,0,0,0,0,0,0,0
1748634975070,-18750000,3475069,4270510,4380483,0,0,0,0,0,0,0
1748634975170,-18750000,3497063,4233854,4398813,0,0,0,0,0,0,0
1748634975270,-18750000,3497063,4307167,4380483,0,0,0,0,0,0,0
1748634975370,-18750000,3519058,4288840,4453796,0,0,0,0,0,0,0
1748634975470,-18750000,3519058,4325497,4527108,0,0,0,0,0,0,0
1748634975570,-18750000,3537385,4380483,4508778,0,0,0,0,0,0,0
1748634975670,-18750000,3548382,4435465,4527104,0,0,0,0,0,0,0
1748634975770,-18750000,3544717,4472122,4637073,0,0,0,0,0,0,0
1748634975870,-18750000,3555714,4417135,4637073,0,0,0,0,0,0,0
1748634975970,-18750000,3559379,4343823,4655403,0,0,0,0,0,0,0
1748634976070,-18750000,3566711,4453792,4637073,0,0,0,0,0,0,0
1748634976170,-18750000,3566711,4417136,4600417,0,0,0,0,0,0,0
1748634976270,-18750000,3585040,4398806,4618747,0,0,0,0,0,0,0
1748634976370,-18750000,3588705,4398806,4600417,0,0,0,0,0,0,0
1748634976470,-18750000,3592370,4453792,4563761,0,0,0,0,0,0,0
1748634976570,-18750000,3614365,4435462,4545434,0,0,0,0,0,0,0
1748634976670,-18750000,3625362,4472118,4527108,0,0,0,0,0,0,0
1748634976770,-18750000,3658353,4417136,4545438,0,0,0,0,0,0,0
1748634976870,-18750000,3654687,4527108,4600421,0,0,0,0,0,0,0
1748634976970,-18750000,3665684,4600421,4582091,0,0,0,0,0,0,0
1748634977070,-18750000,3669350,4527108,4618747,0,0,0,0,0,0,0
1748634977170,-18750000,3676681,4508782,4673729,0,0,0,0,0,0,0
1748634977270,-18750000,3698675,4472126,4655399,0,0,0,0,0,0,0
1748634977370,-18750000,3706007,4490452,4637073,0,0,0,0,0,0,0
1748634977470,-18750000,3720670,4435466,4673729,0,0,0,0,0,0,0
1748634977570,-18750000,3720670,4380483,4673729,0,0,0,0,0,0,0
1748634977670,-18750000,3720670,4453799,4600417,0,0,0,0,0,0,0
1748634977770,-18750000,3713338,4453799,4545431,0,0,0,0,0,0,0
1748634977870,-18750000,3724336,4453799,4490448,0,0,0,0,0,0,0
1748634977970,-18750000,3731667,4490456,4435466,0,0,0,0,0,0,0
1748634978070,-18750000,3753662,4563768,4380483,0,0,0,0,0,0,0
1748634978170,-18750000,3768325,4655407,4380483,0,0,0,0,0,0,0
1748634978270,-18750000,3746330,4655407,4417139,0,0,0,0,0,0,0
1748634978370,-18750000,3760994,4655407,4472126,0,0,0,0,0,0,0
1748634978470,-18750000,3760994,4618751,4398813,0,0,0,0,0,0,0
1748634978570,-18750000,3757328,4655407,4417139,0,0,0,0,0,0,0
1748634978670,-18750000,3753662,4600421,4508778,0,0,0,0,0,0,0
1748634978770,-18750000,3768325,4673733,4472122,0,0,0,0,0,0,0
1748634978870,-18750000,3779322,4655403,4435466,0,0,0,0,0,0,0
1748634978970,-18750000,3779322,4618747,4453792,0,0,0,0,0,0,0
1748634979070,-18750000,3768325,4618747,4490448,0,0,0,0,0,0,0
1748634979170,-18750000,3757327,4637077,4435466,0,0,0,0,0,0,0
1748634979270,-18750000,3775656,4673733,4398809,0,0,0,0,0,0,0
1748634979370,-18750000,3771990,4710393,4398809,0,0,0,0,0,0,0
1748634979470,-18750000,3775655,4710393,4453792,0,0,0,0,0,0,0
1748634979570,-18750000,3786653,4765379,4435466,0,0,0,0,0,0,0
1748634979670,-18750000,3793984,4728723,4472126,0,0,0,0,0,0,0
1748634979770,-18750000,3797650,4692067,4508782,0,0,0,0,0,0,0
1748634979870,-18750000,3797650,4673737,4563764,0,0,0,0,0,0,0
1748634979970,-18750000,3797650,4692063,4600421,0,0,0,0,0,0,0
1748634980070,-18750000,3823310,4710393,4563764,0,0,0,0,0,0,0
1748634980170,-18750000,3830641,4710393,4563764,0,0,0,0,0,0,0
1748634980270,-18750000,3834307,4783709,4563764,0,0,0,0,0,0,0
1748634980370,-18750000,3845304,4747049,4508778,0,0,0,0,0,0,0
1748634980470,-18750000,3845304,4857018,4508778,0,0,0,0,0,0,0
1748634980570,-18750000,3845304,4802032,4490448,0,0,0,0,0,0,0
1748634980670,-18750000,3841638,4820358,4435462,0,0,0,0,0,0,0
1748634980770,-18750000,3841638,4765372,4453788,0,0,0,0,0,0,0
1748634980870,-18750000,3848969,4838688,4527104,0,0,0,0,0,0,0
1748634980970,-18750000,3859967,4838688,4563764,0,0,0,0,0,0,0
1748634981070,-18750000,3867298,4802028,4600421,0,0,0,0,0,0,0
1748634981170,-18750000,3874629,4783698,4655403,0,0,0,0,0,0,0
1748634981270,-18750000,3885626,4747038,4673733,0,0,0,0,0,0,0
1748634981370,-18750000,3885626,4783698,4673733,0,0,0,0,0,0,0
1748634981470,-18750000,3896623,4838684,4692063,0,0,0,0,0,0,0
1748634981570,-18750000,3911285,4802028,4692063,0,0,0,0,0,0,0
1748634981670,-18750000,3922282,4802028,4673733,0,0,0,0,0,0,0
1748634981770,-18750000,3914951,4857014,4692063,0,0,0,0,0,0,0
1748634981870,-18750000,3925948,4802028,4673733,0,0,0,0,0,0,0
1748634981970,-18750000,3922282,4838688,4637073,0,0,0,0,0,0,0
1748634982070,-18750000,3914951,4857018,4710386,0,0,0,0,0,0,0
1748634982170,-18750000,3922282,4857018,4655403,0,0,0,0,0,0,0
1748634982270,-18750000,3929614,4948661,4655403,0,0,0,0,0,0,0
1748634982370,-18750000,3940611,4948661,4692059,0,0,0,0,0,0,0
1748634982470,-18750000,3944276,4838688,4710389,0,0,0,0,0,0,0
1748634982570,-18750000,3958940,4912001,4783706,0,0,0,0,0,0,0
1748634982670,-18750000,3980933,4930331,4783706,0,0,0,0,0,0,0
1748634982770,-18750000,4002927,4948657,4747049,0,0,0,0,0,0,0
1748634982870,-18750000,4010259,4930327,4747049,0,0,0,0,0,0,0
1748634982970,-18750000,4032254,4875341,4765379,0,0,0,0,0,0,0
1748634983070,-18750000,4024922,4911997,4692067,0,0,0,0,0,0,0
1748634983170,-18750000,4032254,4893671,4728723,0,0,0,0,0,0,0
1748634983270,-18750000,4032254,4857014,4728723,0,0,0,0,0,0,0
1748634983370,-18750000,4039586,4857014,4618754,0,0,0,0,0,0,0
1748634983470,-18750000,4035920,4930331,4453795,0,0,0,0,0,0,0
1748634983570,-18750000,4017592,4930331,4178868,0,0,0,0,0,0,0
1748634983670,-18750000,3991932,4948661,4013913,0,0,0,0,0,0,0
1748634983770,-18750000,3962607,4912004,3848958,0,0,0,0,0,0,0
1748634983870,-18750000,3951610,4985320,3574030,0,0,0,0,0,0,0
1748634983970,-18750000,3914953,4966990,3354089,0,0,0,0,0,0,0
1748634984070,-18750000,3889293,4930334,3152474,0,0,0,0,0,0,0
1748634984170,-18750000,3852636,5003647,2950859,0,0,0,0,0,0,0
1748634984270,-18750000,3808648,5040303,2712588,0,0,0,0,0,0,0
1748634984370,-18750000,3768325,5113616,2730914,0,0,0,0,0,0,0
1748634984470,-18750000,3746330,5021973,2749244,0,0,0,0,0,0,0
1748634984570,-18750000,3728002,5003643,2895873,0,0,0,0,0,0,0
1748634984670,-18750000,3709673,4948657,3097484,0,0,0,0,0,0,0
1748634984770,-18750000,3706007,4948657,3225783,0,0,0,0,0,0,0
1748634984870,-18750000,3676681,4893671,3390742,0,0,0,0,0,0,0
1748634984970,-18750000,3662019,4930327,3555697,0,0,0,0,0,0,0
1748634985070,-18750000,3654688,4820358,3793968,0,0,0,0,0,0,0
1748634985170,-18750000,3654688,4802032,3958927,0,0,0,0,0,0,0
1748634985270,-18750000,3654688,4655407,4197198,0,0,0,0,0,0,0
1748634985370,-18750000,3647356,4490452,4270511,0,0,0,0,0,0,0
1748634985470,-18750000,3640025,4398809,4380479,0,0,0,0,0,0,0
1748634985570,-18750000,3621697,4472126,4453792,0,0,0,0,0,0,0
1748634985670,-18750000,3629029,4472126,4453792,0,0,0,0,0,0,0
1748634985770,-18750000,3632695,4527112,4435462,0,0,0,0,0,0,0
1748634985870,-18750000,3647358,4435469,4472118,0,0,0,0,0,0,0
1748634985970,-18750000,3651023,4417143,4527104,0,0,0,0,0,0,0
1748634986070,-18750000,3647357,4508782,4508774,0,0,0,0,0,0,0
1748634986170,-18750000,3636360,4435466,4527101,0,0,0,0,0,0,0
1748634986270,-18750000,3643691,4508778,4508771,0,0,0,0,0,0,0
1748634986370,-18750000,3651022,4490448,4490444,0,0,0,0,0,0,0
1748634986470,-18750000,3662020,4563761,4508774,0,0,0,0,0,0,0
1748634986570,-18750000,3695011,4453788,4508774,0,0,0,0,0,0,0
1748634986670,-18750000,3698676,4398802,4472118,0,0,0,0,0,0,0
1748634986770,-18750000,3684013,4343816,4527104,0,0,0,0,0,0,0
1748634986870,-18750000,3687678,4490444,4582087,0,0,0,0,0,0,0
1748634986970,-18750000,3695009,4527101,4582087,0,0,0,0,0,0,0
1748634987070,-18750000,3709672,4435462,4563760,0,0,0,0,0,0,0
1748634987170,-18750000,3709672,4545434,4527104,0,0,0,0,0,0,0
1748634987270,-18750000,3738997,4545434,4545434,0,0,0,0,0,0,0
1748634987370,-18750000,3738997,4618747,4582091,0,0,0,0,0,0,0
1748634987470,-18750000,3757327,4600421,4545434,0,0,0,0,0,0,0
1748634987570,-18750000,3760993,4692063,4582091,0,0,0,0,0,0,0
1748634987670,-18750000,3760993,4692063,4618747,0,0,0,0,0,0,0
1748634987770,-18750000,3764659,4783709,4637073,0,0,0,0,0,0,0
1748634987870,-18750000,3764659,4783709,4600417,0,0,0,0,0,0,0
1748634987970,-18750000,3779322,4600424,4618747,0,0,0,0,0,0,0
1748634988070,-18750000,3779322,4728723,4618747,0,0,0,0,0,0,0
1748634988170,-18750000,3801316,4728723,4637077,0,0,0,0,0,0,0
1748634988270,-18750000,3808648,4655407,4637077,0,0,0,0,0,0,0
1748634988370,-18750000,3819644,4655407,4582091,0,0,0,0,0,0,0
1748634988470,-18750000,3815978,4673737,4600417,0,0,0,0,0,0,0
1748634988570,-18750000,3815978,4673737,4563761,0,0,0,0,0,0,0
1748634988670,-18750000,3812312,4582094,4600421,0,0,0,0,0,0,0
1748634988770,-18750000,3815978,4490452,4618751,0,0,0,0,0,0,0
1748634988870,-18750000,3826976,4582094,4618751,0,0,0,0,0,0,0
1748634988970,-18750000,3823310,4545438,4618751,0,0,0,0,0,0,0
1748634989070,-18750000,3826975,4545438,4618751,0,0,0,0,0,0,0
1748634989170,-18750000,3823309,4417139,4637077,0,0,0,0,0,0,0
1748634989270,-18750000,3819644,4380483,4655403,0,0,0,0,0,0,0
1748634989370,-18750000,3812313,4417143,4655403,0,0,0,0,0,0,0
1748634989470,-18750000,3819644,4490456,4692063,0,0,0,0,0,0,0
1748634989570,-18750000,3812312,4417143,4692063,0,0,0,0,0,0,0
1748634989670,-18750000,3801316,4417143,4600417,0,0,0,0,0,0,0
1748634989770,-18750000,3815978,4380487,4600417,0,0,0,0,0,0,0
1748634989870,-18750000,3815978,4398813,4563760,0,0,0,0,0,0,0
1748634989970,-18750000,3834306,4435469,4563760,0,0,0,0,0,0,0
1748634990070,-18750000,3830641,4600424,4618747,0,0,0,0,0,0,0
1748634990170,-18750000,3823310,4692063,4692063,0,0,0,0,0,0,0
1748634990270,-18750000,3834306,4710389,4692063,0,0,0,0,0,0,0
1748634990370,-18750000,3845303,4655403,4728723,0,0,0,0,0,0,0
1748634990470,-18750000,3859967,4710389,4728723,0,0,0,0,0,0,0
1748634990570,-18750000,3900290,4728715,4692067,0,0,0,0,0,0,0
1748634990670,-18750000,3907621,4802032,4710397,0,0,0,0,0,0,0
1748634990770,-18750000,3889292,4966987,4765383,0,0,0,0,0,0,0
1748634990870,-18750000,3900289,4930331,4783709,0,0,0,0,0,0,0
1748634990970,-18750000,3896624,4966991,4747049,0,0,0,0,0,0,0
1748634991070,-18750000,3903955,4875348,4747049,0,0,0,0,0,0,0
1748634991170,-18750000,3925949,4820366,4692063,0,0,0,0,0,0,0
1748634991270,-18750000,3918618,4820366,4692063,0,0,0,0,0,0,0
1748634991370,-18750000,3914952,4765379,4710389,0,0,0,0,0,0,0
1748634991470,-18750000,3914952,4637081,4655403,0,0,0,0,0,0,0
1748634991570,-18750000,3903955,4692067,4710389,0,0,0,0,0,0,0
1748634991670,-18750000,3918617,4673737,4728716,0,0,0,0,0,0,0
1748634991770,-18750000,3929615,4600421,4710386,0,0,0,0,0,0,0
1748634991870,-18750000,3922283,4618751,4710386,0,0,0,0,0,0,0
1748634991970,-18750000,3933281,4600421,4710386,0,0,0,0,0,0,0
1748634992070,-18750000,3933281,4563765,4673729,0,0,0,0,0,0,0
1748634992170,-18750000,3933281,4618747,4728716,0,0,0,0,0,0,0
1748634992270,-18750000,3944278,4618747,4747042,0,0,0,0,0,0,0
1748634992370,-18750000,3947944,4692060,4747042,0,0,0,0,0,0,0
1748634992470,-18750000,3955275,4783702,4747042,0,0,0,0,0,0,0
1748634992570,-18750000,3947944,4783702,4710382,0,0,0,0,0,0,0
1748634992670,-18750000,3940612,4783702,4710382,0,0,0,0,0,0,0
1748634992770,-18750000,3962606,4838688,4710382,0,0,0,0,0,0,0
1748634992870,-18750000,3977269,4802028,4728712,0,0,0,0,0,0,0
1748634992970,-18750000,3973603,4765372,4728712,0,0,0,0,0,0,0
1748634993070,-18750000,3991932,4857014,4747038,0,0,0,0,0,0,0
1748634993170,-18750000,3991932,4838688,4692052,0,0,0,0,0,0,0
1748634993270,-18750000,4006594,4783706,4692052,0,0,0,0,0,0,0
1748634993370,-18750000,4032254,4765379,4710382,0,0,0,0,0,0,0
1748634993470,-18750000,4043252,4765379,4618739,0,0,0,0,0,0,0
1748634993570,-18750000,4061580,4783709,4545427,0,0,0,0,0,0,0
1748634993670,-18750000,4065245,4802039,4398802,0,0,0,0,0,0,0
1748634993770,-18750000,4043252,4728727,4233847,0,0,0,0,0,0,0
1748634993870,-18750000,4013926,4728727,4013906,0,0,0,0,0,0,0
1748634993970,-18750000,4010260,4783713,3830624,0,0,0,0,0,0,0
1748634994070,-18750000,3962606,4747053,3647343,0,0,0,0,0,0,0
1748634994170,-18750000,3940611,4802039,3500714,0,0,0,0,0,0,0
1748634994270,-18750000,3911286,4893682,3262447,0,0,0,0,0,0,0
1748634994370,-18750000,3878295,4875352,3060836,0,0,0,0,0,0,0
1748634994470,-18750000,3837972,4838692,3079166,0,0,0,0,0,0,0
1748634994570,-18750000,3793984,4802032,3152478,0,0,0,0,0,0,0
1748634994670,-18750000,3764659,4857014,3207464,0,0,0,0,0,0,0
1748634994770,-18750000,3742664,4893671,3317437,0,0,0,0,0,0,0
1748634994870,-18750000,3728002,4857014,3427409,0,0,0,0,0,0,0
1748634994970,-18750000,3709674,4783698,3610691,0,0,0,0,0,0,0
1748634995070,-18750000,3717005,4728716,3775646,0,0,0,0,0,0,0
1748634995170,-18750000,3702343,4728716,3940601,0,0,0,0,0,0,0
1748634995270,-18750000,3680348,4692056,4142212,0,0,0,0,0,0,0
1748634995370,-18750000,3673017,4710386,4288837,0,0,0,0,0,0,0
1748634995470,-18750000,3662020,4710386,4362149,0,0,0,0,0,0,0
1748634995570,-18750000,3662020,4692059,4307167,0,0,0,0,0,0,0
1748634995670,-18750000,3669351,4618747,4362149,0,0,0,0,0,0,0
1748634995770,-18750000,3673017,4563761,4362149,0,0,0,0,0,0,0
1748634995870,-18750000,3698677,4582091,4490448,0,0,0,0,0,0,0
1748634995970,-18750000,3687680,4600421,4398809,0,0,0,0,0,0,0
1748634996070,-18750000,3695012,4710389,4453796,0,0,0,0,0,0,0
1748634996170,-18750000,3706009,4692059,4417139,0,0,0,0,0,0,0
1748634996270,-18750000,3728003,4765375,4417139,0,0,0,0,0,0,0
1748634996370,-18750000,3735335,4765375,4453796,0,0,0,0,0,0,0
1748634996470,-18750000,3739001,4728719,4380483,0,0,0,0,0,0,0
1748634996570,-18750000,3753663,4747045,4417139,0,0,0,0,0,0,0
1748634996670,-18750000,3771992,4637077,4453796,0,0,0,0,0,0,0
1748634996770,-18750000,3782989,4637077,4490452,0,0,0,0,0,0,0
1748634996870,-18750000,3764660,4618747,4490452,0,0,0,0,0,0,0
1748634996970,-18750000,3779323,4637073,4582091,0,0,0,0,0,0,0
1748634997070,-18750000,3782988,4618747,4508774,0,0,0,0,0,0,0
1748634997170,-18750000,3771991,4582090,4490448,0,0,0,0,0,0,0
1748634997270,-18750000,3768325,4563760,4527104,0,0,0,0,0,0,0
1748634997370,-18750000,3753662,4618747,4490448,0,0,0,0,0,0,0
1748634997470,-18750000,3749996,4563764,4563761,0,0,0,0,0,0,0
1748634997570,-18750000,3742664,4563764,4618747,0,0,0,0,0,0,0
1748634997670,-18750000,3746330,4692063,4618747,0,0,0,0,0,0,0
1748634997770,-18750000,3768323,4728719,4582091,0,0,0,0,0,0,0
1748634997870,-18750000,3786652,4802036,4545431,0,0,0,0,0,0,0
1748634997970,-18750000,3797649,4783709,4490448,0,0,0,0,0,0,0
1748634998070,-18750000,3786652,4710393,4563764,0,0,0,0,0,0,0
1748634998170,-18750000,3790317,4692063,4582091,0,0,0,0,0,0,0
1748634998270,-18750000,3804979,4673737,4582091,0,0,0,0,0,0,0
1748634998370,-18750000,3819643,4673737,4563764,0,0,0,0,0,0,0
1748634998470,-18750000,3834306,4747049,4582091,0,0,0,0,0,0,0
1748634998570,-18750000,3856300,4692067,4527104,0,0,0,0,0,0,0
1748634998670,-18750000,3863632,4600424,4527104,0,0,0,0,0,0,0
1748634998770,-18750000,3834306,4655411,4563761,0,0,0,0,0,0,0
1748634998870,-18750000,3823309,4692067,4563761,0,0,0,0,0,0,0
1748634998970,-18750000,3815978,4710393,4618743,0,0,0,0,0,0,0
1748634999070,-18750000,3826975,4802036,4600413,0,0,0,0,0,0,0
1748634999170,-18750000,3859967,4857022,4637069,0,0,0,0,0,0,0
1748634999270,-18750000,3867298,4838692,4637069,0,0,0,0,0,0,0
1748634999370,-18750000,3867298,4710393,4655396,0,0,0,0,0,0,0
1748634999470,-18750000,3881960,4783706,4618739,0,0,0,0,0,0,0
1748634999570,-18750000,3870964,4802032,4692052,0,0,0,0,0,0,0
1748634999670,-18750000,3867298,4802032,4728712,0,0,0,0,0,0,0
1748634999770,-18750000,3900290,4857018,4747038,0,0,0,0,0,0,0
1748634999870,-18750000,3914952,4765376,4747038,0,0,0,0,0,0,0
1748634999970,-18750000,3933281,4802036,4765368,0,0,0,0,0,0,0
1748635000070,-18750000,3940612,4820366,4765368,0,0,0,0,0,0,0
1748635000170,-18750000,3929615,4802036,4820354,0,0,0,0,0,0,0
1748635000270,-18750000,3925949,4765379,4820354,0,0,0,0,0,0,0
1748635000370,-18750000,3933281,4948661,4875341,0,0,0,0,0,0,0
1748635000470,-18750000,3925949,4893674,4930327,0,0,0,0,0,0,0
1748635000570,-18750000,3936946,4966991,4857014,0,0,0,0,0,0,0
1748635000670,-18750000,3918617,5131946,4802028,0,0,0,0,0,0,0
1748635000770,-18750000,3907620,5021973,4765372,0,0,0,0,0,0,0
1748635000870,-18750000,3914951,4985317,4783702,0,0,0,0,0,0,0
1748635000970,-18750000,3914951,4985317,4747046,0,0,0,0,0,0,0
1748635001070,-18750000,3929615,4966987,4710389,0,0,0,0,0,0,0
1748635001170,-18750000,3929615,4985317,4673733,0,0,0,0,0,0,0
1748635001270,-18750000,3944277,5003643,4747049,0,0,0,0,0,0,0
1748635001370,-18750000,3944277,4875344,4747049,0,0,0,0,0,0,0
1748635001470,-18750000,3955274,4985317,4618750,0,0,0,0,0,0,0
1748635001570,-18750000,3944278,4948657,4435465,0,0,0,0,0,0,0
1748635001670,-18750000,3951609,4802028,4252180,0,0,0,0,0,0,0
1748635001770,-18750000,3958940,4820358,4105555,0,0,0,0,0,0,0
1748635001870,-18750000,3947944,4875341,3867284,0,0,0,0,0,0,0
1748635001970,-18750000,3929615,4838681,3629013,0,0,0,0,0,0,0
1748635002070,-18750000,3892958,4728712,3445728,0,0,0,0,0,0,0
1748635002170,-18750000,3867299,4637069,3225787,0,0,0,0,0,0,0
1748635002270,-18750000,3830642,4692056,2932529,0,0,0,0,0,0,0
1748635002370,-18750000,3812313,4692056,2657602,0,0,0,0,0,0,0
1748635002470,-18750000,3760993,4545427,2657602,0,0,0,0,0,0,0
1748635002570,-18750000,3724336,4545427,2767574,0,0,0,0,0,0,0
1748635002670,-18750000,3684014,4618743,2914203,0,0,0,0,0,0,0
1748635002770,-18750000,3632694,4545431,2987515,0,0,0,0,0,0,0
1748635002870,-18750000,3607034,4490448,3170800,0,0,0,0,0,0,0
1748635002970,-18750000,3577709,4508778,3390742,0,0,0,0,0,0,0
1748635003070,-18750000,3563045,4582091,3555697,0,0,0,0,0,0,0
1748635003170,-18750000,3570376,4637077,3757308,0,0,0,0,0,0,0
1748635003270,-18750000,3559380,4545434,3867280,0,0,0,0,0,0,0
1748635003370,-18750000,3541051,4417136,4087222,0,0,0,0,0,0,0
1748635003470,-18750000,3544717,4417136,4160534,0,0,0,0,0,0,0
1748635003570,-18750000,3555715,4362153,4252173,0,0,0,0,0,0,0
1748635003670,-18750000,3570377,4307167,4307155,0,0,0,0,0,0,0
1748635003770,-18750000,3592371,4288837,4398798,0,0,0,0,0,0,0
1748635003870,-18750000,3607033,4343819,4398798,0,0,0,0,0,0,0
1748635003970,-18750000,3621696,4325489,4435454,0,0,0,0,0,0,0
1748635004070,-18750000,3636359,4252177,4362142,0,0,0,0,0,0,0
1748635004170,-18750000,3629028,4270503,4343815,0,0,0,0,0,0,0
1748635004270,-18750000,3643690,4252177,4435458,0,0,0,0,0,0,0
1748635004370,-18750000,3643690,4453792,4453788,0,0,0,0,0,0,0
1748635004470,-18750000,3640024,4453792,4435462,0,0,0,0,0,0,0
1748635004570,-18750000,3629027,4472118,4398805,0,0,0,0,0,0,0
1748635004670,-18750000,3636358,4490444,4380479,0,0,0,0,0,0,0
1748635004770,-18750000,3654687,4600417,4417135,0,0,0,0,0,0,0
1748635004870,-18750000,3651021,4582091,4490452,0,0,0,0,0,0,0
1748635004970,-18750000,3662018,4563764,4435469,0,0,0,0,0,0,0
1748635005070,-18750000,3654687,4600421,4545438,0,0,0,0,0,0,0
1748635005170,-18750000,3654687,4545438,4563764,0,0,0,0,0,0,0
1748635005270,-18750000,3647356,4472122,4600421,0,0,0,0,0,0,0
1748635005370,-18750000,3658353,4453792,4618747,0,0,0,0,0,0,0
1748635005470,-18750000,3665685,4490448,4673729,0,0,0,0,0,0,0
1748635005570,-18750000,3691345,4545434,4728716,0,0,0,0,0,0,0
1748635005670,-18750000,3687680,4582094,4692060,0,0,0,0,0,0,0
1748635005770,-18750000,3662020,4545434,4618747,0,0,0,0,0,0,0
1748635005870,-18750000,3673017,4582091,4527105,0,0,0,0,0,0,0
1748635005970,-18750000,3669352,4582091,4563761,0,0,0,0,0,0,0
1748635006070,-18750000,3680348,4618747,4563761,0,0,0,0,0,0,0
1748635006170,-18750000,3695011,4563761,4545434,0,0,0,0,0,0,0
1748635006270,-18750000,3717005,4655403,4563764,0,0,0,0,0,0,0
1748635006370,-18750000,3738998,4637073,4563764,0,0,0,0,0,0,0
1748635006470,-18750000,3757327,4673733,4563764,0,0,0,0,0,0,0
1748635006570,-18750000,3746330,4655403,4453796,0,0,0,0,0,0,0
1748635006670,-18750000,3757327,4582087,4490452,0,0,0,0,0,0,0
1748635006770,-18750000,3768324,4545431,4508778,0,0,0,0,0,0,0
1748635006870,-18750000,3760993,4508774,4527104,0,0,0,0,0,0,0
1748635006970,-18750000,3771989,4563761,4508774,0,0,0,0,0,0,0
1748635007070,-18750000,3804981,4545431,4508774,0,0,0,0,0,0,0
1748635007170,-18750000,3812312,4673729,4508774,0,0,0,0,0,0,0
1748635007270,-18750000,3808647,4692059,4417132,0,0,0,0,0,0,0
1748635007370,-18750000,3797650,4728719,4417132,0,0,0,0,0,0,0
1748635007470,-18750000,3797650,4673733,4362149,0,0,0,0,0,0,0
1748635007570,-18750000,3823310,4710393,4453788,0,0,0,0,0,0,0
1748635007670,-18750000,3819644,4747049,4453788,0,0,0,0,0,0,0
1748635007770,-18750000,3823310,4820366,4490444,0,0,0,0,0,0,0
1748635007870,-18750000,3819644,4802036,4527101,0,0,0,0,0,0,0
1748635007970,-18750000,3819644,4783706,4563757,0,0,0,0,0,0,0
1748635008070,-18750000,3797650,4783706,4527101,0,0,0,0,0,0,0
1748635008170,-18750000,3790318,4783706,4490444,0,0,0,0,0,0,0
1748635008270,-18750000,3779321,4747049,4582087,0,0,0,0,0,0,0
1748635008370,-18750000,3797649,4783706,4600417,0,0,0,0,0,0,0
1748635008470,-18750000,3808645,4857018,4692059,0,0,0,0,0,0,0
1748635008570,-18750000,3797649,4710389,4728719,0,0,0,0,0,0,0
1748635008670,-18750000,3812311,4728719,4747046,0,0,0,0,0,0,0
1748635008770,-18750000,3823308,4728719,4710389,0,0,0,0,0,0,0
1748635008870,-18750000,3852634,4783706,4673733,0,0,0,0,0,0,0
1748635008970,-18750000,3863631,4802036,4692063,0,0,0,0,0,0,0
1748635009070,-18750000,3874628,4802036,4747049,0,0,0,0,0,0,0
1748635009170,-18750000,3881959,4747049,4820362,0,0,0,0,0,0,0
1748635009270,-18750000,3903953,4838692,4765376,0,0,0,0,0,0,0
1748635009370,-18750000,3889291,4838692,4765376,0,0,0,0,0,0,0
1748635009470,-18750000,3896622,4857022,4710389,0,0,0,0,0,0,0
1748635009570,-18750000,3922282,5003651,4618747,0,0,0,0,0,0,0
1748635009670,-18750000,3911285,5003651,4582091,0,0,0,0,0,0,0
1748635009770,-18750000,3907620,4985321,4637077,0,0,0,0,0,0,0
1748635009870,-18750000,3892958,5003651,4673733,0,0,0,0,0,0,0
1748635009970,-18750000,3896624,4966991,4600421,0,0,0,0,0,0,0
1748635010070,-18750000,3900289,4930334,4563764,0,0,0,0,0,0,0
1748635010170,-18750000,3903955,4948664,4582094,0,0,0,0,0,0,0
1748635010270,-18750000,3907621,4948664,4618751,0,0,0,0,0,0,0
1748635010370,-18750000,3918618,4802036,4600421,0,0,0,0,0,0,0
1748635010470,-18750000,3922284,4765379,4637077,0,0,0,0,0,0,0
1748635010570,-18750000,3907621,4747049,4728719,0,0,0,0,0,0,0
1748635010670,-18750000,3922283,4765379,4710393,0,0,0,0,0,0,0
1748635010770,-18750000,3925949,4820366,4692063,0,0,0,0,0,0,0
1748635010870,-18750000,3922283,4747049,4673737,0,0,0,0,0,0,0
1748635010970,-18750000,3929614,4692067,4728719,0,0,0,0,0,0,0
1748635011070,-18750000,3936946,4765383,4783706,0,0,0,0,0,0,0
1748635011170,-18750000,3933280,4728727,4765376,0,0,0,0,0,0,0
1748635011270,-18750000,3925948,4710397,4765376,0,0,0,0,0,0,0
1748635011370,-18750000,3940611,4838696,4728719,0,0,0,0,0,0,0
1748635011470,-18750000,3929614,4875352,4692063,0,0,0,0,0,0,0
1748635011570,-18750000,3947942,4838696,4673733,0,0,0,0,0,0,0
1748635011670,-18750000,3951607,4747053,4747046,0,0,0,0,0,0,0
1748635011770,-18750000,3966271,4747053,4747046,0,0,0,0,0,0,0
1748635011870,-18750000,3995596,4802039,4710389,0,0,0,0,0,0,0
1748635011970,-18750000,3980933,4875352,4692063,0,0,0,0,0,0,0
1748635012070,-18750000,3988264,4912008,4637077,0,0,0,0,0,0,0
1748635012170,-18750000,3999262,4985321,4600421,0,0,0,0,0,0,0
1748635012270,-18750000,4021256,5021977,4582091,0,0,0,0,0,0,0
1748635012370,-18750000,4002927,5021977,4637077,0,0,0,0,0,0,0
1748635012470,-18750000,4032253,5003647,4527104,0,0,0,0,0,0,0
1748635012570,-18750000,4028588,4930334,4380476,0,0,0,0,0,0,0
1748635012670,-18750000,4017591,5021977,4197191,0,0,0,0,0,0,0
1748635012770,-18750000,4013925,5003647,4068892,0,0,0,0,0,0,0
1748635012870,-18750000,3984599,5076959,3940593,0,0,0,0,0,0,0
1748635012970,-18750000,3977268,5076959,3775638,0,0,0,0,0,0,0
1748635013070,-18750000,3958940,4948661,3647339,0,0,0,0,0,0,0
1748635013170,-18750000,3925949,4948661,3482384,0,0,0,0,0,0,0
1748635013270,-18750000,3881960,4893674,3244117,0,0,0,0,0,0,0
1748635013370,-18750000,3859967,4802032,3024175,0,0,0,0,0,0,0
1748635013470,-18750000,3819644,4673733,2987519,0,0,0,0,0,0,0
1748635013570,-18750000,3782987,4783702,3024179,0,0,0,0,0,0,0
1748635013670,-18750000,3779321,4692059,3097495,0,0,0,0,0,0,0
1748635013770,-18750000,3742664,4655403,3115825,0,0,0,0,0,0,0
1748635013870,-18750000,3728002,4508778,3207468,0,0,0,0,0,0,0
1748635013970,-18750000,3706008,4508778,3335767,0,0,0,0,0,0,0
1748635014070,-18750000,3687680,4508778,3464065,0,0,0,0,0,0,0
1748635014170,-18750000,3676682,4417136,3629020,0,0,0,0,0,0,0
1748635014270,-18750000,3673017,4472122,3848962,0,0,0,0,0,0,0
1748635014370,-18750000,3684014,4472122,3995590,0,0,0,0,0,0,0
1748635014470,-18750000,3669351,4545434,4160545,0,0,0,0,0,0,0
1748635014570,-18750000,3662020,4472122,4252184,0,0,0,0,0,0,0
1748635014670,-18750000,3632694,4490448,4343823,0,0,0,0,0,0,0
1748635014770,-18750000,3640025,4472118,4490452,0,0,0,0,0,0,0
1748635014870,-18750000,3629028,4490444,4563764,0,0,0,0,0,0,0
1748635014970,-18750000,3632693,4417132,4563764,0,0,0,0,0,0,0
1748635015070,-18750000,3629027,4490444,4582091,0,0,0,0,0,0,0
1748635015170,-18750000,3640024,4527101,4563761,0,0,0,0,0,0,0
1748635015270,-18750000,3647356,4435458,4545431,0,0,0,0,0,0,0
1748635015370,-18750000,3625361,4472114,4582087,0,0,0,0,0,0,0
1748635015470,-18750000,3632692,4490444,4563761,0,0,0,0,0,0,0
1748635015570,-18750000,3654686,4527101,4563761,0,0,0,0,0,0,0
1748635015670,-18750000,3658352,4545431,4545434,0,0,0,0,0,0,0
1748635015770,-18750000,3669349,4545431,4490448,0,0,0,0,0,0,0
1748635015870,-18750000,3684012,4582087,4453792,0,0,0,0,0,0,0
1748635015970,-18750000,3691344,4655399,4453792,0,0,0,0,0,0,0
1748635016070,-18750000,3691344,4600413,4435465,0,0,0,0,0,0,0
1748635016170,-18750000,3706006,4673729,4417139,0,0,0,0,0,0,0
1748635016270,-18750000,3717004,4728716,4453796,0,0,0,0,0,0,0
1748635016370,-18750000,3735332,4710389,4417139,0,0,0,0,0,0,0
1748635016470,-18750000,3742664,4728719,4472126,0,0,0,0,0,0,0
1748635016570,-18750000,3749995,4765376,4435469,0,0,0,0,0,0,0
1748635016670,-18750000,3775655,4802032,4453796,0,0,0,0,0,0,0
1748635016770,-18750000,3764658,4820362,4417139,0,0,0,0,0,0,0
1748635016870,-18750000,3782986,4893678,4435466,0,0,0,0,0,0,0
1748635016970,-18750000,3790318,4948664,4472122,0,0,0,0,0,0,0
1748635017070,-18750000,3790318,4985321,4472122,0,0,0,0,0,0,0
1748635017170,-18750000,3779320,4966991,4582091,0,0,0,0,0,0,0
1748635017270,-18750000,3771989,4930334,4618751,0,0,0,0,0,0,0
1748635017370,-18750000,3782986,4985321,4655407,0,0,0,0,0,0,0
1748635017470,-18750000,3786652,4966991,4618747,0,0,0,0,0,0,0
1748635017570,-18750000,3793983,4985321,4618747,0,0,0,0,0,0,0
1748635017670,-18750000,3801314,4985321,4673733,0,0,0,0,0,0,0
1748635017770,-18750000,3797649,5003651,4710389,0,0,0,0,0,0,0
1748635017870,-18750000,3801315,4893678,4747045,0,0,0,0,0,0,0
1748635017970,-18750000,3793984,4838692,4802032,0,0,0,0,0,0,0
1748635018070,-18750000,3826976,4802036,4838688,0,0,0,0,0,0,0
1748635018170,-18750000,3834308,4783706,4820362,0,0,0,0,0,0,0
1748635018270,-18750000,3830642,4802032,4820362,0,0,0,0,0,0,0
1748635018370,-18750000,3852635,4802032,4875348,0,0,0,0,0,0,0
1748635018470,-18750000,3848970,4820362,4912008,0,0,0,0,0,0,0
1748635018570,-18750000,3841639,4820362,4948664,0,0,0,0,0,0,0
1748635018670,-18750000,3841639,4747049,4912008,0,0,0,0,0,0,0
1748635018770,-18750000,3874630,4747049,4930335,0,0,0,0,0,0,0
1748635018870,-18750000,3867298,4783706,4930335,0,0,0,0,0,0,0
1748635018970,-18750000,3881961,4747049,4893675,0,0,0,0,0,0,0
1748635019070,-18750000,3848969,4857022,4875345,0,0,0,0,0,0,0
1748635019170,-18750000,3870963,4857022,4820358,0,0,0,0,0,0,0
1748635019270,-18750000,3892957,4857022,4802028,0,0,0,0,0,0,0
1748635019370,-18750000,3863632,4820362,4728712,0,0,0,0,0,0,0
1748635019470,-18750000,3885626,4857018,4710382,0,0,0,0,0,0,0
1748635019570,-18750000,3878294,4857018,4710382,0,0,0,0,0,0,0
1748635019670,-18750000,3878294,4912001,4692052,0,0,0,0,0,0,0
1748635019770,-18750000,3870963,4912001,4747038,0,0,0,0,0,0,0
1748635019870,-18750000,3889292,4912001,4747038,0,0,0,0,0,0,0
1748635019970,-18750000,3892957,4985313,4692056,0,0,0,0,0,0,0
1748635020070,-18750000,3925949,5021969,4710386,0,0,0,0,0,0,0
1748635020170,-18750000,3914951,5058629,4728712,0,0,0,0,0,0,0
1748635020270,-18750000,3903955,5058629,4728712,0,0,0,0,0,0,0
1748635020370,-18750000,3914951,5095289,4710386,0,0,0,0,0,0,0
1748635020470,-18750000,3914951,5058633,4692056,0,0,0,0,0,0,0
1748635020570,-18750000,3922283,4966991,4728716,0,0,0,0,0,0,0
1748635020670,-18750000,3922283,4985321,4673733,0,0,0,0,0,0,0
1748635020770,-18750000,3918617,4930334,4637077,0,0,0,0,0,0,0
1748635020870,-18750000,3925948,4985321,4655407,0,0,0,0,0,0,0
1748635020970,-18750000,3922282,4948664,4728720,0,0,0,0,0,0,0
1748635021070,-18750000,3925948,4857022,4710390,0,0,0,0,0,0,0
1748635021170,-18750000,3929614,4802036,4673733,0,0,0,0,0,0,0
1748635021270,-18750000,3969936,4783709,4673733,0,0,0,0,0,0,0
1748635021370,-18750000,3977267,4802036,4692059,0,0,0,0,0,0,0
1748635021470,-18750000,3991930,4728719,4563761,0,0,0,0,0,0,0
1748635021570,-18750000,3995596,4802032,4380476,0,0,0,0,0,0,0
1748635021670,-18750000,3988264,4820362,4288833,0,0,0,0,0,0,0
1748635021770,-18750000,4002928,4820362,4087222,0,0,0,0,0,0,0
1748635021870,-18750000,3973602,4783706,3867281,0,0,0,0,0,0,0
1748635021970,-18750000,3969936,4765376,3610683,0,0,0,0,0,0,0
1748635022070,-18750000,3925948,4728719,3354086,0,0,0,0,0,0,0
1748635022170,-18750000,3896622,4673733,3152474,0,0,0,0,0,0,0
1748635022270,-18750000,3826974,4655403,2914203,0,0,0,0,0,0,0
1748635022370,-18750000,3804980,4618747,2712592,0,0,0,0,0,0,0
1748635022470,-18750000,3757327,4637077,2694266,0,0,0,0,0,0,0
1748635022570,-18750000,3731667,4527108,2804234,0,0,0,0,0,0,0
1748635022670,-18750000,3698676,4453792,2877547,0,0,0,0,0,0,0
1748635022770,-18750000,3658353,4472118,2932529,0,0,0,0,0,0,0
1748635022870,-18750000,3625362,4325489,3060828,0,0,0,0,0,0,0
1748635022970,-18750000,3596037,4307163,3262439,0,0,0,0,0,0,0
1748635023070,-18750000,3592372,4288833,3482381,0,0,0,0,0,0,0
1748635023170,-18750000,3588707,4343819,3702322,0,0,0,0,0,0,0
1748635023270,-18750000,3603369,4325493,3867281,0,0,0,0,0,0,0
1748635023370,-18750000,3581375,4288837,4105548,0,0,0,0,0,0,0
1748635023470,-18750000,3577709,4233850,4197191,0,0,0,0,0,0,0
1748635023570,-18750000,3574043,4288833,4233847,0,0,0,0,0,0,0
1748635023670,-18750000,3566711,4288833,4252177,0,0,0,0,0,0,0
1748635023770,-18750000,3574042,4252177,4380476,0,0,0,0,0,0,0
1748635023870,-18750000,3585040,4270507,4398806,0,0,0,0,0,0,0
1748635023970,-18750000,3592371,4252177,4380479,0,0,0,0,0,0,0
1748635024070,-18750000,3592371,4325493,4417136,0,0,0,0,0,0,0
1748635024170,-18750000,3581374,4252180,4417136,0,0,0,0,0,0,0
1748635024270,-18750000,3588706,4252180,4490448,0,0,0,0,0,0,0
1748635024370,-18750000,3603369,4233850,4453792,0,0,0,0,0,0,0
1748635024470,-18750000,3596038,4343823,4417136,0,0,0,0,0,0,0
1748635024570,-18750000,3607035,4398809,4380479,0,0,0,0,0,0,0
1748635024670,-18750000,3651023,4380483,4398806,0,0,0,0,0,0,0
1748635024770,-18750000,3662021,4435469,4398806,0,0,0,0,0,0,0
1748635024870,-18750000,3676683,4527112,4453788,0,0,0,0,0,0,0
1748635024970,-18750000,3673017,4453799,4508771,0,0,0,0,0,0,0
1748635025070,-18750000,3684014,4435469,4453788,0,0,0,0,0,0,0
1748635025170,-18750000,3709673,4490452,4417132,0,0,0,0,0,0,0
1748635025270,-18750000,3687679,4545434,4398802,0,0,0,0,0,0,0
1748635025370,-18750000,3695010,4563764,4380476,0,0,0,0,0,0,0
1748635025470,-18750000,3720670,4563764,4435458,0,0,0,0,0,0,0
1748635025570,-18750000,3709673,4508778,4398802,0,0,0,0,0,0,0
1748635025670,-18750000,3691344,4545434,4398802,0,0,0,0,0,0,0
1748635025770,-18750000,3684013,4545434,4343819,0,0,0,0,0,0,0
1748635025870,-18750000,3687679,4600421,4362149,0,0,0,0,0,0,0
1748635025970,-18750000,3698676,4692063,4380479,0,0,0,0,0,0,0
1748635026070,-18750000,3702342,4673733,4435462,0,0,0,0,0,0,0
1748635026170,-18750000,3717004,4673733,4508774,0,0,0,0,0,0,0
1748635026270,-18750000,3735333,4692063,4490448,0,0,0,0,0,0,0
1748635026370,-18750000,3735333,4692063,4527104,0,0,0,0,0,0,0
1748635026470,-18750000,3709673,4582091,4545434,0,0,0,0,0,0,0
1748635026570,-18750000,3724336,4655407,4582091,0,0,0,0,0,0,0
1748635026670,-18750000,3731668,4600421,4563764,0,0,0,0,0,0,0
1748635026770,-18750000,3724336,4618751,4582091,0,0,0,0,0,0,0
1748635026870,-18750000,3717004,4618751,4508778,0,0,0,0,0,0,0
1748635026970,-18750000,3720670,4582094,4453792,0,0,0,0,0,0,0
1748635027070,-18750000,3738999,4618754,4417135,0,0,0,0,0,0,0
1748635027170,-18750000,3720670,4637084,4362149,0,0,0,0,0,0,0
1748635027270,-18750000,3735333,4600428,4380475,0,0,0,0,0,0,0
1748635027370,-18750000,3738999,4637084,4417132,0,0,0,0,0,0,0
1748635027470,-18750000,3760993,4692071,4435458,0,0,0,0,0,0,0
1748635027570,-18750000,3779321,4637084,4490444,0,0,0,0,0,0,0
1748635027670,-18750000,3779321,4728727,4527101,0,0,0,0,0,0,0
1748635027770,-18750000,3782986,4692067,4545431,0,0,0,0,0,0,0
1748635027870,-18750000,3782986,4673737,4655399,0,0,0,0,0,0,0
1748635027970,-18750000,3771989,4673737,4673729,0,0,0,0,0,0,0
1748635028070,-18750000,3768323,4618751,4747046,0,0,0,0,0,0,0
1748635028170,-18750000,3797649,4673737,4710389,0,0,0,0,0,0,0
1748635028270,-18750000,3790318,4710393,4728719,0,0,0,0,0,0,0
1748635028370,-18750000,3801314,4673737,4728719,0,0,0,0,0,0,0
1748635028470,-18750000,3793982,4765379,4710393,0,0,0,0,0,0,0
1748635028570,-18750000,3786651,4802036,4692063,0,0,0,0,0,0,0
1748635028670,-18750000,3804979,4747049,4655407,0,0,0,0,0,0,0
1748635028770,-18750000,3823308,4710393,4655407,0,0,0,0,0,0,0
1748635028870,-18750000,3841636,4692063,4563764,0,0,0,0,0,0,0
1748635028970,-18750000,3874627,4747046,4582091,0,0,0,0,0,0,0
1748635029070,-18750000,3881959,4802032,4527104,0,0,0,0,0,0,0
1748635029170,-18750000,3881959,4783702,4600417,0,0,0,0,0,0,0
1748635029270,-18750000,3900287,4710389,4563761,0,0,0,0,0,0,0
1748635029370,-18750000,3889291,4802032,4563761,0,0,0,0,0,0,0
1748635029470,-18750000,3907619,4765376,4582087,0,0,0,0,0,0,0
1748635029570,-18750000,3914951,4637077,4563761,0,0,0,0,0,0,0
1748635029670,-18750000,3907619,4673733,4618743,0,0,0,0,0,0,0
1748635029770,-18750000,3925948,4655407,4673729,0,0,0,0,0,0,0
1748635029870,-18750000,3918617,4545438,4673729,0,0,0,0,0,0,0
1748635029970,-18750000,3903954,4563768,4692059,0,0,0,0,0,0,0
1748635030070,-18750000,3914951,4527108,4692059,0,0,0,0,0,0,0
1748635030170,-18750000,3896623,4545438,4710389,0,0,0,0,0,0,0
1748635030270,-18750000,3892957,4710393,4710389,0,0,0,0,0,0,0
1748635030370,-18750000,3907619,4600421,4728719,0,0,0,0,0,0,0
1748635030470,-18750000,3922283,4527104,4692063,0,0,0,0,0,0,0
1748635030570,-18750000,3918617,4618747,4710389,0,0,0,0,0,0,0
1748635030670,-18750000,3929614,4618747,4710389,0,0,0,0,0,0,0
1748635030770,-18750000,3918617,4655403,4710389,0,0,0,0,0,0,0
1748635030870,-18750000,3936945,4783702,4765376,0,0,0,0,0,0,0
1748635030970,-18750000,3947942,4765372,4728719,0,0,0,0,0,0,0
1748635031070,-18750000,3933279,4710389,4783706,0,0,0,0,0,0,0
1748635031170,-18750000,3947942,4673729,4765376,0,0,0,0,0,0,0
1748635031270,-18750000,3962605,4582087,4783702,0,0,0,0,0,0,0
1748635031370,-18750000,3969936,4563761,4710386,0,0,0,0,0,0,0
1748635031470,-18750000,3973601,4618747,4637073,0,0,0,0,0,0,0
1748635031570,-18750000,3977267,4637073,4453792,0,0,0,0,0,0,0
1748635031670,-18750000,3977267,4673733,4307167,0,0,0,0,0,0,0
1748635031770,-18750000,3962604,4637077,4123882,0,0,0,0,0,0,0
1748635031870,-18750000,3951607,4618747,3940597,0,0,0,0,0,0,0
1748635031970,-18750000,3951607,4582091,3738982,0,0,0,0,0,0,0
1748635032070,-18750000,3933278,4673733,3482381,0,0,0,0,0,0,0
1748635032170,-18750000,3918616,4618751,3299099,0,0,0,0,0,0,0
1748635032270,-18750000,3878293,4563764,3079158,0,0,0,0,0,0,0
1748635032370,-18750000,3826973,4600421,2895873,0,0,0,0,0,0,0
1748635032470,-18750000,3797648,4563764,2914203,0,0,0,0,0,0,0
1748635032570,-18750000,3753660,4563764,3060828,0,0,0,0,0,0,0
1748635032670,-18750000,3724335,4490448,3152470,0,0,0,0,0,0,0
1748635032770,-18750000,3720670,4490448,3280769,0,0,0,0,0,0,0
1748635032870,-18750000,3684013,4490448,3445724,0,0,0,0,0,0,0
1748635032970,-18750000,3647356,4545434,3574027,0,0,0,0,0,0,0
1748635033070,-18750000,3636359,4472118,3775642,0,0,0,0,0,0,0
1748635033170,-18750000,3599702,4472118,3903940,0,0,0,0,0,0,0
1748635033270,-18750000,3599702,4472118,4032243,0,0,0,0,0,0,0
1748635033370,-18750000,3607033,4508774,4252184,0,0,0,0,0,0,0
1748635033470,-18750000,3577708,4508774,4307167,0,0,0,0,0,0,0
1748635033570,-18750000,3563045,4508774,4270511,0,0,0,0,0,0,0
1748635033670,-18750000,3537385,4527104,4307167,0,0,0,0,0,0,0
1748635033770,-18750000,3504394,4527104,4270511,0,0,0,0,0,0,0
1748635033870,-18750000,3522722,4472122,4215528,0,0,0,0,0,0,0
1748635033970,-18750000,3526388,4380479,4252184,0,0,0,0,0,0,0
1748635034070,-18750000,3533719,4380479,4270511,0,0,0,0,0,0,0
1748635034170,-18750000,3552047,4380479,4325493,0,0,0,0,0,0,0
1748635034270,-18750000,3548382,4343823,4362149,0,0,0,0,0,0,0
1748635034370,-18750000,3559379,4343823,4343823,0,0,0,0,0,0,0
1748635034470,-18750000,3577708,4325493,4362153,0,0,0,0,0,0,0
1748635034570,-18750000,3596036,4307167,4380483,0,0,0,0,0,0,0
1748635034670,-18750000,3618030,4343823,4398809,0,0,0,0,0,0,0
1748635034770,-18750000,3632693,4398806,4453792,0,0,0,0,0,0,0
1748635034870,-18750000,3636359,4435462,4527104,0,0,0,0,0,0,0
1748635034970,-18750000,3636359,4490448,4600417,0,0,0,0,0,0,0
1748635035070,-18750000,3640025,4600421,4600417,0,0,0,0,0,0,0
1748635035170,-18750000,3640025,4637077,4600417,0,0,0,0,0,0,0
1748635035270,-18750000,3643691,4673733,4618743,0,0,0,0,0,0,0
1748635035370,-18750000,3643691,4637077,4618743,0,0,0,0,0,0,0
1748635035470,-18750000,3640025,4655407,4600413,0,0,0,0,0,0,0
1748635035570,-18750000,3669350,4618750,4600413,0,0,0,0,0,0,0
1748635035670,-18750000,3673016,4600420,4582087,0,0,0,0,0,0,0
1748635035770,-18750000,3691345,4490452,4563761,0,0,0,0,0,0,0
1748635035870,-18750000,3676682,4453795,4508774,0,0,0,0,0,0,0
1748635035970,-18750000,3673017,4380483,4453788,0,0,0,0,0,0,0
1748635036070,-18750000,3676683,4325497,4435462,0,0,0,0,0,0,0
1748635036170,-18750000,3680349,4343823,4435462,0,0,0,0,0,0,0
1748635036270,-18750000,3698678,4380479,4453792,0,0,0,0,0,0,0
1748635036370,-18750000,3713340,4380479,4508778,0,0,0,0,0,0,0
1748635036470,-18750000,3728003,4362149,4453795,0,0,0,0,0,0,0
1748635036570,-18750000,3720672,4343819,4472122,0,0,0,0,0,0,0
1748635036670,-18750000,3735334,4417136,4545434,0,0,0,0,0,0,0
1748635036770,-18750000,3746331,4472122,4527104,0,0,0,0,0,0,0
1748635036870,-18750000,3760993,4508778,4527104,0,0,0,0,0,0,0
1748635036970,-18750000,3771990,4600417,4545434,0,0,0,0,0,0,0
1748635037070,-18750000,3775655,4582087,4563760,0,0,0,0,0,0,0
1748635037170,-18750000,3790318,4582087,4527104,0,0,0,0,0,0,0
1748635037270,-18750000,3779321,4655403,4563760,0,0,0,0,0,0,0
1748635037370,-18750000,3768324,4692059,4563760,0,0,0,0,0,0,0
1748635037470,-18750000,3768324,4747046,4655399,0,0,0,0,0,0,0
1748635037570,-18750000,3775655,4747046,4655399,0,0,0,0,0,0,0
1748635037670,-18750000,3764658,4637073,4655399,0,0,0,0,0,0,0
1748635037770,-18750000,3746329,4710386,4637073,0,0,0,0,0,0,0
1748635037870,-18750000,3753661,4747042,4673729,0,0,0,0,0,0,0
1748635037970,-18750000,3760993,4728716,4710386,0,0,0,0,0,0,0
1748635038070,-18750000,3771990,4710389,4692059,0,0,0,0,0,0,0
1748635038170,-18750000,3771990,4673733,4728716,0,0,0,0,0,0,0
1748635038270,-18750000,3786652,4508778,4692059,0,0,0,0,0,0,0
1748635038370,-18750000,3779321,4563764,4655399,0,0,0,0,0,0,0
1748635038470,-18750000,3790318,4563764,4673729,0,0,0,0,0,0,0
1748635038570,-18750000,3775654,4582094,4673729,0,0,0,0,0,0,0
1748635038670,-18750000,3804980,4655411,4563761,0,0,0,0,0,0,0
1748635038770,-18750000,3819644,4600424,4637073,0,0,0,0,0,0,0
1748635038870,-18750000,3830641,4600424,4600417,0,0,0,0,0,0,0
1748635038970,-18750000,3834306,4673737,4563761,0,0,0,0,0,0,0
1748635039070,-18750000,3826975,4765379,4563761,0,0,0,0,0,0,0
1748635039170,-18750000,3826975,4765379,4527104,0,0,0,0,0,0,0
1748635039270,-18750000,3830640,4857018,4527104,0,0,0,0,0,0,0
1748635039370,-18750000,3856300,4820362,4527104,0,0,0,0,0,0,0
1748635039470,-18750000,3848969,4765376,4490448,0,0,0,0,0,0,0
1748635039570,-18750000,3859966,4875344,4490448,0,0,0,0,0,0,0
1748635039670,-18750000,3841637,4728715,4545430,0,0,0,0,0,0,0
1748635039770,-18750000,3837971,4783702,4527100,0,0,0,0,0,0,0
1748635039870,-18750000,3837971,4783702,4527100,0,0,0,0,0,0,0
1748635039970,-18750000,3867297,4765376,4545427,0,0,0,0,0,0,0
1748635040070,-18750000,3870962,4710389,4563753,0,0,0,0,0,0,0
1748635040170,-18750000,3881960,4673733,4600409,0,0,0,0,0,0,0
1748635040270,-18750000,3870963,4655407,4582079,0,0,0,0,0,0,0
1748635040370,-18750000,3878294,4655407,4582079,0,0,0,0,0,0,0
1748635040470,-18750000,3881960,4710393,4563749,0,0,0,0,0,0,0
1748635040570,-18750000,3889292,4582094,4545423,0,0,0,0,0,0,0
1748635040670,-18750000,3918617,4747049,4545423,0,0,0,0,0,0,0
1748635040770,-18750000,3944277,4747049,4545423,0,0,0,0,0,0,0
1748635040870,-18750000,3958939,4747049,4563753,0,0,0,0,0,0,0
1748635040970,-18750000,3951608,4765376,4545427,0,0,0,0,0,0,0
1748635041070,-18750000,3958940,4838688,4563757,0,0,0,0,0,0,0
1748635041170,-18750000,3980933,4948661,4545431,0,0,0,0,0,0,0
1748635041270,-18750000,3991930,5021973,4527104,0,0,0,0,0,0,0
1748635041370,-18750000,3991930,5021973,4508778,0,0,0,0,0,0,0
1748635041470,-18750000,3995595,5003643,4527108,0,0,0,0,0,0,0
1748635041570,-18750000,4002926,5058629,4600421,0,0,0,0,0,0,0
1748635041670,-18750000,3980932,5021973,4618751,0,0,0,0,0,0,0
1748635041770,-18750000,3966269,5040303,4600424,0,0,0,0,0,0,0
1748635041870,-18750000,3966269,5003647,4618751,0,0,0,0,0,0,0
1748635041970,-18750000,3947941,4985321,4673737,0,0,0,0,0,0,0
1748635042070,-18750000,3929613,4912008,4637081,0,0,0,0,0,0,0
1748635042170,-18750000,3936945,4820366,4600424,0,0,0,0,0,0,0
1748635042270,-18750000,3944277,4802039,4673737,0,0,0,0,0,0,0
1748635042370,-18750000,3940612,4765379,4692063,0,0,0,0,0,0,0
1748635042470,-18750000,3951609,4710397,4582091,0,0,0,0,0,0,0
1748635042570,-18750000,3933281,4710397,4380479,0,0,0,0,0,0,0
1748635042670,-18750000,3951610,4692067,4123882,0,0,0,0,0,0,0
1748635042770,-18750000,3955275,4600424,3867284,0,0,0,0,0,0,0
1748635042870,-18750000,3925950,4618751,3574031,0,0,0,0,0,0,0
1748635042970,-18750000,3918619,4490452,3170804,0,0,0,0,0,0,0
1748635043070,-18750000,3918619,4508782,2840891,0,0,0,0,0,0,0
1748635043170,-18750000,3859967,4563764,2492651,0,0,0,0,0,0,0
1748635043270,-18750000,3815979,4435466,2107754,0,0,0,0,0,0,0
1748635043370,-18750000,3790319,4472126,1667872,0,0,0,0,0,0,0
1748635043470,-18750000,3753662,4527108,1521247,0,0,0,0,0,0,0
1748635043570,-18750000,3717005,4545434,1576229,0,0,0,0,0,0,0
1748635043670,-18750000,3651023,4527108,1649542,0,0,0,0,0,0,0
1748635043770,-18750000,3603370,4563764,1832827,0,0,0,0,0,0,0
1748635043870,-18750000,3563047,4508782,1997782,0,0,0,0,0,0,0
1748635043970,-18750000,3533721,4563764,2309366,0,0,0,0,0,0,0
1748635044070,-18750000,3508061,4508778,2565967,0,0,0,0,0,0,0
1748635044170,-18750000,3478736,4435466,2895877,0,0,0,0,0,0,0
1748635044270,-18750000,3471404,4435466,3262443,0,0,0,0,0,0,0
1748635044370,-18750000,3431081,4380479,3647343,0,0,0,0,0,0,0
1748635044470,-18750000,3420083,4380479,3940597,0,0,0,0,0,0,0
1748635044570,-18750000,3412752,4325497,4013913,0,0,0,0,0,0,0
1748635044670,-18750000,3409086,4270511,4068899,0,0,0,0,0,0,0
1748635044770,-18750000,3405420,4270511,4087226,0,0,0,0,0,0,0
1748635044870,-18750000,3401755,4307167,4123886,0,0,0,0,0,0,0
1748635044970,-18750000,3401755,4215524,4123886,0,0,0,0,0,0,0
1748635045070,-18750000,3409087,4123882,4197198,0,0,0,0,0,0,0
1748635045170,-18750000,3431081,4160538,4270511,0,0,0,0,0,0,0
1748635045270,-18750000,3423749,4178864,4233854,0,0,0,0,0,0,0
1748635045370,-18750000,3442078,4123878,4270511,0,0,0,0,0,0,0
1748635045470,-18750000,3434747,4068896,4215524,0,0,0,0,0,0,0
1748635045570,-18750000,3449409,3977253,4270507,0,0,0,0,0,0,0
1748635045670,-18750000,3445744,3958927,4380476,0,0,0,0,0,0,0
1748635045770,-18750000,3475070,3922271,4453788,0,0,0,0,0,0,0
1748635045870,-18750000,3508061,3903941,4490444,0,0,0,0,0,0,0
1748635045970,-18750000,3511726,3977257,4508771,0,0,0,0,0,0,0
1748635046070,-18750000,3508060,3958927,4545427,0,0,0,0,0,0,0
1748635046170,-18750000,3497063,3995583,4490444,0,0,0,0,0,0,0
1748635046270,-18750000,3519057,3940597,4472118,0,0,0,0,0,0,0
1748635046370,-18750000,3533720,4013909,4472118,0,0,0,0,0,0,0
1748635046470,-18750000,3541052,4013909,4472118,0,0,0,0,0,0,0
1748635046570,-18750000,3544717,4178864,4417136,0,0,0,0,0,0,0
1748635046670,-18750000,3570376,4288833,4380479,0,0,0,0,0,0,0
1748635046770,-18750000,3563045,4325489,4343823,0,0,0,0,0,0,0
1748635046870,-18750000,3563045,4288833,4362149,0,0,0,0,0,0,0
1748635046970,-18750000,3563045,4325489,4398806,0,0,0,0,0,0,0
1748635047070,-18750000,3559379,4453788,4307163,0,0,0,0,0,0,0
1748635047170,-18750000,3555714,4362149,4362146,0,0,0,0,0,0,0
1748635047270,-18750000,3544717,4398809,4380472,0,0,0,0,0,0,0
1748635047370,-18750000,3555713,4417139,4417128,0,0,0,0,0,0,0
1748635047470,-18750000,3552048,4472122,4453784,0,0,0,0,0,0,0
1748635047570,-18750000,3577708,4472122,4472111,0,0,0,0,0,0,0
1748635047670,-18750000,3588705,4398809,4472111,0,0,0,0,0,0,0
1748635047770,-18750000,3581374,4398809,4472111,0,0,0,0,0,0,0
1748635047870,-18750000,3585039,4472122,4453784,0,0,0,0,0,0,0
1748635047970,-18750000,3599702,4417136,4472114,0,0,0,0,0,0,0
1748635048070,-18750000,3618031,4398809,4508771,0,0,0,0,0,0,0
1748635048170,-18750000,3647356,4508778,4490444,0,0,0,0,0,0,0
1748635048270,-18750000,3643690,4600417,4527101,0,0,0,0,0,0,0
1748635048370,-18750000,3643690,4582087,4472114,0,0,0,0,0,0,0
1748635048470,-18750000,3665683,4618747,4472114,0,0,0,0,0,0,0
1748635048570,-18750000,3669349,4600417,4527101,0,0,0,0,0,0,0
1748635048670,-18750000,3665683,4710386,4582087,0,0,0,0,0,0,0
1748635048770,-18750000,3684012,4692056,4618743,0,0,0,0,0,0,0
1748635048870,-18750000,3684012,4747042,4618743,0,0,0,0,0,0,0
1748635048970,-18750000,3691343,4802028,4600413,0,0,0,0,0,0,0
1748635049070,-18750000,3698675,4820354,4582087,0,0,0,0,0,0,0
1748635049170,-18750000,3713338,4783698,4563757,0,0,0,0,0,0,0
1748635049270,-18750000,3742664,4802028,4563757,0,0,0,0,0,0,0
1748635049370,-18750000,3746330,4765372,4582087,0,0,0,0,0,0,0
1748635049470,-18750000,3742665,4747042,4600417,0,0,0,0,0,0,0
1748635049570,-18750000,3749996,4728715,4582087,0,0,0,0,0,0,0
1748635049670,-18750000,3764659,4655403,4527101,0,0,0,0,0,0,0
1748635049770,-18750000,3764659,4710389,4527101,0,0,0,0,0,0,0
1748635049870,-18750000,3771991,4637077,4600413,0,0,0,0,0,0,0
1748635049970,-18750000,3786653,4637077,4600413,0,0,0,0,0,0,0
1748635050070,-18750000,3782987,4637077,4600413,0,0,0,0,0,0,0
1748635050170,-18750000,3764659,4655403,4582087,0,0,0,0,0,0,0
1748635050270,-18750000,3746330,4637073,4527104,0,0,0,0,0,0,0
1748635050370,-18750000,3757328,4637073,4563761,0,0,0,0,0,0,0
1748635050470,-18750000,3768325,4582087,4545431,0,0,0,0,0,0,0
1748635050570,-18750000,3757328,4508774,4545431,0,0,0,0,0,0,0
1748635050670,-18750000,3764659,4527101,4600417,0,0,0,0,0,0,0
1748635050770,-18750000,3779322,4508771,4563761,0,0,0,0,0,0,0
1748635050870,-18750000,3771990,4472114,4508774,0,0,0,0,0,0,0
1748635050970,-18750000,3753661,4472114,4472118,0,0,0,0,0,0,0
1748635051070,-18750000,3775655,4453788,4508774,0,0,0,0,0,0,0
1748635051170,-18750000,3779320,4453788,4563757,0,0,0,0,0,0,0
1748635051270,-18750000,3790318,4435462,4655399,0,0,0,0,0,0,0
1748635051370,-18750000,3801314,4417136,4618743,0,0,0,0,0,0,0
1748635051470,-18750000,3812311,4362153,4618743,0,0,0,0,0,0,0
1748635051570,-18750000,3804979,4490452,4582087,0,0,0,0,0,0,0
1748635051670,-18750000,3808645,4472126,4582087,0,0,0,0,0,0,0
1748635051770,-18750000,3793982,4453799,4600417,0,0,0,0,0,0,0
1748635051870,-18750000,3812311,4527112,4655403,0,0,0,0,0,0,0
1748635051970,-18750000,3819643,4582098,4655403,0,0,0,0,0,0,0
1748635052070,-18750000,3815977,4637084,4673729,0,0,0,0,0,0,0
1748635052170,-18750000,3819643,4673744,4692059,0,0,0,0,0,0,0
1748635052270,-18750000,3834306,4655414,4673729,0,0,0,0,0,0,0
1748635052370,-18750000,3834306,4710397,4692056,0,0,0,0,0,0,0
1748635052470,-18750000,3826975,4747053,4637073,0,0,0,0,0,0,0
1748635052570,-18750000,3830641,4710393,4673729,0,0,0,0,0,0,0
1748635052670,-18750000,3823309,4692063,4655399,0,0,0,0,0,0,0
1748635052770,-18750000,3823309,4802032,4655399,0,0,0,0,0,0,0
1748635052870,-18750000,3830641,4747046,4600413,0,0,0,0,0,0,0
1748635052970,-18750000,3848969,4692059,4618743,0,0,0,0,0,0,0
1748635053070,-18750000,3837971,4673729,4655403,0,0,0,0,0,0,0
1748635053170,-18750000,3859965,4655399,4582091,0,0,0,0,0,0,0
1748635053270,-18750000,3852634,4692056,4563761,0,0,0,0,0,0,0
1748635053370,-18750000,3859966,4637073,4600421,0,0,0,0,0,0,0
1748635053470,-18750000,3856301,4692056,4637077,0,0,0,0,0,0,0
1748635053570,-18750000,3867298,4710386,4673737,0,0,0,0,0,0,0
1748635053670,-18750000,3881960,4783702,4673737,0,0,0,0,0,0,0
1748635053770,-18750000,3900288,4710389,4728723,0,0,0,0,0,0,0
1748635053870,-18750000,3900288,4692063,4765379,0,0,0,0,0,0,0
1748635053970,-18750000,3907620,4673733,4765379,0,0,0,0,0,0,0
1748635054070,-18750000,3922283,4673733,4765379,0,0,0,0,0,0,0
1748635054170,-18750000,3933280,4655403,4857022,0,0,0,0,0,0,0
1748635054270,-18750000,3936946,4655403,4838696,0,0,0,0,0,0,0
1748635054370,-18750000,3929614,4710386,4802036,0,0,0,0,0,0,0
1748635054470,-18750000,3958939,4692059,4802036,0,0,0,0,0,0,0
1748635054570,-18750000,3977267,4600417,4747049,0,0,0,0,0,0,0
1748635054670,-18750000,3977267,4563757,4802036,0,0,0,0,0,0,0
1748635054770,-18750000,3973602,4545427,4820362,0,0,0,0,0,0,0
1748635054870,-18750000,3958940,4582083,4802035,0,0,0,0,0,0,0
1748635054970,-18750000,3944276,4655399,4820362,0,0,0,0,0,0,0
1748635055070,-18750000,3936945,4692056,4765375,0,0,0,0,0,0,0
1748635055170,-18750000,3940611,4655399,4728715,0,0,0,0,0,0,0
1748635055270,-18750000,3958940,4673729,4747042,0,0,0,0,0,0,0
1748635055370,-18750000,3947943,4637073,4802028,0,0,0,0,0,0,0
1748635055470,-18750000,3925949,4728716,4710385,0,0,0,0,0,0,0
1748635055570,-18750000,3922283,4747046,4545430,0,0,0,0,0,0,0
1748635055670,-18750000,3907621,4765376,4270503,0,0,0,0,0,0,0
1748635055770,-18750000,3900290,4802036,3922263,0,0,0,0,0,0,0
1748635055870,-18750000,3896624,4838692,3592349,0,0,0,0,0,0,0
1748635055970,-18750000,3881962,4820362,3207453,0,0,0,0,0,0,0
1748635056070,-18750000,3848971,4747049,2877539,0,0,0,0,0,0,0
1748635056170,-18750000,3804983,4802036,2474317,0,0,0,0,0,0,0
1748635056270,-18750000,3760994,4728723,2107750,0,0,0,0,0,0,0
1748635056370,-18750000,3724337,4747053,1686198,0,0,0,0,0,0,0
1748635056470,-18750000,3691346,4655411,1576225,0,0,0,0,0,0,0
1748635056570,-18750000,3640026,4655411,1539565,0,0,0,0,0,0,0
1748635056670,-18750000,3607034,4637081,1631208,0,0,0,0,0,0,0
1748635056770,-18750000,3577708,4545438,1777837,0,0,0,0,0,0,0
1748635056870,-18750000,3533720,4490452,2034438,0,0,0,0,0,0,0
1748635056970,-18750000,3508061,4435466,2364352,0,0,0,0,0,0,0
1748635057070,-18750000,3500729,4435466,2584293,0,0,0,0,0,0,0
1748635057170,-18750000,3475070,4380479,2950859,0,0,0,0,0,0,0
1748635057270,-18750000,3456741,4380479,3262443,0,0,0,0,0,0,0
1748635057370,-18750000,3434747,4343823,3519040,0,0,0,0,0,0,0
1748635057470,-18750000,3427415,4325493,3683999,0,0,0,0,0,0,0
1748635057570,-18750000,3401756,4307163,3903941,0,0,0,0,0,0,0
1748635057670,-18750000,3405422,4307163,3977257,0,0,0,0,0,0,0
1748635057770,-18750000,3398090,4307163,4087226,0,0,0,0,0,0,0
1748635057870,-18750000,3398090,4343819,4123882,0,0,0,0,0,0,0
1748635057970,-18750000,3398090,4362149,4123882,0,0,0,0,0,0,0
1748635058070,-18750000,3387093,4325493,4178868,0,0,0,0,0,0,0
1748635058170,-18750000,3390758,4362149,4123886,0,0,0,0,0,0,0
1748635058270,-18750000,3401755,4398806,4160542,0,0,0,0,0,0,0
1748635058370,-18750000,3431081,4398806,4178872,0,0,0,0,0,0,0
1748635058470,-18750000,3431081,4398806,4123886,0,0,0,0,0,0,0
1748635058570,-18750000,3464072,4417136,4068903,0,0,0,0,0,0,0
1748635058670,-18750000,3453074,4325497,4087229,0,0,0,0,0,0,0
1748635058770,-18750000,3453074,4343823,4032247,0,0,0,0,0,0,0
1748635058870,-18750000,3460406,4288841,4105559,0,0,0,0,0,0,0
1748635058970,-18750000,3471403,4307167,4178872,0,0,0,0,0,0,0
1748635059070,-18750000,3478734,4325493,4215528,0,0,0,0,0,0,0
1748635059170,-18750000,3478734,4307167,4252184,0,0,0,0,0,0,0
1748635059270,-18750000,3486066,4307167,4270511,0,0,0,0,0,0,0
1748635059370,-18750000,3493397,4435465,4343823,0,0,0,0,0,0,0
1748635059470,-18750000,3500729,4435465,4417136,0,0,0,0,0,0,0
1748635059570,-18750000,3500729,4472122,4435462,0,0,0,0,0,0,0
1748635059670,-18750000,3508060,4600420,4453792,0,0,0,0,0,0,0
1748635059770,-18750000,3530053,4582094,4545431,0,0,0,0,0,0,0
1748635059870,-18750000,3563044,4600420,4545431,0,0,0,0,0,0,0
1748635059970,-18750000,3555712,4582094,4472118,0,0,0,0,0,0,0
1748635060070,-18750000,3577707,4582094,4545434,0,0,0,0,0,0,0
1748635060170,-18750000,3596035,4545438,4545434,0,0,0,0,0,0,0
1748635060270,-18750000,3599701,4545438,4508778,0,0,0,0,0,0,0
1748635060370,-18750000,3588703,4472122,4435466,0,0,0,0,0,0,0
1748635060470,-18750000,3592369,4527108,4435466,0,0,0,0,0,0,0
1748635060570,-18750000,3596035,4545434,4417139,0,0,0,0,0,0,0
1748635060670,-18750000,3607033,4527104,4380483,0,0,0,0,0,0,0
1748635060770,-18750000,3585039,4490448,4288844,0,0,0,0,0,0,0
1748635060870,-18750000,3577708,4453792,4233858,0,0,0,0,0,0,0
1748635060970,-18750000,3599702,4362149,4325501,0,0,0,0,0,0,0
1748635061070,-18750000,3599702,4398806,4270514,0,0,0,0,0,0,0
1748635061170,-18750000,3610700,4417132,4270514,0,0,0,0,0,0,0
1748635061270,-18750000,3596037,4435458,4252188,0,0,0,0,0,0,0
1748635061370,-18750000,3599703,4307159,4288844,0,0,0,0,0,0,0
1748635061470,-18750000,3618032,4252173,4307174,0,0,0,0,0,0,0
1748635061570,-18750000,3629028,4233847,4380487,0,0,0,0,0,0,0
1748635061670,-18750000,3643691,4160534,4380487,0,0,0,0,0,0,0
1748635061770,-18750000,3643691,4252173,4472126,0,0,0,0,0,0,0
1748635061870,-18750000,3647356,4307159,4490456,0,0,0,0,0,0,0
1748635061970,-18750000,3636359,4325489,4435469,0,0,0,0,0,0,0
1748635062070,-18750000,3625362,4288833,4380483,0,0,0,0,0,0,0
1748635062170,-18750000,3610699,4325489,4435466,0,0,0,0,0,0,0
1748635062270,-18750000,3632693,4325489,4435466,0,0,0,0,0,0,0
1748635062370,-18750000,3651022,4453788,4453792,0,0,0,0,0,0,0
1748635062470,-18750000,3640024,4508774,4435462,0,0,0,0,0,0,0
1748635062570,-18750000,3643690,4545431,4417132,0,0,0,0,0,0,0
1748635062670,-18750000,3632693,4563757,4453788,0,0,0,0,0,0,0
1748635062770,-18750000,3669350,4582087,4472118,0,0,0,0,0,0,0
1748635062870,-18750000,3669350,4600413,4472118,0,0,0,0,0,0,0
1748635062970,-18750000,3684013,4673726,4527104,0,0,0,0,0,0,0
1748635063070,-18750000,3709673,4692056,4563761,0,0,0,0,0,0,0
1748635063170,-18750000,3720670,4710386,4545434,0,0,0,0,0,0,0
1748635063270,-18750000,3724336,4673729,4600417,0,0,0,0,0,0,0
1748635063370,-18750000,3724336,4637073,4600417,0,0,0,0,0,0,0
1748635063470,-18750000,3742664,4710386,4545434,0,0,0,0,0,0,0
1748635063570,-18750000,3742664,4618743,4508778,0,0,0,0,0,0,0
1748635063670,-18750000,3749995,4655399,4508778,0,0,0,0,0,0,0
1748635063770,-18750000,3735332,4618743,4472122,0,0,0,0,0,0,0
1748635063870,-18750000,3742664,4618743,4453792,0,0,0,0,0,0,0
1748635063970,-18750000,3738998,4637069,4380475,0,0,0,0,0,0,0
1748635064070,-18750000,3738998,4692056,4398805,0,0,0,0,0,0,0
1748635064170,-18750000,3746330,4618743,4417132,0,0,0,0,0,0,0
1748635064270,-18750000,3753661,4563761,4398805,0,0,0,0,0,0,0
1748635064370,-18750000,3779321,4600417,4398805,0,0,0,0,0,0,0
1748635064470,-18750000,3779321,4508774,4490444,0,0,0,0,0,0,0
1748635064570,-18750000,3775655,4582087,4490444,0,0,0,0,0,0,0
1748635064670,-18750000,3790318,4563761,4527100,0,0,0,0,0,0,0
1748635064770,-18750000,3812312,4600417,4508770,0,0,0,0,0,0,0
1748635064870,-18750000,3804980,4582091,4545427,0,0,0,0,0,0,0
1748635064970,-18750000,3808646,4582091,4527101,0,0,0,0,0,0,0
1748635065070,-18750000,3808646,4490448,4545427,0,0,0,0,0,0,0
1748635065170,-18750000,3823309,4582091,4545427,0,0,0,0,0,0,0
1748635065270,-18750000,3823309,4582091,4545427,0,0,0,0,0,0,0
1748635065370,-18750000,3804980,4618751,4600413,0,0,0,0,0,0,0
1748635065470,-18750000,3812311,4655411,4600413,0,0,0,0,0,0,0
1748635065570,-18750000,3823309,4563772,4618743,0,0,0,0,0,0,0
1748635065670,-18750000,3815978,4618758,4545431,0,0,0,0,0,0,0
1748635065770,-18750000,3812312,4637088,4582087,0,0,0,0,0,0,0
1748635065870,-18750000,3823309,4728731,4563761,0,0,0,0,0,0,0
1748635065970,-18750000,3815977,4728731,4618743,0,0,0,0,0,0,0
1748635066070,-18750000,3812312,4820373,4618743,0,0,0,0,0,0,0
1748635066170,-18750000,3808646,4783713,4637073,0,0,0,0,0,0,0
1748635066270,-18750000,3815977,4893682,4655399,0,0,0,0,0,0,0
1748635066370,-18750000,3819643,4765383,4673729,0,0,0,0,0,0,0
1748635066470,-18750000,3812312,4728723,4673729,0,0,0,0,0,0,0
1748635066570,-18750000,3823309,4838692,4710386,0,0,0,0,0,0,0
1748635066670,-18750000,3830640,4783706,4802028,0,0,0,0,0,0,0
1748635066770,-18750000,3830640,4728719,4857014,0,0,0,0,0,0,0
1748635066870,-18750000,3837971,4637077,4893671,0,0,0,0,0,0,0
1748635066970,-18750000,3852634,4710393,4912001,0,0,0,0,0,0,0
1748635067070,-18750000,3845302,4655407,4912001,0,0,0,0,0,0,0
1748635067170,-18750000,3863631,4765379,4912001,0,0,0,0,0,0,0
1748635067270,-18750000,3856300,4765379,4912001,0,0,0,0,0,0,0
1748635067370,-18750000,3852634,4802036,4838684,0,0,0,0,0,0,0
1748635067470,-18750000,3863631,4783709,4802028,0,0,0,0,0,0,0
1748635067570,-18750000,3870962,4783709,4857014,0,0,0,0,0,0,0
1748635067670,-18750000,3885626,4710397,4875341,0,0,0,0,0,0,0
1748635067770,-18750000,3881960,4820366,4820354,0,0,0,0,0,0,0
1748635067870,-18750000,3900289,4875352,4820354,0,0,0,0,0,0,0
1748635067970,-18750000,3896623,4857022,4783698,0,0,0,0,0,0,0
1748635068070,-18750000,3914951,4838692,4783698,0,0,0,0,0,0,0
1748635068170,-18750000,3896623,4710393,4802028,0,0,0,0,0,0,0
1748635068270,-18750000,3911285,4673737,4820358,0,0,0,0,0,0,0
1748635068370,-18750000,3907620,4765379,4857014,0,0,0,0,0,0,0
1748635068470,-18750000,3900289,4802036,4875344,0,0,0,0,0,0,0
1748635068570,-18750000,3900289,4820366,4783702,0,0,0,0,0,0,0
1748635068670,-18750000,3900289,4912004,4728716,0,0,0,0,0,0,0
1748635068770,-18750000,3903954,4857022,4765376,0,0,0,0,0,0,0
1748635068870,-18750000,3903954,4893678,4728719,0,0,0,0,0,0,0
1748635068970,-18750000,3918617,4893678,4728719,0,0,0,0,0,0,0
1748635069070,-18750000,3914951,4948664,4783706,0,0,0,0,0,0,0
1748635069170,-18750000,3918617,5058633,4728719,0,0,0,0,0,0,0
1748635069270,-18750000,3922283,5076959,4710389,0,0,0,0,0,0,0
1748635069370,-18750000,3955274,5021973,4710389,0,0,0,0,0,0,0
1748635069470,-18750000,3955274,4893674,4710389,0,0,0,0,0,0,0
1748635069570,-18750000,3947943,4838688,4765376,0,0,0,0,0,0,0
1748635069670,-18750000,3936946,4783706,4765376,0,0,0,0,0,0,0
1748635069770,-18750000,3958940,4747046,4673733,0,0,0,0,0,0,0
1748635069870,-18750000,3962606,4582091,4692059,0,0,0,0,0,0,0
1748635069970,-18750000,3973603,4582091,4673729,0,0,0,0,0,0,0
1748635070070,-18750000,4006594,4600421,4673729,0,0,0,0,0,0,0
1748635070170,-18750000,4032254,4527108,4710386,0,0,0,0,0,0,0
1748635070270,-18750000,4032254,4508782,4728716,0,0,0,0,0,0,0
1748635070370,-18750000,4035920,4600424,4765376,0,0,0,0,0,0,0
1748635070470,-18750000,4065245,4747053,4820362,0,0,0,0,0,0,0
1748635070570,-18750000,4079907,4802039,4765376,0,0,0,0,0,0,0
1748635070670,-18750000,4090904,4857022,4838692,0,0,0,0,0,0,0
1748635070770,-18750000,4083573,4893682,4857018,0,0,0,0,0,0,0
1748635070870,-18750000,4083573,5003651,4838692,0,0,0,0,0,0,0
1748635070970,-18750000,4101902,4912008,4857022,0,0,0,0,0,0,0
1748635071070,-18750000,4101902,4875348,4838696,0,0,0,0,0,0,0
1748635071170,-18750000,4090904,4820362,4802039,0,0,0,0,0,0,0
1748635071270,-18750000,4109233,4802032,4765383,0,0,0,0,0,0,0
1748635071370,-18750000,4109233,4783702,4728723,0,0,0,0,0,0,0
1748635071470,-18750000,4112899,4783702,4618750,0,0,0,0,0,0,0
1748635071570,-18750000,4120230,4802028,4453795,0,0,0,0,0,0,0
1748635071670,-18750000,4109233,4838688,4142212,0,0,0,0,0,0,0
1748635071770,-18750000,4101901,4783702,3830628,0,0,0,0,0,0,0
1748635071870,-18750000,4090904,4747045,3537371,0,0,0,0,0,0,0
1748635071970,-18750000,4050581,4747045,3225787,0,0,0,0,0,0,0
1748635072070,-18750000,4002927,4728719,2804231,0,0,0,0,0,0,0
1748635072170,-18750000,3969936,4747049,2437661,0,0,0,0,0,0,0
1748635072270,-18750000,3911285,4783705,2034434,0,0,0,0,0,0,0
1748635072370,-18750000,3863632,4673737,1667868,0,0,0,0,0,0,0
1748635072470,-18750000,3801315,4600420,1539569,0,0,0,0,0,0,0
1748635072570,-18750000,3738998,4527108,1484583,0,0,0,0,0,0,0
1748635072670,-18750000,3702341,4490448,1521239,0,0,0,0,0,0,0
1748635072770,-18750000,3673016,4508774,1741180,0,0,0,0,0,0,0
1748635072870,-18750000,3618031,4527101,1997782,0,0,0,0,0,0,0
1748635072970,-18750000,3592371,4545431,2199393,0,0,0,0,0,0,0
1748635073070,-18750000,3563046,4472118,2474320,0,0,0,0,0,0,0
1748635073170,-18750000,3563046,4453788,2767578,0,0,0,0,0,0,0
1748635073270,-18750000,3537385,4417132,3134148,0,0,0,0,0,0,0
1748635073370,-18750000,3537385,4435458,3445732,0,0,0,0,0,0,0
1748635073470,-18750000,3544717,4472114,3610687,0,0,0,0,0,0,0
1748635073570,-18750000,3555714,4417128,3793972,0,0,0,0,0,0,0
1748635073670,-18750000,3555714,4417128,3940601,0,0,0,0,0,0,0
1748635073770,-18750000,3515392,4325489,4013917,0,0,0,0,0,0,0
1748635073870,-18750000,3515392,4307163,3977261,0,0,0,0,0,0,0
1748635073970,-18750000,3511726,4270507,4050577,0,0,0,0,0,0,0
1748635074070,-18750000,3511726,4343819,4123889,0,0,0,0,0,0,0
1748635074170,-18750000,3533720,4343819,4123889,0,0,0,0,0,0,0
1748635074270,-18750000,3555714,4417132,4142216,0,0,0,0,0,0,0
1748635074370,-18750000,3555714,4417132,4160542,0,0,0,0,0,0,0
1748635074470,-18750000,3548383,4435462,4160542,0,0,0,0,0,0,0
1748635074570,-18750000,3541052,4435462,4178868,0,0,0,0,0,0,0
1748635074670,-18750000,3559380,4545434,4233850,0,0,0,0,0,0,0
1748635074770,-18750000,3570377,4563764,4252177,0,0,0,0,0,0,0
1748635074870,-18750000,3588705,4563764,4252177,0,0,0,0,0,0,0
1748635074970,-18750000,3599702,4435466,4307159,0,0,0,0,0,0,0
1748635075070,-18750000,3599702,4435466,4270503,0,0,0,0,0,0,0
1748635075170,-18750000,3603368,4362153,4288829,0,0,0,0,0,0,0
1748635075270,-18750000,3603368,4380483,4233847,0,0,0,0,0,0,0
1748635075370,-18750000,3607034,4362157,4233847,0,0,0,0,0,0,0
1748635075470,-18750000,3621696,4343827,4252177,0,0,0,0,0,0,0
1748635075570,-18750000,3632693,4362157,4252177,0,0,0,0,0,0,0
1748635075670,-18750000,3625362,4343827,4233850,0,0,0,0,0,0,0
1748635075770,-18750000,3643691,4270514,4233850,0,0,0,0,0,0,0
1748635075870,-18750000,3658353,4307170,4288837,0,0,0,0,0,0,0
1748635075970,-18750000,3654688,4343827,4343823,0,0,0,0,0,0,0
1748635076070,-18750000,3676681,4472126,4343823,0,0,0,0,0,0,0
1748635076170,-18750000,3673015,4545438,4472122,0,0,0,0,0,0,0
1748635076270,-18750000,3684013,4472126,4472122,0,0,0,0,0,0,0
1748635076370,-18750000,3676681,4453796,4527104,0,0,0,0,0,0,0
1748635076470,-18750000,3665684,4508782,4508778,0,0,0,0,0,0,0
1748635076570,-18750000,3654687,4490452,4508778,0,0,0,0,0,0,0
1748635076670,-18750000,3651021,4417139,4490448,0,0,0,0,0,0,0
1748635076770,-18750000,3647356,4527108,4527104,0,0,0,0,0,0,0
1748635076870,-18750000,3643690,4508778,4453788,0,0,0,0,0,0,0
1748635076970,-18750000,3647355,4527108,4453788,0,0,0,0,0,0,0
1748635077070,-18750000,3629027,4508778,4398802,0,0,0,0,0,0,0
1748635077170,-18750000,3632693,4508778,4398802,0,0,0,0,0,0,0
1748635077270,-18750000,3640024,4637077,4453788,0,0,0,0,0,0,0
1748635077370,-18750000,3643690,4655407,4453788,0,0,0,0,0,0,0
1748635077470,-18750000,3647356,4582094,4472114,0,0,0,0,0,0,0
1748635077570,-18750000,3665684,4618751,4453784,0,0,0,0,0,0,0
1748635077670,-18750000,3691344,4728719,4490441,0,0,0,0,0,0,0
1748635077770,-18750000,3702341,4692063,4490441,0,0,0,0,0,0,0
1748635077870,-18750000,3713339,4692063,4490441,0,0,0,0,0,0,0
1748635077970,-18750000,3724336,4783705,4563753,0,0,0,0,0,0,0
1748635078070,-18750000,3724336,4747049,4600409,0,0,0,0,0,0,0
1748635078170,-18750000,3728001,4747049,4527097,0,0,0,0,0,0,0
1748635078270,-18750000,3720670,4637077,4490441,0,0,0,0,0,0,0
1748635078370,-18750000,3713338,4600420,4472114,0,0,0,0,0,0,0
1748635078470,-18750000,3717004,4655407,4545431,0,0,0,0,0,0,0
1748635078570,-18750000,3713338,4637080,4563761,0,0,0,0,0,0,0
1748635078670,-18750000,3687678,4582094,4527104,0,0,0,0,0,0,0
1748635078770,-18750000,3698674,4545438,4472122,0,0,0,0,0,0,0
1748635078870,-18750000,3687677,4527112,4490452,0,0,0,0,0,0,0
1748635078970,-18750000,3687677,4545438,4453796,0,0,0,0,0,0,0
1748635079070,-18750000,3698674,4600424,4417139,0,0,0,0,0,0,0
1748635079170,-18750000,3709672,4600424,4508782,0,0,0,0,0,0,0
1748635079270,-18750000,3709672,4582098,4545438,0,0,0,0,0,0,0
1748635079370,-18750000,3742663,4618754,4600421,0,0,0,0,0,0,0
1748635079470,-18750000,3757326,4600424,4545434,0,0,0,0,0,0,0
1748635079570,-18750000,3753661,4600424,4545434,0,0,0,0,0,0,0
1748635079670,-18750000,3764658,4637084,4527108,0,0,0,0,0,0,0
1748635079770,-18750000,3764658,4710397,4527108,0,0,0,0,0,0,0
1748635079870,-18750000,3779321,4783709,4545434,0,0,0,0,0,0,0
1748635079970,-18750000,3790319,4765383,4582091,0,0,0,0,0,0,0
1748635080070,-18750000,3819644,4747053,4618747,0,0,0,0,0,0,0
1748635080170,-18750000,3834307,4765379,4490448,0,0,0,0,0,0,0
1748635080270,-18750000,3845304,4838692,4472118,0,0,0,0,0,0,0
1748635080370,-18750000,3848969,4893678,4472118,0,0,0,0,0,0,0
1748635080470,-18750000,3856301,4912008,4453788,0,0,0,0,0,0,0
1748635080570,-18750000,3867298,4893678,4472114,0,0,0,0,0,0,0
1748635080670,-18750000,3867298,4912004,4563757,0,0,0,0,0,0,0
1748635080770,-18750000,3874629,4802036,4637069,0,0,0,0,0,0,0
1748635080870,-18750000,3870963,4820366,4637069,0,0,0,0,0,0,0
1748635080970,-18750000,3852635,4765379,4655399,0,0,0,0,0,0,0
1748635081070,-18750000,3852635,4728723,4637073,0,0,0,0,0,0,0
1748635081170,-18750000,3841638,4710397,4747042,0,0,0,0,0,0,0
1748635081270,-18750000,3848969,4747053,4747042,0,0,0,0,0,0,0
1748635081370,-18750000,3830642,4747053,4710386,0,0,0,0,0,0,0
1748635081470,-18750000,3830642,4710393,4765372,0,0,0,0,0,0,0
1748635081570,-18750000,3856301,4692067,4765372,0,0,0,0,0,0,0
1748635081670,-18750000,3874630,4637081,4710386,0,0,0,0,0,0,0
1748635081770,-18750000,3889293,4747049,4673729,0,0,0,0,0,0,0
1748635081870,-18750000,3892959,4783706,4692059,0,0,0,0,0,0,0
1748635081970,-18750000,3918619,4783706,4655403,0,0,0,0,0,0,0
1748635082070,-18750000,3911288,4838692,4637073,0,0,0,0,0,0,0
1748635082170,-18750000,3903956,4875348,4673729,0,0,0,0,0,0,0
1748635082270,-18750000,3892959,4857022,4655403,0,0,0,0,0,0,0
1748635082370,-18750000,3900290,4857022,4692059,0,0,0,0,0,0,0
1748635082470,-18750000,3892959,4948664,4673729,0,0,0,0,0,0,0
1748635082570,-18750000,3889293,5021977,4692059,0,0,0,0,0,0,0
1748635082670,-18750000,3889293,4985321,4728716,0,0,0,0,0,0,0
1748635082770,-18750000,3874630,4985321,4783702,0,0,0,0,0,0,0
1748635082870,-18750000,3881961,4948664,4783702,0,0,0,0,0,0,0
1748635082970,-18750000,3881961,4948664,4783702,0,0,0,0,0,0,0
1748635083070,-18750000,3889292,4875348,4820358,0,0,0,0,0,0,0
1748635083170,-18750000,3907620,4912004,4728716,0,0,0,0,0,0,0
1748635083270,-18750000,3940611,4912004,4765372,0,0,0,0,0,0,0
1748635083370,-18750000,3958940,4820362,4802032,0,0,0,0,0,0,0
1748635083470,-18750000,3973602,4710393,4765376,0,0,0,0,0,0,0
1748635083570,-18750000,3962605,4673737,4637077,0,0,0,0,0,0,0
1748635083670,-18750000,3962605,4710393,4472122,0,0,0,0,0,0,0
1748635083770,-18750000,3958940,4710393,4178864,0,0,0,0,0,0,0
1748635083870,-18750000,3962605,4692063,3867281,0,0,0,0,0,0,0
1748635083970,-18750000,3951608,4692063,3555697,0,0,0,0,0,0,0
1748635084070,-18750000,3933279,4710393,3170801,0,0,0,0,0,0,0
1748635084170,-18750000,3903954,4655407,2840891,0,0,0,0,0,0,0
1748635084270,-18750000,3859966,4600421,2419338,0,0,0,0,0,0,0
1748635084370,-18750000,3830640,4692063,1924469,0,0,0,0,0,0,0
1748635084470,-18750000,3786652,4728719,1576229,0,0,0,0,0,0,0
1748635084570,-18750000,3738998,4637077,1466257,0,0,0,0,0,0,0
1748635084670,-18750000,3706007,4545438,1466257,0,0,0,0,0,0,0
1748635084770,-18750000,3665684,4453796,1612885,0,0,0,0,0,0,0
1748635084870,-18750000,3610699,4398809,1796170,0,0,0,0,0,0,0
1748635084970,-18750000,3581374,4343823,1997782,0,0,0,0,0,0,0
1748635085070,-18750000,3541051,4307167,2254379,0,0,0,0,0,0,0
1748635085170,-18750000,3519057,4215528,2529307,0,0,0,0,0,0,0
1748635085270,-18750000,3486066,4233854,2859217,0,0,0,0,0,0,0
1748635085370,-18750000,3456740,4123882,3189127,0,0,0,0,0,0,0
1748635085470,-18750000,3438412,4105552,3537367,0,0,0,0,0,0,0
1748635085570,-18750000,3431081,4123882,3757308,0,0,0,0,0,0,0
1748635085670,-18750000,3420083,4142208,3848950,0,0,0,0,0,0,0
1748635085770,-18750000,3398090,4178864,3922263,0,0,0,0,0,0,0
1748635085870,-18750000,3401755,4160538,3995575,0,0,0,0,0,0,0
1748635085970,-18750000,3379761,4068896,4050562,0,0,0,0,0,0,0
1748635086070,-18750000,3398089,4013909,4142204,0,0,0,0,0,0,0
1748635086170,-18750000,3409086,4123878,4160531,0,0,0,0,0,0,0
1748635086270,-18750000,3416417,4087222,4123874,0,0,0,0,0,0,0
1748635086370,-18750000,3412752,4142208,4252173,0,0,0,0,0,0,0
1748635086470,-18750000,3412752,4087226,4233847,0,0,0,0,0,0,0
1748635086570,-18750000,3412752,4105552,4197191,0,0,0,0,0,0,0
1748635086670,-18750000,3416418,4123882,4252173,0,0,0,0,0,0,0
1748635086770,-18750000,3442078,4160538,4288829,0,0,0,0,0,0,0
1748635086870,-18750000,3442078,4215521,4325486,0,0,0,0,0,0,0
1748635086970,-18750000,3456740,4343819,4417128,0,0,0,0,0,0,0
1748635087070,-18750000,3460406,4472118,4398802,0,0,0,0,0,0,0
1748635087170,-18750000,3442078,4490448,4472114,0,0,0,0,0,0,0
1748635087270,-18750000,3456741,4508778,4563757,0,0,0,0,0,0,0
1748635087370,-18750000,3467737,4490448,4582087,0,0,0,0,0,0,0
1748635087470,-18750000,3478735,4527104,4618743,0,0,0,0,0,0,0
1748635087570,-18750000,3511726,4545434,4637073,0,0,0,0,0,0,0
1748635087670,-18750000,3504394,4527104,4545434,0,0,0,0,0,0,0
1748635087770,-18750000,3500728,4472122,4490452,0,0,0,0,0,0,0
1748635087870,-18750000,3511725,4435466,4435469,0,0,0,0,0,0,0
1748635087970,-18750000,3530053,4453796,4417139,0,0,0,0,0,0,0
1748635088070,-18750000,3519056,4417139,4472122,0,0,0,0,0,0,0
1748635088170,-18750000,3552047,4362153,4472122,0,0,0,0,0,0,0
1748635088270,-18750000,3563044,4325497,4453792,0,0,0,0,0,0,0
1748635088370,-18750000,3585038,4233854,4343823,0,0,0,0,0,0,0
1748635088470,-18750000,3603367,4252181,4362149,0,0,0,0,0,0,0
1748635088570,-18750000,3599701,4233851,4343819,0,0,0,0,0,0,0
1748635088670,-18750000,3599701,4343823,4398802,0,0,0,0,0,0,0
1748635088770,-18750000,3610698,4343823,4453784,0,0,0,0,0,0,0
1748635088870,-18750000,3603367,4380479,4508767,0,0,0,0,0,0,0
1748635088970,-18750000,3581373,4362149,4508767,0,0,0,0,0,0,0
1748635089070,-18750000,3610699,4325493,4490441,0,0,0,0,0,0,0
1748635089170,-18750000,3588705,4343819,4490441,0,0,0,0,0,0,0
1748635089270,-18750000,3574043,4398802,4472114,0,0,0,0,0,0,0
1748635089370,-18750000,3570377,4527101,4545427,0,0,0,0,0,0,0
1748635089470,-18750000,3552048,4453788,4527101,0,0,0,0,0,0,0
1748635089570,-18750000,3577708,4508774,4490444,0,0,0,0,0,0,0
1748635089670,-18750000,3596036,4453788,4527101,0,0,0,0,0,0,0
1748635089770,-18750000,3610699,4453788,4545431,0,0,0,0,0,0,0
1748635089870,-18750000,3651022,4472118,4527104,0,0,0,0,0,0,0
1748635089970,-18750000,3684013,4563761,4472122,0,0,0,0,0,0,0
1748635090070,-18750000,3680347,4582087,4490448,0,0,0,0,0,0,0
1748635090170,-18750000,3695009,4563761,4453792,0,0,0,0,0,0,0
1748635090270,-18750000,3698675,4545434,4508774,0,0,0,0,0,0,0
1748635090370,-18750000,3695010,4563764,4527101,0,0,0,0,0,0,0
1748635090470,-18750000,3720670,4582094,4527101,0,0,0,0,0,0,0
1748635090570,-18750000,3713338,4563764,4527101,0,0,0,0,0,0,0
1748635090670,-18750000,3713338,4472122,4527101,0,0,0,0,0,0,0
1748635090770,-18750000,3702341,4527104,4472114,0,0,0,0,0,0,0
1748635090870,-18750000,3680348,4453792,4435458,0,0,0,0,0,0,0
1748635090970,-18750000,3691345,4362149,4472114,0,0,0,0,0,0,0
1748635091070,-18750000,3684014,4325493,4472114,0,0,0,0,0,0,0
1748635091170,-18750000,3695011,4380479,4527101,0,0,0,0,0,0,0
1748635091270,-18750000,3717005,4417136,4527101,0,0,0,0,0,0,0
1748635091370,-18750000,3728002,4417136,4508774,0,0,0,0,0,0,0
1748635091470,-18750000,3735333,4472118,4490444,0,0,0,0,0,0,0
1748635091570,-18750000,3731668,4563761,4545431,0,0,0,0,0,0,0
1748635091670,-18750000,3746331,4618747,4527104,0,0,0,0,0,0,0
1748635091770,-18750000,3768325,4655407,4545434,0,0,0,0,0,0,0
1748635091870,-18750000,3779322,4747049,4637077,0,0,0,0,0,0,0
1748635091970,-18750000,3771991,4820366,4673733,0,0,0,0,0,0,0
1748635092070,-18750000,3782988,4912008,4637077,0,0,0,0,0,0,0
1748635092170,-18750000,3771991,4875348,4582090,0,0,0,0,0,0,0
1748635092270,-18750000,3779322,4893678,4508778,0,0,0,0,0,0,0
1748635092370,-18750000,3775656,4802036,4527104,0,0,0,0,0,0,0
1748635092470,-18750000,3768325,4802036,4527104,0,0,0,0,0,0,0
1748635092570,-18750000,3771990,4692067,4490448,0,0,0,0,0,0,0
1748635092670,-18750000,3757327,4728723,4508774,0,0,0,0,0,0,0
1748635092770,-18750000,3738998,4747049,4490444,0,0,0,0,0,0,0
1748635092870,-18750000,3738998,4728719,4417128,0,0,0,0,0,0,0
1748635092970,-18750000,3728001,4710389,4380472,0,0,0,0,0,0,0
1748635093070,-18750000,3731667,4673733,4417128,0,0,0,0,0,0,0
1748635093170,-18750000,3757327,4582094,4453784,0,0,0,0,0,0,0
1748635093270,-18750000,3746330,4618751,4453784,0,0,0,0,0,0,0
1748635093370,-18750000,3760993,4710393,4490444,0,0,0,0,0,0,0
1748635093470,-18750000,3753661,4765379,4545431,0,0,0,0,0,0,0
1748635093570,-18750000,3742664,4857022,4637073,0,0,0,0,0,0,0
1748635093670,-18750000,3760993,4820366,4655403,0,0,0,0,0,0,0
1748635093770,-18750000,3775656,4802039,4710389,0,0,0,0,0,0,0
1748635093870,-18750000,3782987,4802039,4747046,0,0,0,0,0,0,0
1748635093970,-18750000,3815978,4820369,4728716,0,0,0,0,0,0,0
1748635094070,-18750000,3819644,4912012,4728716,0,0,0,0,0,0,0
1748635094170,-18750000,3801315,5021981,4747046,0,0,0,0,0,0,0
1748635094270,-18750000,3804980,4985324,4838688,0,0,0,0,0,0,0
1748635094370,-18750000,3786652,4966994,4820358,0,0,0,0,0,0,0
1748635094470,-18750000,3797649,4912008,4765372,0,0,0,0,0,0,0
1748635094570,-18750000,3808646,4857022,4728712,0,0,0,0,0,0,0
1748635094670,-18750000,3790318,4948664,4710382,0,0,0,0,0,0,0
1748635094770,-18750000,3790318,4948664,4637069,0,0,0,0,0,0,0
1748635094870,-18750000,3782987,4930334,4600413,0,0,0,0,0,0,0
1748635094970,-18750000,3768324,4930334,4600413,0,0,0,0,0,0,0
1748635095070,-18750000,3779321,4820362,4545431,0,0,0,0,0,0,0
1748635095170,-18750000,3793985,4857018,4472118,0,0,0,0,0,0,0
1748635095270,-18750000,3801316,4802032,4417132,0,0,0,0,0,0,0
1748635095370,-18750000,3808648,4838692,4435462,0,0,0,0,0,0,0
1748635095470,-18750000,3815979,4820366,4490448,0,0,0,0,0,0,0
1748635095570,-18750000,3819645,4875352,4563764,0,0,0,0,0,0,0
1748635095670,-18750000,3830642,4765379,4508782,0,0,0,0,0,0,0
1748635095770,-18750000,3841639,4765379,4472126,0,0,0,0,0,0,0
1748635095870,-18750000,3867299,4783709,4527112,0,0,0,0,0,0,0
1748635095970,-18750000,3885627,4802036,4563768,0,0,0,0,0,0,0
1748635096070,-18750000,3900290,4875352,4618751,0,0,0,0,0,0,0
1748635096170,-18750000,3896624,4875352,4673733,0,0,0,0,0,0,0
1748635096270,-18750000,3914952,4912008,4710389,0,0,0,0,0,0,0
1748635096370,-18750000,3929615,4912008,4637073,0,0,0,0,0,0,0
1748635096470,-18750000,3936946,4966994,4563761,0,0,0,0,0,0,0
1748635096570,-18750000,3944277,4966994,4435462,0,0,0,0,0,0,0
1748635096670,-18750000,3947943,5040307,4527104,0,0,0,0,0,0,0
1748635096770,-18750000,3955275,4985321,4655403,0,0,0,0,0,0,0
1748635096870,-18750000,3958940,4985321,4673733,0,0,0,0,0,0,0
1748635096970,-18750000,3947943,4912008,4637077,0,0,0,0,0,0,0
1748635097070,-18750000,3929614,4912008,4637077,0,0,0,0,0,0,0
1748635097170,-18750000,3940612,4893682,4637077,0,0,0,0,0,0,0
1748635097270,-18750000,3940612,4930338,4655407,0,0,0,0,0,0,0
1748635097370,-18750000,3944277,4930338,4692063,0,0,0,0,0,0,0
1748635097470,-18750000,3966271,4820366,4765376,0,0,0,0,0,0,0
1748635097570,-18750000,3969936,4820366,4838688,0,0,0,0,0,0,0
1748635097670,-18750000,3977267,4838696,4802028,0,0,0,0,0,0,0
1748635097770,-18750000,3977267,4893682,4765368,0,0,0,0,0,0,0
1748635097870,-18750000,3973602,4783713,4747038,0,0,0,0,0,0,0
1748635097970,-18750000,3984599,4820369,4728712,0,0,0,0,0,0,0
1748635098070,-18750000,4006594,4765383,4747042,0,0,0,0,0,0,0
1748635098170,-18750000,4024922,4783709,4783702,0,0,0,0,0,0,0
1748635098270,-18750000,4010260,4728723,4765372,0,0,0,0,0,0,0
1748635098370,-18750000,4024923,4728723,4747046,0,0,0,0,0,0,0
1748635098470,-18750000,4032255,4838696,4710389,0,0,0,0,0,0,0
1748635098570,-18750000,4028590,4838696,4582091,0,0,0,0,0,0,0
1748635098670,-18750000,4039587,4802039,4435466,0,0,0,0,0,0,0
1748635098770,-18750000,4017593,4783709,4160542,0,0,0,0,0,0,0
1748635098870,-18750000,4024924,4948664,3848958,0,0,0,0,0,0,0
1748635098970,-18750000,4002929,4912008,3592357,0,0,0,0,0,0,0
1748635099070,-18750000,3984601,4948664,3189130,0,0,0,0,0,0,0
1748635099170,-18750000,3955275,4912008,2767574,0,0,0,0,0,0,0
1748635099270,-18750000,3925949,4857026,2401008,0,0,0,0,0,0,0
1748635099370,-18750000,3867298,4857026,2052768,0,0,0,0,0,0,0
1748635099470,-18750000,3804981,4783709,1667872,0,0,0,0,0,0,0
1748635099570,-18750000,3749996,4692067,1521243,0,0,0,0,0,0,0
1748635099670,-18750000,3691344,4747053,1484587,0,0,0,0,0,0,0
1748635099770,-18750000,3658353,4710397,1667872,0,0,0,0,0,0,0
1748635099870,-18750000,3592370,4582098,1832827,0,0,0,0,0,0,0
1748635099970,-18750000,3559379,4508786,2071098,0,0,0,0,0,0,0
1748635100070,-18750000,3508060,4490456,2346025,0,0,0,0,0,0,0
1748635100170,-18750000,3453074,4435469,2602623,0,0,0,0,0,0,0
1748635100270,-18750000,3438412,4435469,2859220,0,0,0,0,0,0,0
1748635100370,-18750000,3423749,4398809,3170804,0,0,0,0,0,0,0
1748635100470,-18750000,3409086,4435466,3519044,0,0,0,0,0,0,0
1748635100570,-18750000,3401755,4435466,3665673,0,0,0,0,0,0,0
1748635100670,-18750000,3398090,4380479,3793972,0,0,0,0,0,0,0
1748635100770,-18750000,3409087,4398806,3812298,0,0,0,0,0,0,0
1748635100870,-18750000,3398090,4508774,3903941,0,0,0,0,0,0,0
1748635100970,-18750000,3390759,4582087,3922271,0,0,0,0,0,0,0
1748635101070,-18750000,3394424,4527104,3995583,0,0,0,0,0,0,0
1748635101170,-18750000,3412753,4545434,4087226,0,0,0,0,0,0,0
1748635101270,-18750000,3405422,4435462,4123882,0,0,0,0,0,0,0
1748635101370,-18750000,3409088,4362149,4142208,0,0,0,0,0,0,0
1748635101470,-18750000,3409088,4307167,4160534,0,0,0,0,0,0,0
1748635101570,-18750000,3416419,4380479,4215521,0,0,0,0,0,0,0
1748635101670,-18750000,3427415,4307167,4270503,0,0,0,0,0,0,0
1748635101770,-18750000,3427415,4252184,4288833,0,0,0,0,0,0,0
1748635101870,-18750000,3453075,4142216,4288833,0,0,0,0,0,0,0
1748635101970,-18750000,3449409,4105559,4252177,0,0,0,0,0,0,0
1748635102070,-18750000,3449409,4050573,4252177,0,0,0,0,0,0,0
1748635102170,-18750000,3438412,4013917,4252177,0,0,0,0,0,0,0
1748635102270,-18750000,3445744,4105559,4307163,0,0,0,0,0,0,0
1748635102370,-18750000,3456740,4178872,4307163,0,0,0,0,0,0,0
1748635102470,-18750000,3478735,4197198,4288837,0,0,0,0,0,0,0
1748635102570,-18750000,3482401,4160542,4288837,0,0,0,0,0,0,0
1748635102670,-18750000,3486067,4197198,4288837,0,0,0,0,0,0,0
1748635102770,-18750000,3486067,4270511,4288837,0,0,0,0,0,0,0
1748635102870,-18750000,3489732,4288837,4270511,0,0,0,0,0,0,0
1748635102970,-18750000,3500729,4252181,4343823,0,0,0,0,0,0,0
1748635103070,-18750000,3508061,4252181,4362153,0,0,0,0,0,0,0
1748635103170,-18750000,3544717,4288837,4398809,0,0,0,0,0,0,0
1748635103270,-18750000,3537385,4398809,4362153,0,0,0,0,0,0,0
1748635103370,-18750000,3544717,4417139,4362153,0,0,0,0,0,0,0
1748635103470,-18750000,3533720,4472126,4362153,0,0,0,0,0,0,0
1748635103570,-18750000,3537385,4508782,4398809,0,0,0,0,0,0,0
1748635103670,-18750000,3552048,4527108,4343827,0,0,0,0,0,0,0
1748635103770,-18750000,3552048,4398809,4343827,0,0,0,0,0,0,0
1748635103870,-18750000,3548383,4453796,4343827,0,0,0,0,0,0,0
1748635103970,-18750000,3559380,4472122,4325497,0,0,0,0,0,0,0
1748635104070,-18750000,3555715,4545434,4362153,0,0,0,0,0,0,0
1748635104170,-18750000,3563047,4472122,4343827,0,0,0,0,0,0,0
1748635104270,-18750000,3588706,4453792,4380483,0,0,0,0,0,0,0
1748635104370,-18750000,3596038,4472122,4417139,0,0,0,0,0,0,0
1748635104470,-18750000,3592372,4453792,4435466,0,0,0,0,0,0,0
1748635104570,-18750000,3614366,4453792,4435466,0,0,0,0,0,0,0
1748635104670,-18750000,3618032,4527108,4490448,0,0,0,0,0,0,0
1748635104770,-18750000,3610700,4582094,4527104,0,0,0,0,0,0,0
1748635104870,-18750000,3621697,4545438,4582087,0,0,0,0,0,0,0
1748635104970,-18750000,3636359,4618751,4600417,0,0,0,0,0,0,0
1748635105070,-18750000,3658353,4692067,4582087,0,0,0,0,0,0,0
1748635105170,-18750000,3651021,4765379,4637073,0,0,0,0,0,0,0
1748635105270,-18750000,3651021,4728723,4673729,0,0,0,0,0,0,0
1748635105370,-18750000,3647355,4673737,4673729,0,0,0,0,0,0,0
1748635105470,-18750000,3651021,4692067,4655403,0,0,0,0,0,0,0
1748635105570,-18750000,3665683,4673737,4692059,0,0,0,0,0,0,0
1748635105670,-18750000,3654686,4637077,4655403,0,0,0,0,0,0,0
1748635105770,-18750000,3680347,4710389,4728716,0,0,0,0,0,0,0
1748635105870,-18750000,3680347,4728716,4673733,0,0,0,0,0,0,0
1748635105970,-18750000,3684013,4747046,4692059,0,0,0,0,0,0,0
1748635106070,-18750000,3691345,4747046,4692059,0,0,0,0,0,0,0
1748635106170,-18750000,3698677,4747046,4655399,0,0,0,0,0,0,0
1748635106270,-18750000,3728002,4765372,4618743,0,0,0,0,0,0,0
1748635106370,-18750000,3728002,4765372,4582087,0,0,0,0,0,0,0
1748635106470,-18750000,3749996,4710386,4637069,0,0,0,0,0,0,0
1748635106570,-18750000,3753662,4692059,4655399,0,0,0,0,0,0,0
1748635106670,-18750000,3771991,4637077,4710386,0,0,0,0,0,0,0
1748635106770,-18750000,3775656,4637077,4600417,0,0,0,0,0,0,0
1748635106870,-18750000,3793985,4600421,4673729,0,0,0,0,0,0,0
1748635106970,-18750000,3790319,4582091,4692059,0,0,0,0,0,0,0
1748635107070,-18750000,3786653,4637073,4692059,0,0,0,0,0,0,0
1748635107170,-18750000,3779321,4692059,4673733,0,0,0,0,0,0,0
1748635107270,-18750000,3768324,4802032,4710389,0,0,0,0,0,0,0
1748635107370,-18750000,3786653,4838688,4728719,0,0,0,0,0,0,0
1748635107470,-18750000,3786653,4857018,4765379,0,0,0,0,0,0,0
1748635107570,-18750000,3786653,4838688,4747049,0,0,0,0,0,0,0
1748635107670,-18750000,3786653,4857014,4673737,0,0,0,0,0,0,0
1748635107770,-18750000,3786653,4857014,4710393,0,0,0,0,0,0,0
1748635107870,-18750000,3793984,4875344,4692063,0,0,0,0,0,0,0
1748635107970,-18750000,3801315,4838688,4747049,0,0,0,0,0,0,0
1748635108070,-18750000,3804981,4655407,4728723,0,0,0,0,0,0,0
1748635108170,-18750000,3812313,4582090,4783709,0,0,0,0,0,0,0
1748635108270,-18750000,3804982,4472118,4747053,0,0,0,0,0,0,0
1748635108370,-18750000,3808648,4453788,4802039,0,0,0,0,0,0,0
1748635108470,-18750000,3808648,4435458,4747053,0,0,0,0,0,0,0
1748635108570,-18750000,3819644,4417132,4710397,0,0,0,0,0,0,0
1748635108670,-18750000,3812313,4398806,4747053,0,0,0,0,0,0,0
1748635108770,-18750000,3819644,4325493,4747053,0,0,0,0,0,0,0
1748635108870,-18750000,3815979,4343819,4673740,0,0,0,0,0,0,0
1748635108970,-18750000,3826976,4398806,4600424,0,0,0,0,0,0,0
1748635109070,-18750000,3837973,4563761,4600424,0,0,0,0,0,0,0
1748635109170,-18750000,3856300,4582091,4545438,0,0,0,0,0,0,0
1748635109270,-18750000,3863632,4582091,4582094,0,0,0,0,0,0,0
1748635109370,-18750000,3870963,4600421,4527108,0,0,0,0,0,0,0
1748635109470,-18750000,3881959,4618751,4527108,0,0,0,0,0,0,0
1748635109570,-18750000,3863632,4710393,4453795,0,0,0,0,0,0,0
1748635109670,-18750000,3889291,4820362,4453795,0,0,0,0,0,0,0
1748635109770,-18750000,3885626,4948661,4453795,0,0,0,0,0,0,0
1748635109870,-18750000,3881960,4985321,4545438,0,0,0,0,0,0,0
1748635109970,-18750000,3870963,4966991,4582098,0,0,0,0,0,0,0
1748635110070,-18750000,3881960,4893674,4600424,0,0,0,0,0,0,0
1748635110170,-18750000,3889292,4948661,4637081,0,0,0,0,0,0,0
1748635110270,-18750000,3874629,4948661,4637081,0,0,0,0,0,0,0
1748635110370,-18750000,3881960,4948661,4692067,0,0,0,0,0,0,0
1748635110470,-18750000,3885626,5003647,4692067,0,0,0,0,0,0,0
1748635110570,-18750000,3892958,5003647,4747049,0,0,0,0,0,0,0
1748635110670,-18750000,3896624,4985321,4783706,0,0,0,0,0,0,0
1748635110770,-18750000,3900289,4875348,4838692,0,0,0,0,0,0,0
1748635110870,-18750000,3903955,4875348,4875348,0,0,0,0,0,0,0
1748635110970,-18750000,3914952,4820366,4820362,0,0,0,0,0,0,0
1748635111070,-18750000,3911286,4893682,4765379,0,0,0,0,0,0,0
1748635111170,-18750000,3914951,4875352,4783709,0,0,0,0,0,0,0
1748635111270,-18750000,3940611,4912012,4765379,0,0,0,0,0,0,0
1748635111370,-18750000,3933280,4912012,4728719,0,0,0,0,0,0,0
1748635111470,-18750000,3929614,4875352,4710389,0,0,0,0,0,0,0
1748635111570,-18750000,3951607,4783709,4728719,0,0,0,0,0,0,0
1748635111670,-18750000,3951607,4765379,4747049,0,0,0,0,0,0,0
1748635111770,-18750000,3973602,4838696,4692063,0,0,0,0,0,0,0
1748635111870,-18750000,3991930,4838696,4692063,0,0,0,0,0,0,0
1748635111970,-18750000,3984599,4875352,4747049,0,0,0,0,0,0,0
1748635112070,-18750000,3977268,4820366,4820362,0,0,0,0,0,0,0
1748635112170,-18750000,3966271,4820366,4820362,0,0,0,0,0,0,0
1748635112270,-18750000,3966271,4783706,4857022,0,0,0,0,0,0,0
1748635112370,-18750000,3958940,4802036,4875352,0,0,0,0,0,0,0
1748635112470,-18750000,3962606,4710397,4930338,0,0,0,0,0,0,0
1748635112570,-18750000,3955274,4783709,4948664,0,0,0,0,0,0,0
1748635112670,-18750000,3958940,4710397,4912004,0,0,0,0,0,0,0
1748635112770,-18750000,3944276,4673737,4893674,0,0,0,0,0,0,0
1748635112870,-18750000,3929613,4637077,4820362,0,0,0,0,0,0,0
1748635112970,-18750000,3940610,4618747,4783702,0,0,0,0,0,0,0
1748635113070,-18750000,3940610,4655403,4783702,0,0,0,0,0,0,0
1748635113170,-18750000,3936944,4655403,4765372,0,0,0,0,0,0,0
1748635113270,-18750000,3951608,4600421,4673729,0,0,0,0,0,0,0
1748635113370,-18750000,3962604,4472122,4655399,0,0,0,0,0,0,0
1748635113470,-18750000,3977267,4545434,4655399,0,0,0,0,0,0,0
1748635113570,-18750000,3980933,4600421,4637073,0,0,0,0,0,0,0
1748635113670,-18750000,3995596,4655403,4637073,0,0,0,0,0,0,0
1748635113770,-18750000,4006593,4673733,4747046,0,0,0,0,0,0,0
1748635113870,-18750000,4024922,4747049,4747046,0,0,0,0,0,0,0
1748635113970,-18750000,4021256,4783706,4747046,0,0,0,0,0,0,0
1748635114070,-18750000,4032254,4765379,4710389,0,0,0,0,0,0,0
1748635114170,-18750000,4057913,4783709,4710389,0,0,0,0,0,0,0
1748635114270,-18750000,4057913,4912008,4765372,0,0,0,0,0,0,0
1748635114370,-18750000,4068911,5058633,4765372,0,0,0,0,0,0,0
1748635114470,-18750000,4068911,5150276,4747042,0,0,0,0,0,0,0
1748635114570,-18750000,4057913,5095289,4673729,0,0,0,0,0,0,0
1748635114670,-18750000,4035919,5113619,4435462,0,0,0,0,0,0,0
1748635114770,-18750000,4035919,5168606,4123878,0,0,0,0,0,0,0
1748635114870,-18750000,4017590,5131949,3830621,0,0,0,0,0,0,0
1748635114970,-18750000,3991931,5150279,3482381,0,0,0,0,0,0,0
1748635115070,-18750000,3977268,5113619,3152467,0,0,0,0,0,0,0
1748635115170,-18750000,3933280,5113619,2785897,0,0,0,0,0,0,0
1748635115270,-18750000,3892957,5076963,2382674,0,0,0,0,0,0,0
1748635115370,-18750000,3863632,5076963,1924466,0,0,0,0,0,0,0
1748635115470,-18750000,3826975,5021977,1557899,0,0,0,0,0,0,0
1748635115570,-18750000,3779321,4948664,1466257,0,0,0,0,0,0,0
1748635115670,-18750000,3728001,4820366,1557899,0,0,0,0,0,0,0
1748635115770,-18750000,3665684,4747049,1631212,0,0,0,0,0,0,0
1748635115870,-18750000,3625362,4692063,1796171,0,0,0,0,0,0,0
1748635115970,-18750000,3596036,4618751,2089428,0,0,0,0,0,0,0
1748635116070,-18750000,3552048,4563768,2346029,0,0,0,0,0,0,0
1748635116170,-18750000,3511726,4472126,2657613,0,0,0,0,0,0,0
1748635116270,-18750000,3497063,4380483,3005853,0,0,0,0,0,0,0
1748635116370,-18750000,3467738,4252184,3409079,0,0,0,0,0,0,0
1748635116470,-18750000,3445744,4215528,3720663,0,0,0,0,0,0,0
1748635116570,-18750000,3449410,4178872,3848962,0,0,0,0,0,0,0
1748635116670,-18750000,3453075,4178872,3958931,0,0,0,0,0,0,0
1748635116770,-18750000,3449410,4087233,4032247,0,0,0,0,0,0,0
1748635116870,-18750000,3434747,4087233,4178872,0,0,0,0,0,0,0
1748635116970,-18750000,3445745,4013917,4197198,0,0,0,0,0,0,0
1748635117070,-18750000,3460407,4032243,4288837,0,0,0,0,0,0,0
1748635117170,-18750000,3478735,3977257,4288837,0,0,0,0,0,0,0
1748635117270,-18750000,3460406,4013913,4252181,0,0,0,0,0,0,0
1748635117370,-18750000,3449409,4087225,4270507,0,0,0,0,0,0,0
1748635117470,-18750000,3456740,3977253,4270507,0,0,0,0,0,0,0
1748635117570,-18750000,3478734,4050565,4307163,0,0,0,0,0,0,0
1748635117670,-18750000,3471403,4197194,4288837,0,0,0,0,0,0,0
1748635117770,-18750000,3482399,4362149,4325493,0,0,0,0,0,0,0
1748635117870,-18750000,3489730,4398805,4288837,0,0,0,0,0,0,0
1748635117970,-18750000,3504393,4527104,4270511,0,0,0,0,0,0,0
1748635118070,-18750000,3515390,4563761,4270511,0,0,0,0,0,0,0
1748635118170,-18750000,3522722,4637073,4270511,0,0,0,0,0,0,0
1748635118270,-18750000,3544717,4673729,4380479,0,0,0,0,0,0,0
1748635118370,-18750000,3566711,4673729,4417136,0,0,0,0,0,0,0
1748635118470,-18750000,3585040,4765372,4398806,0,0,0,0,0,0,0
1748635118570,-18750000,3566711,4728716,4380476,0,0,0,0,0,0,0
1748635118670,-18750000,3563046,4655399,4435458,0,0,0,0,0,0,0
1748635118770,-18750000,3563046,4545427,4453784,0,0,0,0,0,0,0
1748635118870,-18750000,3574043,4490441,4490441,0,0,0,0,0,0,0
1748635118970,-18750000,3570378,4508771,4563753,0,0,0,0,0,0,0
1748635119070,-18750000,3566712,4417132,4582083,0,0,0,0,0,0,0
1748635119170,-18750000,3563046,4325489,4600413,0,0,0,0,0,0,0
1748635119270,-18750000,3581374,4270503,4545427,0,0,0,0,0,0,0
1748635119370,-18750000,3592371,4270503,4490444,0,0,0,0,0,0,0
1748635119470,-18750000,3577708,4380475,4508774,0,0,0,0,0,0,0
1748635119570,-18750000,3577708,4417132,4490448,0,0,0,0,0,0,0
1748635119670,-18750000,3607033,4380475,4490448,0,0,0,0,0,0,0
1748635119770,-18750000,3614365,4380475,4545434,0,0,0,0,0,0,0
1748635119870,-18750000,3621697,4472118,4508778,0,0,0,0,0,0,0
1748635119970,-18750000,3618031,4398805,4508778,0,0,0,0,0,0,0
1748635120070,-18750000,3610699,4490444,4472122,0,0,0,0,0,0,0
1748635120170,-18750000,3610699,4637073,4435466,0,0,0,0,0,0,0
1748635120270,-18750000,3614365,4692059,4435466,0,0,0,0,0,0,0
1748635120370,-18750000,3592371,4692059,4398809,0,0,0,0,0,0,0
1748635120470,-18750000,3618031,4600417,4453792,0,0,0,0,0,0,0
1748635120570,-18750000,3640025,4637073,4527104,0,0,0,0,0,0,0
1748635120670,-18750000,3629029,4673729,4490448,0,0,0,0,0,0,0
1748635120770,-18750000,3632694,4673729,4417136,0,0,0,0,0,0,0
1748635120870,-18750000,3632694,4600417,4435466,0,0,0,0,0,0,0
1748635120970,-18750000,3647357,4563761,4417136,0,0,0,0,0,0,0
1748635121070,-18750000,3665685,4545434,4362149,0,0,0,0,0,0,0
1748635121170,-18750000,3673016,4508778,4398806,0,0,0,0,0,0,0
1748635121270,-18750000,3662019,4435465,4453792,0,0,0,0,0,0,0
1748635121370,-18750000,3676682,4472125,4545431,0,0,0,0,0,0,0
1748635121470,-18750000,3651022,4453795,4563761,0,0,0,0,0,0,0
1748635121570,-18750000,3654688,4435465,4527104,0,0,0,0,0,0,0
1748635121670,-18750000,3673016,4453795,4563761,0,0,0,0,0,0,0
1748635121770,-18750000,3680347,4417139,4618743,0,0,0,0,0,0,0
1748635121870,-18750000,3680347,4435466,4600413,0,0,0,0,0,0,0
1748635121970,-18750000,3687679,4472122,4582087,0,0,0,0,0,0,0
1748635122070,-18750000,3695011,4527108,4600417,0,0,0,0,0,0,0
1748635122170,-18750000,3706008,4527108,4600417,0,0,0,0,0,0,0
1748635122270,-18750000,3720671,4600421,4563761,0,0,0,0,0,0,0
1748635122370,-18750000,3731668,4563761,4582091,0,0,0,0,0,0,0
1748635122470,-18750000,3728002,4545434,4527104,0,0,0,0,0,0,0
1748635122570,-18750000,3731668,4508778,4545431,0,0,0,0,0,0,0
1748635122670,-18750000,3731668,4600421,4582091,0,0,0,0,0,0,0
1748635122770,-18750000,3731668,4637077,4563764,0,0,0,0,0,0,0
1748635122870,-18750000,3753661,4618751,4600421,0,0,0,0,0,0,0
1748635122970,-18750000,3753661,4692063,4637077,0,0,0,0,0,0,0
1748635123070,-18750000,3757327,4692063,4692059,0,0,0,0,0,0,0
1748635123170,-18750000,3764659,4655407,4710386,0,0,0,0,0,0,0
1748635123270,-18750000,3753661,4673737,4765372,0,0,0,0,0,0,0
1748635123370,-18750000,3760993,4563768,4728716,0,0,0,0,0,0,0
1748635123470,-18750000,3797650,4618751,4802032,0,0,0,0,0,0,0
1748635123570,-18750000,3808647,4692067,4710393,0,0,0,0,0,0,0
1748635123670,-18750000,3819643,4655411,4655407,0,0,0,0,0,0,0
1748635123770,-18750000,3826975,4710397,4637077,0,0,0,0,0,0,0
1748635123870,-18750000,3826975,4747053,4618751,0,0,0,0,0,0,0
1748635123970,-18750000,3841638,4728723,4618751,0,0,0,0,0,0,0
1748635124070,-18750000,3841638,4692063,4618751,0,0,0,0,0,0,0
1748635124170,-18750000,3852635,4655407,4637081,0,0,0,0,0,0,0
1748635124270,-18750000,3867298,4582091,4637081,0,0,0,0,0,0,0
1748635124370,-18750000,3863632,4710389,4673737,0,0,0,0,0,0,0
1748635124470,-18750000,3856301,4747049,4600421,0,0,0,0,0,0,0
1748635124570,-18750000,3852635,4692063,4673733,0,0,0,0,0,0,0
1748635124670,-18750000,3859966,4655403,4655403,0,0,0,0,0,0,0
1748635124770,-18750000,3867298,4655403,4710389,0,0,0,0,0,0,0
1748635124870,-18750000,3856301,4655403,4765376,0,0,0,0,0,0,0
1748635124970,-18750000,3870964,4637077,4783706,0,0,0,0,0,0,0
1748635125070,-18750000,3856300,4692063,4783706,0,0,0,0,0,0,0
1748635125170,-18750000,3856300,4857018,4728719,0,0,0,0,0,0,0
1748635125270,-18750000,3845304,4948661,4728719,0,0,0,0,0,0,0
1748635125370,-18750000,3856300,4930331,4728719,0,0,0,0,0,0,0
1748635125470,-18750000,3859966,4930331,4747049,0,0,0,0,0,0,0
1748635125570,-18750000,3859966,4966987,4710393,0,0,0,0,0,0,0
1748635125670,-18750000,3867298,5003647,4728723,0,0,0,0,0,0,0
1748635125770,-18750000,3885626,4985317,4728723,0,0,0,0,0,0,0
1748635125870,-18750000,3911286,5003647,4710393,0,0,0,0,0,0,0
1748635125970,-18750000,3907621,5040303,4637077,0,0,0,0,0,0,0
1748635126070,-18750000,3925949,5021977,4618751,0,0,0,0,0,0,0
1748635126170,-18750000,3903955,4948661,4728723,0,0,0,0,0,0,0
1748635126270,-18750000,3911286,4930335,4673737,0,0,0,0,0,0,0
1748635126370,-18750000,3907621,4893678,4710393,0,0,0,0,0,0,0
1748635126470,-18750000,3914952,4912004,4747049,0,0,0,0,0,0,0
1748635126570,-18750000,3903956,4893674,4838692,0,0,0,0,0,0,0
1748635126670,-18750000,3900290,4875344,4838692,0,0,0,0,0,0,0
1748635126770,-18750000,3889292,4948661,4783705,0,0,0,0,0,0,0
1748635126870,-18750000,3867298,4985317,4747049,0,0,0,0,0,0,0
1748635126970,-18750000,3867298,4948661,4765379,0,0,0,0,0,0,0
1748635127070,-18750000,3874629,4838688,4783705,0,0,0,0,0,0,0
1748635127170,-18750000,3896624,4948661,4747049,0,0,0,0,0,0,0
1748635127270,-18750000,3907620,5003643,4802036,0,0,0,0,0,0,0
1748635127370,-18750000,3933280,5095286,4783709,0,0,0,0,0,0,0
1748635127470,-18750000,3925949,5040299,4802039,0,0,0,0,0,0,0
1748635127570,-18750000,3958940,5021973,4692067,0,0,0,0,0,0,0
1748635127670,-18750000,3969937,5003643,4490452,0,0,0,0,0,0,0
1748635127770,-18750000,3977268,4948657,4307167,0,0,0,0,0,0,0
1748635127870,-18750000,3973603,4838684,4032239,0,0,0,0,0,0,0
1748635127970,-18750000,3962605,4857011,3720656,0,0,0,0,0,0,0
1748635128070,-18750000,3940612,4930323,3390746,0,0,0,0,0,0,0
1748635128170,-18750000,3911286,4857011,3005846,0,0,0,0,0,0,0
1748635128270,-18750000,3863632,4765368,2547633,0,0,0,0,0,0,0
1748635128370,-18750000,3812313,4692056,2162733,0,0,0,0,0,0,0
1748635128470,-18750000,3771991,4692056,1722851,0,0,0,0,0,0,0
1748635128570,-18750000,3713339,4710382,1539566,0,0,0,0,0,0,0
1748635128670,-18750000,3636360,4637069,1539566,0,0,0,0,0,0,0
1748635128770,-18750000,3563046,4582083,1612882,0,0,0,0,0,0,0
1748635128870,-18750000,3522723,4563757,1777837,0,0,0,0,0,0,0
1748635128970,-18750000,3478735,4453788,1979448,0,0,0,0,0,0,0
1748635129070,-18750000,3442078,4417132,2254376,0,0,0,0,0,0,0
1748635129170,-18750000,3401756,4307159,2492647,0,0,0,0,0,0,0
1748635129270,-18750000,3376096,4270503,2840887,0,0,0,0,0,0,0
1748635129370,-18750000,3361433,4252173,3152471,0,0,0,0,0,0,0
1748635129470,-18750000,3339438,4215517,3500711,0,0,0,0,0,0,0
1748635129570,-18750000,3324776,4123878,3702326,0,0,0,0,0,0,0
1748635129670,-18750000,3328441,4142208,3885611,0,0,0,0,0,0,0
1748635129770,-18750000,3335773,4142208,3977253,0,0,0,0,0,0,0
1748635129870,-18750000,3324776,4123878,4013913,0,0,0,0,0,0,0
1748635129970,-18750000,3313778,4233847,4123886,0,0,0,0,0,0,0
1748635130070,-18750000,3313778,4197191,4178868,0,0,0,0,0,0,0
1748635130170,-18750000,3313778,4197191,4233854,0,0,0,0,0,0,0
1748635130270,-18750000,3335772,4178864,4252184,0,0,0,0,0,0,0
1748635130370,-18750000,3324776,4215521,4233858,0,0,0,0,0,0,0
1748635130470,-18750000,3354101,4252177,4233858,0,0,0,0,0,0,0
1748635130570,-18750000,3350436,4325489,4233858,0,0,0,0,0,0,0
1748635130670,-18750000,3350436,4325489,4252188,0,0,0,0,0,0,0
1748635130770,-18750000,3368764,4362146,4270514,0,0,0,0,0,0,0
1748635130870,-18750000,3387092,4453788,4307171,0,0,0,0,0,0,0
1748635130970,-18750000,3398090,4453788,4325497,0,0,0,0,0,0,0
1748635131070,-18750000,3394424,4490444,4288841,0,0,0,0,0,0,0
1748635131170,-18750000,3416418,4472118,4343823,0,0,0,0,0,0,0
1748635131270,-18750000,3431081,4453788,4343823,0,0,0,0,0,0,0
1748635131370,-18750000,3434747,4343819,4343823,0,0,0,0,0,0,0
1748635131470,-18750000,3438413,4325493,4343823,0,0,0,0,0,0,0
1748635131570,-18750000,3453075,4307163,4398806,0,0,0,0,0,0,0
1748635131670,-18750000,3467738,4325489,4380476,0,0,0,0,0,0,0
1748635131770,-18750000,3471404,4325489,4435462,0,0,0,0,0,0,0
1748635131870,-18750000,3478735,4252177,4453788,0,0,0,0,0,0,0
1748635131970,-18750000,3471403,4197194,4398806,0,0,0,0,0,0,0
1748635132070,-18750000,3497063,4270511,4380479,0,0,0,0,0,0,0
1748635132170,-18750000,3515392,4343823,4398809,0,0,0,0,0,0,0
1748635132270,-18750000,3500728,4343823,4417136,0,0,0,0,0,0,0
1748635132370,-18750000,3537385,4398809,4435462,0,0,0,0,0,0,0
1748635132470,-18750000,3526388,4362153,4453788,0,0,0,0,0,0,0
1748635132570,-18750000,3544717,4380483,4417132,0,0,0,0,0,0,0
1748635132670,-18750000,3559380,4307171,4435462,0,0,0,0,0,0,0
1748635132770,-18750000,3566711,4215532,4398805,0,0,0,0,0,0,0
1748635132870,-18750000,3577709,4288844,4435462,0,0,0,0,0,0,0
1748635132970,-18750000,3599702,4362157,4435462,0,0,0,0,0,0,0
1748635133070,-18750000,3603368,4307171,4490444,0,0,0,0,0,0,0
1748635133170,-18750000,3592370,4288841,4490444,0,0,0,0,0,0,0
1748635133270,-18750000,3621696,4325497,4453788,0,0,0,0,0,0,0
1748635133370,-18750000,3607034,4288840,4435462,0,0,0,0,0,0,0
1748635133470,-18750000,3632693,4307167,4472118,0,0,0,0,0,0,0
1748635133570,-18750000,3618030,4288837,4417136,0,0,0,0,0,0,0
1748635133670,-18750000,3621695,4435465,4435462,0,0,0,0,0,0,0
1748635133770,-18750000,3610698,4435465,4380476,0,0,0,0,0,0,0
1748635133870,-18750000,3610698,4343823,4362149,0,0,0,0,0,0,0
1748635133970,-18750000,3599701,4233854,4435462,0,0,0,0,0,0,0
1748635134070,-18750000,3603367,4178868,4453792,0,0,0,0,0,0,0
1748635134170,-18750000,3621695,4178868,4380479,0,0,0,0,0,0,0
1748635134270,-18750000,3610698,4160542,4362153,0,0,0,0,0,0,0
1748635134370,-18750000,3629026,4178868,4380479,0,0,0,0,0,0,0
1748635134470,-18750000,3610698,4178868,4398809,0,0,0,0,0,0,0
1748635134570,-18750000,3629026,4142212,4490448,0,0,0,0,0,0,0
1748635134670,-18750000,3614364,3995583,4435466,0,0,0,0,0,0,0
1748635134770,-18750000,3629027,4050566,4435466,0,0,0,0,0,0,0
1748635134870,-18750000,3629027,4142208,4435466,0,0,0,0,0,0,0
1748635134970,-18750000,3647356,4160534,4380479,0,0,0,0,0,0,0
1748635135070,-18750000,3651021,4270507,4325493,0,0,0,0,0,0,0
1748635135170,-18750000,3647356,4343823,4380476,0,0,0,0,0,0,0
1748635135270,-18750000,3654687,4307167,4472114,0,0,0,0,0,0,0
1748635135370,-18750000,3647355,4343823,4472114,0,0,0,0,0,0,0
1748635135470,-18750000,3665683,4325497,4417128,0,0,0,0,0,0,0
1748635135570,-18750000,3673015,4417139,4398802,0,0,0,0,0,0,0
1748635135670,-18750000,3684013,4600424,4453784,0,0,0,0,0,0,0
1748635135770,-18750000,3691344,4618754,4490440,0,0,0,0,0,0,0
1748635135870,-18750000,3706007,4582098,4472110,0,0,0,0,0,0,0
1748635135970,-18750000,3706007,4582098,4417128,0,0,0,0,0,0,0
1748635136070,-18750000,3709673,4508782,4453784,0,0,0,0,0,0,0
1748635136170,-18750000,3709673,4508782,4490444,0,0,0,0,0,0,0
1748635136270,-18750000,3717005,4545438,4508774,0,0,0,0,0,0,0
1748635136370,-18750000,3724337,4618754,4563761,0,0,0,0,0,0,0
1748635136470,-18750000,3728003,4655411,4545434,0,0,0,0,0,0,0
1748635136570,-18750000,3739000,4692067,4582091,0,0,0,0,0,0,0
1748635136670,-18750000,3742665,4600424,4527108,0,0,0,0,0,0,0
1748635136770,-18750000,3749996,4582094,4527108,0,0,0,0,0,0,0
1748635136870,-18750000,3728002,4637081,4527108,0,0,0,0,0,0,0
1748635136970,-18750000,3735334,4655411,4582091,0,0,0,0,0,0,0
1748635137070,-18750000,3746331,4728727,4582091,0,0,0,0,0,0,0
1748635137170,-18750000,3757328,4728727,4508774,0,0,0,0,0,0,0
1748635137270,-18750000,3760993,4765383,4508774,0,0,0,0,0,0,0
1748635137370,-18750000,3771990,4747053,4490444,0,0,0,0,0,0,0
1748635137470,-18750000,3775655,4747053,4453788,0,0,0,0,0,0,0
1748635137570,-18750000,3779321,4692067,4435458,0,0,0,0,0,0,0
1748635137670,-18750000,3797650,4747053,4417128,0,0,0,0,0,0,0
1748635137770,-18750000,3808647,4802039,4435458,0,0,0,0,0,0,0
1748635137870,-18750000,3826975,4783709,4435458,0,0,0,0,0,0,0
1748635137970,-18750000,3845303,4802036,4472114,0,0,0,0,0,0,0
1748635138070,-18750000,3845303,4710393,4453788,0,0,0,0,0,0,0
1748635138170,-18750000,3845303,4710393,4490444,0,0,0,0,0,0,0
1748635138270,-18750000,3856300,4728719,4453788,0,0,0,0,0,0,0
1748635138370,-18750000,3848969,4710389,4453788,0,0,0,0,0,0,0
1748635138470,-18750000,3837972,4728716,4453788,0,0,0,0,0,0,0
1748635138570,-18750000,3823309,4710389,4472118,0,0,0,0,0,0,0
1748635138670,-18750000,3812313,4710389,4527104,0,0,0,0,0,0,0
1748635138770,-18750000,3797650,4765376,4563761,0,0,0,0,0,0,0
1748635138870,-18750000,3801316,4747046,4582091,0,0,0,0,0,0,0
1748635138970,-18750000,3790320,4710389,4563764,0,0,0,0,0,0,0
1748635139070,-18750000,3786654,4765372,4618751,0,0,0,0,0,0,0
1748635139170,-18750000,3797650,4747042,4582094,0,0,0,0,0,0,0
1748635139270,-18750000,3793984,4765372,4508782,0,0,0,0,0,0,0
1748635139370,-18750000,3793984,4820358,4472125,0,0,0,0,0,0,0
1748635139470,-18750000,3819644,4802032,4527108,0,0,0,0,0,0,0
1748635139570,-18750000,3830641,4912001,4490452,0,0,0,0,0,0,0
1748635139670,-18750000,3834306,4966983,4472122,0,0,0,0,0,0,0
1748635139770,-18750000,3837971,4893667,4472122,0,0,0,0,0,0,0
1748635139870,-18750000,3841637,4911997,4490448,0,0,0,0,0,0,0
1748635139970,-18750000,3852633,4966983,4527104,0,0,0,0,0,0,0
1748635140070,-18750000,3863630,4966983,4527104,0,0,0,0,0,0,0
1748635140170,-18750000,3870962,4911997,4582091,0,0,0,0,0,0,0
1748635140270,-18750000,3878293,4857011,4710389,0,0,0,0,0,0,0
1748635140370,-18750000,3889290,4820354,4692063,0,0,0,0,0,0,0
1748635140470,-18750000,3878294,4820354,4728719,0,0,0,0,0,0,0
1748635140570,-18750000,3885625,4747042,4710389,0,0,0,0,0,0,0
1748635140670,-18750000,3881960,4692059,4783706,0,0,0,0,0,0,0
1748635140770,-18750000,3889291,4728719,4728719,0,0,0,0,0,0,0
1748635140870,-18750000,3896622,4765376,4765379,0,0,0,0,0,0,0
1748635140970,-18750000,3892957,4765376,4747049,0,0,0,0,0,0,0
1748635141070,-18750000,3900288,4838692,4747049,0,0,0,0,0,0,0
1748635141170,-18750000,3900288,4838692,4673737,0,0,0,0,0,0,0
1748635141270,-18750000,3881960,4912008,4673737,0,0,0,0,0,0,0
1748635141370,-18750000,3874629,4802039,4710393,0,0,0,0,0,0,0
1748635141470,-18750000,3874629,4838696,4673737,0,0,0,0,0,0,0
1748635141570,-18750000,3874629,4820366,4710393,0,0,0,0,0,0,0
1748635141670,-18750000,3885626,4692067,4747049,0,0,0,0,0,0,0
1748635141770,-18750000,3903954,4710393,4765379,0,0,0,0,0,0,0
1748635141870,-18750000,3911285,4673737,4710393,0,0,0,0,0,0,0
1748635141970,-18750000,3907619,4637081,4692067,0,0,0,0,0,0,0
1748635142070,-18750000,3911285,4563764,4692067,0,0,0,0,0,0,0
1748635142170,-18750000,3918617,4655407,4765379,0,0,0,0,0,0,0
1748635142270,-18750000,3922283,4655407,4673737,0,0,0,0,0,0,0
1748635142370,-18750000,3940611,4710389,4692063,0,0,0,0,0,0,0
1748635142470,-18750000,3936945,4728719,4710393,0,0,0,0,0,0,0
1748635142570,-18750000,3918617,4728719,4527112,0,0,0,0,0,0,0
1748635142670,-18750000,3922283,4857018,4288841,0,0,0,0,0,0,0
1748635142770,-18750000,3918618,4838692,4087226,0,0,0,0,0,0,0
1748635142870,-18750000,3903956,4893678,3830628,0,0,0,0,0,0,0
1748635142970,-18750000,3889293,4966991,3519044,0,0,0,0,0,0,0
1748635143070,-18750000,3863633,4930334,3115818,0,0,0,0,0,0,0
1748635143170,-18750000,3830642,4857022,2730922,0,0,0,0,0,0,0
1748635143270,-18750000,3812313,4728723,2382682,0,0,0,0,0,0,0
1748635143370,-18750000,3764659,4765379,2016115,0,0,0,0,0,0,0
1748635143470,-18750000,3746330,4618751,1612889,0,0,0,0,0,0,0
1748635143570,-18750000,3724336,4582094,1557903,0,0,0,0,0,0,0
1748635143670,-18750000,3680348,4490452,1521247,0,0,0,0,0,0,0
1748635143770,-18750000,3636359,4453792,1576233,0,0,0,0,0,0,0
1748635143870,-18750000,3596037,4380476,1741188,0,0,0,0,0,0,0
1748635143970,-18750000,3566711,4343819,1942799,0,0,0,0,0,0,0
1748635144070,-18750000,3526388,4307163,2217727,0,0,0,0,0,0,0
1748635144170,-18750000,3489732,4252177,2510981,0,0,0,0,0,0,0
1748635144270,-18750000,3464072,4215517,2785904,0,0,0,0,0,0,0
1748635144370,-18750000,3453075,4288833,3060832,0,0,0,0,0,0,0
1748635144470,-18750000,3427415,4343819,3409072,0,0,0,0,0,0,0
1748635144570,-18750000,3409087,4362149,3555700,0,0,0,0,0,0,0
1748635144670,-18750000,3398089,4380476,3702329,0,0,0,0,0,0,0
1748635144770,-18750000,3372430,4380476,3812302,0,0,0,0,0,0,0
1748635144870,-18750000,3376095,4307163,3830632,0,0,0,0,0,0,0
1748635144970,-18750000,3368764,4270507,3848962,0,0,0,0,0,0,0
1748635145070,-18750000,3365099,4307163,3830632,0,0,0,0,0,0,0
1748635145170,-18750000,3379761,4380476,3830632,0,0,0,0,0,0,0
1748635145270,-18750000,3376096,4472118,3977261,0,0,0,0,0,0,0
1748635145370,-18750000,3365099,4307163,3977261,0,0,0,0,0,0,0
1748635145470,-18750000,3372431,4343819,4050573,0,0,0,0,0,0,0
1748635145570,-18750000,3372431,4288833,4123886,0,0,0,0,0,0,0
1748635145670,-18750000,3390759,4270507,4142212,0,0,0,0,0,0,0
1748635145770,-18750000,3409087,4178868,4160538,0,0,0,0,0,0,0
1748635145870,-18750000,3405422,4252181,4215520,0,0,0,0,0,0,0
1748635145970,-18750000,3405422,4197194,4307163,0,0,0,0,0,0,0
1748635146070,-18750000,3416418,4178868,4362149,0,0,0,0,0,0,0
1748635146170,-18750000,3427415,4178868,4343823,0,0,0,0,0,0,0
1748635146270,-18750000,3456740,4160542,4270510,0,0,0,0,0,0,0
1748635146370,-18750000,3478734,4197198,4362149,0,0,0,0,0,0,0
1748635146470,-18750000,3482400,4178868,4325493,0,0,0,0,0,0,0
1748635146570,-18750000,3497062,4197198,4343819,0,0,0,0,0,0,0
1748635146670,-18750000,3478734,4252181,4343819,0,0,0,0,0,0,0
1748635146770,-18750000,3475069,4307163,4307163,0,0,0,0,0,0,0
1748635146870,-18750000,3500729,4288837,4288837,0,0,0,0,0,0,0
1748635146970,-18750000,3511726,4325493,4270507,0,0,0,0,0,0,0
1748635147070,-18750000,3515392,4362149,4233851,0,0,0,0,0,0,0
1748635147170,-18750000,3504395,4325493,4288833,0,0,0,0,0,0,0
1748635147270,-18750000,3493397,4398806,4307159,0,0,0,0,0,0,0
1748635147370,-18750000,3500729,4435462,4307159,0,0,0,0,0,0,0
1748635147470,-18750000,3497063,4435462,4307159,0,0,0,0,0,0,0
1748635147570,-18750000,3522723,4435462,4307159,0,0,0,0,0,0,0
1748635147670,-18750000,3530054,4362149,4288833,0,0,0,0,0,0,0
1748635147770,-18750000,3541052,4435466,4307163,0,0,0,0,0,0,0
1748635147870,-18750000,3522723,4453792,4270507,0,0,0,0,0,0,0
1748635147970,-18750000,3526388,4508778,4307163,0,0,0,0,0,0,0
1748635148070,-18750000,3526388,4472122,4417132,0,0,0,0,0,0,0
1748635148170,-18750000,3537386,4508778,4398806,0,0,0,0,0,0,0
1748635148270,-18750000,3530054,4362149,4435462,0,0,0,0,0,0,0
1748635148370,-18750000,3544718,4453792,4343823,0,0,0,0,0,0,0
1748635148470,-18750000,3563046,4472122,4417139,0,0,0,0,0,0,0
1748635148570,-18750000,3544718,4508778,4435469,0,0,0,0,0,0,0
1748635148670,-18750000,3574043,4582091,4435469,0,0,0,0,0,0,0
1748635148770,-18750000,3588706,4472118,4453796,0,0,0,0,0,0,0
1748635148870,-18750000,3592371,4472118,4490452,0,0,0,0,0,0,0
1748635148970,-18750000,3607034,4362146,4453796,0,0,0,0,0,0,0
1748635149070,-18750000,3618031,4417128,4435466,0,0,0,0,0,0,0
1748635149170,-18750000,3607034,4417128,4490448,0,0,0,0,0,0,0
1748635149270,-18750000,3610700,4545427,4508778,0,0,0,0,0,0,0
1748635149370,-18750000,3603368,4527097,4600417,0,0,0,0,0,0,0
1748635149470,-18750000,3607034,4545423,4527101,0,0,0,0,0,0,0
1748635149570,-18750000,3621697,4527093,4527101,0,0,0,0,0,0,0
1748635149670,-18750000,3621697,4527093,4545427,0,0,0,0,0,0,0
1748635149770,-18750000,3610700,4490437,4582083,0,0,0,0,0,0,0
1748635149870,-18750000,3629028,4472111,4545427,0,0,0,0,0,0,0
1748635149970,-18750000,3625362,4637069,4582083,0,0,0,0,0,0,0
1748635150070,-18750000,3629027,4637069,4582083,0,0,0,0,0,0,0
1748635150170,-18750000,3658353,4637069,4545427,0,0,0,0,0,0,0
1748635150270,-18750000,3676682,4655399,4490441,0,0,0,0,0,0,0
1748635150370,-18750000,3691345,4655399,4472114,0,0,0,0,0,0,0
1748635150470,-18750000,3698676,4563761,4472114,0,0,0,0,0,0,0
1748635150570,-18750000,3691345,4563761,4435458,0,0,0,0,0,0,0
1748635150670,-18750000,3684014,4582091,4417132,0,0,0,0,0,0,0
1748635150770,-18750000,3691345,4637077,4417132,0,0,0,0,0,0,0
1748635150870,-18750000,3687680,4655403,4490444,0,0,0,0,0,0,0
1748635150970,-18750000,3687680,4563761,4453788,0,0,0,0,0,0,0
1748635151070,-18750000,3706008,4600421,4453788,0,0,0,0,0,0,0
1748635151170,-18750000,3709673,4600421,4490444,0,0,0,0,0,0,0
1748635151270,-18750000,3706007,4563764,4508774,0,0,0,0,0,0,0
1748635151370,-18750000,3695010,4490452,4545431,0,0,0,0,0,0,0
1748635151470,-18750000,3706007,4563764,4545431,0,0,0,0,0,0,0
1748635151570,-18750000,3713339,4563764,4563757,0,0,0,0,0,0,0
1748635151670,-18750000,3728001,4508778,4600413,0,0,0,0,0,0,0
1748635151770,-18750000,3731667,4545434,4545431,0,0,0,0,0,0,0
1748635151870,-18750000,3731667,4545434,4527101,0,0,0,0,0,0,0
1748635151970,-18750000,3742664,4563760,4527101,0,0,0,0,0,0,0
1748635152070,-18750000,3760993,4600417,4508774,0,0,0,0,0,0,0
1748635152170,-18750000,3760993,4582090,4508774,0,0,0,0,0,0,0
1748635152270,-18750000,3764659,4563760,4563761,0,0,0,0,0,0,0
1748635152370,-18750000,3768325,4563760,4527104,0,0,0,0,0,0,0
1748635152470,-18750000,3764659,4618747,4563761,0,0,0,0,0,0,0
1748635152570,-18750000,3779321,4637077,4527104,0,0,0,0,0,0,0
1748635152670,-18750000,3786653,4673733,4490448,0,0,0,0,0,0,0
1748635152770,-18750000,3779321,4747045,4545431,0,0,0,0,0,0,0
1748635152870,-18750000,3790319,4783705,4582087,0,0,0,0,0,0,0
1748635152970,-18750000,3790319,4857022,4637073,0,0,0,0,0,0,0
1748635153070,-18750000,3771990,4783706,4655399,0,0,0,0,0,0,0
1748635153170,-18750000,3768325,4838692,4618743,0,0,0,0,0,0,0
1748635153270,-18750000,3760993,4838692,4563757,0,0,0,0,0,0,0
1748635153370,-18750000,3771990,4820362,4618743,0,0,0,0,0,0,0
1748635153470,-18750000,3779321,4765376,4637073,0,0,0,0,0,0,0
1748635153570,-18750000,3775656,4710389,4618747,0,0,0,0,0,0,0
1748635153670,-18750000,3771991,4747049,4692059,0,0,0,0,0,0,0
1748635153770,-18750000,3786653,4692063,4673733,0,0,0,0,0,0,0
1748635153870,-18750000,3790319,4673733,4710393,0,0,0,0,0,0,0
1748635153970,-18750000,3819644,4600417,4692063,0,0,0,0,0,0,0
1748635154070,-18750000,3815979,4527104,4692063,0,0,0,0,0,0,0
1748635154170,-18750000,3834307,4508774,4765379,0,0,0,0,0,0,0
1748635154270,-18750000,3878295,4582091,4728723,0,0,0,0,0,0,0
1748635154370,-18750000,3896624,4563764,4692063,0,0,0,0,0,0,0
1748635154470,-18750000,3907621,4582091,4710393,0,0,0,0,0,0,0
1748635154570,-18750000,3911286,4692063,4637077,0,0,0,0,0,0,0
1748635154670,-18750000,3903955,4673733,4417136,0,0,0,0,0,0,0
1748635154770,-18750000,3911286,4655407,4123878,0,0,0,0,0,0,0
1748635154870,-18750000,3918617,4563764,3830621,0,0,0,0,0,0,0
1748635154970,-18750000,3874629,4600421,3519037,0,0,0,0,0,0,0
1748635155070,-18750000,3852634,4673733,3170797,0,0,0,0,0,0,0
1748635155170,-18750000,3808646,4618747,2767571,0,0,0,0,0,0,0
1748635155270,-18750000,3757326,4600417,2419331,0,0,0,0,0,0,0
1748635155370,-18750000,3676681,4637073,1997778,0,0,0,0,0,0,0
1748635155470,-18750000,3614364,4545434,1539566,0,0,0,0,0,0,0
1748635155570,-18750000,3559379,4362149,1411267,0,0,0,0,0,0,0
1748635155670,-18750000,3515391,4233851,1429597,0,0,0,0,0,0,0
1748635155770,-18750000,3449409,4252177,1612882,0,0,0,0,0,0,0
1748635155870,-18750000,3398089,4233851,1741181,0,0,0,0,0,0,0
1748635155970,-18750000,3350435,4178868,1924466,0,0,0,0,0,0,0
1748635156070,-18750000,3328442,4105556,2162737,0,0,0,0,0,0,0
1748635156170,-18750000,3295451,4087229,2419334,0,0,0,0,0,0,0
1748635156270,-18750000,3262460,3995587,2785900,0,0,0,0,0,0,0
1748635156370,-18750000,3262460,3958931,3134140,0,0,0,0,0,0,0
1748635156470,-18750000,3262460,3995587,3445724,0,0,0,0,0,0,0
1748635156570,-18750000,3251462,4105556,3610683,0,0,0,0,0,0,0
1748635156670,-18750000,3236799,4087226,3738982,0,0,0,0,0,0,0
1748635156770,-18750000,3251461,4013913,3775642,0,0,0,0,0,0,0
1748635156870,-18750000,3244130,4032239,3848958,0,0,0,0,0,0,0
1748635156970,-18750000,3266125,4013909,3958930,0,0,0,0,0,0,0
1748635157070,-18750000,3258793,4013909,3958930,0,0,0,0,0,0,0
1748635157170,-18750000,3269790,4013909,3977260,0,0,0,0,0,0,0
1748635157270,-18750000,3277121,4068896,3922278,0,0,0,0,0,0,0
1748635157370,-18750000,3291785,4032239,3922278,0,0,0,0,0,0,0
1748635157470,-18750000,3288119,3958923,3977264,0,0,0,0,0,0,0
1748635157570,-18750000,3302782,3903941,4013921,0,0,0,0,0,0,0
1748635157670,-18750000,3321110,3940601,4013921,0,0,0,0,0,0,0
1748635157770,-18750000,3317445,3940601,4032247,0,0,0,0,0,0,0
1748635157870,-18750000,3324776,4013913,4032247,0,0,0,0,0,0,0
1748635157970,-18750000,3343104,3995587,3977261,0,0,0,0,0,0,0
1748635158070,-18750000,3339439,3977260,4050573,0,0,0,0,0,0,0
1748635158170,-18750000,3365098,3995587,4105556,0,0,0,0,0,0,0
1748635158270,-18750000,3368764,3958930,4197194,0,0,0,0,0,0,0
1748635158370,-18750000,3365098,4050569,4270507,0,0,0,0,0,0,0
1748635158470,-18750000,3365098,4142212,4270507,0,0,0,0,0,0,0
1748635158570,-18750000,3365098,4197194,4233851,0,0,0,0,0,0,0
1748635158670,-18750000,3379761,4197194,4270507,0,0,0,0,0,0,0
1748635158770,-18750000,3387092,4197194,4325493,0,0,0,0,0,0,0
1748635158870,-18750000,3383427,4160538,4362149,0,0,0,0,0,0,0
1748635158970,-18750000,3383427,4197194,4398805,0,0,0,0,0,0,0
1748635159070,-18750000,3398090,4270507,4417135,0,0,0,0,0,0,0
1748635159170,-18750000,3379762,4178864,4398809,0,0,0,0,0,0,0
1748635159270,-18750000,3405421,4233847,4398809,0,0,0,0,0,0,0
1748635159370,-18750000,3416419,4142208,4343827,0,0,0,0,0,0,0
1748635159470,-18750000,3416419,4087225,4380483,0,0,0,0,0,0,0
1748635159570,-18750000,3427415,4105555,4472122,0,0,0,0,0,0,0
1748635159670,-18750000,3427415,4142212,4490448,0,0,0,0,0,0,0
1748635159770,-18750000,3449410,4270510,4453792,0,0,0,0,0,0,0
1748635159870,-18750000,3449410,4343827,4435462,0,0,0,0,0,0,0
1748635159970,-18750000,3442078,4343827,4435462,0,0,0,0,0,0,0
1748635160070,-18750000,3445743,4398813,4435462,0,0,0,0,0,0,0
1748635160170,-18750000,3445743,4398813,4398806,0,0,0,0,0,0,0
1748635160270,-18750000,3438412,4380491,4362149,0,0,0,0,0,0,0
1748635160370,-18750000,3438412,4380491,4343819,0,0,0,0,0,0,0
1748635160470,-18750000,3442077,4527112,4307163,0,0,0,0,0,0,0
1748635160570,-18750000,3434746,4453799,4307163,0,0,0,0,0,0,0
1748635160670,-18750000,3471403,4453799,4307163,0,0,0,0,0,0,0
1748635160770,-18750000,3460406,4435473,4252177,0,0,0,0,0,0,0
1748635160870,-18750000,3456740,4435473,4288833,0,0,0,0,0,0,0
1748635160970,-18750000,3497063,4417139,4233851,0,0,0,0,0,0,0
1748635161070,-18750000,3515391,4417139,4197194,0,0,0,0,0,0,0
1748635161170,-18750000,3519057,4343823,4197194,0,0,0,0,0,0,0
1748635161270,-18750000,3522723,4472122,4307163,0,0,0,0,0,0,0
1748635161370,-18750000,3526388,4472122,4307163,0,0,0,0,0,0,0
1748635161470,-18750000,3526388,4618754,4362149,0,0,0,0,0,0,0
1748635161570,-18750000,3533719,4618754,4362149,0,0,0,0,0,0,0
1748635161670,-18750000,3519057,4692067,4325493,0,0,0,0,0,0,0
1748635161770,-18750000,3544717,4728723,4398806,0,0,0,0,0,0,0
1748635161870,-18750000,3544717,4637081,4398806,0,0,0,0,0,0,0
1748635161970,-18750000,3533719,4618754,4435462,0,0,0,0,0,0,0
1748635162070,-18750000,3522722,4655411,4435462,0,0,0,0,0,0,0
1748635162170,-18750000,3530053,4692067,4453792,0,0,0,0,0,0,0
1748635162270,-18750000,3552047,4600424,4453792,0,0,0,0,0,0,0
1748635162370,-18750000,3555713,4655407,4490448,0,0,0,0,0,0,0
1748635162470,-18750000,3559379,4545434,4490448,0,0,0,0,0,0,0
1748635162570,-18750000,3559379,4582091,4508774,0,0,0,0,0,0,0
1748635162670,-18750000,3566710,4582091,4490448,0,0,0,0,0,0,0
1748635162770,-18750000,3555714,4618747,4490448,0,0,0,0,0,0,0
1748635162870,-18750000,3548383,4618747,4472122,0,0,0,0,0,0,0
1748635162970,-18750000,3552049,4600417,4453796,0,0,0,0,0,0,0
1748635163070,-18750000,3559380,4618747,4417139,0,0,0,0,0,0,0
1748635163170,-18750000,3563046,4618747,4435466,0,0,0,0,0,0,0
1748635163270,-18750000,3566712,4673729,4343823,0,0,0,0,0,0,0
1748635163370,-18750000,3588706,4618747,4288841,0,0,0,0,0,0,0
1748635163470,-18750000,3599704,4563764,4307167,0,0,0,0,0,0,0
1748635163570,-18750000,3621698,4490448,4343823,0,0,0,0,0,0,0
1748635163670,-18750000,3614367,4508774,4362153,0,0,0,0,0,0,0
1748635163770,-18750000,3632696,4508774,4380479,0,0,0,0,0,0,0
1748635163870,-18750000,3665687,4545431,4453792,0,0,0,0,0,0,0
1748635163970,-18750000,3673018,4582087,4417136,0,0,0,0,0,0,0
1748635164070,-18750000,3691346,4545431,4417136,0,0,0,0,0,0,0
1748635164170,-18750000,3691346,4527104,4453792,0,0,0,0,0,0,0
1748635164270,-18750000,3676683,4453792,4472118,0,0,0,0,0,0,0
1748635164370,-18750000,3654689,4435462,4545431,0,0,0,0,0,0,0
1748635164470,-18750000,3651023,4527101,4490448,0,0,0,0,0,0,0
1748635164570,-18750000,3643691,4545431,4472122,0,0,0,0,0,0,0
1748635164670,-18750000,3647356,4472118,4435466,0,0,0,0,0,0,0
1748635164770,-18750000,3640024,4435462,4472122,0,0,0,0,0,0,0
1748635164870,-18750000,3640024,4472118,4398809,0,0,0,0,0,0,0
1748635164970,-18750000,3654686,4453792,4472122,0,0,0,0,0,0,0
1748635165070,-18750000,3658352,4472118,4618747,0,0,0,0,0,0,0
1748635165170,-18750000,3658352,4453788,4618747,0,0,0,0,0,0,0
1748635165270,-18750000,3673016,4563761,4618747,0,0,0,0,0,0,0
1748635165370,-18750000,3691344,4637073,4600417,0,0,0,0,0,0,0
1748635165470,-18750000,3702341,4637073,4637073,0,0,0,0,0,0,0
1748635165570,-18750000,3709673,4600417,4637073,0,0,0,0,0,0,0
1748635165670,-18750000,3713339,4655403,4618743,0,0,0,0,0,0,0
1748635165770,-18750000,3728003,4655403,4618743,0,0,0,0,0,0,0
1748635165870,-18750000,3717005,4655403,4692056,0,0,0,0,0,0,0
1748635165970,-18750000,3698677,4692059,4692056,0,0,0,0,0,0,0
1748635166070,-18750000,3698677,4637077,4582087,0,0,0,0,0,0,0
1748635166170,-18750000,3720670,4692063,4545431,0,0,0,0,0,0,0
1748635166270,-18750000,3749995,4692063,4545431,0,0,0,0,0,0,0
1748635166370,-18750000,3757327,4765379,4527104,0,0,0,0,0,0,0
1748635166470,-18750000,3768324,4710397,4582091,0,0,0,0,0,0,0
1748635166570,-18750000,3771989,4728723,4545434,0,0,0,0,0,0,0
1748635166670,-18750000,3790318,4747049,4545434,0,0,0,0,0,0,0
1748635166770,-18750000,3779321,4783706,4527108,0,0,0,0,0,0,0
1748635166870,-18750000,3797649,4765376,4490452,0,0,0,0,0,0,0
1748635166970,-18750000,3815978,4747046,4472122,0,0,0,0,0,0,0
1748635167070,-18750000,3819643,4838688,4527104,0,0,0,0,0,0,0
1748635167170,-18750000,3804980,4875344,4508778,0,0,0,0,0,0,0
1748635167270,-18750000,3790318,4838684,4508778,0,0,0,0,0,0,0
1748635167370,-18750000,3786653,4802028,4472122,0,0,0,0,0,0,0
1748635167470,-18750000,3790318,4838684,4435462,0,0,0,0,0,0,0
1748635167570,-18750000,3801315,4728716,4490444,0,0,0,0,0,0,0
1748635167670,-18750000,3812312,4673733,4508774,0,0,0,0,0,0,0
1748635167770,-18750000,3826975,4747046,4508774,0,0,0,0,0,0,0
1748635167870,-18750000,3826975,4765376,4545431,0,0,0,0,0,0,0
1748635167970,-18750000,3826975,4765376,4490448,0,0,0,0,0,0,0
1748635168070,-18750000,3834306,4838688,4508778,0,0,0,0,0,0,0
1748635168170,-18750000,3863632,4802032,4545434,0,0,0,0,0,0,0
1748635168270,-18750000,3878294,4710393,4563764,0,0,0,0,0,0,0
1748635168370,-18750000,3885626,4692063,4637077,0,0,0,0,0,0,0
1748635168470,-18750000,3870963,4692063,4618751,0,0,0,0,0,0,0
1748635168570,-18750000,3874628,4857018,4618751,0,0,0,0,0,0,0
1748635168670,-18750000,3878294,4893674,4655407,0,0,0,0,0,0,0
1748635168770,-18750000,3867297,4802032,4710393,0,0,0,0,0,0,0
1748635168870,-18750000,3878294,4765376,4747049,0,0,0,0,0,0,0
1748635168970,-18750000,3874629,4747049,4783706,0,0,0,0,0,0,0
1748635169070,-18750000,3863633,4618750,4802036,0,0,0,0,0,0,0
1748635169170,-18750000,3856301,4600420,4875348,0,0,0,0,0,0,0
1748635169270,-18750000,3837973,4637077,4875348,0,0,0,0,0,0,0
1748635169370,-18750000,3823309,4637077,4875348,0,0,0,0,0,0,0
1748635169470,-18750000,3834307,4582091,4912004,0,0,0,0,0,0,0
1748635169570,-18750000,3837973,4563764,4893678,0,0,0,0,0,0,0
1748635169670,-18750000,3830642,4527108,4875348,0,0,0,0,0,0,0
1748635169770,-18750000,3837973,4582094,4857018,0,0,0,0,0,0,0
1748635169870,-18750000,3826976,4600421,4802032,0,0,0,0,0,0,0
1748635169970,-18750000,3852635,4545434,4838688,0,0,0,0,0,0,0
1748635170070,-18750000,3859967,4545434,4783702,0,0,0,0,0,0,0
1748635170170,-18750000,3845304,4563764,4728716,0,0,0,0,0,0,0
1748635170270,-18750000,3856301,4600421,4802028,0,0,0,0,0,0,0
1748635170370,-18750000,3881960,4563764,4802028,0,0,0,0,0,0,0
1748635170470,-18750000,3900289,4673737,4765372,0,0,0,0,0,0,0
1748635170570,-18750000,3892958,4673737,4747042,0,0,0,0,0,0,0
1748635170670,-18750000,3900289,4747049,4673729,0,0,0,0,0,0,0
1748635170770,-18750000,3911285,4747049,4472118,0,0,0,0,0,0,0
1748635170870,-18750000,3925949,4710393,4252177,0,0,0,0,0,0,0
1748635170970,-18750000,3907620,4783706,3977249,0,0,0,0,0,0,0
1748635171070,-18750000,3896623,4802032,3665666,0,0,0,0,0,0,0
1748635171170,-18750000,3885626,4802032,3280769,0,0,0,0,0,0,0
1748635171270,-18750000,3870963,4838688,2804231,0,0,0,0,0,0,0
1748635171370,-18750000,3826975,4820358,2382678,0,0,0,0,0,0,0
1748635171470,-18750000,3771989,4747042,1979452,0,0,0,0,0,0,0
1748635171570,-18750000,3731666,4673726,1594556,0,0,0,0,0,0,0
1748635171670,-18750000,3676682,4673726,1429601,0,0,0,0,0,0,0
1748635171770,-18750000,3636359,4508771,1429601,0,0,0,0,0,0,0
1748635171870,-18750000,3588705,4472114,1521243,0,0,0,0,0,0,0
1748635171970,-18750000,3541051,4453788,1612886,0,0,0,0,0,0,0
1748635172070,-18750000,3493396,4435462,1814497,0,0,0,0,0,0,0
1748635172170,-18750000,3456740,4343819,2144411,0,0,0,0,0,0,0
1748635172270,-18750000,3412752,4288833,2492651,0,0,0,0,0,0,0
1748635172370,-18750000,3398090,4307163,2859217,0,0,0,0,0,0,0
1748635172470,-18750000,3376095,4215520,3189131,0,0,0,0,0,0,0
1748635172570,-18750000,3372430,4178864,3555701,0,0,0,0,0,0,0
1748635172670,-18750000,3361433,4123878,3720656,0,0,0,0,0,0,0
1748635172770,-18750000,3332107,4160534,3793968,0,0,0,0,0,0,0
1748635172870,-18750000,3306447,4215520,3830628,0,0,0,0,0,0,0
1748635172970,-18750000,3306447,4233847,3958927,0,0,0,0,0,0,0
1748635173070,-18750000,3310113,4215517,4032243,0,0,0,0,0,0,0
1748635173170,-18750000,3302781,4233847,4032243,0,0,0,0,0,0,0
1748635173270,-18750000,3317444,4215521,4105556,0,0,0,0,0,0,0
1748635173370,-18750000,3317444,4197191,4087229,0,0,0,0,0,0,0
1748635173470,-18750000,3310112,4325489,4105556,0,0,0,0,0,0,0
1748635173570,-18750000,3284453,4398802,4123882,0,0,0,0,0,0,0
1748635173670,-18750000,3291784,4398802,4105556,0,0,0,0,0,0,0
1748635173770,-18750000,3299116,4435458,4123886,0,0,0,0,0,0,0
1748635173870,-18750000,3313778,4288829,4178868,0,0,0,0,0,0,0
1748635173970,-18750000,3313778,4142204,4197198,0,0,0,0,0,0,0
1748635174070,-18750000,3313778,4050562,4233854,0,0,0,0,0,0,0
1748635174170,-18750000,3321110,4105544,4270510,0,0,0,0,0,0,0
1748635174270,-18750000,3313779,4142201,4233854,0,0,0,0,0,0,0
1748635174370,-18750000,3313779,4178857,4270510,0,0,0,0,0,0,0
1748635174470,-18750000,3332108,4105544,4307167,0,0,0,0,0,0,0
1748635174570,-18750000,3350436,3995576,4307167,0,0,0,0,0,0,0
1748635174670,-18750000,3365099,3995576,4362149,0,0,0,0,0,0,0
1748635174770,-18750000,3379761,3977249,4398805,0,0,0,0,0,0,0
1748635174870,-18750000,3379761,4050566,4343823,0,0,0,0,0,0,0
1748635174970,-18750000,3379761,4087222,4362149,0,0,0,0,0,0,0
1748635175070,-18750000,3387092,4215521,4362149,0,0,0,0,0,0,0
1748635175170,-18750000,3401755,4105552,4343819,0,0,0,0,0,0,0
1748635175270,-18750000,3420083,4105552,4380475,0,0,0,0,0,0,0
1748635175370,-18750000,3431081,4105552,4325489,0,0,0,0,0,0,0
1748635175470,-18750000,3442078,4178864,4288833,0,0,0,0,0,0,0
1748635175570,-18750000,3456740,4307163,4325489,0,0,0,0,0,0,0
1748635175670,-18750000,3464072,4325493,4307163,0,0,0,0,0,0,0
1748635175770,-18750000,3475069,4288837,4362146,0,0,0,0,0,0,0
1748635175870,-18750000,3493397,4417136,4472114,0,0,0,0,0,0,0
1748635175970,-18750000,3500729,4563764,4472114,0,0,0,0,0,0,0
1748635176070,-18750000,3515391,4545438,4490441,0,0,0,0,0,0,0
1748635176170,-18750000,3511725,4637081,4490441,0,0,0,0,0,0,0
1748635176270,-18750000,3500728,4637081,4508771,0,0,0,0,0,0,0
1748635176370,-18750000,3504393,4618754,4545427,0,0,0,0,0,0,0
1748635176470,-18750000,3508058,4582098,4527101,0,0,0,0,0,0,0
1748635176570,-18750000,3519056,4582098,4472118,0,0,0,0,0,0,0
1748635176670,-18750000,3522722,4545442,4453788,0,0,0,0,0,0,0
1748635176770,-18750000,3522722,4582098,4453788,0,0,0,0,0,0,0
1748635176870,-18750000,3526388,4508782,4417132,0,0,0,0,0,0,0
1748635176970,-18750000,3548382,4362153,4417132,0,0,0,0,0,0,0
1748635177070,-18750000,3570377,4398809,4362149,0,0,0,0,0,0,0
1748635177170,-18750000,3588705,4362153,4417136,0,0,0,0,0,0,0
1748635177270,-18750000,3614365,4435466,4362149,0,0,0,0,0,0,0
1748635177370,-18750000,3632693,4435466,4380479,0,0,0,0,0,0,0
1748635177470,-18750000,3654688,4453796,4508778,0,0,0,0,0,0,0
1748635177570,-18750000,3647356,4417139,4527104,0,0,0,0,0,0,0
1748635177670,-18750000,3654688,4417139,4600417,0,0,0,0,0,0,0
1748635177770,-18750000,3658353,4472122,4600417,0,0,0,0,0,0,0
1748635177870,-18750000,3654687,4398809,4618743,0,0,0,0,0,0,0
1748635177970,-18750000,3651021,4508778,4582087,0,0,0,0,0,0,0
1748635178070,-18750000,3651021,4508778,4655399,0,0,0,0,0,0,0
1748635178170,-18750000,3662018,4508778,4673729,0,0,0,0,0,0,0
1748635178270,-18750000,3658353,4490452,4673729,0,0,0,0,0,0,0
1748635178370,-18750000,3665685,4453796,4692056,0,0,0,0,0,0,0
1748635178470,-18750000,3654688,4508782,4637069,0,0,0,0,0,0,0
1748635178570,-18750000,3658353,4582094,4673726,0,0,0,0,0,0,0
1748635178670,-18750000,3647356,4637077,4637069,0,0,0,0,0,0,0
1748635178770,-18750000,3654687,4673737,4582087,0,0,0,0,0,0,0
1748635178870,-18750000,3684013,4802036,4527104,0,0,0,0,0,0,0
1748635178970,-18750000,3684013,4838696,4582091,0,0,0,0,0,0,0
1748635179070,-18750000,3676682,4820366,4582091,0,0,0,0,0,0,0
1748635179170,-18750000,3684013,4857022,4545431,0,0,0,0,0,0,0
1748635179270,-18750000,3720670,4728723,4563761,0,0,0,0,0,0,0
1748635179370,-18750000,3731666,4820366,4545434,0,0,0,0,0,0,0
1748635179470,-18750000,3746330,4728723,4508778,0,0,0,0,0,0,0
1748635179570,-18750000,3786653,4673737,4490452,0,0,0,0,0,0,0
1748635179670,-18750000,3808647,4673737,4545438,0,0,0,0,0,0,0
1748635179770,-18750000,3804982,4600421,4563764,0,0,0,0,0,0,0
1748635179870,-18750000,3786653,4563764,4618747,0,0,0,0,0,0,0
1748635179970,-18750000,3819644,4490448,4637077,0,0,0,0,0,0,0
1748635180070,-18750000,3823310,4527108,4618747,0,0,0,0,0,0,0
1748635180170,-18750000,3815978,4508778,4600421,0,0,0,0,0,0,0
1748635180270,-18750000,3768324,4563761,4655407,0,0,0,0,0,0,0
1748635180370,-18750000,3757327,4527101,4673733,0,0,0,0,0,0,0
1748635180470,-18750000,3753661,4563757,4747046,0,0,0,0,0,0,0
1748635180570,-18750000,3735333,4600417,4728716,0,0,0,0,0,0,0
1748635180670,-18750000,3735333,4600417,4692059,0,0,0,0,0,0,0
1748635180770,-18750000,3753661,4655403,4747046,0,0,0,0,0,0,0
1748635180870,-18750000,3757327,4618747,4747046,0,0,0,0,0,0,0
1748635180970,-18750000,3742665,4582091,4692059,0,0,0,0,0,0,0
1748635181070,-18750000,3749997,4563761,4673733,0,0,0,0,0,0,0
1748635181170,-18750000,3753663,4637077,4692059,0,0,0,0,0,0,0
1748635181270,-18750000,3775657,4582094,4600417,0,0,0,0,0,0,0
1748635181370,-18750000,3782989,4527112,4545434,0,0,0,0,0,0,0
1748635181470,-18750000,3775658,4453799,4508778,0,0,0,0,0,0,0
1748635181570,-18750000,3768326,4398813,4563764,0,0,0,0,0,0,0
1748635181670,-18750000,3764660,4472129,4563764,0,0,0,0,0,0,0
1748635181770,-18750000,3749997,4490459,4563764,0,0,0,0,0,0,0
1748635181870,-18750000,3771991,4490459,4563764,0,0,0,0,0,0,0
1748635181970,-18750000,3779322,4527116,4527108,0,0,0,0,0,0,0
1748635182070,-18750000,3779322,4545446,4527108,0,0,0,0,0,0,0
1748635182170,-18750000,3797650,4545446,4508782,0,0,0,0,0,0,0
1748635182270,-18750000,3804981,4673744,4563764,0,0,0,0,0,0,0
1748635182370,-18750000,3801315,4692071,4563764,0,0,0,0,0,0,0
1748635182470,-18750000,3834306,4820369,4600421,0,0,0,0,0,0,0
1748635182570,-18750000,3845303,4820369,4527108,0,0,0,0,0,0,0
1748635182670,-18750000,3856300,4802039,4545434,0,0,0,0,0,0,0
1748635182770,-18750000,3863632,4728723,4545434,0,0,0,0,0,0,0
1748635182870,-18750000,3845303,4783706,4545434,0,0,0,0,0,0,0
1748635182970,-18750000,3848969,4838692,4618747,0,0,0,0,0,0,0
1748635183070,-18750000,3848969,4692063,4618747,0,0,0,0,0,0,0
1748635183170,-18750000,3845304,4673733,4582091,0,0,0,0,0,0,0
1748635183270,-18750000,3841638,4563761,4563764,0,0,0,0,0,0,0
1748635183370,-18750000,3848969,4582091,4582091,0,0,0,0,0,0,0
1748635183470,-18750000,3841638,4490448,4545434,0,0,0,0,0,0,0
1748635183570,-18750000,3837973,4490448,4600417,0,0,0,0,0,0,0
1748635183670,-18750000,3852635,4417136,4563761,0,0,0,0,0,0,0
1748635183770,-18750000,3848969,4435466,4563761,0,0,0,0,0,0,0
1748635183870,-18750000,3852635,4490452,4545434,0,0,0,0,0,0,0
1748635183970,-18750000,3837973,4472122,4508778,0,0,0,0,0,0,0
1748635184070,-18750000,3848969,4655407,4508778,0,0,0,0,0,0,0
1748635184170,-18750000,3848969,4655407,4618747,0,0,0,0,0,0,0
1748635184270,-18750000,3852635,4673737,4655403,0,0,0,0,0,0,0
1748635184370,-18750000,3848970,4728723,4692059,0,0,0,0,0,0,0
1748635184470,-18750000,3848970,4710393,4692059,0,0,0,0,0,0,0
1748635184570,-18750000,3852635,4747049,4747045,0,0,0,0,0,0,0
1748635184670,-18750000,3841639,4802036,4802032,0,0,0,0,0,0,0
1748635184770,-18750000,3837973,4838692,4765375,0,0,0,0,0,0,0
1748635184870,-18750000,3848969,4857022,4783702,0,0,0,0,0,0,0
1748635184970,-18750000,3848969,4893682,4802028,0,0,0,0,0,0,0
1748635185070,-18750000,3848969,4820366,4820354,0,0,0,0,0,0,0
1748635185170,-18750000,3863632,4802036,4783698,0,0,0,0,0,0,0
1748635185270,-18750000,3885625,4802036,4728712,0,0,0,0,0,0,0
1748635185370,-18750000,3900288,4728719,4728712,0,0,0,0,0,0,0
1748635185470,-18750000,3885625,4838692,4728712,0,0,0,0,0,0,0
1748635185570,-18750000,3881960,4857022,4728712,0,0,0,0,0,0,0
1748635185670,-18750000,3892957,4838692,4710382,0,0,0,0,0,0,0
1748635185770,-18750000,3914951,4765379,4728708,0,0,0,0,0,0,0
1748635185870,-18750000,3911286,4728723,4728708,0,0,0,0,0,0,0
1748635185970,-18750000,3929614,4710393,4765368,0,0,0,0,0,0,0
1748635186070,-18750000,3944277,4802036,4802028,0,0,0,0,0,0,0
1748635186170,-18750000,3929615,4802036,4728716,0,0,0,0,0,0,0
1748635186270,-18750000,3929615,4838692,4728716,0,0,0,0,0,0,0
1748635186370,-18750000,3918617,4857022,4783702,0,0,0,0,0,0,0
1748635186470,-18750000,3929614,4875348,4783702,0,0,0,0,0,0,0
1748635186570,-18750000,3933279,4875348,4710389,0,0,0,0,0,0,0
1748635186670,-18750000,3936945,4838692,4710389,0,0,0,0,0,0,0
1748635186770,-18750000,3925948,4912004,4692063,0,0,0,0,0,0,0
1748635186870,-18750000,3925948,4875344,4655407,0,0,0,0,0,0,0
1748635186970,-18750000,3936945,4912001,4637077,0,0,0,0,0,0,0
1748635187070,-18750000,3929613,4857018,4673733,0,0,0,0,0,0,0
1748635187170,-18750000,3933278,4893678,4728715,0,0,0,0,0,0,0
1748635187270,-18750000,3925947,4930334,4783702,0,0,0,0,0,0,0
1748635187370,-18750000,3929613,5021977,4728716,0,0,0,0,0,0,0
1748635187470,-18750000,3929613,5040307,4765372,0,0,0,0,0,0,0
1748635187570,-18750000,3940610,5040307,4765372,0,0,0,0,0,0,0
1748635187670,-18750000,3944276,5058633,4765372,0,0,0,0,0,0,0
1748635187770,-18750000,3947942,5076963,4747042,0,0,0,0,0,0,0
1748635187870,-18750000,3944276,5113623,4783698,0,0,0,0,0,0,0
1748635187970,-18750000,3947942,5131953,4765368,0,0,0,0,0,0,0
1748635188070,-18750000,3936946,5168609,4765368,0,0,0,0,0,0,0
1748635188170,-18750000,3951609,5150279,4783698,0,0,0,0,0,0,0
1748635188270,-18750000,3958940,5150279,4783698,0,0,0,0,0,0,0
1748635188370,-18750000,3977269,5150279,4783698,0,0,0,0,0,0,0
1748635188470,-18750000,3991932,5021981,4765368,0,0,0,0,0,0,0
1748635188570,-18750000,3999263,5021981,4765368,0,0,0,0,0,0,0
1748635188670,-18750000,3999263,5058641,4673729,0,0,0,0,0,0,0
1748635188770,-18750000,4017592,5021981,4527104,0,0,0,0,0,0,0
1748635188870,-18750000,4046918,4985321,4288837,0,0,0,0,0,0,0
1748635188970,-18750000,4028589,4930334,3977253,0,0,0,0,0,0,0
1748635189070,-18750000,4021258,4802036,3592353,0,0,0,0,0,0,0
1748635189170,-18750000,3988267,4802036,3189127,0,0,0,0,0,0,0
1748635189270,-18750000,3955276,4747049,2767574,0,0,0,0,0,0,0
1748635189370,-18750000,3918619,4710393,2364352,0,0,0,0,0,0,0
1748635189470,-18750000,3892959,4783706,1997785,0,0,0,0,0,0,0
1748635189570,-18750000,3834308,4692063,1594559,0,0,0,0,0,0,0
1748635189670,-18750000,3793985,4618747,1466257,0,0,0,0,0,0,0
1748635189770,-18750000,3724337,4563764,1447927,0,0,0,0,0,0,0
1748635189870,-18750000,3654689,4563764,1502913,0,0,0,0,0,0,0
1748635189970,-18750000,3596039,4527108,1686198,0,0,0,0,0,0,0
1748635190070,-18750000,3563047,4508778,1887813,0,0,0,0,0,0,0
1748635190170,-18750000,3537386,4417136,2199397,0,0,0,0,0,0,0
1748635190270,-18750000,3493398,4325493,2529307,0,0,0,0,0,0,0
1748635190370,-18750000,3456741,4215521,2822560,0,0,0,0,0,0,0
1748635190470,-18750000,3423749,4160534,3097488,0,0,0,0,0,0,0
1748635190570,-18750000,3416418,4178861,3427402,0,0,0,0,0,0,0
1748635190670,-18750000,3383427,4197191,3574030,0,0,0,0,0,0,0
1748635190770,-18750000,3383427,4178861,3775642,0,0,0,0,0,0,0
1748635190870,-18750000,3379761,4123878,3958923,0,0,0,0,0,0,0
1748635190970,-18750000,3383426,4123878,4068896,0,0,0,0,0,0,0
1748635191070,-18750000,3383426,4142208,4178864,0,0,0,0,0,0,0
1748635191170,-18750000,3376095,4197194,4197194,0,0,0,0,0,0,0
1748635191270,-18750000,3387092,4270511,4252181,0,0,0,0,0,0,0
1748635191370,-18750000,3383427,4325497,4307167,0,0,0,0,0,0,0
1748635191470,-18750000,3383427,4270514,4288837,0,0,0,0,0,0,0
1748635191570,-18750000,3387092,4252188,4343819,0,0,0,0,0,0,0
1748635191670,-18750000,3420083,4215532,4362149,0,0,0,0,0,0,0
1748635191770,-18750000,3431080,4252188,4307167,0,0,0,0,0,0,0
1748635191870,-18750000,3431080,4233858,4252184,0,0,0,0,0,0,0
1748635191970,-18750000,3442077,4178872,4215528,0,0,0,0,0,0,0
1748635192070,-18750000,3438412,4270514,4197202,0,0,0,0,0,0,0
1748635192170,-18750000,3445743,4288841,4142216,0,0,0,0,0,0,0
1748635192270,-18750000,3471403,4288841,4160542,0,0,0,0,0,0,0
1748635192370,-18750000,3486065,4233854,4160542,0,0,0,0,0,0,0
1748635192470,-18750000,3475069,4307167,4233854,0,0,0,0,0,0,0
1748635192570,-18750000,3475069,4343823,4178872,0,0,0,0,0,0,0
1748635192670,-18750000,3478735,4270507,4160542,0,0,0,0,0,0,0
1748635192770,-18750000,3489732,4233851,4215524,0,0,0,0,0,0,0
1748635192870,-18750000,3493398,4307163,4215524,0,0,0,0,0,0,0
1748635192970,-18750000,3504395,4380476,4252181,0,0,0,0,0,0,0
1748635193070,-18750000,3522724,4343816,4233851,0,0,0,0,0,0,0
1748635193170,-18750000,3537387,4325489,4325493,0,0,0,0,0,0,0
1748635193270,-18750000,3526390,4362146,4288837,0,0,0,0,0,0,0
1748635193370,-18750000,3530055,4380476,4343819,0,0,0,0,0,0,0
1748635193470,-18750000,3541052,4380476,4325493,0,0,0,0,0,0,0
1748635193570,-18750000,3552049,4380476,4435462,0,0,0,0,0,0,0
1748635193670,-18750000,3526389,4563761,4527104,0,0,0,0,0,0,0
1748635193770,-18750000,3526389,4600417,4508778,0,0,0,0,0,0,0
1748635193870,-18750000,3537386,4563760,4508778,0,0,0,0,0,0,0
1748635193970,-18750000,3544717,4545434,4527104,0,0,0,0,0,0,0
1748635194070,-18750000,3552049,4472122,4563761,0,0,0,0,0,0,0
1748635194170,-18750000,3541051,4508778,4563761,0,0,0,0,0,0,0
1748635194270,-18750000,3559380,4453792,4600417,0,0,0,0,0,0,0
1748635194370,-18750000,3563046,4490448,4563761,0,0,0,0,0,0,0
1748635194470,-18750000,3585040,4508774,4563761,0,0,0,0,0,0,0
1748635194570,-18750000,3599703,4490444,4545431,0,0,0,0,0,0,0
1748635194670,-18750000,3621697,4435458,4490444,0,0,0,0,0,0,0
1748635194770,-18750000,3629028,4453788,4490444,0,0,0,0,0,0,0
1748635194870,-18750000,3621696,4472118,4508771,0,0,0,0,0,0,0
1748635194970,-18750000,3618030,4472118,4472114,0,0,0,0,0,0,0
1748635195070,-18750000,3614364,4545431,4490444,0,0,0,0,0,0,0
1748635195170,-18750000,3621695,4527101,4508771,0,0,0,0,0,0,0
1748635195270,-18750000,3621695,4637073,4508771,0,0,0,0,0,0,0
1748635195370,-18750000,3629027,4655399,4563757,0,0,0,0,0,0,0
1748635195470,-18750000,3618029,4673729,4563757,0,0,0,0,0,0,0
1748635195570,-18750000,3618029,4710386,4545431,0,0,0,0,0,0,0
1748635195670,-18750000,3618029,4728716,4582087,0,0,0,0,0,0,0
1748635195770,-18750000,3614364,4747042,4545431,0,0,0,0,0,0,0
1748635195870,-18750000,3621696,4710386,4582087,0,0,0,0,0,0,0
1748635195970,-18750000,3621696,4728712,4600417,0,0,0,0,0,0,0
1748635196070,-18750000,3625362,4710386,4545431,0,0,0,0,0,0,0
1748635196170,-18750000,3625362,4655403,4527104,0,0,0,0,0,0,0
1748635196270,-18750000,3629028,4582087,4453792,0,0,0,0,0,0,0
1748635196370,-18750000,3643691,4545431,4417136,0,0,0,0,0,0,0
1748635196470,-18750000,3665686,4472118,4453792,0,0,0,0,0,0,0
1748635196570,-18750000,3662021,4508778,4380479,0,0,0,0,0,0,0
1748635196670,-18750000,3673018,4472122,4325497,0,0,0,0,0,0,0
1748635196770,-18750000,3684014,4508782,4325497,0,0,0,0,0,0,0
1748635196870,-18750000,3702343,4508782,4325497,0,0,0,0,0,0,0
1748635196970,-18750000,3713340,4545442,4325497,0,0,0,0,0,0,0
1748635197070,-18750000,3742665,4582098,4362153,0,0,0,0,0,0,0
1748635197170,-18750000,3753662,4637081,4380479,0,0,0,0,0,0,0
1748635197270,-18750000,3753662,4728723,4417136,0,0,0,0,0,0,0
1748635197370,-18750000,3746330,4765379,4417136,0,0,0,0,0,0,0
1748635197470,-18750000,3724336,4783706,4398806,0,0,0,0,0,0,0
1748635197570,-18750000,3735333,4655407,4472118,0,0,0,0,0,0,0
1748635197670,-18750000,3731667,4563764,4582087,0,0,0,0,0,0,0
1748635197770,-18750000,3735333,4545434,4637069,0,0,0,0,0,0,0
1748635197870,-18750000,3738998,4582091,4618743,0,0,0,0,0,0,0
1748635197970,-18750000,3735332,4545431,4637069,0,0,0,0,0,0,0
1748635198070,-18750000,3728001,4472118,4600413,0,0,0,0,0,0,0
1748635198170,-18750000,3720670,4472118,4637073,0,0,0,0,0,0,0
1748635198270,-18750000,3713338,4398806,4655403,0,0,0,0,0,0,0
1748635198370,-18750000,3720670,4343823,4692059,0,0,0,0,0,0,0
1748635198470,-18750000,3731667,4343823,4637077,0,0,0,0,0,0,0
1748635198570,-18750000,3742663,4435462,4600421,0,0,0,0,0,0,0
1748635198670,-18750000,3764658,4453792,4545434,0,0,0,0,0,0,0
1748635198770,-18750000,3771989,4453792,4563764,0,0,0,0,0,0,0
1748635198870,-18750000,3757327,4472118,4545434,0,0,0,0,0,0,0
1748635198970,-18750000,3753662,4527104,4545434,0,0,0,0,0,0,0
1748635199070,-18750000,3760993,4600417,4582091,0,0,0,0,0,0,0
1748635199170,-18750000,3786653,4637077,4582091,0,0,0,0,0,0,0
1748635199270,-18750000,3790319,4655403,4582091,0,0,0,0,0,0,0
1748635199370,-18750000,3808646,4747046,4582091,0,0,0,0,0,0,0
1748635199470,-18750000,3830640,4820362,4655403,0,0,0,0,0,0,0
1748635199570,-18750000,3819644,4820362,4692059,0,0,0,0,0,0,0
1748635199670,-18750000,3808646,4930331,4655403,0,0,0,0,0,0,0
1748635199770,-18750000,3815978,4966987,4673733,0,0,0,0,0,0,0
1748635199870,-18750000,3841637,4948661,4710389,0,0,0,0,0,0,0
1748635199970,-18750000,3856300,4893674,4692063,0,0,0,0,0,0,0
1748635200070,-18750000,3848968,4893674,4728723,0,0,0,0,0,0,0
1748635200170,-18750000,3841637,4875344,4673737,0,0,0,0,0,0,0
1748635200270,-18750000,3852635,4857018,4673737,0,0,0,0,0,0,0
1748635200370,-18750000,3845303,4857018,4655407,0,0,0,0,0,0,0
1748635200470,-18750000,3841638,4728719,4673733,0,0,0,0,0,0,0
1748635200570,-18750000,3852635,4747049,4637077,0,0,0,0,0,0,0
1748635200670,-18750000,3859966,4765379,4637077,0,0,0,0,0,0,0
1748635200770,-18750000,3852635,4783709,4618747,0,0,0,0,0,0,0
1748635200870,-18750000,3848969,4820366,4600421,0,0,0,0,0,0,0
1748635200970,-18750000,3848969,4820366,4637077,0,0,0,0,0,0,0
1748635201070,-18750000,3837972,4802036,4563761,0,0,0,0,0,0,0
1748635201170,-18750000,3852635,4802036,4545431,0,0,0,0,0,0,0
1748635201270,-18750000,3867297,4875348,4582087,0,0,0,0,0,0,0
1748635201370,-18750000,3885626,4820362,4563761,0,0,0,0,0,0,0
1748635201470,-18750000,3874628,4948661,4508778,0,0,0,0,0,0,0
1748635201570,-18750000,3874628,4966991,4545434,0,0,0,0,0,0,0
1748635201670,-18750000,3889292,4930331,4563764,0,0,0,0,0,0,0
1748635201770,-18750000,3892958,4875344,4508778,0,0,0,0,0,0,0
1748635201870,-18750000,3892958,4893674,4527104,0,0,0,0,0,0,0
1748635201970,-18750000,3911286,4893674,4508774,0,0,0,0,0,0,0
1748635202070,-18750000,3936946,4912004,4508774,0,0,0,0,0,0,0
1748635202170,-18750000,3936946,4838692,4600417,0,0,0,0,0,0,0
1748635202270,-18750000,3933280,4802036,4563760,0,0,0,0,0,0,0
1748635202370,-18750000,3896623,4838692,4563760,0,0,0,0,0,0,0
1748635202470,-18750000,3925949,4838692,4637073,0,0,0,0,0,0,0
1748635202570,-18750000,3929615,4783706,4655399,0,0,0,0,0,0,0
1748635202670,-18750000,3918617,4838692,4563757,0,0,0,0,0,0,0
1748635202770,-18750000,3929614,4838692,4417132,0,0,0,0,0,0,0
1748635202870,-18750000,3925949,4802032,4197190,0,0,0,0,0,0,0
1748635202970,-18750000,3907620,4820362,3848950,0,0,0,0,0,0,0
1748635203070,-18750000,3881960,4710393,3519040,0,0,0,0,0,0,0
1748635203170,-18750000,3859967,4747049,3115814,0,0,0,0,0,0,0
1748635203270,-18750000,3834307,4747049,2749244,0,0,0,0,0,0,0
1748635203370,-18750000,3823310,4692063,2346018,0,0,0,0,0,0,0
1748635203470,-18750000,3768325,4655403,1924466,0,0,0,0,0,0,0
1748635203570,-18750000,3706008,4673729,1466257,0,0,0,0,0,0,0
1748635203670,-18750000,3654689,4563761,1356284,0,0,0,0,0,0,0
1748635203770,-18750000,3592373,4508774,1356284,0,0,0,0,0,0,0
1748635203870,-18750000,3541053,4453792,1374614,0,0,0,0,0,0,0
1748635203970,-18750000,3508062,4380479,1594555,0,0,0,0,0,0,0
1748635204070,-18750000,3475070,4417136,1832823,0,0,0,0,0,0,0
1748635204170,-18750000,3442079,4380479,2126080,0,0,0,0,0,0,0
1748635204270,-18750000,3420085,4270511,2419338,0,0,0,0,0,0,0
1748635204370,-18750000,3379762,4270511,2749252,0,0,0,0,0,0,0
1748635204470,-18750000,3372431,4325497,3134148,0,0,0,0,0,0,0
1748635204570,-18750000,3390759,4252184,3482388,0,0,0,0,0,0,0
1748635204670,-18750000,3383428,4270511,3647347,0,0,0,0,0,0,0
1748635204770,-18750000,3383428,4215528,3757315,0,0,0,0,0,0,0
1748635204870,-18750000,3383428,4252184,3903944,0,0,0,0,0,0,0
1748635204970,-18750000,3368765,4307167,3958931,0,0,0,0,0,0,0
1748635205070,-18750000,3354103,4362149,3995591,0,0,0,0,0,0,0
1748635205170,-18750000,3350438,4398805,4013917,0,0,0,0,0,0,0
1748635205270,-18750000,3350438,4453788,4013917,0,0,0,0,0,0,0
1748635205370,-18750000,3354104,4398805,4032243,0,0,0,0,0,0,0
1748635205470,-18750000,3365100,4343819,3995587,0,0,0,0,0,0,0
1748635205570,-18750000,3368765,4380475,4050573,0,0,0,0,0,0,0
1748635205670,-18750000,3365099,4380475,4050573,0,0,0,0,0,0,0
1748635205770,-18750000,3376096,4417132,4068903,0,0,0,0,0,0,0
1748635205870,-18750000,3372430,4380476,4105559,0,0,0,0,0,0,0
1748635205970,-18750000,3376095,4362149,4160546,0,0,0,0,0,0,0
1748635206070,-18750000,3390758,4307167,4160546,0,0,0,0,0,0,0
1748635206170,-18750000,3394423,4288837,4123889,0,0,0,0,0,0,0
1748635206270,-18750000,3387092,4325493,4233858,0,0,0,0,0,0,0
1748635206370,-18750000,3401754,4398806,4233858,0,0,0,0,0,0,0
1748635206470,-18750000,3401754,4288837,4307171,0,0,0,0,0,0,0
1748635206570,-18750000,3394423,4398809,4343827,0,0,0,0,0,0,0
1748635206670,-18750000,3409085,4380483,4325497,0,0,0,0,0,0,0
1748635206770,-18750000,3416417,4435466,4343823,0,0,0,0,0,0,0
1748635206870,-18750000,3431079,4362149,4307167,0,0,0,0,0,0,0
1748635206970,-18750000,3434745,4343819,4307167,0,0,0,0,0,0,0
1748635207070,-18750000,3453074,4398802,4325493,0,0,0,0,0,0,0
1748635207170,-18750000,3442077,4325489,4362149,0,0,0,0,0,0,0
1748635207270,-18750000,3445742,4343819,4307163,0,0,0,0,0,0,0
1748635207370,-18750000,3456740,4307163,4325493,0,0,0,0,0,0,0
1748635207470,-18750000,3449408,4307163,4215524,0,0,0,0,0,0,0
1748635207570,-18750000,3453074,4142208,4233851,0,0,0,0,0,0,0
1748635207670,-18750000,3467738,4215521,4307163,0,0,0,0,0,0,0
1748635207770,-18750000,3467738,4233851,4270507,0,0,0,0,0,0,0
1748635207870,-18750000,3467738,4288837,4343819,0,0,0,0,0,0,0
1748635207970,-18750000,3475069,4160538,4325489,0,0,0,0,0,0,0
1748635208070,-18750000,3460406,4032239,4398802,0,0,0,0,0,0,0
1748635208170,-18750000,3478734,4142208,4417132,0,0,0,0,0,0,0
1748635208270,-18750000,3504394,4068896,4417132,0,0,0,0,0,0,0
1748635208370,-18750000,3504394,4160538,4380476,0,0,0,0,0,0,0
1748635208470,-18750000,3504394,4160538,4453788,0,0,0,0,0,0,0
1748635208570,-18750000,3497063,4197194,4453788,0,0,0,0,0,0,0
1748635208670,-18750000,3482399,4178864,4417132,0,0,0,0,0,0,0
1748635208770,-18750000,3489731,4160534,4435462,0,0,0,0,0,0,0
1748635208870,-18750000,3497063,4215521,4362149,0,0,0,0,0,0,0
1748635208970,-18750000,3508060,4398806,4343823,0,0,0,0,0,0,0
1748635209070,-18750000,3504394,4527104,4307167,0,0,0,0,0,0,0
1748635209170,-18750000,3504394,4490448,4307167,0,0,0,0,0,0,0
1748635209270,-18750000,3500729,4618747,4288841,0,0,0,0,0,0,0
1748635209370,-18750000,3504394,4582087,4343823,0,0,0,0,0,0,0
1748635209470,-18750000,3522722,4728716,4325493,0,0,0,0,0,0,0
1748635209570,-18750000,3552047,4728716,4233854,0,0,0,0,0,0,0
1748635209670,-18750000,3563044,4747046,4215528,0,0,0,0,0,0,0
1748635209770,-18750000,3563044,4820362,4270511,0,0,0,0,0,0,0
1748635209870,-18750000,3581373,4838688,4288837,0,0,0,0,0,0,0
1748635209970,-18750000,3596035,4838688,4343819,0,0,0,0,0,0,0
1748635210070,-18750000,3603367,4802032,4380476,0,0,0,0,0,0,0
1748635210170,-18750000,3614364,4838688,4343819,0,0,0,0,0,0,0
1748635210270,-18750000,3599701,4728716,4343819,0,0,0,0,0,0,0
1748635210370,-18750000,3625361,4710389,4343819,0,0,0,0,0,0,0
1748635210470,-18750000,3621696,4710389,4325493,0,0,0,0,0,0,0
1748635210570,-18750000,3610699,4692059,4398806,0,0,0,0,0,0,0
1748635210670,-18750000,3614365,4673729,4398806,0,0,0,0,0,0,0
1748635210770,-18750000,3636359,4637073,4362149,0,0,0,0,0,0,0
1748635210870,-18750000,3625363,4600417,4398806,0,0,0,0,0,0,0
1748635210970,-18750000,3621697,4582087,4380479,0,0,0,0,0,0,0
1748635211070,-18750000,3640025,4637073,4362153,0,0,0,0,0,0,0
1748635211170,-18750000,3647356,4600417,4362153,0,0,0,0,0,0,0
1748635211270,-18750000,3676682,4692059,4380479,0,0,0,0,0,0,0
1748635211370,-18750000,3687679,4747046,4380479,0,0,0,0,0,0,0
1748635211470,-18750000,3702341,4820358,4435462,0,0,0,0,0,0,0
1748635211570,-18750000,3713338,4783702,4472118,0,0,0,0,0,0,0
1748635211670,-18750000,3731666,4728719,4527101,0,0,0,0,0,0,0
1748635211770,-18750000,3735332,4618747,4508774,0,0,0,0,0,0,0
1748635211870,-18750000,3742663,4637077,4508774,0,0,0,0,0,0,0
1748635211970,-18750000,3749995,4655407,4527101,0,0,0,0,0,0,0
1748635212070,-18750000,3742664,4655407,4508771,0,0,0,0,0,0,0
1748635212170,-18750000,3746330,4728723,4582083,0,0,0,0,0,0,0
1748635212270,-18750000,3742665,4655411,4600413,0,0,0,0,0,0,0
1748635212370,-18750000,3735334,4582094,4582087,0,0,0,0,0,0,0
1748635212470,-18750000,3728003,4380483,4582087,0,0,0,0,0,0,0
1748635212570,-18750000,3749997,4453796,4582087,0,0,0,0,0,0,0
1748635212670,-18750000,3753662,4527108,4563761,0,0,0,0,0,0,0
1748635212770,-18750000,3753662,4637081,4637073,0,0,0,0,0,0,0
1748635212870,-18750000,3757328,4655407,4600417,0,0,0,0,0,0,0
1748635212970,-18750000,3760993,4637077,4618747,0,0,0,0,0,0,0
1748635213070,-18750000,3760993,4637077,4655403,0,0,0,0,0,0,0
1748635213170,-18750000,3768324,4582091,4637073,0,0,0,0,0,0,0
1748635213270,-18750000,3790318,4618747,4655399,0,0,0,0,0,0,0
1748635213370,-18750000,3793984,4728719,4710382,0,0,0,0,0,0,0
1748635213470,-18750000,3808646,4710389,4655399,0,0,0,0,0,0,0
1748635213570,-18750000,3797649,4747046,4673729,0,0,0,0,0,0,0
1748635213670,-18750000,3782987,4747046,4692056,0,0,0,0,0,0,0
1748635213770,-18750000,3764658,4747046,4673726,0,0,0,0,0,0,0
1748635213870,-18750000,3782987,4747046,4692056,0,0,0,0,0,0,0
1748635213970,-18750000,3779321,4710389,4582087,0,0,0,0,0,0,0
1748635214070,-18750000,3790319,4600421,4582087,0,0,0,0,0,0,0
1748635214170,-18750000,3775656,4637077,4527104,0,0,0,0,0,0,0
1748635214270,-18750000,3764659,4655407,4527104,0,0,0,0,0,0,0
1748635214370,-18750000,3746330,4673733,4490448,0,0,0,0,0,0,0
1748635214470,-18750000,3738999,4765376,4545431,0,0,0,0,0,0,0
1748635214570,-18750000,3742665,4710393,4490444,0,0,0,0,0,0,0
1748635214670,-18750000,3746330,4710393,4490444,0,0,0,0,0,0,0
1748635214770,-18750000,3771990,4673733,4527104,0,0,0,0,0,0,0
1748635214870,-18750000,3764659,4655407,4563761,0,0,0,0,0,0,0
1748635214970,-18750000,3764659,4618751,4637073,0,0,0,0,0,0,0
1748635215070,-18750000,3775656,4765376,4618747,0,0,0,0,0,0,0
1748635215170,-18750000,3786653,4820362,4673729,0,0,0,0,0,0,0
1748635215270,-18750000,3793985,4857018,4655403,0,0,0,0,0,0,0
1748635215370,-18750000,3808647,4802036,4655403,0,0,0,0,0,0,0
1748635215470,-18750000,3815978,4838692,4692063,0,0,0,0,0,0,0
1748635215570,-18750000,3815978,4893674,4692063,0,0,0,0,0,0,0
1748635215670,-18750000,3834307,4912004,4673737,0,0,0,0,0,0,0
1748635215770,-18750000,3815978,4985321,4600420,0,0,0,0,0,0,0
1748635215870,-18750000,3826976,4948664,4618750,0,0,0,0,0,0,0
1748635215970,-18750000,3841638,4912008,4618750,0,0,0,0,0,0,0
1748635216070,-18750000,3856301,4802039,4637077,0,0,0,0,0,0,0
1748635216170,-18750000,3863632,4728723,4655407,0,0,0,0,0,0,0
1748635216270,-18750000,3874629,4692067,4710393,0,0,0,0,0,0,0
1748635216370,-18750000,3881960,4637081,4747049,0,0,0,0,0,0,0
1748635216470,-18750000,3878295,4563768,4692063,0,0,0,0,0,0,0
1748635216570,-18750000,3881960,4527112,4728719,0,0,0,0,0,0,0
1748635216670,-18750000,3878295,4508782,4783706,0,0,0,0,0,0,0
1748635216770,-18750000,3889292,4398809,4802036,0,0,0,0,0,0,0
1748635216870,-18750000,3889292,4472122,4710393,0,0,0,0,0,0,0
1748635216970,-18750000,3889292,4637077,4747049,0,0,0,0,0,0,0
1748635217070,-18750000,3896623,4728719,4728723,0,0,0,0,0,0,0
1748635217170,-18750000,3900289,4710393,4710393,0,0,0,0,0,0,0
1748635217270,-18750000,3889291,4692063,4655407,0,0,0,0,0,0,0
1748635217370,-18750000,3900289,4710389,4673737,0,0,0,0,0,0,0
1748635217470,-18750000,3903954,4802032,4747049,0,0,0,0,0,0,0
1748635217570,-18750000,3885626,4820362,4747049,0,0,0,0,0,0,0
1748635217670,-18750000,3892957,4820362,4728719,0,0,0,0,0,0,0
1748635217770,-18750000,3911285,4875348,4728719,0,0,0,0,0,0,0
1748635217870,-18750000,3914951,4893678,4783702,0,0,0,0,0,0,0
1748635217970,-18750000,3903953,4875352,4747046,0,0,0,0,0,0,0
1748635218070,-18750000,3885625,4857022,4802032,0,0,0,0,0,0,0
1748635218170,-18750000,3892956,4893678,4765376,0,0,0,0,0,0,0
1748635218270,-18750000,3900288,4912008,4765376,0,0,0,0,0,0,0
1748635218370,-18750000,3885626,4966994,4728719,0,0,0,0,0,0,0
1748635218470,-18750000,3900288,4930334,4637077,0,0,0,0,0,0,0
1748635218570,-18750000,3911285,4966991,4582090,0,0,0,0,0,0,0
1748635218670,-18750000,3925948,4966991,4582090,0,0,0,0,0,0,0
1748635218770,-18750000,3903953,4985321,4637077,0,0,0,0,0,0,0
1748635218870,-18750000,3907619,4838692,4618750,0,0,0,0,0,0,0
1748635218970,-18750000,3925948,4857018,4655407,0,0,0,0,0,0,0
1748635219070,-18750000,3929614,4875348,4655407,0,0,0,0,0,0,0
1748635219170,-18750000,3922283,4838692,4692063,0,0,0,0,0,0,0
1748635219270,-18750000,3922283,4765376,4765376,0,0,0,0,0,0,0
1748635219370,-18750000,3933279,4710389,4765376,0,0,0,0,0,0,0
1748635219470,-18750000,3936945,4728719,4838692,0,0,0,0,0,0,0
1748635219570,-18750000,3947942,4747049,4857022,0,0,0,0,0,0,0
1748635219670,-18750000,3933280,4673737,4838692,0,0,0,0,0,0,0
1748635219770,-18750000,3951608,4728719,4838692,0,0,0,0,0,0,0
1748635219870,-18750000,3947942,4912004,4875348,0,0,0,0,0,0,0
1748635219970,-18750000,3944276,4857018,4875348,0,0,0,0,0,0,0
1748635220070,-18750000,3955274,4857018,4875348,0,0,0,0,0,0,0
1748635220170,-18750000,3955274,4912004,4875348,0,0,0,0,0,0,0
1748635220270,-18750000,3936945,4985321,4820362,0,0,0,0,0,0,0
1748635220370,-18750000,3933280,5058637,4820362,0,0,0,0,0,0,0
1748635220470,-18750000,3944277,5058637,4820362,0,0,0,0,0,0,0
1748635220570,-18750000,3944277,5040307,4893674,0,0,0,0,0,0,0
1748635220670,-18750000,3955274,5076963,4820362,0,0,0,0,0,0,0
1748635220770,-18750000,3962606,5021981,4637077,0,0,0,0,0,0,0
1748635220870,-18750000,3969938,4966994,4362149,0,0,0,0,0,0,0
1748635220970,-18750000,3973604,5021981,4013909,0,0,0,0,0,0,0
1748635221070,-18750000,3958940,4912008,3629009,0,0,0,0,0,0,0
1748635221170,-18750000,3951609,4857022,3280769,0,0,0,0,0,0,0
1748635221270,-18750000,3944278,4820362,2914203,0,0,0,0,0,0,0
1748635221370,-18750000,3907621,4710389,2510977,0,0,0,0,0,0,0
1748635221470,-18750000,3867298,4710389,2052764,0,0,0,0,0,0,0
1748635221570,-18750000,3837972,4673733,1521240,0,0,0,0,0,0,0
1748635221670,-18750000,3782987,4673733,1319628,0,0,0,0,0,0,0
1748635221770,-18750000,3738998,4710389,1227986,0,0,0,0,0,0,0
1748635221870,-18750000,3669350,4655403,1301302,0,0,0,0,0,0,0
1748635221970,-18750000,3610700,4545434,1521243,0,0,0,0,0,0,0
1748635222070,-18750000,3563046,4618747,1759514,0,0,0,0,0,0,0
1748635222170,-18750000,3519058,4637073,2016116,0,0,0,0,0,0,0
1748635222270,-18750000,3467738,4563761,2272713,0,0,0,0,0,0,0
1748635222370,-18750000,3442078,4527104,2565967,0,0,0,0,0,0,0
1748635222470,-18750000,3409087,4508774,2950863,0,0,0,0,0,0,0
1748635222570,-18750000,3372430,4453788,3335763,0,0,0,0,0,0,0
1748635222670,-18750000,3357767,4435458,3574030,0,0,0,0,0,0,0
1748635222770,-18750000,3328442,4270503,3702329,0,0,0,0,0,0,0
1748635222870,-18750000,3339439,4233847,3867284,0,0,0,0,0,0,0
1748635222970,-18750000,3350435,4197191,3940597,0,0,0,0,0,0,0
1748635223070,-18750000,3339438,4215521,4032239,0,0,0,0,0,0,0
1748635223170,-18750000,3350435,4087222,4013909,0,0,0,0,0,0,0
1748635223270,-18750000,3368764,4142208,4087222,0,0,0,0,0,0,0
1748635223370,-18750000,3379761,4215521,4178864,0,0,0,0,0,0,0
1748635223470,-18750000,3376096,4215521,4123882,0,0,0,0,0,0,0
1748635223570,-18750000,3390759,4288833,4142208,0,0,0,0,0,0,0
1748635223670,-18750000,3409087,4325489,4197194,0,0,0,0,0,0,0
1748635223770,-18750000,3409087,4417128,4307163,0,0,0,0,0,0,0
1748635223870,-18750000,3401756,4435458,4270507,0,0,0,0,0,0,0
1748635223970,-18750000,3394424,4435458,4288837,0,0,0,0,0,0,0
1748635224070,-18750000,3405422,4417128,4252181,0,0,0,0,0,0,0
1748635224170,-18750000,3401756,4472114,4307167,0,0,0,0,0,0,0
1748635224270,-18750000,3394424,4435458,4343823,0,0,0,0,0,0,0
1748635224370,-18750000,3401756,4343819,4343823,0,0,0,0,0,0,0
1748635224470,-18750000,3409087,4288837,4380479,0,0,0,0,0,0,0
1748635224570,-18750000,3427415,4233854,4362153,0,0,0,0,0,0,0
1748635224670,-18750000,3434747,4215528,4288841,0,0,0,0,0,0,0
1748635224770,-18750000,3449410,4178872,4252184,0,0,0,0,0,0,0
1748635224870,-18750000,3464072,4215528,4307167,0,0,0,0,0,0,0
1748635224970,-18750000,3471403,4197198,4270511,0,0,0,0,0,0,0
1748635225070,-18750000,3475069,4142216,4270511,0,0,0,0,0,0,0
1748635225170,-18750000,3497063,4252188,4307167,0,0,0,0,0,0,0
1748635225270,-18750000,3522723,4270514,4307167,0,0,0,0,0,0,0
1748635225370,-18750000,3537386,4307171,4343823,0,0,0,0,0,0,0
1748635225470,-18750000,3541051,4325497,4398806,0,0,0,0,0,0,0
1748635225570,-18750000,3526388,4380479,4472118,0,0,0,0,0,0,0
1748635225670,-18750000,3533719,4417136,4527101,0,0,0,0,0,0,0
1748635225770,-18750000,3541050,4453792,4545431,0,0,0,0,0,0,0
1748635225870,-18750000,3537385,4343819,4472118,0,0,0,0,0,0,0
1748635225970,-18750000,3537385,4435462,4472118,0,0,0,0,0,0,0
1748635226070,-18750000,3552048,4417132,4453788,0,0,0,0,0,0,0
1748635226170,-18750000,3544717,4398802,4472114,0,0,0,0,0,0,0
1748635226270,-18750000,3530054,4398802,4417132,0,0,0,0,0,0,0
1748635226370,-18750000,3533720,4453784,4435462,0,0,0,0,0,0,0
1748635226470,-18750000,3544718,4490441,4398806,0,0,0,0,0,0,0
1748635226570,-18750000,3541052,4490441,4362149,0,0,0,0,0,0,0
1748635226670,-18750000,3533721,4472111,4307167,0,0,0,0,0,0,0
1748635226770,-18750000,3537387,4417128,4233854,0,0,0,0,0,0,0
1748635226870,-18750000,3555715,4527101,4215528,0,0,0,0,0,0,0
1748635226970,-18750000,3570379,4545427,4288841,0,0,0,0,0,0,0
1748635227070,-18750000,3588707,4618739,4325497,0,0,0,0,0,0,0
1748635227170,-18750000,3599704,4655396,4362157,0,0,0,0,0,0,0
1748635227270,-18750000,3621697,4710382,4380483,0,0,0,0,0,0,0
1748635227370,-18750000,3614366,4655399,4325497,0,0,0,0,0,0,0
1748635227470,-18750000,3614366,4545431,4325497,0,0,0,0,0,0,0
1748635227570,-18750000,3632695,4582091,4325497,0,0,0,0,0,0,0
1748635227670,-18750000,3640026,4600421,4325497,0,0,0,0,0,0,0
1748635227770,-18750000,3647357,4618747,4417136,0,0,0,0,0,0,0
1748635227870,-18750000,3643691,4618747,4435462,0,0,0,0,0,0,0
1748635227970,-18750000,3636360,4692063,4417132,0,0,0,0,0,0,0
1748635228070,-18750000,3625363,4600424,4453788,0,0,0,0,0,0,0
1748635228170,-18750000,3618032,4527112,4362146,0,0,0,0,0,0,0
1748635228270,-18750000,3625364,4508782,4417132,0,0,0,0,0,0,0
1748635228370,-18750000,3654689,4582094,4398806,0,0,0,0,0,0,0
1748635228470,-18750000,3658355,4692063,4362150,0,0,0,0,0,0,0
1748635228570,-18750000,3669351,4618747,4417132,0,0,0,0,0,0,0
1748635228670,-18750000,3673016,4637077,4435458,0,0,0,0,0,0,0
1748635228770,-18750000,3669350,4637077,4380476,0,0,0,0,0,0,0
1748635228870,-18750000,3676681,4655403,4453788,0,0,0,0,0,0,0
1748635228970,-18750000,3687678,4563761,4435462,0,0,0,0,0,0,0
1748635229070,-18750000,3680347,4728716,4398806,0,0,0,0,0,0,0
1748635229170,-18750000,3698675,4728716,4472118,0,0,0,0,0,0,0
1748635229270,-18750000,3687678,4728716,4398806,0,0,0,0,0,0,0
1748635229370,-18750000,3684013,4692059,4453788,0,0,0,0,0,0,0
1748635229470,-18750000,3684013,4655403,4490444,0,0,0,0,0,0,0
1748635229570,-18750000,3695010,4728719,4453788,0,0,0,0,0,0,0
1748635229670,-18750000,3695010,4692059,4472118,0,0,0,0,0,0,0
1748635229770,-18750000,3702341,4747046,4508774,0,0,0,0,0,0,0
1748635229870,-18750000,3713339,4765376,4490448,0,0,0,0,0,0,0
1748635229970,-18750000,3702342,4728719,4472118,0,0,0,0,0,0,0
1748635230070,-18750000,3720671,4692063,4545434,0,0,0,0,0,0,0
1748635230170,-18750000,3717005,4692063,4527104,0,0,0,0,0,0,0
1748635230270,-18750000,3728002,4728723,4527104,0,0,0,0,0,0,0
1748635230370,-18750000,3717005,4728723,4508778,0,0,0,0,0,0,0
1748635230470,-18750000,3735334,4728723,4545434,0,0,0,0,0,0,0
1748635230570,-18750000,3728002,4600424,4600421,0,0,0,0,0,0,0
1748635230670,-18750000,3739000,4637084,4600421,0,0,0,0,0,0,0
1748635230770,-18750000,3735334,4600428,4618747,0,0,0,0,0,0,0
1748635230870,-18750000,3724337,4655414,4637073,0,0,0,0,0,0,0
1748635230970,-18750000,3757328,4728727,4692059,0,0,0,0,0,0,0
1748635231070,-18750000,3742665,4692067,4673729,0,0,0,0,0,0,0
1748635231170,-18750000,3735333,4728723,4710389,0,0,0,0,0,0,0
1748635231270,-18750000,3742664,4728723,4765372,0,0,0,0,0,0,0
1748635231370,-18750000,3749996,4692067,4728716,0,0,0,0,0,0,0
1748635231470,-18750000,3746330,4747053,4765376,0,0,0,0,0,0,0
1748635231570,-18750000,3757327,4838692,4747046,0,0,0,0,0,0,0
1748635231670,-18750000,3760993,4820362,4728716,0,0,0,0,0,0,0
1748635231770,-18750000,3790318,4893674,4692059,0,0,0,0,0,0,0
1748635231870,-18750000,3801315,4783702,4710389,0,0,0,0,0,0,0
1748635231970,-18750000,3804980,4747046,4692059,0,0,0,0,0,0,0
1748635232070,-18750000,3834306,4728719,4673729,0,0,0,0,0,0,0
1748635232170,-18750000,3859966,4710389,4637069,0,0,0,0,0,0,0
1748635232270,-18750000,3867297,4692059,4637069,0,0,0,0,0,0,0
1748635232370,-18750000,3863632,4692059,4710382,0,0,0,0,0,0,0
1748635232470,-18750000,3859966,4618747,4618739,0,0,0,0,0,0,0
1748635232570,-18750000,3870962,4563764,4600413,0,0,0,0,0,0,0
1748635232670,-18750000,3870962,4508778,4692056,0,0,0,0,0,0,0
1748635232770,-18750000,3867297,4508778,4747042,0,0,0,0,0,0,0
1748635232870,-18750000,3867297,4545434,4747042,0,0,0,0,0,0,0
1748635232970,-18750000,3841637,4527104,4692059,0,0,0,0,0,0,0
1748635233070,-18750000,3837971,4563761,4728719,0,0,0,0,0,0,0
1748635233170,-18750000,3845303,4600421,4728719,0,0,0,0,0,0,0
1748635233270,-18750000,3834306,4600421,4692063,0,0,0,0,0,0,0
1748635233370,-18750000,3848969,4692063,4673733,0,0,0,0,0,0,0
1748635233470,-18750000,3867297,4802032,4710389,0,0,0,0,0,0,0
1748635233570,-18750000,3856301,4838688,4728716,0,0,0,0,0,0,0
1748635233670,-18750000,3874629,4857018,4692059,0,0,0,0,0,0,0
1748635233770,-18750000,3859967,4838692,4710389,0,0,0,0,0,0,0
1748635233870,-18750000,3885626,4820366,4710389,0,0,0,0,0,0,0
1748635233970,-18750000,3907621,4857022,4820358,0,0,0,0,0,0,0
1748635234070,-18750000,3900290,4912008,4820358,0,0,0,0,0,0,0
1748635234170,-18750000,3885626,4857022,4765376,0,0,0,0,0,0,0
1748635234270,-18750000,3896623,4783709,4802032,0,0,0,0,0,0,0
1748635234370,-18750000,3892957,4765379,4783706,0,0,0,0,0,0,0
1748635234470,-18750000,3907621,4747053,4783706,0,0,0,0,0,0,0
1748635234570,-18750000,3907621,4820366,4802036,0,0,0,0,0,0,0
1748635234670,-18750000,3889292,4857022,4710393,0,0,0,0,0,0,0
1748635234770,-18750000,3896624,4765379,4453792,0,0,0,0,0,0,0
1748635234870,-18750000,3874630,4820366,4160538,0,0,0,0,0,0,0
1748635234970,-18750000,3845304,4857026,3830628,0,0,0,0,0,0,0
1748635235070,-18750000,3852635,4820369,3445728,0,0,0,0,0,0,0
1748635235170,-18750000,3826976,4802039,3152471,0,0,0,0,0,0,0
1748635235270,-18750000,3804981,4838696,2730918,0,0,0,0,0,0,0
1748635235370,-18750000,3753662,4728727,2346022,0,0,0,0,0,0,0
1748635235470,-18750000,3695010,4582098,1924466,0,0,0,0,0,0,0
1748635235570,-18750000,3658353,4453799,1447927,0,0,0,0,0,0,0
1748635235670,-18750000,3625361,4380487,1246316,0,0,0,0,0,0,0
1748635235770,-18750000,3566710,4380487,1227989,0,0,0,0,0,0,0
1748635235870,-18750000,3511724,4288844,1319632,0,0,0,0,0,0,0
1748635235970,-18750000,3482399,4178872,1429601,0,0,0,0,0,0,0
1748635236070,-18750000,3412751,4050573,1631216,0,0,0,0,0,0,0
1748635236170,-18750000,3383426,3977261,1869487,0,0,0,0,0,0,0
1748635236270,-18750000,3335773,3958931,2217727,0,0,0,0,0,0,0
1748635236370,-18750000,3321110,3958931,2565967,0,0,0,0,0,0,0
1748635236470,-18750000,3306448,3995587,2932537,0,0,0,0,0,0,0
1748635236570,-18750000,3266125,4050573,3354089,0,0,0,0,0,0,0
1748635236670,-18750000,3236800,4142216,3537374,0,0,0,0,0,0,0
1748635236770,-18750000,3251463,4160542,3738986,0,0,0,0,0,0,0
1748635236870,-18750000,3240466,4123885,3867284,0,0,0,0,0,0,0
1748635236970,-18750000,3240466,4105559,4013913,0,0,0,0,0,0,0
1748635237070,-18750000,3255129,4197198,4123882,0,0,0,0,0,0,0
1748635237170,-18750000,3247797,4197198,4197194,0,0,0,0,0,0,0
1748635237270,-18750000,3251462,4160542,4233850,0,0,0,0,0,0,0
1748635237370,-18750000,3266125,4252181,4252177,0,0,0,0,0,0,0
1748635237470,-18750000,3262459,4307167,4270507,0,0,0,0,0,0,0
1748635237570,-18750000,3295451,4215524,4233850,0,0,0,0,0,0,0
1748635237670,-18750000,3302782,4105552,4233850,0,0,0,0,0,0,0
1748635237770,-18750000,3288119,4142208,4252180,0,0,0,0,0,0,0
1748635237870,-18750000,3299116,4252177,4233850,0,0,0,0,0,0,0
1748635237970,-18750000,3310112,4270503,4197194,0,0,0,0,0,0,0
1748635238070,-18750000,3310112,4215521,4197194,0,0,0,0,0,0,0
1748635238170,-18750000,3324776,4215521,4215524,0,0,0,0,0,0,0
1748635238270,-18750000,3335773,4233851,4252181,0,0,0,0,0,0,0
1748635238370,-18750000,3343104,4160538,4252181,0,0,0,0,0,0,0
1748635238470,-18750000,3343104,4105552,4270507,0,0,0,0,0,0,0
1748635238570,-18750000,3335773,4178864,4288837,0,0,0,0,0,0,0
1748635238670,-18750000,3357767,4233851,4343819,0,0,0,0,0,0,0
1748635238770,-18750000,3372430,4233851,4325489,0,0,0,0,0,0,0
1748635238870,-18750000,3379761,4215521,4362145,0,0,0,0,0,0,0
1748635238970,-18750000,3372430,4252177,4343815,0,0,0,0,0,0,0
1748635239070,-18750000,3379761,4270503,4325489,0,0,0,0,0,0,0
1748635239170,-18750000,3379761,4362146,4307159,0,0,0,0,0,0,0
1748635239270,-18750000,3387092,4343816,4215520,0,0,0,0,0,0,0
1748635239370,-18750000,3401755,4398802,4178864,0,0,0,0,0,0,0
1748635239470,-18750000,3427415,4435458,4178864,0,0,0,0,0,0,0
1748635239570,-18750000,3442078,4453788,4160534,0,0,0,0,0,0,0
1748635239670,-18750000,3423750,4508774,4160534,0,0,0,0,0,0,0
1748635239770,-18750000,3420084,4545434,4160534,0,0,0,0,0,0,0
1748635239870,-18750000,3442078,4490452,4197191,0,0,0,0,0,0,0
1748635239970,-18750000,3464073,4527108,4215521,0,0,0,0,0,0,0
1748635240070,-18750000,3482401,4563764,4215521,0,0,0,0,0,0,0
1748635240170,-18750000,3486067,4490452,4197194,0,0,0,0,0,0,0
1748635240270,-18750000,3489733,4508782,4252177,0,0,0,0,0,0,0
1748635240370,-18750000,3475070,4472126,4307163,0,0,0,0,0,0,0
1748635240470,-18750000,3475070,4453799,4307163,0,0,0,0,0,0,0
1748635240570,-18750000,3478735,4453799,4343819,0,0,0,0,0,0,0
1748635240670,-18750000,3489731,4435469,4343819,0,0,0,0,0,0,0
1748635240770,-18750000,3500729,4417139,4325493,0,0,0,0,0,0,0
1748635240870,-18750000,3478734,4472122,4270511,0,0,0,0,0,0,0
1748635240970,-18750000,3456740,4472122,4233854,0,0,0,0,0,0,0
1748635241070,-18750000,3438411,4417139,4252180,0,0,0,0,0,0,0
1748635241170,-18750000,3438411,4453796,4288837,0,0,0,0,0,0,0
1748635241270,-18750000,3453074,4490452,4270510,0,0,0,0,0,0,0
1748635241370,-18750000,3471402,4527108,4197198,0,0,0,0,0,0,0
1748635241470,-18750000,3475068,4527108,4233854,0,0,0,0,0,0,0
1748635241570,-18750000,3500729,4508778,4233854,0,0,0,0,0,0,0
1748635241670,-18750000,3522723,4508778,4252184,0,0,0,0,0,0,0
1748635241770,-18750000,3530054,4380479,4288840,0,0,0,0,0,0,0
1748635241870,-18750000,3548383,4343823,4325497,0,0,0,0,0,0,0
1748635241970,-18750000,3570377,4343823,4362153,0,0,0,0,0,0,0
1748635242070,-18750000,3581374,4343823,4417139,0,0,0,0,0,0,0
1748635242170,-18750000,3603368,4417136,4362153,0,0,0,0,0,0,0
1748635242270,-18750000,3614365,4527104,4435466,0,0,0,0,0,0,0
1748635242370,-18750000,3599703,4527104,4472122,0,0,0,0,0,0,0
1748635242470,-18750000,3592372,4545431,4490452,0,0,0,0,0,0,0
1748635242570,-18750000,3574043,4527104,4435469,0,0,0,0,0,0,0
1748635242670,-18750000,3566712,4508774,4472126,0,0,0,0,0,0,0
1748635242770,-18750000,3581374,4618743,4453796,0,0,0,0,0,0,0
1748635242870,-18750000,3592372,4618743,4472122,0,0,0,0,0,0,0
1748635242970,-18750000,3577709,4637073,4472122,0,0,0,0,0,0,0
1748635243070,-18750000,3603369,4600417,4472122,0,0,0,0,0,0,0
1748635243170,-18750000,3592372,4563761,4508778,0,0,0,0,0,0,0
1748635243270,-18750000,3574043,4417136,4435466,0,0,0,0,0,0,0
1748635243370,-18750000,3592372,4453792,4453792,0,0,0,0,0,0,0
1748635243470,-18750000,3599703,4453792,4435462,0,0,0,0,0,0,0
1748635243570,-18750000,3596037,4453792,4527101,0,0,0,0,0,0,0
1748635243670,-18750000,3599702,4453792,4472114,0,0,0,0,0,0,0
1748635243770,-18750000,3588706,4472122,4508771,0,0,0,0,0,0,0
1748635243870,-18750000,3592371,4490452,4453788,0,0,0,0,0,0,0
1748635243970,-18750000,3610699,4453796,4472114,0,0,0,0,0,0,0
1748635244070,-18750000,3607033,4527108,4435458,0,0,0,0,0,0,0
1748635244170,-18750000,3629028,4582094,4453788,0,0,0,0,0,0,0
1748635244270,-18750000,3643690,4600421,4508771,0,0,0,0,0,0,0
1748635244370,-18750000,3647356,4563764,4527101,0,0,0,0,0,0,0
1748635244470,-18750000,3658353,4563764,4545431,0,0,0,0,0,0,0
1748635244570,-18750000,3676681,4618747,4508774,0,0,0,0,0,0,0
1748635244670,-18750000,3673016,4673733,4490448,0,0,0,0,0,0,0
1748635244770,-18750000,3676681,4692063,4472122,0,0,0,0,0,0,0
1748635244870,-18750000,3665685,4655407,4527104,0,0,0,0,0,0,0
1748635244970,-18750000,3665685,4710393,4508778,0,0,0,0,0,0,0
1748635245070,-18750000,3651022,4673737,4490448,0,0,0,0,0,0,0
1748635245170,-18750000,3647356,4655407,4453792,0,0,0,0,0,0,0
1748635245270,-18750000,3654688,4802036,4453792,0,0,0,0,0,0,0
1748635245370,-18750000,3651023,4802036,4490448,0,0,0,0,0,0,0
1748635245470,-18750000,3651023,4802036,4453792,0,0,0,0,0,0,0
1748635245570,-18750000,3654688,4820366,4490448,0,0,0,0,0,0,0
1748635245670,-18750000,3654688,4673741,4527104,0,0,0,0,0,0,0
1748635245770,-18750000,3687679,4600424,4508774,0,0,0,0,0,0,0
1748635245870,-18750000,3720670,4637081,4527104,0,0,0,0,0,0,0
1748635245970,-18750000,3720670,4637081,4563761,0,0,0,0,0,0,0
1748635246070,-18750000,3760993,4692063,4600417,0,0,0,0,0,0,0
1748635246170,-18750000,3760993,4692063,4637073,0,0,0,0,0,0,0
1748635246270,-18750000,3757327,4545434,4655403,0,0,0,0,0,0,0
1748635246370,-18750000,3746330,4582091,4618747,0,0,0,0,0,0,0
1748635246470,-18750000,3764658,4582091,4637073,0,0,0,0,0,0,0
1748635246570,-18750000,3760992,4563764,4600417,0,0,0,0,0,0,0
1748635246670,-18750000,3775655,4563764,4600417,0,0,0,0,0,0,0
1748635246770,-18750000,3786652,4600421,4637073,0,0,0,0,0,0,0
1748635246870,-18750000,3786652,4600421,4582087,0,0,0,0,0,0,0
1748635246970,-18750000,3786652,4692063,4563757,0,0,0,0,0,0,0
1748635247070,-18750000,3793983,4637077,4600417,0,0,0,0,0,0,0
1748635247170,-18750000,3797649,4673737,4600417,0,0,0,0,0,0,0
1748635247270,-18750000,3819644,4783709,4545430,0,0,0,0,0,0,0
1748635247370,-18750000,3819644,4783709,4545430,0,0,0,0,0,0,0
1748635247470,-18750000,3823309,4765379,4545430,0,0,0,0,0,0,0
1748635247570,-18750000,3834306,4765379,4600417,0,0,0,0,0,0,0
1748635247670,-18750000,3837971,4747049,4600417,0,0,0,0,0,0,0
1748635247770,-18750000,3819643,4783706,4618747,0,0,0,0,0,0,0
1748635247870,-18750000,3826975,4802036,4618747,0,0,0,0,0,0,0
1748635247970,-18750000,3815978,4747049,4673733,0,0,0,0,0,0,0
1748635248070,-18750000,3815978,4783706,4673733,0,0,0,0,0,0,0
1748635248170,-18750000,3812312,4747046,4710389,0,0,0,0,0,0,0
1748635248270,-18750000,3801315,4728716,4710389,0,0,0,0,0,0,0
1748635248370,-18750000,3834306,4692059,4728716,0,0,0,0,0,0,0
1748635248470,-18750000,3834306,4747046,4820358,0,0,0,0,0,0,0
1748635248570,-18750000,3834306,4820358,4820358,0,0,0,0,0,0,0
1748635248670,-18750000,3841637,4857018,4838684,0,0,0,0,0,0,0
1748635248770,-18750000,3856300,4765376,4838684,0,0,0,0,0,0,0
1748635248870,-18750000,3848968,4875344,4747042,0,0,0,0,0,0,0
1748635248970,-18750000,3845303,4893674,4747042,0,0,0,0,0,0,0
1748635249070,-18750000,3841637,4912004,4728716,0,0,0,0,0,0,0
1748635249170,-18750000,3856300,4912004,4783702,0,0,0,0,0,0,0
1748635249270,-18750000,3852635,4948664,4765376,0,0,0,0,0,0,0
1748635249370,-18750000,3837972,4912004,4692063,0,0,0,0,0,0,0
1748635249470,-18750000,3841638,4875348,4692063,0,0,0,0,0,0,0
1748635249570,-18750000,3852635,4820362,4692063,0,0,0,0,0,0,0
1748635249670,-18750000,3845304,4820362,4655407,0,0,0,0,0,0,0
1748635249770,-18750000,3852635,4966991,4618751,0,0,0,0,0,0,0
1748635249870,-18750000,3874630,4857022,4673737,0,0,0,0,0,0,0
1748635249970,-18750000,3885626,4802036,4673737,0,0,0,0,0,0,0
1748635250070,-18750000,3889291,4802036,4692063,0,0,0,0,0,0,0
1748635250170,-18750000,3885626,4802036,4637077,0,0,0,0,0,0,0
1748635250270,-18750000,3900289,4783706,4600417,0,0,0,0,0,0,0
1748635250370,-18750000,3911285,4728723,4637073,0,0,0,0,0,0,0
1748635250470,-18750000,3903954,4673737,4582091,0,0,0,0,0,0,0
1748635250570,-18750000,3918616,4747053,4508778,0,0,0,0,0,0,0
1748635250670,-18750000,3944276,4692067,4600421,0,0,0,0,0,0,0
1748635250770,-18750000,3922282,4728723,4453792,0,0,0,0,0,0,0
1748635250870,-18750000,3918616,4783709,4288837,0,0,0,0,0,0,0
1748635250970,-18750000,3903954,4783709,4050566,0,0,0,0,0,0,0
1748635251070,-18750000,3881960,4710393,3757312,0,0,0,0,0,0,0
1748635251170,-18750000,3870963,4783709,3445728,0,0,0,0,0,0,0
1748635251270,-18750000,3848969,4747053,3097488,0,0,0,0,0,0,0
1748635251370,-18750000,3804980,4747053,2675936,0,0,0,0,0,0,0
1748635251470,-18750000,3775654,4765383,2382678,0,0,0,0,0,0,0
1748635251570,-18750000,3702341,4673740,2052764,0,0,0,0,0,0,0
1748635251670,-18750000,3632693,4655410,1612882,0,0,0,0,0,0,0
1748635251770,-18750000,3588705,4545438,1502913,0,0,0,0,0,0,0
1748635251870,-18750000,3530054,4472122,1521239,0,0,0,0,0,0,0
1748635251970,-18750000,3493397,4453792,1557896,0,0,0,0,0,0,0
1748635252070,-18750000,3460406,4435465,1686194,0,0,0,0,0,0,0
1748635252170,-18750000,3420084,4233850,1814493,0,0,0,0,0,0,0
1748635252270,-18750000,3383428,4160538,2016108,0,0,0,0,0,0,0
1748635252370,-18750000,3368765,4178864,2327692,0,0,0,0,0,0,0
1748635252470,-18750000,3332108,4087222,2584293,0,0,0,0,0,0,0
1748635252570,-18750000,3332108,4123878,2859220,0,0,0,0,0,0,0
1748635252670,-18750000,3310115,4050565,3189134,0,0,0,0,0,0,0
1748635252770,-18750000,3306449,4050565,3445732,0,0,0,0,0,0,0
1748635252870,-18750000,3291786,4050565,3555704,0,0,0,0,0,0,0
1748635252970,-18750000,3284455,4087222,3647347,0,0,0,0,0,0,0
1748635253070,-18750000,3280789,4105548,3720663,0,0,0,0,0,0,0
1748635253170,-18750000,3262460,4215520,3812305,0,0,0,0,0,0,0
1748635253270,-18750000,3251463,4252177,3922274,0,0,0,0,0,0,0
1748635253370,-18750000,3233135,4270507,3922274,0,0,0,0,0,0,0
1748635253470,-18750000,3251463,4380475,3958930,0,0,0,0,0,0,0
1748635253570,-18750000,3262460,4398802,4068899,0,0,0,0,0,0,0
1748635253670,-18750000,3277122,4398802,4068899,0,0,0,0,0,0,0
1748635253770,-18750000,3280788,4398802,4013913,0,0,0,0,0,0,0
1748635253870,-18750000,3302782,4380476,4068896,0,0,0,0,0,0,0
1748635253970,-18750000,3310113,4325493,4142212,0,0,0,0,0,0,0
1748635254070,-18750000,3324775,4362149,4197194,0,0,0,0,0,0,0
1748635254170,-18750000,3328441,4307163,4307163,0,0,0,0,0,0,0
1748635254270,-18750000,3346769,4307163,4288837,0,0,0,0,0,0,0
1748635254370,-18750000,3365098,4288833,4325493,0,0,0,0,0,0,0
1748635254470,-18750000,3372429,4252177,4343819,0,0,0,0,0,0,0
1748635254570,-18750000,3368764,4215521,4288837,0,0,0,0,0,0,0
1748635254670,-18750000,3365099,4288833,4270507,0,0,0,0,0,0,0
1748635254770,-18750000,3365099,4307163,4288837,0,0,0,0,0,0,0
1748635254870,-18750000,3372430,4270507,4288837,0,0,0,0,0,0,0
1748635254970,-18750000,3372430,4270507,4270507,0,0,0,0,0,0,0
1748635255070,-18750000,3368765,4288837,4252181,0,0,0,0,0,0,0
1748635255170,-18750000,3383428,4325493,4215524,0,0,0,0,0,0,0
1748635255270,-18750000,3390759,4252177,4215524,0,0,0,0,0,0,0
1748635255370,-18750000,3390759,4233850,4270507,0,0,0,0,0,0,0
1748635255470,-18750000,3387094,4197194,4215524,0,0,0,0,0,0,0
1748635255570,-18750000,3394425,4233851,4233851,0,0,0,0,0,0,0
1748635255670,-18750000,3394425,4270507,4288837,0,0,0,0,0,0,0
1748635255770,-18750000,3394425,4252177,4288837,0,0,0,0,0,0,0
1748635255870,-18750000,3383429,4325489,4252181,0,0,0,0,0,0,0
1748635255970,-18750000,3394426,4362146,4325493,0,0,0,0,0,0,0
1748635256070,-18750000,3409088,4270503,4343819,0,0,0,0,0,0,0
1748635256170,-18750000,3412754,4307159,4343819,0,0,0,0,0,0,0
1748635256270,-18750000,3416419,4435458,4380475,0,0,0,0,0,0,0
1748635256370,-18750000,3431081,4472114,4362149,0,0,0,0,0,0,0
1748635256470,-18750000,3453075,4563757,4417132,0,0,0,0,0,0,0
1748635256570,-18750000,3464072,4527101,4362149,0,0,0,0,0,0,0
1748635256670,-18750000,3489732,4490444,4343819,0,0,0,0,0,0,0
1748635256770,-18750000,3504395,4563761,4380475,0,0,0,0,0,0,0
1748635256870,-18750000,3530054,4600417,4417132,0,0,0,0,0,0,0
1748635256970,-18750000,3537385,4563761,4398805,0,0,0,0,0,0,0
1748635257070,-18750000,3533719,4563761,4453792,0,0,0,0,0,0,0
1748635257170,-18750000,3537385,4527104,4398809,0,0,0,0,0,0,0
1748635257270,-18750000,3533720,4527104,4398809,0,0,0,0,0,0,0
1748635257370,-18750000,3526389,4508774,4362153,0,0,0,0,0,0,0
1748635257470,-18750000,3519058,4472118,4398809,0,0,0,0,0,0,0
1748635257570,-18750000,3530054,4435462,4453792,0,0,0,0,0,0,0
1748635257670,-18750000,3530054,4490448,4435466,0,0,0,0,0,0,0
1748635257770,-18750000,3530054,4398806,4398809,0,0,0,0,0,0,0
1748635257870,-18750000,3537386,4380476,4380483,0,0,0,0,0,0,0
1748635257970,-18750000,3541052,4417132,4362153,0,0,0,0,0,0,0
1748635258070,-18750000,3544718,4472118,4325497,0,0,0,0,0,0,0
1748635258170,-18750000,3552049,4417136,4362153,0,0,0,0,0,0,0
1748635258270,-18750000,3559380,4398809,4398809,0,0,0,0,0,0,0
1748635258370,-18750000,3574043,4380483,4380479,0,0,0,0,0,0,0
1748635258470,-18750000,3585040,4380483,4325497,0,0,0,0,0,0,0
1748635258570,-18750000,3574044,4380483,4380483,0,0,0,0,0,0,0
1748635258670,-18750000,3596038,4398813,4453796,0,0,0,0,0,0,0
1748635258770,-18750000,3618031,4417139,4490452,0,0,0,0,0,0,0
1748635258870,-18750000,3603368,4362157,4508778,0,0,0,0,0,0,0
1748635258970,-18750000,3607033,4398813,4545434,0,0,0,0,0,0,0
1748635259070,-18750000,3618031,4325501,4545434,0,0,0,0,0,0,0
1748635259170,-18750000,3636359,4398813,4563761,0,0,0,0,0,0,0
1748635259270,-18750000,3640025,4362157,4582091,0,0,0,0,0,0,0
1748635259370,-18750000,3640025,4398813,4600421,0,0,0,0,0,0,0
1748635259470,-18750000,3651022,4435469,4600421,0,0,0,0,0,0,0
1748635259570,-18750000,3647356,4527112,4527108,0,0,0,0,0,0,0
1748635259670,-18750000,3654688,4417139,4417139,0,0,0,0,0,0,0
1748635259770,-18750000,3643691,4398813,4380483,0,0,0,0,0,0,0
1748635259870,-18750000,3658354,4453796,4398813,0,0,0,0,0,0,0
1748635259970,-18750000,3658354,4490452,4398813,0,0,0,0,0,0,0
1748635260070,-18750000,3669352,4545434,4362157,0,0,0,0,0,0,0
1748635260170,-18750000,3676683,4582091,4398813,0,0,0,0,0,0,0
1748635260270,-18750000,3691345,4637073,4362153,0,0,0,0,0,0,0
1748635260370,-18750000,3702342,4673729,4435466,0,0,0,0,0,0,0
1748635260470,-18750000,3687679,4692059,4490448,0,0,0,0,0,0,0
1748635260570,-18750000,3709673,4673729,4453792,0,0,0,0,0,0,0
1748635260670,-18750000,3687680,4783702,4508774,0,0,0,0,0,0,0
1748635260770,-18750000,3702342,4747046,4508774,0,0,0,0,0,0,0
1748635260870,-18750000,3709673,4747046,4508774,0,0,0,0,0,0,0
1748635260970,-18750000,3717004,4637077,4490448,0,0,0,0,0,0,0
1748635261070,-18750000,3706007,4655407,4563761,0,0,0,0,0,0,0
1748635261170,-18750000,3695010,4618751,4545434,0,0,0,0,0,0,0
1748635261270,-18750000,3684013,4637081,4508778,0,0,0,0,0,0,0
1748635261370,-18750000,3665684,4545438,4490448,0,0,0,0,0,0,0
1748635261470,-18750000,3680347,4527108,4490448,0,0,0,0,0,0,0
1748635261570,-18750000,3684013,4472126,4527104,0,0,0,0,0,0,0
1748635261670,-18750000,3695010,4417139,4582091,0,0,0,0,0,0,0
1748635261770,-18750000,3691344,4490452,4637073,0,0,0,0,0,0,0
1748635261870,-18750000,3695010,4527112,4582087,0,0,0,0,0,0,0
1748635261970,-18750000,3687679,4545438,4563757,0,0,0,0,0,0,0
1748635262070,-18750000,3702341,4582094,4563757,0,0,0,0,0,0,0
1748635262170,-18750000,3709673,4673737,4563757,0,0,0,0,0,0,0
1748635262270,-18750000,3717004,4673737,4508774,0,0,0,0,0,0,0
1748635262370,-18750000,3735333,4728723,4527104,0,0,0,0,0,0,0
1748635262470,-18750000,3735333,4783709,4490448,0,0,0,0,0,0,0
1748635262570,-18750000,3746330,4783709,4563761,0,0,0,0,0,0,0
1748635262670,-18750000,3749995,4765379,4490448,0,0,0,0,0,0,0
1748635262770,-18750000,3760993,4838692,4490448,0,0,0,0,0,0,0
1748635262870,-18750000,3757327,4765375,4545434,0,0,0,0,0,0,0
1748635262970,-18750000,3764658,4747049,4527108,0,0,0,0,0,0,0
1748635263070,-18750000,3768324,4637080,4508778,0,0,0,0,0,0,0
1748635263170,-18750000,3786652,4508782,4563764,0,0,0,0,0,0,0
1748635263270,-18750000,3782987,4563768,4618747,0,0,0,0,0,0,0
1748635263370,-18750000,3790319,4582094,4600417,0,0,0,0,0,0,0
1748635263470,-18750000,3790319,4582094,4637073,0,0,0,0,0,0,0
1748635263570,-18750000,3793984,4655407,4618743,0,0,0,0,0,0,0
1748635263670,-18750000,3790319,4673737,4673726,0,0,0,0,0,0,0
1748635263770,-18750000,3797650,4600424,4692056,0,0,0,0,0,0,0
1748635263870,-18750000,3793984,4618754,4655399,0,0,0,0,0,0,0
1748635263970,-18750000,3804981,4618754,4710382,0,0,0,0,0,0,0
1748635264070,-18750000,3808646,4673737,4710382,0,0,0,0,0,0,0
1748635264170,-18750000,3790318,4728719,4673722,0,0,0,0,0,0,0
1748635264270,-18750000,3786652,4710389,4673722,0,0,0,0,0,0,0
1748635264370,-18750000,3790318,4673733,4673722,0,0,0,0,0,0,0
1748635264470,-18750000,3797649,4545434,4692052,0,0,0,0,0,0,0
1748635264570,-18750000,3786653,4563764,4692052,0,0,0,0,0,0,0
1748635264670,-18750000,3790318,4618751,4692052,0,0,0,0,0,0,0
1748635264770,-18750000,3790318,4655407,4618739,0,0,0,0,0,0,0
1748635264870,-18750000,3823310,4673733,4600409,0,0,0,0,0,0,0
1748635264970,-18750000,3812312,4673733,4637069,0,0,0,0,0,0,0
1748635265070,-18750000,3819644,4673733,4692056,0,0,0,0,0,0,0
1748635265170,-18750000,3823309,4692063,4710386,0,0,0,0,0,0,0
1748635265270,-18750000,3856300,4728719,4728716,0,0,0,0,0,0,0
1748635265370,-18750000,3867297,4728719,4728716,0,0,0,0,0,0,0
1748635265470,-18750000,3859966,4747046,4710386,0,0,0,0,0,0,0
1748635265570,-18750000,3845303,4765372,4673729,0,0,0,0,0,0,0
1748635265670,-18750000,3859965,4802028,4655403,0,0,0,0,0,0,0
1748635265770,-18750000,3859965,4802028,4673729,0,0,0,0,0,0,0
1748635265870,-18750000,3845302,4747046,4710386,0,0,0,0,0,0,0
1748635265970,-18750000,3859965,4802028,4655399,0,0,0,0,0,0,0
1748635266070,-18750000,3845303,4838684,4563757,0,0,0,0,0,0,0
1748635266170,-18750000,3863631,4838684,4508770,0,0,0,0,0,0,0
1748635266270,-18750000,3852635,4802028,4545427,0,0,0,0,0,0,0
1748635266370,-18750000,3830640,4838684,4563757,0,0,0,0,0,0,0
1748635266470,-18750000,3856300,4930327,4545430,0,0,0,0,0,0,0
1748635266570,-18750000,3885626,4820358,4582087,0,0,0,0,0,0,0
1748635266670,-18750000,3874629,4710386,4618743,0,0,0,0,0,0,0
1748635266770,-18750000,3863633,4747042,4655399,0,0,0,0,0,0,0
1748635266870,-18750000,3870964,4838684,4673729,0,0,0,0,0,0,0
1748635266970,-18750000,3874629,4912001,4710386,0,0,0,0,0,0,0
1748635267070,-18750000,3885626,4893674,4728716,0,0,0,0,0,0,0
1748635267170,-18750000,3892958,4893674,4765372,0,0,0,0,0,0,0
1748635267270,-18750000,3907620,4857018,4728716,0,0,0,0,0,0,0
1748635267370,-18750000,3929615,4893678,4710386,0,0,0,0,0,0,0
1748635267470,-18750000,3925949,4912008,4673729,0,0,0,0,0,0,0
1748635267570,-18750000,3911286,4985321,4655403,0,0,0,0,0,0,0
1748635267670,-18750000,3929615,5003651,4637073,0,0,0,0,0,0,0
1748635267770,-18750000,3940611,4966994,4637073,0,0,0,0,0,0,0
1748635267870,-18750000,3940611,4948664,4637073,0,0,0,0,0,0,0
1748635267970,-18750000,3951608,4948664,4600417,0,0,0,0,0,0,0
1748635268070,-18750000,3969937,5021977,4563761,0,0,0,0,0,0,0
1748635268170,-18750000,3955274,5021977,4508778,0,0,0,0,0,0,0
1748635268270,-18750000,3951608,4966991,4600421,0,0,0,0,0,0,0
1748635268370,-18750000,3955274,4966991,4618751,0,0,0,0,0,0,0
1748635268470,-18750000,3969936,5003647,4710393,0,0,0,0,0,0,0
1748635268570,-18750000,3980933,5021977,4802036,0,0,0,0,0,0,0
1748635268670,-18750000,3969935,5076963,4802036,0,0,0,0,0,0,0
1748635268770,-18750000,3977267,5131949,4783709,0,0,0,0,0,0,0
1748635268870,-18750000,3984599,5150279,4747053,0,0,0,0,0,0,0
1748635268970,-18750000,3984599,5095293,4747053,0,0,0,0,0,0,0
1748635269070,-18750000,3977267,5058637,4838696,0,0,0,0,0,0,0
1748635269170,-18750000,3995596,5040307,4893678,0,0,0,0,0,0,0
1748635269270,-18750000,4010259,5095293,4765379,0,0,0,0,0,0,0
1748635269370,-18750000,4010259,5095293,4692067,0,0,0,0,0,0,0
1748635269470,-18750000,3988265,5021981,4673737,0,0,0,0,0,0,0
1748635269570,-18750000,3984600,4893682,4600421,0,0,0,0,0,0,0
1748635269670,-18750000,3988265,4875352,4618751,0,0,0,0,0,0,0
1748635269770,-18750000,3991931,4802036,4637077,0,0,0,0,0,0,0
1748635269870,-18750000,4010260,4728719,4673733,0,0,0,0,0,0,0
1748635269970,-18750000,4002929,4820362,4692060,0,0,0,0,0,0,0
1748635270070,-18750000,4010260,4765376,4673730,0,0,0,0,0,0,0
1748635270170,-18750000,4002929,4783706,4747046,0,0,0,0,0,0,0
1748635270270,-18750000,4002929,4765376,4802028,0,0,0,0,0,0,0
1748635270370,-18750000,4002929,4710389,4930327,0,0,0,0,0,0,0
1748635270470,-18750000,4006594,4710389,4911997,0,0,0,0,0,0,0
1748635270570,-18750000,4010259,4802028,4875341,0,0,0,0,0,0,0
1748635270670,-18750000,4013925,4820358,4930327,0,0,0,0,0,0,0
1748635270770,-18750000,4021256,4783702,4966987,0,0,0,0,0,0,0
1748635270870,-18750000,4002928,4783702,4948657,0,0,0,0,0,0,0
1748635270970,-18750000,4010259,4673729,5003643,0,0,0,0,0,0,0
1748635271070,-18750000,4002928,4728716,5058629,0,0,0,0,0,0,0
1748635271170,-18750000,4006593,4765372,4966987,0,0,0,0,0,0,0
1748635271270,-18750000,3991930,4783702,4966987,0,0,0,0,0,0,0
1748635271370,-18750000,4002927,4802028,4912001,0,0,0,0,0,0,0
1748635271470,-18750000,4002927,4802028,4912001,0,0,0,0,0,0,0
1748635271570,-18750000,4013924,4857014,4930331,0,0,0,0,0,0,0
1748635271670,-18750000,4024922,4893671,4875344,0,0,0,0,0,0,0
1748635271770,-18750000,4032253,4893671,4765372,0,0,0,0,0,0,0
1748635271870,-18750000,4021256,4930327,4527104,0,0,0,0,0,0,0
1748635271970,-18750000,4021256,4948657,4270507,0,0,0,0,0,0,0
1748635272070,-18750000,4010258,4930327,3903937,0,0,0,0,0,0,0
1748635272170,-18750000,3991930,4857014,3647339,0,0,0,0,0,0,0
1748635272270,-18750000,3977267,4838684,3317429,0,0,0,0,0,0,0
1748635272370,-18750000,3944276,4875344,2932533,0,0,0,0,0,0,0
1748635272470,-18750000,3914951,4820358,2547637,0,0,0,0,0,0,0
1748635272570,-18750000,3885626,4765372,2181067,0,0,0,0,0,0,0
1748635272670,-18750000,3826975,4673729,1704528,0,0,0,0,0,0,0
1748635272770,-18750000,3775655,4673729,1539573,0,0,0,0,0,0,0
1748635272870,-18750000,3735332,4673729,1576229,0,0,0,0,0,0,0
1748635272970,-18750000,3676681,4655399,1594559,0,0,0,0,0,0,0
1748635273070,-18750000,3643690,4710386,1741188,0,0,0,0,0,0,0
1748635273170,-18750000,3588706,4563757,1887813,0,0,0,0,0,0,0
1748635273270,-18750000,3552049,4453788,2089424,0,0,0,0,0,0,0
1748635273370,-18750000,3511727,4417128,2346022,0,0,0,0,0,0,0
1748635273470,-18750000,3471404,4417128,2620949,0,0,0,0,0,0,0
1748635273570,-18750000,3453075,4362146,2987519,0,0,0,0,0,0,0
1748635273670,-18750000,3445744,4343816,3409072,0,0,0,0,0,0,0
1748635273770,-18750000,3431081,4288833,3610683,0,0,0,0,0,0,0
1748635273870,-18750000,3405422,4252177,3757312,0,0,0,0,0,0,0
1748635273970,-18750000,3416418,4233850,3885610,0,0,0,0,0,0,0
1748635274070,-18750000,3390758,4142208,3922267,0,0,0,0,0,0,0
1748635274170,-18750000,3390758,4307163,3995583,0,0,0,0,0,0,0
1748635274270,-18750000,3390758,4417132,4087225,0,0,0,0,0,0,0
1748635274370,-18750000,3387092,4380475,4142212,0,0,0,0,0,0,0
1748635274470,-18750000,3416418,4307163,4197198,0,0,0,0,0,0,0
1748635274570,-18750000,3394424,4362145,4215524,0,0,0,0,0,0,0
1748635274670,-18750000,3405421,4325489,4215524,0,0,0,0,0,0,0
1748635274770,-18750000,3405421,4417128,4215524,0,0,0,0,0,0,0
1748635274870,-18750000,3431081,4398802,4215524,0,0,0,0,0,0,0
1748635274970,-18750000,3438413,4417128,4270507,0,0,0,0,0,0,0
1748635275070,-18750000,3460406,4398802,4398806,0,0,0,0,0,0,0
1748635275170,-18750000,3489731,4380476,4417132,0,0,0,0,0,0,0
1748635275270,-18750000,3493397,4288837,4453788,0,0,0,0,0,0,0
1748635275370,-18750000,3508060,4343823,4472114,0,0,0,0,0,0,0
1748635275470,-18750000,3493397,4453792,4472114,0,0,0,0,0,0,0
1748635275570,-18750000,3504395,4362153,4472114,0,0,0,0,0,0,0
1748635275670,-18750000,3493397,4398809,4453788,0,0,0,0,0,0,0
1748635275770,-18750000,3489731,4362153,4453788,0,0,0,0,0,0,0
1748635275870,-18750000,3482400,4362153,4490444,0,0,0,0,0,0,0
1748635275970,-18750000,3475068,4270514,4453788,0,0,0,0,0,0,0
1748635276070,-18750000,3486065,4362157,4362146,0,0,0,0,0,0,0
1748635276170,-18750000,3475068,4417143,4398802,0,0,0,0,0,0,0
1748635276270,-18750000,3478733,4490456,4343819,0,0,0,0,0,0,0
1748635276370,-18750000,3489731,4472126,4380476,0,0,0,0,0,0,0
1748635276470,-18750000,3500727,4472126,4362146,0,0,0,0,0,0,0
1748635276570,-18750000,3511724,4563764,4307163,0,0,0,0,0,0,0
1748635276670,-18750000,3515390,4600421,4362146,0,0,0,0,0,0,0
1748635276770,-18750000,3519056,4600421,4343819,0,0,0,0,0,0,0
1748635276870,-18750000,3537385,4655403,4307163,0,0,0,0,0,0,0
1748635276970,-18750000,3537385,4692059,4307163,0,0,0,0,0,0,0
1748635277070,-18750000,3526387,4655399,4380476,0,0,0,0,0,0,0
1748635277170,-18750000,3526387,4545427,4362149,0,0,0,0,0,0,0
1748635277270,-18750000,3537385,4582083,4417132,0,0,0,0,0,0,0
1748635277370,-18750000,3552047,4545427,4380476,0,0,0,0,0,0,0
1748635277470,-18750000,3555713,4563757,4398806,0,0,0,0,0,0,0
1748635277570,-18750000,3566710,4508774,4453788,0,0,0,0,0,0,0
1748635277670,-18750000,3577707,4453792,4435462,0,0,0,0,0,0,0
1748635277770,-18750000,3570376,4527108,4472118,0,0,0,0,0,0,0
1748635277870,-18750000,3592370,4490452,4435462,0,0,0,0,0,0,0
1748635277970,-18750000,3607033,4490452,4417136,0,0,0,0,0,0,0
1748635278070,-18750000,3607033,4527112,4362153,0,0,0,0,0,0,0
1748635278170,-18750000,3607033,4692067,4380479,0,0,0,0,0,0,0
1748635278270,-18750000,3614365,4692067,4362153,0,0,0,0,0,0,0
1748635278370,-18750000,3607033,4710397,4343827,0,0,0,0,0,0,0
1748635278470,-18750000,3625362,4618754,4398809,0,0,0,0,0,0,0
1748635278570,-18750000,3632694,4747053,4380483,0,0,0,0,0,0,0
1748635278670,-18750000,3636359,4783709,4325497,0,0,0,0,0,0,0
1748635278770,-18750000,3658353,4765379,4325497,0,0,0,0,0,0,0
1748635278870,-18750000,3640025,4820366,4398809,0,0,0,0,0,0,0
1748635278970,-18750000,3636359,4875348,4398809,0,0,0,0,0,0,0
1748635279070,-18750000,3658353,4875348,4472122,0,0,0,0,0,0,0
1748635279170,-18750000,3676682,4747049,4490452,0,0,0,0,0,0,0
1748635279270,-18750000,3691345,4747049,4527108,0,0,0,0,0,0,0
1748635279370,-18750000,3695011,4710393,4545434,0,0,0,0,0,0,0
1748635279470,-18750000,3684014,4728719,4563764,0,0,0,0,0,0,0
1748635279570,-18750000,3684014,4692063,4527108,0,0,0,0,0,0,0
1748635279670,-18750000,3695011,4728719,4545438,0,0,0,0,0,0,0
1748635279770,-18750000,3717005,4710389,4582094,0,0,0,0,0,0,0
1748635279870,-18750000,3728003,4728719,4618751,0,0,0,0,0,0,0
1748635279970,-18750000,3728003,4655407,4600421,0,0,0,0,0,0,0
1748635280070,-18750000,3735334,4637077,4563764,0,0,0,0,0,0,0
1748635280170,-18750000,3735334,4655407,4545434,0,0,0,0,0,0,0
1748635280270,-18750000,3735334,4655407,4472122,0,0,0,0,0,0,0
1748635280370,-18750000,3742665,4692063,4472122,0,0,0,0,0,0,0
1748635280470,-18750000,3764660,4710393,4398809,0,0,0,0,0,0,0
1748635280570,-18750000,3760994,4673733,4435466,0,0,0,0,0,0,0
1748635280670,-18750000,3764660,4582091,4472122,0,0,0,0,0,0,0
1748635280770,-18750000,3749996,4618751,4490452,0,0,0,0,0,0,0
1748635280870,-18750000,3738999,4472122,4417139,0,0,0,0,0,0,0
1748635280970,-18750000,3760994,4527108,4435469,0,0,0,0,0,0,0
1748635281070,-18750000,3746330,4527108,4435469,0,0,0,0,0,0,0
1748635281170,-18750000,3764659,4582094,4472129,0,0,0,0,0,0,0
1748635281270,-18750000,3757327,4582094,4527112,0,0,0,0,0,0,0
1748635281370,-18750000,3764659,4600421,4563768,0,0,0,0,0,0,0
1748635281470,-18750000,3775655,4582091,4582094,0,0,0,0,0,0,0
1748635281570,-18750000,3779321,4618751,4545438,0,0,0,0,0,0,0
1748635281670,-18750000,3782987,4765379,4563764,0,0,0,0,0,0,0
1748635281770,-18750000,3793984,4673737,4490448,0,0,0,0,0,0,0
1748635281870,-18750000,3819644,4765379,4545431,0,0,0,0,0,0,0
1748635281970,-18750000,3826975,4747049,4563757,0,0,0,0,0,0,0
1748635282070,-18750000,3830641,4765379,4527101,0,0,0,0,0,0,0
1748635282170,-18750000,3819644,4728719,4472114,0,0,0,0,0,0,0
1748635282270,-18750000,3826976,4710389,4527101,0,0,0,0,0,0,0
1748635282370,-18750000,3819644,4618751,4490444,0,0,0,0,0,0,0
1748635282470,-18750000,3808648,4673737,4527101,0,0,0,0,0,0,0
1748635282570,-18750000,3812313,4545438,4600413,0,0,0,0,0,0,0
1748635282670,-18750000,3812313,4545438,4582087,0,0,0,0,0,0,0
1748635282770,-18750000,3797651,4618751,4600417,0,0,0,0,0,0,0
1748635282870,-18750000,3801316,4710393,4582090,0,0,0,0,0,0,0
1748635282970,-18750000,3786653,4728723,4563764,0,0,0,0,0,0,0
1748635283070,-18750000,3801316,4673737,4545434,0,0,0,0,0,0,0
1748635283170,-18750000,3812312,4637080,4508778,0,0,0,0,0,0,0
1748635283270,-18750000,3815978,4637080,4453792,0,0,0,0,0,0,0
1748635283370,-18750000,3826975,4710393,4472122,0,0,0,0,0,0,0
1748635283470,-18750000,3819644,4673737,4508782,0,0,0,0,0,0,0
1748635283570,-18750000,3826975,4783705,4453796,0,0,0,0,0,0,0
1748635283670,-18750000,3837972,4673733,4472122,0,0,0,0,0,0,0
1748635283770,-18750000,3852634,4637077,4435466,0,0,0,0,0,0,0
1748635283870,-18750000,3845303,4637077,4435466,0,0,0,0,0,0,0
1748635283970,-18750000,3867297,4692063,4490448,0,0,0,0,0,0,0
1748635284070,-18750000,3878294,4692063,4545434,0,0,0,0,0,0,0
1748635284170,-18750000,3881960,4710393,4582091,0,0,0,0,0,0,0
1748635284270,-18750000,3874629,4655410,4563764,0,0,0,0,0,0,0
1748635284370,-18750000,3900289,4747053,4618751,0,0,0,0,0,0,0
1748635284470,-18750000,3911285,4747053,4618751,0,0,0,0,0,0,0
1748635284570,-18750000,3911285,4802039,4637081,0,0,0,0,0,0,0
1748635284670,-18750000,3900288,4857025,4637081,0,0,0,0,0,0,0
1748635284770,-18750000,3918617,4857025,4655407,0,0,0,0,0,0,0
1748635284870,-18750000,3914951,4802039,4692063,0,0,0,0,0,0,0
1748635284970,-18750000,3892958,4783709,4655407,0,0,0,0,0,0,0
1748635285070,-18750000,3881960,4783709,4710393,0,0,0,0,0,0,0
1748635285170,-18750000,3892958,4857022,4747049,0,0,0,0,0,0,0
1748635285270,-18750000,3925949,4966990,4710393,0,0,0,0,0,0,0
1748635285370,-18750000,3907620,4875348,4618751,0,0,0,0,0,0,0
1748635285470,-18750000,3911286,4948660,4582091,0,0,0,0,0,0,0
1748635285570,-18750000,3918617,4875344,4618747,0,0,0,0,0,0,0
1748635285670,-18750000,3922283,4838688,4600421,0,0,0,0,0,0,0
1748635285770,-18750000,3914952,4893674,4637077,0,0,0,0,0,0,0
1748635285870,-18750000,3911286,4912004,4637077,0,0,0,0,0,0,0
1748635285970,-18750000,3940611,4948660,4728719,0,0,0,0,0,0,0
1748635286070,-18750000,3947942,4948660,4728719,0,0,0,0,0,0,0
1748635286170,-18750000,3933279,4802035,4728719,0,0,0,0,0,0,0
1748635286270,-18750000,3918617,4783709,4783702,0,0,0,0,0,0,0
1748635286370,-18750000,3918617,4783709,4820358,0,0,0,0,0,0,0
1748635286470,-18750000,3918617,4710397,4857018,0,0,0,0,0,0,0
1748635286570,-18750000,3914951,4655414,4838688,0,0,0,0,0,0,0
1748635286670,-18750000,3936945,4692071,4893674,0,0,0,0,0,0,0
1748635286770,-18750000,3929614,4747053,4893674,0,0,0,0,0,0,0
1748635286870,-18750000,3936945,4728723,4838688,0,0,0,0,0,0,0
1748635286970,-18750000,3929614,4692067,4765376,0,0,0,0,0,0,0
1748635287070,-18750000,3922282,4783709,4765376,0,0,0,0,0,0,0
1748635287170,-18750000,3925948,4857022,4783706,0,0,0,0,0,0,0
1748635287270,-18750000,3914951,4838692,4802036,0,0,0,0,0,0,0
1748635287370,-18750000,3922282,4857018,4893678,0,0,0,0,0,0,0
1748635287470,-18750000,3922282,4930331,4875348,0,0,0,0,0,0,0
1748635287570,-18750000,3925948,4948657,4857022,0,0,0,0,0,0,0
1748635287670,-18750000,3896623,4912001,4820362,0,0,0,0,0,0,0
1748635287770,-18750000,3918616,4893674,4857022,0,0,0,0,0,0,0
1748635287870,-18750000,3914951,4948660,4857022,0,0,0,0,0,0,0
1748635287970,-18750000,3918617,4948660,4912008,0,0,0,0,0,0,0
1748635288070,-18750000,3922283,4820362,4875348,0,0,0,0,0,0,0
1748635288170,-18750000,3922283,4820362,4875348,0,0,0,0,0,0,0
1748635288270,-18750000,3947943,4820362,4802036,0,0,0,0,0,0,0
1748635288370,-18750000,3940612,4802035,4710393,0,0,0,0,0,0,0
1748635288470,-18750000,3951609,4802035,4673737,0,0,0,0,0,0,0
1748635288570,-18750000,3966272,4838692,4710393,0,0,0,0,0,0,0
1748635288670,-18750000,3995597,4875348,4692067,0,0,0,0,0,0,0
1748635288770,-18750000,3984600,4820362,4563768,0,0,0,0,0,0,0
1748635288870,-18750000,4002929,4747046,4453799,0,0,0,0,0,0,0
1748635288970,-18750000,3999263,4710389,4197198,0,0,0,0,0,0,0
1748635289070,-18750000,3999263,4747046,3867288,0,0,0,0,0,0,0
1748635289170,-18750000,3977268,4747046,3482388,0,0,0,0,0,0,0
1748635289270,-18750000,3933280,4728716,3207461,0,0,0,0,0,0,0
1748635289370,-18750000,3922283,4747042,2804234,0,0,0,0,0,0,0
1748635289470,-18750000,3874628,4710386,2401008,0,0,0,0,0,0,0
1748635289570,-18750000,3845303,4655403,1979456,0,0,0,0,0,0,0
1748635289670,-18750000,3779321,4673733,1539573,0,0,0,0,0,0,0
1748635289770,-18750000,3720670,4655403,1374614,0,0,0,0,0,0,0
1748635289870,-18750000,3658353,4600421,1319628,0,0,0,0,0,0,0
1748635289970,-18750000,3592371,4618747,1337958,0,0,0,0,0,0,0
1748635290070,-18750000,3544717,4563761,1521243,0,0,0,0,0,0,0
1748635290170,-18750000,3526388,4527105,1759514,0,0,0,0,0,0,0
1748635290270,-18750000,3493397,4490448,1979456,0,0,0,0,0,0,0
1748635290370,-18750000,3442078,4472122,2309369,0,0,0,0,0,0,0
1748635290470,-18750000,3416418,4398809,2657609,0,0,0,0,0,0,0
1748635290570,-18750000,3368765,4362153,2987519,0,0,0,0,0,0,0
1748635290670,-18750000,3379761,4325493,3372416,0,0,0,0,0,0,0
1748635290770,-18750000,3383427,4270511,3537374,0,0,0,0,0,0,0
1748635290870,-18750000,3383427,4325493,3738986,0,0,0,0,0,0,0
1748635290970,-18750000,3383427,4270511,3903941,0,0,0,0,0,0,0
1748635291070,-18750000,3376096,4325497,4013909,0,0,0,0,0,0,0
1748635291170,-18750000,3354102,4417139,4105552,0,0,0,0,0,0,0
1748635291270,-18750000,3354102,4362157,4123882,0,0,0,0,0,0,0
1748635291370,-18750000,3376096,4343827,4105552,0,0,0,0,0,0,0
1748635291470,-18750000,3387093,4417139,4105552,0,0,0,0,0,0,0
1748635291570,-18750000,3398089,4508778,4142208,0,0,0,0,0,0,0
1748635291670,-18750000,3409087,4508778,4178864,0,0,0,0,0,0,0
1748635291770,-18750000,3398090,4508778,4215520,0,0,0,0,0,0,0
1748635291870,-18750000,3398090,4453796,4178864,0,0,0,0,0,0,0
1748635291970,-18750000,3401755,4417139,4142208,0,0,0,0,0,0,0
1748635292070,-18750000,3405421,4398809,4178864,0,0,0,0,0,0,0
1748635292170,-18750000,3412752,4325493,4197191,0,0,0,0,0,0,0
1748635292270,-18750000,3434746,4288833,4288829,0,0,0,0,0,0,0
1748635292370,-18750000,3431081,4288833,4362142,0,0,0,0,0,0,0
1748635292470,-18750000,3442078,4252177,4417128,0,0,0,0,0,0,0
1748635292570,-18750000,3449409,4197194,4435458,0,0,0,0,0,0,0
1748635292670,-18750000,3442078,4142212,4417132,0,0,0,0,0,0,0
1748635292770,-18750000,3460406,4160538,4417132,0,0,0,0,0,0,0
1748635292870,-18750000,3475069,4197194,4435462,0,0,0,0,0,0,0
1748635292970,-18750000,3500728,4343819,4417136,0,0,0,0,0,0,0
1748635293070,-18750000,3515391,4417135,4380479,0,0,0,0,0,0,0
1748635293170,-18750000,3530053,4435465,4362153,0,0,0,0,0,0,0
1748635293270,-18750000,3522721,4527108,4325497,0,0,0,0,0,0,0
1748635293370,-18750000,3522721,4600424,4307170,0,0,0,0,0,0,0
1748635293470,-18750000,3508059,4453796,4288840,0,0,0,0,0,0,0
1748635293570,-18750000,3515391,4508778,4252184,0,0,0,0,0,0,0
1748635293670,-18750000,3519057,4508778,4288840,0,0,0,0,0,0,0
1748635293770,-18750000,3533719,4618751,4288840,0,0,0,0,0,0,0
1748635293870,-18750000,3537385,4563764,4270510,0,0,0,0,0,0,0
1748635293970,-18750000,3515392,4453796,4343823,0,0,0,0,0,0,0
1748635294070,-18750000,3515392,4343823,4343823,0,0,0,0,0,0,0
1748635294170,-18750000,3515392,4325493,4307167,0,0,0,0,0,0,0
1748635294270,-18750000,3530055,4362149,4307167,0,0,0,0,0,0,0
1748635294370,-18750000,3541052,4307163,4343823,0,0,0,0,0,0,0
1748635294470,-18750000,3544718,4472118,4380479,0,0,0,0,0,0,0
1748635294570,-18750000,3566712,4435462,4453792,0,0,0,0,0,0,0
1748635294670,-18750000,3555715,4380476,4472118,0,0,0,0,0,0,0
1748635294770,-18750000,3555715,4270503,4490444,0,0,0,0,0,0,0
1748635294870,-18750000,3552049,4362146,4527101,0,0,0,0,0,0,0
1748635294970,-18750000,3581374,4453788,4545427,0,0,0,0,0,0,0
1748635295070,-18750000,3592371,4472118,4545427,0,0,0,0,0,0,0
1748635295170,-18750000,3599703,4453792,4527097,0,0,0,0,0,0,0
1748635295270,-18750000,3588706,4435466,4563753,0,0,0,0,0,0,0
1748635295370,-18750000,3588706,4417136,4563753,0,0,0,0,0,0,0
1748635295470,-18750000,3618031,4435466,4563753,0,0,0,0,0,0,0
1748635295570,-18750000,3596037,4472122,4545423,0,0,0,0,0,0,0
1748635295670,-18750000,3618031,4472122,4508767,0,0,0,0,0,0,0
1748635295770,-18750000,3618031,4472122,4563753,0,0,0,0,0,0,0
1748635295870,-18750000,3640025,4472122,4490441,0,0,0,0,0,0,0
1748635295970,-18750000,3632694,4398806,4490441,0,0,0,0,0,0,0
1748635296070,-18750000,3647356,4398806,4527097,0,0,0,0,0,0,0
1748635296170,-18750000,3654688,4490448,4618739,0,0,0,0,0,0,0
1748635296270,-18750000,3665685,4527104,4637069,0,0,0,0,0,0,0
1748635296370,-18750000,3684014,4527104,4673726,0,0,0,0,0,0,0
1748635296470,-18750000,3665685,4545434,4637069,0,0,0,0,0,0,0
1748635296570,-18750000,3669350,4527108,4637069,0,0,0,0,0,0,0
1748635296670,-18750000,3662019,4582094,4618743,0,0,0,0,0,0,0
1748635296770,-18750000,3662019,4582094,4600413,0,0,0,0,0,0,0
1748635296870,-18750000,3658353,4655407,4673726,0,0,0,0,0,0,0
1748635296970,-18750000,3654688,4637081,4655399,0,0,0,0,0,0,0
1748635297070,-18750000,3640025,4655407,4618743,0,0,0,0,0,0,0
1748635297170,-18750000,3658354,4527108,4600413,0,0,0,0,0,0,0
1748635297270,-18750000,3662019,4508778,4618743,0,0,0,0,0,0,0
1748635297370,-18750000,3658353,4508778,4600413,0,0,0,0,0,0,0
1748635297470,-18750000,3684014,4435462,4637069,0,0,0,0,0,0,0
1748635297570,-18750000,3687680,4490448,4563757,0,0,0,0,0,0,0
1748635297670,-18750000,3706008,4637073,4508771,0,0,0,0,0,0,0
1748635297770,-18750000,3731668,4563761,4508771,0,0,0,0,0,0,0
1748635297870,-18750000,3738999,4435462,4453788,0,0,0,0,0,0,0
1748635297970,-18750000,3757328,4453788,4490444,0,0,0,0,0,0,0
1748635298070,-18750000,3760993,4508774,4472118,0,0,0,0,0,0,0
1748635298170,-18750000,3757327,4618743,4472118,0,0,0,0,0,0,0
1748635298270,-18750000,3764659,4545431,4435458,0,0,0,0,0,0,0
1748635298370,-18750000,3757328,4600417,4380476,0,0,0,0,0,0,0
1748635298470,-18750000,3757328,4673733,4362149,0,0,0,0,0,0,0
1748635298570,-18750000,3771990,4618747,4435462,0,0,0,0,0,0,0
1748635298670,-18750000,3775656,4563764,4490448,0,0,0,0,0,0,0
1748635298770,-18750000,3775656,4692063,4435466,0,0,0,0,0,0,0
1748635298870,-18750000,3764659,4710393,4490448,0,0,0,0,0,0,0
1748635298970,-18750000,3757327,4728723,4417136,0,0,0,0,0,0,0
1748635299070,-18750000,3768324,4728723,4472118,0,0,0,0,0,0,0
1748635299170,-18750000,3786653,4728723,4453792,0,0,0,0,0,0,0
1748635299270,-18750000,3775655,4838696,4435466,0,0,0,0,0,0,0
1748635299370,-18750000,3786653,4765383,4435466,0,0,0,0,0,0,0
1748635299470,-18750000,3808646,4710397,4435466,0,0,0,0,0,0,0
1748635299570,-18750000,3808646,4765383,4380483,0,0,0,0,0,0,0
1748635299670,-18750000,3782987,4710397,4417139,0,0,0,0,0,0,0
1748635299770,-18750000,3782987,4673741,4472122,0,0,0,0,0,0,0
1748635299870,-18750000,3804981,4655411,4472122,0,0,0,0,0,0,0
1748635299970,-18750000,3815978,4710397,4527104,0,0,0,0,0,0,0
1748635300070,-18750000,3823310,4710397,4472122,0,0,0,0,0,0,0
1748635300170,-18750000,3815978,4673741,4527108,0,0,0,0,0,0,0
1748635300270,-18750000,3830641,4618754,4563764,0,0,0,0,0,0,0
1748635300370,-18750000,3837972,4710397,4673733,0,0,0,0,0,0,0
1748635300470,-18750000,3826975,4747053,4710389,0,0,0,0,0,0,0
1748635300570,-18750000,3834306,4728723,4765372,0,0,0,0,0,0,0
1748635300670,-18750000,3841637,4765379,4728716,0,0,0,0,0,0,0
1748635300770,-18750000,3826975,4765379,4728716,0,0,0,0,0,0,0
1748635300870,-18750000,3812312,4838696,4728716,0,0,0,0,0,0,0
1748635300970,-18750000,3797650,4820366,4710389,0,0,0,0,0,0,0
1748635301070,-18750000,3804981,4747053,4747046,0,0,0,0,0,0,0
1748635301170,-18750000,3801315,4802039,4710386,0,0,0,0,0,0,0
1748635301270,-18750000,3815978,4802039,4673729,0,0,0,0,0,0,0
1748635301370,-18750000,3808646,4710397,4600417,0,0,0,0,0,0,0
1748635301470,-18750000,3812312,4728727,4600417,0,0,0,0,0,0,0
1748635301570,-18750000,3801316,4655414,4582091,0,0,0,0,0,0,0
1748635301670,-18750000,3812313,4673744,4637073,0,0,0,0,0,0,0
1748635301770,-18750000,3830641,4692071,4692059,0,0,0,0,0,0,0
1748635301870,-18750000,3845304,4637084,4673733,0,0,0,0,0,0,0
1748635301970,-18750000,3856301,4710397,4692059,0,0,0,0,0,0,0
1748635302070,-18750000,3841639,4765379,4747046,0,0,0,0,0,0,0
1748635302170,-18750000,3852636,4728719,4747046,0,0,0,0,0,0,0
1748635302270,-18750000,3841639,4765376,4728716,0,0,0,0,0,0,0
1748635302370,-18750000,3841639,4820358,4710386,0,0,0,0,0,0,0
1748635302470,-18750000,3834308,4710386,4692056,0,0,0,0,0,0,0
1748635302570,-18750000,3845305,4747042,4710382,0,0,0,0,0,0,0
1748635302670,-18750000,3852636,4728712,4692056,0,0,0,0,0,0,0
1748635302770,-18750000,3848970,4710386,4637069,0,0,0,0,0,0,0
1748635302870,-18750000,3852635,4747042,4600413,0,0,0,0,0,0,0
1748635302970,-18750000,3859967,4618743,4637073,0,0,0,0,0,0,0
1748635303070,-18750000,3881961,4637073,4600413,0,0,0,0,0,0,0
1748635303170,-18750000,3885627,4655403,4600413,0,0,0,0,0,0,0
1748635303270,-18750000,3892958,4673733,4673729,0,0,0,0,0,0,0
1748635303370,-18750000,3900290,4710393,4710386,0,0,0,0,0,0,0
1748635303470,-18750000,3911286,4820366,4655403,0,0,0,0,0,0,0
1748635303570,-18750000,3914952,4875352,4582091,0,0,0,0,0,0,0
1748635303670,-18750000,3911286,4857022,4618747,0,0,0,0,0,0,0
1748635303770,-18750000,3911286,4948664,4582091,0,0,0,0,0,0,0
1748635303870,-18750000,3914952,4930334,4655403,0,0,0,0,0,0,0
1748635303970,-18750000,3933281,4985321,4655403,0,0,0,0,0,0,0
1748635304070,-18750000,3911286,4948664,4637077,0,0,0,0,0,0,0
1748635304170,-18750000,3903954,4930334,4618751,0,0,0,0,0,0,0
1748635304270,-18750000,3914951,4912004,4618751,0,0,0,0,0,0,0
1748635304370,-18750000,3922283,4857018,4618751,0,0,0,0,0,0,0
1748635304470,-18750000,3929615,4857018,4692063,0,0,0,0,0,0,0
1748635304570,-18750000,3947943,4838688,4728719,0,0,0,0,0,0,0
1748635304670,-18750000,3962606,4838688,4747049,0,0,0,0,0,0,0
1748635304770,-18750000,3951609,4802032,4637081,0,0,0,0,0,0,0
1748635304870,-18750000,3940612,4838692,4435469,0,0,0,0,0,0,0
1748635304970,-18750000,3907620,4783706,4142212,0,0,0,0,0,0,0
1748635305070,-18750000,3929615,4765376,3885614,0,0,0,0,0,0,0
1748635305170,-18750000,3911287,4747049,3555701,0,0,0,0,0,0,0
1748635305270,-18750000,3885627,4747049,3189131,0,0,0,0,0,0,0
1748635305370,-18750000,3856301,4838692,2859221,0,0,0,0,0,0,0
1748635305470,-18750000,3812313,4765376,2510981,0,0,0,0,0,0,0
1748635305570,-18750000,3742665,4728719,2126084,0,0,0,0,0,0,0
1748635305670,-18750000,3695011,4673737,1667872,0,0,0,0,0,0,0
1748635305770,-18750000,3651023,4673737,1612886,0,0,0,0,0,0,0
1748635305870,-18750000,3610701,4618750,1557899,0,0,0,0,0,0,0
1748635305970,-18750000,3574045,4600424,1612886,0,0,0,0,0,0,0
1748635306070,-18750000,3493400,4563768,1704528,0,0,0,0,0,0,0
1748635306170,-18750000,3453077,4527112,1924469,0,0,0,0,0,0,0
1748635306270,-18750000,3412754,4508782,2126081,0,0,0,0,0,0,0
1748635306370,-18750000,3372431,4472126,2327692,0,0,0,0,0,0,0
1748635306470,-18750000,3328443,4417143,2565963,0,0,0,0,0,0,0
1748635306570,-18750000,3306449,4362157,2895877,0,0,0,0,0,0,0
1748635306670,-18750000,3277123,4362157,3262447,0,0,0,0,0,0,0
1748635306770,-18750000,3273457,4307171,3427402,0,0,0,0,0,0,0
1748635306870,-18750000,3251462,4288841,3537370,0,0,0,0,0,0,0
1748635306970,-18750000,3236799,4307167,3665669,0,0,0,0,0,0,0
1748635307070,-18750000,3240464,4288841,3793968,0,0,0,0,0,0,0
1748635307170,-18750000,3225802,4343823,3830628,0,0,0,0,0,0,0
1748635307270,-18750000,3207473,4307167,3848958,0,0,0,0,0,0,0
1748635307370,-18750000,3222136,4160538,3848958,0,0,0,0,0,0,0
1748635307470,-18750000,3236798,4233850,3812298,0,0,0,0,0,0,0
1748635307570,-18750000,3244130,4215524,3848954,0,0,0,0,0,0,0
1748635307670,-18750000,3269789,4197194,3775638,0,0,0,0,0,0,0
1748635307770,-18750000,3269789,4160538,3738982,0,0,0,0,0,0,0
1748635307870,-18750000,3269789,4123882,3793968,0,0,0,0,0,0,0
1748635307970,-18750000,3302780,4087226,3793968,0,0,0,0,0,0,0
1748635308070,-18750000,3317444,4087226,3793968,0,0,0,0,0,0,0
1748635308170,-18750000,3321109,4068899,3867281,0,0,0,0,0,0,0
1748635308270,-18750000,3328440,4087229,3940593,0,0,0,0,0,0,0
1748635308370,-18750000,3313778,4142216,3958923,0,0,0,0,0,0,0
1748635308470,-18750000,3317444,4105559,4050566,0,0,0,0,0,0,0
1748635308570,-18750000,3317444,4160542,4087222,0,0,0,0,0,0,0
1748635308670,-18750000,3310112,4197198,4178864,0,0,0,0,0,0,0
1748635308770,-18750000,3310112,4178868,4197194,0,0,0,0,0,0,0
1748635308870,-18750000,3317444,4233854,4233850,0,0,0,0,0,0,0
1748635308970,-18750000,3317444,4215528,4252180,0,0,0,0,0,0,0
1748635309070,-18750000,3299116,4252184,4288837,0,0,0,0,0,0,0
1748635309170,-18750000,3317444,4233854,4270507,0,0,0,0,0,0,0
1748635309270,-18750000,3324776,4123882,4307163,0,0,0,0,0,0,0
1748635309370,-18750000,3339439,4178864,4417132,0,0,0,0,0,0,0
1748635309470,-18750000,3346770,4142208,4398806,0,0,0,0,0,0,0
1748635309570,-18750000,3357767,4142208,4380476,0,0,0,0,0,0,0
1748635309670,-18750000,3350436,4178864,4325493,0,0,0,0,0,0,0
1748635309770,-18750000,3361433,4178864,4288837,0,0,0,0,0,0,0
1748635309870,-18750000,3354101,4197191,4233854,0,0,0,0,0,0,0
1748635309970,-18750000,3339439,4252173,4252180,0,0,0,0,0,0,0
1748635310070,-18750000,3365099,4270499,4197194,0,0,0,0,0,0,0
1748635310170,-18750000,3361433,4252173,4123882,0,0,0,0,0,0,0
1748635310270,-18750000,3365098,4380472,4050569,0,0,0,0,0,0,0
1748635310370,-18750000,3372430,4288833,4050569,0,0,0,0,0,0,0
1748635310470,-18750000,3365099,4398802,4013913,0,0,0,0,0,0,0
1748635310570,-18750000,3365099,4398802,4013913,0,0,0,0,0,0,0
1748635310670,-18750000,3383427,4343819,4087225,0,0,0,0,0,0,0
1748635310770,-18750000,3376096,4325493,4105552,0,0,0,0,0,0,0
1748635310870,-18750000,3401756,4288837,4105552,0,0,0,0,0,0,0
1748635310970,-18750000,3398090,4215524,4105552,0,0,0,0,0,0,0
1748635311070,-18750000,3379762,4215524,4178864,0,0,0,0,0,0,0
1748635311170,-18750000,3379762,4178868,4270507,0,0,0,0,0,0,0
1748635311270,-18750000,3387093,4087229,4325493,0,0,0,0,0,0,0
1748635311370,-18750000,3379762,4123885,4270510,0,0,0,0,0,0,0
1748635311470,-18750000,3390758,3977257,4270510,0,0,0,0,0,0,0
1748635311570,-18750000,3398090,4013913,4252184,0,0,0,0,0,0,0
1748635311670,-18750000,3394424,4050569,4215528,0,0,0,0,0,0,0
1748635311770,-18750000,3401755,4087225,4233858,0,0,0,0,0,0,0
1748635311870,-18750000,3387092,4105555,4270514,0,0,0,0,0,0,0
1748635311970,-18750000,3390758,4252184,4307171,0,0,0,0,0,0,0
1748635312070,-18750000,3420083,4197202,4233858,0,0,0,0,0,0,0
1748635312170,-18750000,3423749,4288841,4160546,0,0,0,0,0,0,0
1748635312270,-18750000,3420083,4380479,4123889,0,0,0,0,0,0,0
1748635312370,-18750000,3412752,4435462,4123889,0,0,0,0,0,0,0
1748635312470,-18750000,3416418,4545434,4215528,0,0,0,0,0,0,0
1748635312570,-18750000,3409087,4490452,4197198,0,0,0,0,0,0,0
1748635312670,-18750000,3409087,4490452,4215524,0,0,0,0,0,0,0
1748635312770,-18750000,3409087,4527108,4197194,0,0,0,0,0,0,0
1748635312870,-18750000,3420084,4508778,4160538,0,0,0,0,0,0,0
1748635312970,-18750000,3442079,4490448,4105556,0,0,0,0,0,0,0
1748635313070,-18750000,3427415,4527104,4105556,0,0,0,0,0,0,0
1748635313170,-18750000,3431081,4527104,4123882,0,0,0,0,0,0,0
1748635313270,-18750000,3431081,4508778,4087226,0,0,0,0,0,0,0
1748635313370,-18750000,3445744,4490452,4068896,0,0,0,0,0,0,0
1748635313470,-18750000,3445744,4490452,3977257,0,0,0,0,0,0,0
1748635313570,-18750000,3453075,4545434,3940601,0,0,0,0,0,0,0
1748635313670,-18750000,3456741,4582091,3903944,0,0,0,0,0,0,0
1748635313770,-18750000,3449410,4472118,3922274,0,0,0,0,0,0,0
1748635313870,-18750000,3449410,4380476,3958931,0,0,0,0,0,0,0
1748635313970,-18750000,3445744,4362146,3958931,0,0,0,0,0,0,0
1748635314070,-18750000,3453075,4435458,3977261,0,0,0,0,0,0,0
1748635314170,-18750000,3442078,4343819,4032247,0,0,0,0,0,0,0
1748635314270,-18750000,3445743,4362146,4105559,0,0,0,0,0,0,0
1748635314370,-18750000,3438412,4325489,4142216,0,0,0,0,0,0,0
1748635314470,-18750000,3438412,4307159,4233854,0,0,0,0,0,0,0
1748635314570,-18750000,3438412,4270503,4362153,0,0,0,0,0,0,0
1748635314670,-18750000,3445743,4197191,4380483,0,0,0,0,0,0,0
1748635314770,-18750000,3464071,4307163,4362153,0,0,0,0,0,0,0
1748635314870,-18750000,3467736,4435462,4417136,0,0,0,0,0,0,0
1748635314970,-18750000,3460405,4325493,4417136,0,0,0,0,0,0,0
1748635315070,-18750000,3467737,4233851,4435462,0,0,0,0,0,0,0
1748635315170,-18750000,3467737,4233851,4453788,0,0,0,0,0,0,0
1748635315270,-18750000,3467737,4178868,4453788,0,0,0,0,0,0,0
1748635315370,-18750000,3486065,4178868,4508774,0,0,0,0,0,0,0
1748635315470,-18750000,3486065,4215524,4417136,0,0,0,0,0,0,0
1748635315570,-18750000,3471403,4252181,4380479,0,0,0,0,0,0,0
1748635315670,-18750000,3456740,4252181,4398806,0,0,0,0,0,0,0
1748635315770,-18750000,3471404,4252181,4453792,0,0,0,0,0,0,0
1748635315870,-18750000,3486067,4252181,4380479,0,0,0,0,0,0,0
1748635315970,-18750000,3486067,4233851,4398805,0,0,0,0,0,0,0
1748635316070,-18750000,3478735,4362149,4380479,0,0,0,0,0,0,0
1748635316170,-18750000,3489732,4435462,4380479,0,0,0,0,0,0,0
1748635316270,-18750000,3489732,4417132,4288837,0,0,0,0,0,0,0
1748635316370,-18750000,3489732,4453788,4215524,0,0,0,0,0,0,0
1748635316470,-18750000,3493397,4417132,4252181,0,0,0,0,0,0,0
1748635316570,-18750000,3500729,4417132,4215524,0,0,0,0,0,0,0
1748635316670,-18750000,3515391,4325489,4252181,0,0,0,0,0,0,0
1748635316770,-18750000,3497063,4380476,4197194,0,0,0,0,0,0,0
1748635316870,-18750000,3486065,4380476,4233851,0,0,0,0,0,0,0
1748635316970,-18750000,3482399,4417136,4270507,0,0,0,0,0,0,0
1748635317070,-18750000,3500728,4325493,4325489,0,0,0,0,0,0,0
1748635317170,-18750000,3508059,4288837,4233851,0,0,0,0,0,0,0
1748635317270,-18750000,3511725,4307167,4270507,0,0,0,0,0,0,0
1748635317370,-18750000,3500728,4343823,4307163,0,0,0,0,0,0,0
1748635317470,-18750000,3508060,4380479,4307163,0,0,0,0,0,0,0
1748635317570,-18750000,3511726,4343823,4362146,0,0,0,0,0,0,0
1748635317670,-18750000,3522723,4508778,4325489,0,0,0,0,0,0,0
1748635317770,-18750000,3530054,4435462,4343819,0,0,0,0,0,0,0
1748635317870,-18750000,3541052,4417136,4343819,0,0,0,0,0,0,0
1748635317970,-18750000,3552049,4435462,4307163,0,0,0,0,0,0,0
1748635318070,-18750000,3541052,4398806,4197194,0,0,0,0,0,0,0
1748635318170,-18750000,3552050,4362149,4307163,0,0,0,0,0,0,0
1748635318270,-18750000,3544718,4417132,4380476,0,0,0,0,0,0,0
1748635318370,-18750000,3552049,4398802,4380476,0,0,0,0,0,0,0
1748635318470,-18750000,3537386,4362146,4380476,0,0,0,0,0,0,0
1748635318570,-18750000,3552049,4362146,4398806,0,0,0,0,0,0,0
1748635318670,-18750000,3526389,4325489,4380479,0,0,0,0,0,0,0
1748635318770,-18750000,3526389,4307163,4380479,0,0,0,0,0,0,0
1748635318870,-18750000,3519058,4362149,4398809,0,0,0,0,0,0,0
1748635318970,-18750000,3522724,4472122,4417139,0,0,0,0,0,0,0
1748635319070,-18750000,3511726,4472122,4453796,0,0,0,0,0,0,0
1748635319170,-18750000,3504395,4508778,4380483,0,0,0,0,0,0,0
1748635319270,-18750000,3530055,4508778,4343827,0,0,0,0,0,0,0
1748635319370,-18750000,3533721,4472122,4307171,0,0,0,0,0,0,0
1748635319470,-18750000,3555715,4472122,4343827,0,0,0,0,0,0,0
1748635319570,-18750000,3563047,4453796,4288841,0,0,0,0,0,0,0
1748635319670,-18750000,3592372,4472122,4343823,0,0,0,0,0,0,0
1748635319770,-18750000,3599703,4508778,4435466,0,0,0,0,0,0,0
1748635319870,-18750000,3610700,4472118,4453792,0,0,0,0,0,0,0
1748635319970,-18750000,3599702,4380476,4417136,0,0,0,0,0,0,0
1748635320070,-18750000,3610700,4417132,4453792,0,0,0,0,0,0,0
1748635320170,-18750000,3599702,4398802,4453792,0,0,0,0,0,0,0
1748635320270,-18750000,3581374,4417132,4398809,0,0,0,0,0,0,0
1748635320370,-18750000,3577708,4490448,4417136,0,0,0,0,0,0,0
1748635320470,-18750000,3566711,4472122,4453792,0,0,0,0,0,0,0
1748635320570,-18750000,3581374,4527104,4472122,0,0,0,0,0,0,0
1748635320670,-18750000,3566711,4545434,4472122,0,0,0,0,0,0,0
1748635320770,-18750000,3563046,4508778,4417136,0,0,0,0,0,0,0
1748635320870,-18750000,3548383,4508778,4362153,0,0,0,0,0,0,0
1748635320970,-18750000,3559381,4582091,4417136,0,0,0,0,0,0,0
1748635321070,-18750000,3552049,4600421,4417136,0,0,0,0,0,0,0
1748635321170,-18750000,3559380,4673733,4417136,0,0,0,0,0,0,0
1748635321270,-18750000,3559380,4618747,4527104,0,0,0,0,0,0,0
1748635321370,-18750000,3577708,4582087,4582091,0,0,0,0,0,0,0
1748635321470,-18750000,3607034,4655399,4527104,0,0,0,0,0,0,0
1748635321570,-18750000,3588706,4673729,4453792,0,0,0,0,0,0,0
1748635321670,-18750000,3588706,4655399,4417136,0,0,0,0,0,0,0
1748635321770,-18750000,3588706,4673726,4453792,0,0,0,0,0,0,0
1748635321870,-18750000,3581374,4618743,4453792,0,0,0,0,0,0,0
1748635321970,-18750000,3570377,4618743,4453792,0,0,0,0,0,0,0
1748635322070,-18750000,3592372,4673729,4490448,0,0,0,0,0,0,0
1748635322170,-18750000,3592372,4655403,4508774,0,0,0,0,0,0,0
1748635322270,-18750000,3603369,4710389,4508774,0,0,0,0,0,0,0
1748635322370,-18750000,3588706,4655407,4490444,0,0,0,0,0,0,0
1748635322470,-18750000,3566712,4655407,4490444,0,0,0,0,0,0,0
1748635322570,-18750000,3555715,4692063,4527101,0,0,0,0,0,0,0
1748635322670,-18750000,3577709,4600424,4508774,0,0,0,0,0,0,0
1748635322770,-18750000,3585041,4600424,4453788,0,0,0,0,0,0,0
1748635322870,-18750000,3599703,4655407,4435458,0,0,0,0,0,0,0
1748635322970,-18750000,3610700,4618751,4435458,0,0,0,0,0,0,0
1748635323070,-18750000,3592372,4600421,4453788,0,0,0,0,0,0,0
1748635323170,-18750000,3614366,4692063,4472118,0,0,0,0,0,0,0
1748635323270,-18750000,3614366,4692063,4417132,0,0,0,0,0,0,0
1748635323370,-18750000,3618032,4783706,4343819,0,0,0,0,0,0,0
1748635323470,-18750000,3629029,4802036,4343819,0,0,0,0,0,0,0
1748635323570,-18750000,3647358,4692067,4435462,0,0,0,0,0,0,0
1748635323670,-18750000,3629029,4783706,4435462,0,0,0,0,0,0,0
1748635323770,-18750000,3629029,4802036,4435462,0,0,0,0,0,0,0
1748635323870,-18750000,3629029,4747053,4417136,0,0,0,0,0,0,0
1748635323970,-18750000,3640026,4747053,4435466,0,0,0,0,0,0,0
1748635324070,-18750000,3662020,4655411,4362153,0,0,0,0,0,0,0
1748635324170,-18750000,3658354,4582094,4288841,0,0,0,0,0,0,0
1748635324270,-18750000,3665686,4545438,4288841,0,0,0,0,0,0,0
1748635324370,-18750000,3658354,4490452,4325497,0,0,0,0,0,0,0
1748635324470,-18750000,3629028,4435466,4362153,0,0,0,0,0,0,0
1748635324570,-18750000,3621697,4508778,4362153,0,0,0,0,0,0,0
1748635324670,-18750000,3625362,4453796,4380479,0,0,0,0,0,0,0
1748635324770,-18750000,3614365,4453796,4380479,0,0,0,0,0,0,0
1748635324870,-18750000,3607033,4527108,4435462,0,0,0,0,0,0,0
1748635324970,-18750000,3603368,4472122,4325493,0,0,0,0,0,0,0
1748635325070,-18750000,3596036,4508778,4343819,0,0,0,0,0,0,0
1748635325170,-18750000,3577708,4472122,4343819,0,0,0,0,0,0,0
1748635325270,-18750000,3585039,4472122,4380475,0,0,0,0,0,0,0
1748635325370,-18750000,3588705,4490448,4362149,0,0,0,0,0,0,0
1748635325470,-18750000,3618031,4545434,4307167,0,0,0,0,0,0,0
1748635325570,-18750000,3614365,4435466,4178868,0,0,0,0,0,0,0
1748635325670,-18750000,3625362,4435466,4197198,0,0,0,0,0,0,0
1748635325770,-18750000,3632693,4435466,4178872,0,0,0,0,0,0,0
1748635325870,-18750000,3651022,4380479,4123889,0,0,0,0,0,0,0
1748635325970,-18750000,3647356,4435465,4215528,0,0,0,0,0,0,0
1748635326070,-18750000,3658353,4490452,4197202,0,0,0,0,0,0,0
1748635326170,-18750000,3651022,4472126,4252184,0,0,0,0,0,0,0
1748635326270,-18750000,3640025,4435469,4215528,0,0,0,0,0,0,0
1748635326370,-18750000,3673016,4398813,4215528,0,0,0,0,0,0,0
1748635326470,-18750000,3658353,4380483,4197198,0,0,0,0,0,0,0
1748635326570,-18750000,3687679,4453796,4252181,0,0,0,0,0,0,0
1748635326670,-18750000,3680348,4453796,4197194,0,0,0,0,0,0,0
1748635326770,-18750000,3691345,4508782,4215521,0,0,0,0,0,0,0
1748635326870,-18750000,3680348,4527112,4252177,0,0,0,0,0,0,0
1748635326970,-18750000,3676682,4563768,4252177,0,0,0,0,0,0,0
1748635327070,-18750000,3658354,4490456,4288833,0,0,0,0,0,0,0
1748635327170,-18750000,3673016,4545438,4252177,0,0,0,0,0,0,0
1748635327270,-18750000,3676682,4490452,4307163,0,0,0,0,0,0,0
1748635327370,-18750000,3669351,4545438,4307163,0,0,0,0,0,0,0
1748635327470,-18750000,3680348,4545438,4325493,0,0,0,0,0,0,0
1748635327570,-18750000,3654688,4545438,4307167,0,0,0,0,0,0,0
1748635327670,-18750000,3662019,4563764,4343823,0,0,0,0,0,0,0
1748635327770,-18750000,3658353,4472122,4380479,0,0,0,0,0,0,0
1748635327870,-18750000,3662019,4490448,4435462,0,0,0,0,0,0,0
1748635327970,-18750000,3669350,4490448,4380479,0,0,0,0,0,0,0
1748635328070,-18750000,3680348,4563761,4362149,0,0,0,0,0,0,0
1748635328170,-18750000,3687679,4563761,4380479,0,0,0,0,0,0,0
1748635328270,-18750000,3684013,4655403,4362149,0,0,0,0,0,0,0
1748635328370,-18750000,3676681,4692059,4380476,0,0,0,0,0,0,0
1748635328470,-18750000,3676681,4637073,4417132,0,0,0,0,0,0,0
1748635328570,-18750000,3695010,4618743,4490444,0,0,0,0,0,0,0
1748635328670,-18750000,3695010,4637073,4490444,0,0,0,0,0,0,0
1748635328770,-18750000,3680347,4655399,4472118,0,0,0,0,0,0,0
1748635328870,-18750000,3687679,4673729,4453792,0,0,0,0,0,0,0
1748635328970,-18750000,3691344,4655399,4417135,0,0,0,0,0,0,0
1748635329070,-18750000,3691344,4637069,4398809,0,0,0,0,0,0,0
1748635329170,-18750000,3695010,4673729,4398809,0,0,0,0,0,0,0
1748635329270,-18750000,3695010,4728716,4362153,0,0,0,0,0,0,0
1748635329370,-18750000,3684013,4673729,4417139,0,0,0,0,0,0,0
1748635329470,-18750000,3680347,4710386,4398809,0,0,0,0,0,0,0
1748635329570,-18750000,3676681,4692059,4380479,0,0,0,0,0,0,0
1748635329670,-18750000,3676681,4710386,4398809,0,0,0,0,0,0,0
1748635329770,-18750000,3702341,4783702,4325497,0,0,0,0,0,0,0
1748635329870,-18750000,3702341,4728716,4288841,0,0,0,0,0,0,0
1748635329970,-18750000,3706007,4765376,4325497,0,0,0,0,0,0,0
1748635330070,-18750000,3706007,4820362,4343823,0,0,0,0,0,0,0
1748635330170,-18750000,3706007,4765376,4343823,0,0,0,0,0,0,0
1748635330270,-18750000,3724336,4692059,4325497,0,0,0,0,0,0,0
1748635330370,-18750000,3728002,4692059,4288841,0,0,0,0,0,0,0
1748635330470,-18750000,3749995,4728719,4288841,0,0,0,0,0,0,0
1748635330570,-18750000,3753661,4802032,4233858,0,0,0,0,0,0,0
1748635330670,-18750000,3749995,4765376,4215528,0,0,0,0,0,0,0
1748635330770,-18750000,3749995,4783702,4307167,0,0,0,0,0,0,0
1748635330870,-18750000,3746329,4838688,4325493,0,0,0,0,0,0,0
1748635330970,-18750000,3757327,4802028,4343819,0,0,0,0,0,0,0
1748635331070,-18750000,3746330,4802028,4288837,0,0,0,0,0,0,0
1748635331170,-18750000,3731667,4783698,4288837,0,0,0,0,0,0,0
1748635331270,-18750000,3731667,4820354,4307163,0,0,0,0,0,0,0
1748635331370,-18750000,3720670,4765372,4270507,0,0,0,0,0,0,0
1748635331470,-18750000,3720670,4692056,4252181,0,0,0,0,0,0,0
1748635331570,-18750000,3698675,4582087,4270507,0,0,0,0,0,0,0
1748635331670,-18750000,3698675,4637073,4270507,0,0,0,0,0,0,0
1748635331770,-18750000,3684013,4582087,4197194,0,0,0,0,0,0,0
1748635331870,-18750000,3680348,4545431,4197194,0,0,0,0,0,0,0
1748635331970,-18750000,3680348,4545431,4215524,0,0,0,0,0,0,0
1748635332070,-18750000,3687679,4472122,4288837,0,0,0,0,0,0,0
1748635332170,-18750000,3687679,4453796,4288837,0,0,0,0,0,0,0
1748635332270,-18750000,3673016,4453796,4270511,0,0,0,0,0,0,0
1748635332370,-18750000,3673016,4453796,4307167,0,0,0,0,0,0,0
1748635332470,-18750000,3687679,4453796,4343823,0,0,0,0,0,0,0
1748635332570,-18750000,3691345,4600421,4380479,0,0,0,0,0,0,0
1748635332670,-18750000,3695011,4600421,4435466,0,0,0,0,0,0,0
1748635332770,-18750000,3713339,4582094,4472122,0,0,0,0,0,0,0
1748635332870,-18750000,3713339,4582094,4490452,0,0,0,0,0,0,0
1748635332970,-18750000,3724336,4637081,4545438,0,0,0,0,0,0,0
1748635333070,-18750000,3724336,4692063,4563764,0,0,0,0,0,0,0
1748635333170,-18750000,3735334,4692063,4563764,0,0,0,0,0,0,0
1748635333270,-18750000,3742665,4765376,4692063,0,0,0,0,0,0,0
1748635333370,-18750000,3746330,4765376,4692063,0,0,0,0,0,0,0
1748635333470,-18750000,3735334,4820358,4692063,0,0,0,0,0,0,0
1748635333570,-18750000,3731668,4783702,4600424,0,0,0,0,0,0,0
1748635333670,-18750000,3738999,4747046,4600424,0,0,0,0,0,0,0
1748635333770,-18750000,3735334,4765372,4600424,0,0,0,0,0,0,0
1748635333870,-18750000,3720671,4673729,4600424,0,0,0,0,0,0,0
1748635333970,-18750000,3709673,4582087,4582094,0,0,0,0,0,0,0
1748635334070,-18750000,3691345,4582087,4582094,0,0,0,0,0,0,0
1748635334170,-18750000,3684014,4618743,4527112,0,0,0,0,0,0,0
1748635334270,-18750000,3691345,4600413,4453795,0,0,0,0,0,0,0
1748635334370,-18750000,3706008,4600413,4435465,0,0,0,0,0,0,0
1748635334470,-18750000,3717005,4545431,4417136,0,0,0,0,0,0,0
1748635334570,-18750000,3702342,4618747,4417136,0,0,0,0,0,0,0
1748635334670,-18750000,3680348,4637073,4453792,0,0,0,0,0,0,0
1748635334770,-18750000,3673017,4655403,4453792,0,0,0,0,0,0,0
1748635334870,-18750000,3673017,4747046,4435462,0,0,0,0,0,0,0
1748635334970,-18750000,3691345,4692060,4362145,0,0,0,0,0,0,0
1748635335070,-18750000,3695011,4710390,4380475,0,0,0,0,0,0,0
1748635335170,-18750000,3691345,4728720,4472118,0,0,0,0,0,0,0
1748635335270,-18750000,3687679,4710393,4508774,0,0,0,0,0,0,0
1748635335370,-18750000,3673015,4747053,4508774,0,0,0,0,0,0,0
1748635335470,-18750000,3665684,4802036,4527104,0,0,0,0,0,0,0
1748635335570,-18750000,3695009,4728719,4582087,0,0,0,0,0,0,0
1748635335670,-18750000,3709672,4655407,4582087,0,0,0,0,0,0,0
1748635335770,-18750000,3706006,4637077,4618743,0,0,0,0,0,0,0
1748635335870,-18750000,3709672,4618747,4655399,0,0,0,0,0,0,0
1748635335970,-18750000,3695008,4673733,4637073,0,0,0,0,0,0,0
1748635336070,-18750000,3702340,4563761,4618743,0,0,0,0,0,0,0
1748635336170,-18750000,3695009,4527101,4527101,0,0,0,0,0,0,0
1748635336270,-18750000,3695009,4527101,4490444,0,0,0,0,0,0,0
1748635336370,-18750000,3687678,4490441,4545431,0,0,0,0,0,0,0
1748635336470,-18750000,3724335,4435458,4490444,0,0,0,0,0,0,0
1748635336570,-18750000,3709672,4490444,4527104,0,0,0,0,0,0,0
1748635336670,-18750000,3702341,4600417,4563761,0,0,0,0,0,0,0
1748635336770,-18750000,3717004,4637077,4545431,0,0,0,0,0,0,0
1748635336870,-18750000,3731666,4618751,4563761,0,0,0,0,0,0,0
1748635336970,-18750000,3749995,4673737,4655403,0,0,0,0,0,0,0
1748635337070,-18750000,3760991,4728723,4673733,0,0,0,0,0,0,0
1748635337170,-18750000,3775654,4747053,4710389,0,0,0,0,0,0,0
1748635337270,-18750000,3775654,4838696,4710389,0,0,0,0,0,0,0
1748635337370,-18750000,3782986,4838696,4582091,0,0,0,0,0,0,0
1748635337470,-18750000,3768323,4857022,4618747,0,0,0,0,0,0,0
1748635337570,-18750000,3760992,4875352,4563761,0,0,0,0,0,0,0
1748635337670,-18750000,3757326,4857022,4563761,0,0,0,0,0,0,0
1748635337770,-18750000,3768323,4857022,4508778,0,0,0,0,0,0,0
1748635337870,-18750000,3753661,4875348,4508778,0,0,0,0,0,0,0
1748635337970,-18750000,3731667,4838688,4453792,0,0,0,0,0,0,0
1748635338070,-18750000,3706007,4838688,4490448,0,0,0,0,0,0,0
1748635338170,-18750000,3695010,4838688,4453792,0,0,0,0,0,0,0
1748635338270,-18750000,3695010,4765372,4490448,0,0,0,0,0,0,0
1748635338370,-18750000,3698676,4783702,4545434,0,0,0,0,0,0,0
1748635338470,-18750000,3709673,4857018,4545434,0,0,0,0,0,0,0
1748635338570,-18750000,3731666,4857018,4545434,0,0,0,0,0,0,0
1748635338670,-18750000,3760992,4783706,4508778,0,0,0,0,0,0,0
1748635338770,-18750000,3771989,4783706,4527104,0,0,0,0,0,0,0
1748635338870,-18750000,3786652,4783706,4490448,0,0,0,0,0,0,0
1748635338970,-18750000,3801314,4838692,4453792,0,0,0,0,0,0,0
1748635339070,-18750000,3808645,4802036,4417136,0,0,0,0,0,0,0
1748635339170,-18750000,3823308,4820366,4472118,0,0,0,0,0,0,0
1748635339270,-18750000,3830640,4765383,4472118,0,0,0,0,0,0,0
1748635339370,-18750000,3845302,4747053,4527101,0,0,0,0,0,0,0
1748635339470,-18750000,3812311,4692067,4527101,0,0,0,0,0,0,0
1748635339570,-18750000,3826975,4618751,4490444,0,0,0,0,0,0,0
1748635339670,-18750000,3819644,4692063,4508774,0,0,0,0,0,0,0
1748635339770,-18750000,3797649,4747046,4527104,0,0,0,0,0,0,0
1748635339870,-18750000,3779321,4765376,4508774,0,0,0,0,0,0,0
1748635339970,-18750000,3782987,4747049,4527101,0,0,0,0,0,0,0
1748635340070,-18750000,3782987,4802032,4545427,0,0,0,0,0,0,0
1748635340170,-18750000,3786653,4747046,4545427,0,0,0,0,0,0,0
1748635340270,-18750000,3797649,4820358,4527101,0,0,0,0,0,0,0
1748635340370,-18750000,3786653,4802032,4527101,0,0,0,0,0,0,0
1748635340470,-18750000,3819644,4765376,4545431,0,0,0,0,0,0,0
1748635340570,-18750000,3804980,4765376,4600413,0,0,0,0,0,0,0
1748635340670,-18750000,3801314,4747046,4637069,0,0,0,0,0,0,0
1748635340770,-18750000,3815978,4710389,4618739,0,0,0,0,0,0,0
1748635340870,-18750000,3830641,4655403,4655396,0,0,0,0,0,0,0
1748635340970,-18750000,3815978,4618743,4710382,0,0,0,0,0,0,0
1748635341070,-18750000,3823310,4600417,4728712,0,0,0,0,0,0,0
1748635341170,-18750000,3819644,4710386,4673729,0,0,0,0,0,0,0
1748635341270,-18750000,3819644,4582087,4655399,0,0,0,0,0,0,0
1748635341370,-18750000,3837971,4637073,4655399,0,0,0,0,0,0,0
1748635341470,-18750000,3845303,4710386,4618743,0,0,0,0,0,0,0
1748635341570,-18750000,3837972,4728716,4655403,0,0,0,0,0,0,0
1748635341670,-18750000,3834307,4728716,4673733,0,0,0,0,0,0,0
1748635341770,-18750000,3830641,4728716,4692063,0,0,0,0,0,0,0
1748635341870,-18750000,3837972,4783702,4655407,0,0,0,0,0,0,0
1748635341970,-18750000,3845304,4747046,4637077,0,0,0,0,0,0,0
1748635342070,-18750000,3856301,4838688,4600421,0,0,0,0,0,0,0
1748635342170,-18750000,3863632,4765376,4600421,0,0,0,0,0,0,0
1748635342270,-18750000,3863632,4857018,4673737,0,0,0,0,0,0,0
1748635342370,-18750000,3845304,4783702,4637081,0,0,0,0,0,0,0
1748635342470,-18750000,3841638,4783702,4600424,0,0,0,0,0,0,0
1748635342570,-18750000,3852635,4838688,4600424,0,0,0,0,0,0,0
1748635342670,-18750000,3874629,4820362,4527108,0,0,0,0,0,0,0
1748635342770,-18750000,3885626,4747049,4545434,0,0,0,0,0,0,0
1748635342870,-18750000,3885626,4747049,4582091,0,0,0,0,0,0,0
1748635342970,-18750000,3907620,4838692,4582091,0,0,0,0,0,0,0
1748635343070,-18750000,3903955,4802036,4600417,0,0,0,0,0,0,0
1748635343170,-18750000,3911286,4875348,4673729,0,0,0,0,0,0,0
1748635343270,-18750000,3922283,4912004,4618743,0,0,0,0,0,0,0
1748635343370,-18750000,3962606,4893678,4637073,0,0,0,0,0,0,0
1748635343470,-18750000,3958940,4857022,4747042,0,0,0,0,0,0,0
1748635343570,-18750000,3951608,4765379,4673726,0,0,0,0,0,0,0
1748635343670,-18750000,3925949,4783706,4728712,0,0,0,0,0,0,0
1748635343770,-18750000,3918617,4857018,4692056,0,0,0,0,0,0,0
1748635343870,-18750000,3911286,4838688,4673729,0,0,0,0,0,0,0
1748635343970,-18750000,3911286,4820362,4673729,0,0,0,0,0,0,0
1748635344070,-18750000,3903955,4820362,4637073,0,0,0,0,0,0,0
1748635344170,-18750000,3892958,4783706,4600417,0,0,0,0,0,0,0
1748635344270,-18750000,3881961,4765376,4637073,0,0,0,0,0,0,0
1748635344370,-18750000,3841639,4893674,4618743,0,0,0,0,0,0,0
1748635344470,-18750000,3823311,4875344,4472118,0,0,0,0,0,0,0
1748635344570,-18750000,3812314,4893671,4508774,0,0,0,0,0,0,0
1748635344670,-18750000,3823311,4930331,4490444,0,0,0,0,0,0,0
1748635344770,-18750000,3819645,4857018,4508774,0,0,0,0,0,0,0
1748635344870,-18750000,3826976,4912004,4508774,0,0,0,0,0,0,0
1748635344970,-18750000,3823310,4912004,4490448,0,0,0,0,0,0,0
1748635345070,-18750000,3845304,4802032,4545434,0,0,0,0,0,0,0
1748635345170,-18750000,3837973,4710389,4563761,0,0,0,0,0,0,0
1748635345270,-18750000,3852636,4747049,4545431,0,0,0,0,0,0,0
1748635345370,-18750000,3863633,4600421,4545431,0,0,0,0,0,0,0
1748635345470,-18750000,3859967,4673737,4600413,0,0,0,0,0,0,0
1748635345570,-18750000,3885626,4728723,4600413,0,0,0,0,0,0,0
1748635345670,-18750000,3903955,4692063,4600413,0,0,0,0,0,0,0
1748635345770,-18750000,3914952,4673733,4600413,0,0,0,0,0,0,0
1748635345870,-18750000,3907621,4692063,4472114,0,0,0,0,0,0,0
1748635345970,-18750000,3900290,4655403,4307159,0,0,0,0,0,0,0
1748635346070,-18750000,3870964,4728716,4087218,0,0,0,0,0,0,0
1748635346170,-18750000,3863632,4673733,3812294,0,0,0,0,0,0,0
1748635346270,-18750000,3812311,4582091,3500710,0,0,0,0,0,0,0
1748635346370,-18750000,3779320,4655403,3225783,0,0,0,0,0,0,0
1748635346470,-18750000,3757326,4618743,2914199,0,0,0,0,0,0,0
1748635346570,-18750000,3698675,4563757,2620945,0,0,0,0,0,0,0
1748635346670,-18750000,3632692,4508774,2199393,0,0,0,0,0,0,0
1748635346770,-18750000,3566710,4435462,1851153,0,0,0,0,0,0,0
1748635346870,-18750000,3504393,4307163,1741180,0,0,0,0,0,0,0
1748635346970,-18750000,3434745,4233851,1759507,0,0,0,0,0,0,0
1748635347070,-18750000,3383425,4087226,1777837,0,0,0,0,0,0,0
1748635347170,-18750000,3321109,4123882,1924462,0,0,0,0,0,0,0
1748635347270,-18750000,3277120,4087226,2071091,0,0,0,0,0,0,0
1748635347370,-18750000,3236798,4032243,2217719,0,0,0,0,0,0,0
1748635347470,-18750000,3189145,3867288,2492647,0,0,0,0,0,0,0
1748635347570,-18750000,3170816,3830632,2694262,0,0,0,0,0,0,0
1748635347670,-18750000,3141491,3775646,3042502,0,0,0,0,0,0,0
1748635347770,-18750000,3130494,3867288,3317429,0,0,0,0,0,0,0
1748635347870,-18750000,3115831,3793972,3464058,0,0,0,0,0,0,0
1748635347970,-18750000,3097502,3702329,3500714,0,0,0,0,0,0,0
1748635348070,-18750000,3082840,3812298,3647339,0,0,0,0,0,0,0
1748635348170,-18750000,3086506,3757312,3683999,0,0,0,0,0,0,0
1748635348270,-18750000,3075509,3775638,3683999,0,0,0,0,0,0,0
1748635348370,-18750000,3079175,3793964,3757315,0,0,0,0,0,0,0
1748635348470,-18750000,3082840,3867280,3702329,0,0,0,0,0,0,0
1748635348570,-18750000,3079174,3848954,3757312,0,0,0,0,0,0,0
1748635348670,-18750000,3082840,3848954,3702325,0,0,0,0,0,0,0
1748635348770,-18750000,3079174,3775642,3702325,0,0,0,0,0,0,0
1748635348870,-18750000,3086506,3775642,3757312,0,0,0,0,0,0,0
1748635348970,-18750000,3090172,3922270,3812298,0,0,0,0,0,0,0
1748635349070,-18750000,3082841,3903944,3775642,0,0,0,0,0,0,0
1748635349170,-18750000,3068178,3940600,3738982,0,0,0,0,0,0,0
1748635349270,-18750000,3075509,3995587,3848954,0,0,0,0,0,0,0
1748635349370,-18750000,3068178,3958930,3830624,0,0,0,0,0,0,0
1748635349470,-18750000,3057182,3995587,3848954,0,0,0,0,0,0,0
1748635349570,-18750000,3053516,4050569,3848954,0,0,0,0,0,0,0
1748635349670,-18750000,3057182,4087226,3885614,0,0,0,0,0,0,0
1748635349770,-18750000,3071845,4087226,3903941,0,0,0,0,0,0,0
1748635349870,-18750000,3079176,4123886,3830624,0,0,0,0,0,0,0
1748635349970,-18750000,3086507,4032243,3867280,0,0,0,0,0,0,0
1748635350070,-18750000,3104836,4013913,3830624,0,0,0,0,0,0,0
1748635350170,-18750000,3123164,3977257,3885610,0,0,0,0,0,0,0
1748635350270,-18750000,3130496,3940601,3830624,0,0,0,0,0,0,0
1748635350370,-18750000,3134162,3977257,3830624,0,0,0,0,0,0,0
1748635350470,-18750000,3156155,3958927,3885610,0,0,0,0,0,0,0
1748635350570,-18750000,3145158,3958927,3793968,0,0,0,0,0,0,0
1748635350670,-18750000,3148823,3995583,3720652,0,0,0,0,0,0,0
1748635350770,-18750000,3134161,4013909,3738982,0,0,0,0,0,0,0
1748635350870,-18750000,3119498,4032236,3775642,0,0,0,0,0,0,0
1748635350970,-18750000,3130495,4032236,3757316,0,0,0,0,0,0,0
1748635351070,-18750000,3123163,4050566,3738986,0,0,0,0,0,0,0
1748635351170,-18750000,3119497,4123878,3720659,0,0,0,0,0,0,0
1748635351270,-18750000,3112166,4087222,3720659,0,0,0,0,0,0,0
1748635351370,-18750000,3108500,4032239,3702329,0,0,0,0,0,0,0
1748635351470,-18750000,3101168,4087225,3683999,0,0,0,0,0,0,0
1748635351570,-18750000,3104834,4013913,3683999,0,0,0,0,0,0,0
1748635351670,-18750000,3101168,4013913,3812298,0,0,0,0,0,0,0
1748635351770,-18750000,3112166,4050569,3775642,0,0,0,0,0,0,0
1748635351870,-18750000,3130494,4105555,3775642,0,0,0,0,0,0,0
1748635351970,-18750000,3126828,4178868,3775642,0,0,0,0,0,0,0
1748635352070,-18750000,3134160,4160538,3775642,0,0,0,0,0,0,0
1748635352170,-18750000,3163486,4142212,3720655,0,0,0,0,0,0,0
1748635352270,-18750000,3189146,4050569,3702325,0,0,0,0,0,0,0
1748635352370,-18750000,3181814,3977253,3720655,0,0,0,0,0,0,0
1748635352470,-18750000,3174483,3995579,3683999,0,0,0,0,0,0,0
1748635352570,-18750000,3181815,4032236,3720659,0,0,0,0,0,0,0
1748635352670,-18750000,3163487,3977253,3647347,0,0,0,0,0,0,0
1748635352770,-18750000,3159821,3885611,3702329,0,0,0,0,0,0,0
1748635352870,-18750000,3141492,3903937,3702329,0,0,0,0,0,0,0
1748635352970,-18750000,3123164,3922267,3738985,0,0,0,0,0,0,0
1748635353070,-18750000,3141492,3903941,3793972,0,0,0,0,0,0,0
1748635353170,-18750000,3119498,3922267,3867284,0,0,0,0,0,0,0
1748635353270,-18750000,3108500,3977249,3922270,0,0,0,0,0,0,0
1748635353370,-18750000,3134160,4032235,4013913,0,0,0,0,0,0,0
1748635353470,-18750000,3145157,4013909,4032243,0,0,0,0,0,0,0
1748635353570,-18750000,3152489,3995583,4032243,0,0,0,0,0,0,0
1748635353670,-18750000,3167151,4087222,4087229,0,0,0,0,0,0,0
1748635353770,-18750000,3159820,4178864,4032247,0,0,0,0,0,0,0
1748635353870,-18750000,3185480,4160538,4050573,0,0,0,0,0,0,0
1748635353970,-18750000,3214806,4087225,3903944,0,0,0,0,0,0,0
1748635354070,-18750000,3196478,4142208,3922274,0,0,0,0,0,0,0
1748635354170,-18750000,3203809,4123882,3867288,0,0,0,0,0,0,0
1748635354270,-18750000,3203809,4178868,3885618,0,0,0,0,0,0,0
1748635354370,-18750000,3196478,4252180,3848962,0,0,0,0,0,0,0
1748635354470,-18750000,3214806,4307167,3867288,0,0,0,0,0,0,0
1748635354570,-18750000,3214806,4270507,3848958,0,0,0,0,0,0,0
1748635354670,-18750000,3240466,4270507,3812302,0,0,0,0,0,0,0
1748635354770,-18750000,3247797,4197194,3812302,0,0,0,0,0,0,0
1748635354870,-18750000,3218471,4178864,3775646,0,0,0,0,0,0,0
1748635354970,-18750000,3218471,4215521,3867288,0,0,0,0,0,0,0
1748635355070,-18750000,3244131,4160538,3867288,0,0,0,0,0,0,0
1748635355170,-18750000,3244131,4142208,3958931,0,0,0,0,0,0,0
1748635355270,-18750000,3262459,4160538,3977257,0,0,0,0,0,0,0
1748635355370,-18750000,3258793,4087226,3958927,0,0,0,0,0,0,0
1748635355470,-18750000,3251461,3958927,3977257,0,0,0,0,0,0,0
1748635355570,-18750000,3262459,4050569,4032243,0,0,0,0,0,0,0
1748635355670,-18750000,3240465,4087229,4032243,0,0,0,0,0,0,0
1748635355770,-18750000,3251462,4142216,4087226,0,0,0,0,0,0,0
1748635355870,-18750000,3273456,4142216,4087226,0,0,0,0,0,0,0
1748635355970,-18750000,3269790,4160542,4068899,0,0,0,0,0,0,0
1748635356070,-18750000,3240464,4160542,4068899,0,0,0,0,0,0,0
1748635356170,-18750000,3240464,4233854,4032243,0,0,0,0,0,0,0
1748635356270,-18750000,3229467,4160538,3995587,0,0,0,0,0,0,0
1748635356370,-18750000,3225802,4178868,3977261,0,0,0,0,0,0,0
1748635356470,-18750000,3233134,4178868,3940604,0,0,0,0,0,0,0
1748635356570,-18750000,3218471,4178868,3958930,0,0,0,0,0,0,0
1748635356670,-18750000,3236799,4087225,3958930,0,0,0,0,0,0,0
1748635356770,-18750000,3247796,4050569,3903948,0,0,0,0,0,0,0
1748635356870,-18750000,3247796,4123885,3958934,0,0,0,0,0,0,0
1748635356970,-18750000,3262460,4068903,3940604,0,0,0,0,0,0,0
1748635357070,-18750000,3273457,4050573,3922274,0,0,0,0,0,0,0
1748635357170,-18750000,3273457,4013917,3940604,0,0,0,0,0,0,0
1748635357270,-18750000,3280789,4105559,3922278,0,0,0,0,0,0,0
1748635357370,-18750000,3291785,4142215,3977260,0,0,0,0,0,0,0
1748635357470,-18750000,3291785,4197198,3977260,0,0,0,0,0,0,0
1748635357570,-18750000,3295451,4142215,3995590,0,0,0,0,0,0,0
1748635357670,-18750000,3288119,4160542,4013917,0,0,0,0,0,0,0
1748635357770,-18750000,3277122,4178868,4050573,0,0,0,0,0,0,0
1748635357870,-18750000,3288119,4105552,4032243,0,0,0,0,0,0,0
1748635357970,-18750000,3273456,4160534,4123886,0,0,0,0,0,0,0
1748635358070,-18750000,3277121,4197190,4123886,0,0,0,0,0,0,0
1748635358170,-18750000,3277121,4233847,4087229,0,0,0,0,0,0,0
1748635358270,-18750000,3280787,4270503,4123886,0,0,0,0,0,0,0
1748635358370,-18750000,3295450,4197187,4068903,0,0,0,0,0,0,0
1748635358470,-18750000,3277121,4160531,4087229,0,0,0,0,0,0,0
1748635358570,-18750000,3302781,4178857,4013917,0,0,0,0,0,0,0
1748635358670,-18750000,3324776,4142201,4032247,0,0,0,0,0,0,0
1748635358770,-18750000,3317444,4215513,4050573,0,0,0,0,0,0,0
1748635358870,-18750000,3317444,4233843,4032247,0,0,0,0,0,0,0
1748635358970,-18750000,3328442,4142201,3940604,0,0,0,0,0,0,0
1748635359070,-18750000,3313779,4197187,3940604,0,0,0,0,0,0,0
1748635359170,-18750000,3313779,4160531,3977261,0,0,0,0,0,0,0
1748635359270,-18750000,3317445,4160531,3940604,0,0,0,0,0,0,0
1748635359370,-18750000,3306448,4233847,3958931,0,0,0,0,0,0,0
1748635359470,-18750000,3321110,4307159,3958931,0,0,0,0,0,0,0
1748635359570,-18750000,3310113,4325489,4013913,0,0,0,0,0,0,0
1748635359670,-18750000,3310113,4343819,4013913,0,0,0,0,0,0,0
1748635359770,-18750000,3332107,4288837,3995587,0,0,0,0,0,0,0
1748635359870,-18750000,3357767,4197194,4032243,0,0,0,0,0,0,0
1748635359970,-18750000,3365098,4252181,4068899,0,0,0,0,0,0,0
1748635360070,-18750000,3390758,4215524,4142212,0,0,0,0,0,0,0
1748635360170,-18750000,3405421,4252181,4123882,0,0,0,0,0,0,0
1748635360270,-18750000,3401755,4215524,4142208,0,0,0,0,0,0,0
1748635360370,-18750000,3416417,4288837,4142208,0,0,0,0,0,0,0
1748635360470,-18750000,3434746,4270511,4142208,0,0,0,0,0,0,0
1748635360570,-18750000,3427415,4288837,4105552,0,0,0,0,0,0,0
1748635360670,-18750000,3412752,4252181,4087222,0,0,0,0,0,0,0
1748635360770,-18750000,3394424,4252181,4050566,0,0,0,0,0,0,0
1748635360870,-18750000,3361433,4307167,4087222,0,0,0,0,0,0,0
1748635360970,-18750000,3354101,4307167,4087222,0,0,0,0,0,0,0
1748635361070,-18750000,3357767,4325493,3995583,0,0,0,0,0,0,0
1748635361170,-18750000,3361433,4270511,4013913,0,0,0,0,0,0,0
1748635361270,-18750000,3350435,4178868,4050569,0,0,0,0,0,0,0
1748635361370,-18750000,3339439,4142212,4087226,0,0,0,0,0,0,0
1748635361470,-18750000,3310113,4123882,4087226,0,0,0,0,0,0,0
1748635361570,-18750000,3324776,4160538,4068899,0,0,0,0,0,0,0
1748635361670,-18750000,3324776,4252177,4105555,0,0,0,0,0,0,0
1748635361770,-18750000,3339439,4307159,4142212,0,0,0,0,0,0,0
1748635361870,-18750000,3350436,4362142,4068899,0,0,0,0,0,0,0
1748635361970,-18750000,3346771,4362142,4050573,0,0,0,0,0,0,0
1748635362070,-18750000,3339440,4398798,4068899,0,0,0,0,0,0,0
1748635362170,-18750000,3317446,4453781,4087225,0,0,0,0,0,0,0
1748635362270,-18750000,3328443,4582079,4087225,0,0,0,0,0,0,0
1748635362370,-18750000,3328443,4600406,4087225,0,0,0,0,0,0,0
1748635362470,-18750000,3357769,4508763,4105555,0,0,0,0,0,0,0
1748635362570,-18750000,3357769,4453781,4142212,0,0,0,0,0,0,0
1748635362670,-18750000,3365100,4398798,4160542,0,0,0,0,0,0,0
1748635362770,-18750000,3343106,4362142,4160542,0,0,0,0,0,0,0
1748635362870,-18750000,3339440,4325486,4142212,0,0,0,0,0,0,0
1748635362970,-18750000,3339440,4380472,4142212,0,0,0,0,0,0,0
1748635363070,-18750000,3357767,4270503,4215524,0,0,0,0,0,0,0
1748635363170,-18750000,3365099,4233847,4160542,0,0,0,0,0,0,0
1748635363270,-18750000,3368765,4252177,4123886,0,0,0,0,0,0,0
1748635363370,-18750000,3387092,4178864,4068903,0,0,0,0,0,0,0
1748635363470,-18750000,3365098,4270507,4123886,0,0,0,0,0,0,0
1748635363570,-18750000,3372429,4288833,4087229,0,0,0,0,0,0,0
1748635363670,-18750000,3372429,4343815,4032243,0,0,0,0,0,0,0
1748635363770,-18750000,3398089,4325489,4013913,0,0,0,0,0,0,0
1748635363870,-18750000,3409086,4325489,4068899,0,0,0,0,0,0,0
1748635363970,-18750000,3416417,4307159,4105556,0,0,0,0,0,0,0
1748635364070,-18750000,3398090,4307159,4013917,0,0,0,0,0,0,0
1748635364170,-18750000,3412752,4270503,3995587,0,0,0,0,0,0,0
1748635364270,-18750000,3427415,4197191,4032243,0,0,0,0,0,0,0
1748635364370,-18750000,3423749,4270503,4032243,0,0,0,0,0,0,0
1748635364470,-18750000,3438413,4270503,3977261,0,0,0,0,0,0,0
1748635364570,-18750000,3420085,4197191,3958931,0,0,0,0,0,0,0
1748635364670,-18750000,3423750,4197191,3958931,0,0,0,0,0,0,0
1748635364770,-18750000,3416419,4252173,3995587,0,0,0,0,0,0,0
1748635364870,-18750000,3401756,4270503,3958930,0,0,0,0,0,0,0
1748635364970,-18750000,3401756,4197191,3922274,0,0,0,0,0,0,0
1748635365070,-18750000,3416419,4307159,3940600,0,0,0,0,0,0,0
1748635365170,-18750000,3409088,4325489,3995587,0,0,0,0,0,0,0
1748635365270,-18750000,3379762,4270503,3995587,0,0,0,0,0,0,0
1748635365370,-18750000,3387093,4160534,4032243,0,0,0,0,0,0,0
1748635365470,-18750000,3383427,4123878,3995587,0,0,0,0,0,0,0
1748635365570,-18750000,3409087,4215521,4013917,0,0,0,0,0,0,0
1748635365670,-18750000,3405421,4233851,4032247,0,0,0,0,0,0,0
1748635365770,-18750000,3420084,4215524,3995591,0,0,0,0,0,0,0
1748635365870,-18750000,3445744,4215524,4032247,0,0,0,0,0,0,0
1748635365970,-18750000,3456740,4270511,4050573,0,0,0,0,0,0,0
1748635366070,-18750000,3467737,4307171,4050573,0,0,0,0,0,0,0
1748635366170,-18750000,3460406,4252184,4105556,0,0,0,0,0,0,0
1748635366270,-18750000,3489732,4417139,4105556,0,0,0,0,0,0,0
1748635366370,-18750000,3486066,4435469,4105556,0,0,0,0,0,0,0
1748635366470,-18750000,3486066,4435469,4087226,0,0,0,0,0,0,0
1748635366570,-18750000,3467737,4417139,4123882,0,0,0,0,0,0,0
1748635366670,-18750000,3464071,4398809,4142208,0,0,0,0,0,0,0
1748635366770,-18750000,3453075,4362153,4178864,0,0,0,0,0,0,0
1748635366870,-18750000,3434746,4325497,4197191,0,0,0,0,0,0,0
1748635366970,-18750000,3420084,4325497,4233847,0,0,0,0,0,0,0
1748635367070,-18750000,3409087,4325497,4215520,0,0,0,0,0,0,0
1748635367170,-18750000,3412753,4343827,4142208,0,0,0,0,0,0,0
1748635367270,-18750000,3409087,4270514,4197194,0,0,0,0,0,0,0
1748635367370,-18750000,3401755,4362153,4215520,0,0,0,0,0,0,0
1748635367470,-18750000,3409087,4435466,4270507,0,0,0,0,0,0,0
1748635367570,-18750000,3416418,4380483,4270507,0,0,0,0,0,0,0
1748635367670,-18750000,3416418,4343827,4270507,0,0,0,0,0,0,0
1748635367770,-18750000,3427415,4398809,4215524,0,0,0,0,0,0,0
1748635367870,-18750000,3460406,4453792,4270511,0,0,0,0,0,0,0
1748635367970,-18750000,3489731,4380476,4270511,0,0,0,0,0,0,0
1748635368070,-18750000,3486065,4307159,4362149,0,0,0,0,0,0,0
1748635368170,-18750000,3519056,4325486,4380479,0,0,0,0,0,0,0
1748635368270,-18750000,3526388,4343812,4270511,0,0,0,0,0,0,0
1748635368370,-18750000,3522723,4343812,4270511,0,0,0,0,0,0,0
1748635368470,-18750000,3522723,4307156,4288837,0,0,0,0,0,0,0
1748635368570,-18750000,3530054,4398794,4288837,0,0,0,0,0,0,0
1748635368670,-18750000,3552049,4453781,4325493,0,0,0,0,0,0,0
1748635368770,-18750000,3530055,4435454,4380476,0,0,0,0,0,0,0
1748635368870,-18750000,3522724,4380472,4380476,0,0,0,0,0,0,0
1748635368970,-18750000,3515393,4472114,4325493,0,0,0,0,0,0,0
1748635369070,-18750000,3515393,4527101,4233854,0,0,0,0,0,0,0
1748635369170,-18750000,3497064,4545431,4215524,0,0,0,0,0,0,0
1748635369270,-18750000,3489732,4490448,4270507,0,0,0,0,0,0,0
1748635369370,-18750000,3515392,4508778,4233851,0,0,0,0,0,0,0
1748635369470,-18750000,3522723,4563764,4233851,0,0,0,0,0,0,0
1748635369570,-18750000,3526389,4472126,4307163,0,0,0,0,0,0,0
1748635369670,-18750000,3519057,4398813,4233851,0,0,0,0,0,0,0
1748635369770,-18750000,3541051,4398813,4288837,0,0,0,0,0,0,0
1748635369870,-18750000,3537385,4435469,4233851,0,0,0,0,0,0,0
1748635369970,-18750000,3533719,4435469,4307163,0,0,0,0,0,0,0
1748635370070,-18750000,3526387,4362157,4362146,0,0,0,0,0,0,0
1748635370170,-18750000,3541050,4380483,4362146,0,0,0,0,0,0,0
1748635370270,-18750000,3559378,4380483,4343819,0,0,0,0,0,0,0
1748635370370,-18750000,3544715,4325497,4343819,0,0,0,0,0,0,0
1748635370470,-18750000,3544715,4307167,4325493,0,0,0,0,0,0,0
1748635370570,-18750000,3533718,4380479,4288837,0,0,0,0,0,0,0
1748635370670,-18750000,3530053,4398805,4307167,0,0,0,0,0,0,0
1748635370770,-18750000,3515390,4343819,4233854,0,0,0,0,0,0,0
1748635370870,-18750000,3497062,4252177,4178872,0,0,0,0,0,0,0
1748635370970,-18750000,3478733,4307163,4105559,0,0,0,0,0,0,0
1748635371070,-18750000,3497062,4252177,4123889,0,0,0,0,0,0,0
1748635371170,-18750000,3489730,4215521,4160546,0,0,0,0,0,0,0
1748635371270,-18750000,3486065,4288833,4178872,0,0,0,0,0,0,0
1748635371370,-18750000,3493397,4325489,4252184,0,0,0,0,0,0,0
1748635371470,-18750000,3493397,4233851,4307167,0,0,0,0,0,0,0
1748635371570,-18750000,3489731,4197194,4270511,0,0,0,0,0,0,0
1748635371670,-18750000,3504394,4215524,4233854,0,0,0,0,0,0,0
1748635371770,-18750000,3530054,4325497,4307167,0,0,0,0,0,0,0
1748635371870,-18750000,3537385,4325497,4362149,0,0,0,0,0,0,0
1748635371970,-18750000,3552047,4288841,4453788,0,0,0,0,0,0,0
1748635372070,-18750000,3544716,4398809,4417132,0,0,0,0,0,0,0
1748635372170,-18750000,3537385,4453796,4472118,0,0,0,0,0,0,0
1748635372270,-18750000,3522722,4343827,4472118,0,0,0,0,0,0,0
1748635372370,-18750000,3522722,4307170,4435462,0,0,0,0,0,0,0
1748635372470,-18750000,3519056,4307170,4362149,0,0,0,0,0,0,0
1748635372570,-18750000,3541051,4362153,4417132,0,0,0,0,0,0,0
1748635372670,-18750000,3526388,4380479,4472114,0,0,0,0,0,0,0
1748635372770,-18750000,3522723,4288837,4453784,0,0,0,0,0,0,0
1748635372870,-18750000,3519058,4343823,4453784,0,0,0,0,0,0,0
1748635372970,-18750000,3537386,4325493,4417128,0,0,0,0,0,0,0
1748635373070,-18750000,3555715,4343823,4472111,0,0,0,0,0,0,0
1748635373170,-18750000,3570377,4343823,4417124,0,0,0,0,0,0,0
1748635373270,-18750000,3585041,4417136,4417124,0,0,0,0,0,0,0
1748635373370,-18750000,3577709,4435466,4453781,0,0,0,0,0,0,0
1748635373470,-18750000,3588706,4545434,4508767,0,0,0,0,0,0,0
1748635373570,-18750000,3588706,4527108,4453784,0,0,0,0,0,0,0
1748635373670,-18750000,3592371,4527108,4398802,0,0,0,0,0,0,0
1748635373770,-18750000,3592371,4490452,4343819,0,0,0,0,0,0,0
1748635373870,-18750000,3599702,4490452,4343819,0,0,0,0,0,0,0
1748635373970,-18750000,3585040,4545438,4307163,0,0,0,0,0,0,0
1748635374070,-18750000,3581374,4545438,4288837,0,0,0,0,0,0,0
1748635374170,-18750000,3577708,4582094,4288837,0,0,0,0,0,0,0
1748635374270,-18750000,3574042,4582094,4288837,0,0,0,0,0,0,0
1748635374370,-18750000,3581374,4618751,4270510,0,0,0,0,0,0,0
1748635374470,-18750000,3592371,4563764,4288837,0,0,0,0,0,0,0
1748635374570,-18750000,3592371,4545434,4325493,0,0,0,0,0,0,0
1748635374670,-18750000,3614365,4508778,4362149,0,0,0,0,0,0,0
1748635374770,-18750000,3629028,4563761,4343819,0,0,0,0,0,0,0
1748635374870,-18750000,3643690,4637073,4325493,0,0,0,0,0,0,0
1748635374970,-18750000,3662019,4545431,4362149,0,0,0,0,0,0,0
1748635375070,-18750000,3640025,4490444,4325493,0,0,0,0,0,0,0
1748635375170,-18750000,3625362,4398802,4343823,0,0,0,0,0,0,0
1748635375270,-18750000,3632693,4380472,4325497,0,0,0,0,0,0,0
1748635375370,-18750000,3625361,4307159,4307167,0,0,0,0,0,0,0
1748635375470,-18750000,3621696,4307159,4307167,0,0,0,0,0,0,0
1748635375570,-18750000,3614365,4343816,4270511,0,0,0,0,0,0,0
1748635375670,-18750000,3592370,4398802,4233854,0,0,0,0,0,0,0
1748635375770,-18750000,3592370,4435458,4325497,0,0,0,0,0,0,0
1748635375870,-18750000,3592370,4398802,4343823,0,0,0,0,0,0,0
1748635375970,-18750000,3566710,4435458,4343823,0,0,0,0,0,0,0
1748635376070,-18750000,3581373,4490444,4343823,0,0,0,0,0,0,0
1748635376170,-18750000,3603367,4618743,4380479,0,0,0,0,0,0,0
1748635376270,-18750000,3588705,4582087,4398806,0,0,0,0,0,0,0
1748635376370,-18750000,3592371,4673729,4417136,0,0,0,0,0,0,0
1748635376470,-18750000,3581374,4692059,4362153,0,0,0,0,0,0,0
1748635376570,-18750000,3607033,4692059,4380479,0,0,0,0,0,0,0
1748635376670,-18750000,3621697,4582091,4453792,0,0,0,0,0,0,0
1748635376770,-18750000,3614366,4563764,4398805,0,0,0,0,0,0,0
1748635376870,-18750000,3610700,4527108,4398805,0,0,0,0,0,0,0
1748635376970,-18750000,3618032,4453796,4398805,0,0,0,0,0,0,0
1748635377070,-18750000,3636360,4398809,4417132,0,0,0,0,0,0,0
1748635377170,-18750000,3643691,4362153,4362145,0,0,0,0,0,0,0
1748635377270,-18750000,3651023,4472126,4325489,0,0,0,0,0,0,0
1748635377370,-18750000,3658354,4380483,4307159,0,0,0,0,0,0,0
1748635377470,-18750000,3658354,4417139,4325485,0,0,0,0,0,0,0
1748635377570,-18750000,3654688,4362157,4362142,0,0,0,0,0,0,0
1748635377670,-18750000,3658353,4435469,4307155,0,0,0,0,0,0,0
1748635377770,-18750000,3647356,4453796,4343812,0,0,0,0,0,0,0
1748635377870,-18750000,3651021,4490452,4343812,0,0,0,0,0,0,0
1748635377970,-18750000,3676681,4527108,4343812,0,0,0,0,0,0,0
1748635378070,-18750000,3654686,4563764,4380468,0,0,0,0,0,0,0
1748635378170,-18750000,3640024,4527108,4398798,0,0,0,0,0,0,0
1748635378270,-18750000,3640024,4472122,4453784,0,0,0,0,0,0,0
1748635378370,-18750000,3643690,4527104,4435458,0,0,0,0,0,0,0
1748635378470,-18750000,3662018,4490448,4417132,0,0,0,0,0,0,0
1748635378570,-18750000,3643690,4563761,4435462,0,0,0,0,0,0,0
1748635378670,-18750000,3640025,4582087,4472118,0,0,0,0,0,0,0
1748635378770,-18750000,3640025,4582087,4435462,0,0,0,0,0,0,0
1748635378870,-18750000,3640025,4582087,4417136,0,0,0,0,0,0,0
1748635378970,-18750000,3621696,4655399,4362153,0,0,0,0,0,0,0
1748635379070,-18750000,3632693,4637073,4362153,0,0,0,0,0,0,0
1748635379170,-18750000,3625361,4637073,4362153,0,0,0,0,0,0,0
1748635379270,-18750000,3625361,4600417,4362153,0,0,0,0,0,0,0
1748635379370,-18750000,3614364,4582091,4380479,0,0,0,0,0,0,0
1748635379470,-18750000,3607033,4600417,4398805,0,0,0,0,0,0,0
1748635379570,-18750000,3596036,4637073,4288837,0,0,0,0,0,0,0
1748635379670,-18750000,3585038,4600417,4343823,0,0,0,0,0,0,0
1748635379770,-18750000,3596036,4618747,4288840,0,0,0,0,0,0,0
1748635379870,-18750000,3588704,4637073,4362153,0,0,0,0,0,0,0
1748635379970,-18750000,3596036,4618747,4472122,0,0,0,0,0,0,0
1748635380070,-18750000,3588704,4673733,4398809,0,0,0,0,0,0,0
1748635380170,-18750000,3610699,4637077,4380479,0,0,0,0,0,0,0
1748635380270,-18750000,3610699,4637077,4343823,0,0,0,0,0,0,0
1748635380370,-18750000,3610699,4600421,4380479,0,0,0,0,0,0,0
1748635380470,-18750000,3614364,4490452,4398809,0,0,0,0,0,0,0
1748635380570,-18750000,3625361,4398809,4472122,0,0,0,0,0,0,0
1748635380670,-18750000,3632693,4435466,4453792,0,0,0,0,0,0,0
1748635380770,-18750000,3614364,4453796,4545431,0,0,0,0,0,0,0
1748635380870,-18750000,3603367,4490456,4545431,0,0,0,0,0,0,0
1748635380970,-18750000,3585038,4527112,4508774,0,0,0,0,0,0,0
1748635381070,-18750000,3596036,4472126,4527104,0,0,0,0,0,0,0
1748635381170,-18750000,3599702,4508782,4508778,0,0,0,0,0,0,0
1748635381270,-18750000,3618030,4527108,4545434,0,0,0,0,0,0,0
1748635381370,-18750000,3636359,4600421,4490452,0,0,0,0,0,0,0
1748635381470,-18750000,3643691,4710389,4417139,0,0,0,0,0,0,0
1748635381570,-18750000,3643691,4637077,4362153,0,0,0,0,0,0,0
1748635381670,-18750000,3647357,4582094,4307171,0,0,0,0,0,0,0
1748635381770,-18750000,3673016,4545434,4270514,0,0,0,0,0,0,0
1748635381870,-18750000,3691345,4508774,4215528,0,0,0,0,0,0,0
1748635381970,-18750000,3695011,4472118,4215528,0,0,0,0,0,0,0
1748635382070,-18750000,3706008,4453788,4178872,0,0,0,0,0,0,0
1748635382170,-18750000,3695011,4472114,4178872,0,0,0,0,0,0,0
1748635382270,-18750000,3695011,4545431,4142216,0,0,0,0,0,0,0
1748635382370,-18750000,3680348,4508774,4197198,0,0,0,0,0,0,0
1748635382470,-18750000,3669351,4398806,4233854,0,0,0,0,0,0,0
1748635382570,-18750000,3673017,4545434,4252184,0,0,0,0,0,0,0
1748635382670,-18750000,3676682,4508778,4288841,0,0,0,0,0,0,0
1748635382770,-18750000,3684014,4472122,4325497,0,0,0,0,0,0,0
1748635382870,-18750000,3691346,4490452,4307171,0,0,0,0,0,0,0
1748635382970,-18750000,3706008,4453796,4325497,0,0,0,0,0,0,0
1748635383070,-18750000,3691345,4508782,4398809,0,0,0,0,0,0,0
1748635383170,-18750000,3706007,4508782,4417136,0,0,0,0,0,0,0
1748635383270,-18750000,3706007,4435466,4472118,0,0,0,0,0,0,0
1748635383370,-18750000,3720670,4472122,4453792,0,0,0,0,0,0,0
1748635383470,-18750000,3731667,4527108,4398806,0,0,0,0,0,0,0
1748635383570,-18750000,3735332,4472122,4472118,0,0,0,0,0,0,0
1748635383670,-18750000,3746330,4582091,4453788,0,0,0,0,0,0,0
1748635383770,-18750000,3731667,4637077,4417132,0,0,0,0,0,0,0
1748635383870,-18750000,3731667,4582091,4453788,0,0,0,0,0,0,0
1748635383970,-18750000,3728002,4618747,4435462,0,0,0,0,0,0,0
1748635384070,-18750000,3731668,4582091,4417132,0,0,0,0,0,0,0
1748635384170,-18750000,3717005,4563764,4435462,0,0,0,0,0,0,0
1748635384270,-18750000,3717005,4618751,4398805,0,0,0,0,0,0,0
1748635384370,-18750000,3720671,4637081,4435462,0,0,0,0,0,0,0
1748635384470,-18750000,3713339,4673737,4508774,0,0,0,0,0,0,0
1748635384570,-18750000,3717005,4673737,4417132,0,0,0,0,0,0,0
1748635384670,-18750000,3731668,4637080,4453788,0,0,0,0,0,0,0
1748635384770,-18750000,3742665,4637080,4490444,0,0,0,0,0,0,0
1748635384870,-18750000,3731668,4673737,4453788,0,0,0,0,0,0,0
1748635384970,-18750000,3742665,4655407,4380476,0,0,0,0,0,0,0
1748635385070,-18750000,3746330,4637077,4325493,0,0,0,0,0,0,0
1748635385170,-18750000,3749995,4637077,4307163,0,0,0,0,0,0,0
1748635385270,-18750000,3742664,4637077,4288837,0,0,0,0,0,0,0
1748635385370,-18750000,3731667,4582090,4288837,0,0,0,0,0,0,0
1748635385470,-18750000,3735333,4490448,4325493,0,0,0,0,0,0,0
1748635385570,-18750000,3735333,4472118,4380479,0,0,0,0,0,0,0
1748635385670,-18750000,3713339,4490444,4380479,0,0,0,0,0,0,0
1748635385770,-18750000,3706007,4417132,4362153,0,0,0,0,0,0,0
1748635385870,-18750000,3713338,4362149,4417136,0,0,0,0,0,0,0
1748635385970,-18750000,3709672,4362149,4453792,0,0,0,0,0,0,0
1748635386070,-18750000,3702341,4380479,4508774,0,0,0,0,0,0,0
1748635386170,-18750000,3702341,4398806,4490448,0,0,0,0,0,0,0
1748635386270,-18750000,3720670,4325493,4508774,0,0,0,0,0,0,0
1748635386370,-18750000,3731667,4270507,4508774,0,0,0,0,0,0,0
1748635386470,-18750000,3728001,4398806,4490448,0,0,0,0,0,0,0
1748635386570,-18750000,3724335,4453792,4417136,0,0,0,0,0,0,0
1748635386670,-18750000,3724335,4453792,4380479,0,0,0,0,0,0,0
1748635386770,-18750000,3724335,4508774,4343823,0,0,0,0,0,0,0
1748635386870,-18750000,3717004,4527101,4343823,0,0,0,0,0,0,0
1748635386970,-18750000,3720670,4527101,4362149,0,0,0,0,0,0,0
1748635387070,-18750000,3724336,4563757,4435466,0,0,0,0,0,0,0
1748635387170,-18750000,3720670,4563757,4472122,0,0,0,0,0,0,0
1748635387270,-18750000,3698676,4618739,4508778,0,0,0,0,0,0,0
1748635387370,-18750000,3702341,4600413,4490448,0,0,0,0,0,0,0
1748635387470,-18750000,3706007,4582083,4453792,0,0,0,0,0,0,0
1748635387570,-18750000,3720671,4508771,4508774,0,0,0,0,0,0,0
1748635387670,-18750000,3731668,4527101,4508774,0,0,0,0,0,0,0
1748635387770,-18750000,3735334,4508774,4527101,0,0,0,0,0,0,0
1748635387870,-18750000,3746331,4545431,4527101,0,0,0,0,0,0,0
1748635387970,-18750000,3757328,4600417,4563757,0,0,0,0,0,0,0
1748635388070,-18750000,3768325,4563761,4490441,0,0,0,0,0,0,0
1748635388170,-18750000,3775656,4563761,4453784,0,0,0,0,0,0,0
1748635388270,-18750000,3771991,4582091,4398802,0,0,0,0,0,0,0
1748635388370,-18750000,3782988,4710389,4380476,0,0,0,0,0,0,0
1748635388470,-18750000,3779322,4655407,4380476,0,0,0,0,0,0,0
1748635388570,-18750000,3775656,4710389,4417132,0,0,0,0,0,0,0
1748635388670,-18750000,3768325,4655403,4417132,0,0,0,0,0,0,0
1748635388770,-18750000,3775656,4673729,4398806,0,0,0,0,0,0,0
1748635388870,-18750000,3768324,4655403,4380479,0,0,0,0,0,0,0
1748635388970,-18750000,3742664,4563761,4343823,0,0,0,0,0,0,0
1748635389070,-18750000,3749996,4582087,4325497,0,0,0,0,0,0,0
1748635389170,-18750000,3771989,4600417,4325497,0,0,0,0,0,0,0
1748635389270,-18750000,3771989,4582087,4362153,0,0,0,0,0,0,0
1748635389370,-18750000,3753661,4545427,4362153,0,0,0,0,0,0,0
1748635389470,-18750000,3760993,4600409,4417136,0,0,0,0,0,0,0
1748635389570,-18750000,3768324,4563753,4362153,0,0,0,0,0,0,0
1748635389670,-18750000,3771989,4527097,4380483,0,0,0,0,0,0,0
1748635389770,-18750000,3782987,4545427,4398809,0,0,0,0,0,0,0
1748635389870,-18750000,3779321,4600413,4398809,0,0,0,0,0,0,0
1748635389970,-18750000,3793985,4618743,4398809,0,0,0,0,0,0,0
1748635390070,-18750000,3793985,4637073,4435465,0,0,0,0,0,0,0
1748635390170,-18750000,3771991,4618743,4453792,0,0,0,0,0,0,0
1748635390270,-18750000,3790319,4637073,4417135,0,0,0,0,0,0,0
1748635390370,-18750000,3786653,4655403,4398805,0,0,0,0,0,0,0
1748635390470,-18750000,3786653,4655403,4435465,0,0,0,0,0,0,0
1748635390570,-18750000,3801317,4673733,4490448,0,0,0,0,0,0,0
1748635390670,-18750000,3790319,4728719,4490448,0,0,0,0,0,0,0
1748635390770,-18750000,3768325,4618751,4527104,0,0,0,0,0,0,0
1748635390870,-18750000,3775656,4582091,4545431,0,0,0,0,0,0,0
1748635390970,-18750000,3790318,4673733,4527104,0,0,0,0,0,0,0
1748635391070,-18750000,3790318,4655403,4490448,0,0,0,0,0,0,0
1748635391170,-18750000,3804981,4692063,4435466,0,0,0,0,0,0,0
1748635391270,-18750000,3801315,4692063,4490448,0,0,0,0,0,0,0
1748635391370,-18750000,3826975,4637077,4472122,0,0,0,0,0,0,0
1748635391470,-18750000,3834306,4618751,4417136,0,0,0,0,0,0,0
1748635391570,-18750000,3819643,4673737,4380479,0,0,0,0,0,0,0
1748635391670,-18750000,3826975,4692063,4307167,0,0,0,0,0,0,0
1748635391770,-18750000,3834307,4783702,4252184,0,0,0,0,0,0,0
1748635391870,-18750000,3841638,4765376,4252184,0,0,0,0,0,0,0
1748635391970,-18750000,3815978,4710389,4252184,0,0,0,0,0,0,0
1748635392070,-18750000,3808647,4692063,4270511,0,0,0,0,0,0,0
1748635392170,-18750000,3812313,4692063,4380479,0,0,0,0,0,0,0
1748635392270,-18750000,3819644,4618751,4343823,0,0,0,0,0,0,0
1748635392370,-18750000,3808648,4692067,4362149,0,0,0,0,0,0,0
1748635392470,-18750000,3815979,4673737,4380476,0,0,0,0,0,0,0
1748635392570,-18750000,3819645,4655407,4417132,0,0,0,0,0,0,0
1748635392670,-18750000,3812313,4673737,4508771,0,0,0,0,0,0,0
1748635392770,-18750000,3823309,4637081,4563753,0,0,0,0,0,0,0
1748635392870,-18750000,3819644,4637081,4527097,0,0,0,0,0,0,0
1748635392970,-18750000,3845304,4637081,4618739,0,0,0,0,0,0,0
1748635393070,-18750000,3856300,4637081,4655396,0,0,0,0,0,0,0
1748635393170,-18750000,3845303,4655407,4637066,0,0,0,0,0,0,0
1748635393270,-18750000,3826975,4692063,4673722,0,0,0,0,0,0,0
1748635393370,-18750000,3819643,4673733,4692052,0,0,0,0,0,0,0
1748635393470,-18750000,3819643,4765375,4673726,0,0,0,0,0,0,0
1748635393570,-18750000,3808646,4765375,4673726,0,0,0,0,0,0,0
1748635393670,-18750000,3837972,4802032,4655399,0,0,0,0,0,0,0
1748635393770,-18750000,3819643,4838688,4637073,0,0,0,0,0,0,0
1748635393870,-18750000,3819643,4893674,4637073,0,0,0,0,0,0,0
1748635393970,-18750000,3819643,4857018,4600413,0,0,0,0,0,0,0
1748635394070,-18750000,3823309,4857018,4563757,0,0,0,0,0,0,0
1748635394170,-18750000,3812312,4820362,4472118,0,0,0,0,0,0,0
1748635394270,-18750000,3819644,4857018,4472118,0,0,0,0,0,0,0
1748635394370,-18750000,3819644,4875348,4527104,0,0,0,0,0,0,0
1748635394470,-18750000,3804982,4783706,4527104,0,0,0,0,0,0,0
1748635394570,-18750000,3819644,4747049,4508778,0,0,0,0,0,0,0
1748635394670,-18750000,3812313,4637081,4545434,0,0,0,0,0,0,0
1748635394770,-18750000,3830641,4673741,4582091,0,0,0,0,0,0,0
1748635394870,-18750000,3841638,4600424,4618747,0,0,0,0,0,0,0
1748635394970,-18750000,3841638,4655407,4563764,0,0,0,0,0,0,0
1748635395070,-18750000,3830641,4692063,4618751,0,0,0,0,0,0,0
1748635395170,-18750000,3837973,4710393,4710389,0,0,0,0,0,0,0
1748635395270,-18750000,3845304,4710393,4673733,0,0,0,0,0,0,0
1748635395370,-18750000,3848969,4710393,4673733,0,0,0,0,0,0,0
1748635395470,-18750000,3837972,4765379,4692059,0,0,0,0,0,0,0
1748635395570,-18750000,3823310,4857022,4655403,0,0,0,0,0,0,0
1748635395670,-18750000,3823310,4875348,4655403,0,0,0,0,0,0,0
1748635395770,-18750000,3823310,4820362,4600417,0,0,0,0,0,0,0
1748635395870,-18750000,3823310,4875348,4563761,0,0,0,0,0,0,0
1748635395970,-18750000,3819644,4838692,4582087,0,0,0,0,0,0,0
1748635396070,-18750000,3819644,4783706,4582087,0,0,0,0,0,0,0
1748635396170,-18750000,3830640,4673733,4582087,0,0,0,0,0,0,0
1748635396270,-18750000,3823309,4637077,4582087,0,0,0,0,0,0,0
1748635396370,-18750000,3830640,4618747,4508771,0,0,0,0,0,0,0
1748635396470,-18750000,3859965,4563760,4545431,0,0,0,0,0,0,0
1748635396570,-18750000,3848968,4527104,4582087,0,0,0,0,0,0,0
1748635396670,-18750000,3845302,4582091,4545430,0,0,0,0,0,0,0
1748635396770,-18750000,3863630,4563761,4527104,0,0,0,0,0,0,0
1748635396870,-18750000,3863630,4545431,4527104,0,0,0,0,0,0,0
1748635396970,-18750000,3852634,4582087,4545434,0,0,0,0,0,0,0
1748635397070,-18750000,3856300,4655403,4582090,0,0,0,0,0,0,0
1748635397170,-18750000,3837971,4838688,4582090,0,0,0,0,0,0,0
1748635397270,-18750000,3863631,4857014,4582090,0,0,0,0,0,0,0
1748635397370,-18750000,3856300,4838684,4600420,0,0,0,0,0,0,0
1748635397470,-18750000,3845303,4912001,4600420,0,0,0,0,0,0,0
1748635397570,-18750000,3863632,4912001,4618747,0,0,0,0,0,0,0
1748635397670,-18750000,3859967,5003643,4582091,0,0,0,0,0,0,0
1748635397770,-18750000,3859967,5095286,4655403,0,0,0,0,0,0,0
1748635397870,-18750000,3867298,5131946,4655403,0,0,0,0,0,0,0
1748635397970,-18750000,3885626,5150276,4655403,0,0,0,0,0,0,0
1748635398070,-18750000,3878294,5131946,4582091,0,0,0,0,0,0,0
1748635398170,-18750000,3896623,4985317,4545434,0,0,0,0,0,0,0
1748635398270,-18750000,3881960,5040303,4563764,0,0,0,0,0,0,0
1748635398370,-18750000,3892957,4948664,4600421,0,0,0,0,0,0,0
1748635398470,-18750000,3903953,4930334,4545434,0,0,0,0,0,0,0
1748635398570,-18750000,3903953,4838692,4490452,0,0,0,0,0,0,0
1748635398670,-18750000,3914950,4618751,4508778,0,0,0,0,0,0,0
1748635398770,-18750000,3889290,4582094,4508778,0,0,0,0,0,0,0
1748635398870,-18750000,3881959,4527108,4563764,0,0,0,0,0,0,0
1748635398970,-18750000,3885625,4508778,4563764,0,0,0,0,0,0,0
1748635399070,-18750000,3892956,4508778,4618751,0,0,0,0,0,0,0
1748635399170,-18750000,3900287,4490452,4618751,0,0,0,0,0,0,0
1748635399270,-18750000,3911285,4380483,4673737,0,0,0,0,0,0,0
1748635399370,-18750000,3896622,4508782,4600424,0,0,0,0,0,0,0
1748635399470,-18750000,3903954,4490452,4563768,0,0,0,0,0,0,0
1748635399570,-18750000,3889292,4508778,4618751,0,0,0,0,0,0,0
1748635399670,-18750000,3885626,4527108,4655407,0,0,0,0,0,0,0
1748635399770,-18750000,3907621,4545438,4655407,0,0,0,0,0,0,0
1748635399870,-18750000,3918618,4472126,4600421,0,0,0,0,0,0,0
1748635399970,-18750000,3914952,4545442,4600421,0,0,0,0,0,0,0
1748635400070,-18750000,3933281,4563772,4508778,0,0,0,0,0,0,0
1748635400170,-18750000,3929615,4655414,4545434,0,0,0,0,0,0,0
1748635400270,-18750000,3918618,4747057,4453792,0,0,0,0,0,0,0
1748635400370,-18750000,3940612,4710397,4508774,0,0,0,0,0,0,0
1748635400470,-18750000,3933280,4692071,4545431,0,0,0,0,0,0,0
1748635400570,-18750000,3962606,4673744,4508774,0,0,0,0,0,0,0
1748635400670,-18750000,3962606,4838699,4508774,0,0,0,0,0,0,0
1748635400770,-18750000,3951608,4783713,4435462,0,0,0,0,0,0,0
1748635400870,-18750000,3947942,4893682,4380479,0,0,0,0,0,0,0
1748635400970,-18750000,3944277,4875352,4435466,0,0,0,0,0,0,0
1748635401070,-18750000,3936945,4857022,4453792,0,0,0,0,0,0,0
1748635401170,-18750000,3933279,4893678,4490452,0,0,0,0,0,0,0
1748635401270,-18750000,3929614,4875348,4545434,0,0,0,0,0,0,0
1748635401370,-18750000,3911285,4948664,4545434,0,0,0,0,0,0,0
1748635401470,-18750000,3889292,5003651,4545434,0,0,0,0,0,0,0
1748635401570,-18750000,3881960,5040307,4545434,0,0,0,0,0,0,0
1748635401670,-18750000,3881960,4948664,4563764,0,0,0,0,0,0,0
1748635401770,-18750000,3874628,4857022,4563764,0,0,0,0,0,0,0
1748635401870,-18750000,3867297,4838692,4655403,0,0,0,0,0,0,0
1748635401970,-18750000,3878294,4820366,4563761,0,0,0,0,0,0,0
1748635402070,-18750000,3878294,4728723,4563761,0,0,0,0,0,0,0
1748635402170,-18750000,3867298,4692067,4527101,0,0,0,0,0,0,0
1748635402270,-18750000,3878294,4728723,4490444,0,0,0,0,0,0,0
1748635402370,-18750000,3889292,4673737,4508774,0,0,0,0,0,0,0
1748635402470,-18750000,3903954,4673737,4472118,0,0,0,0,0,0,0
1748635402570,-18750000,3900289,4802036,4508774,0,0,0,0,0,0,0
1748635402670,-18750000,3918617,4820362,4508774,0,0,0,0,0,0,0
1748635402770,-18750000,3922282,4912004,4563757,0,0,0,0,0,0,0
1748635402870,-18750000,3933280,4930334,4453788,0,0,0,0,0,0,0
1748635402970,-18750000,3911285,4893674,4288829,0,0,0,0,0,0,0
1748635403070,-18750000,3903954,4985317,4105544,0,0,0,0,0,0,0
1748635403170,-18750000,3907619,4930331,3848947,0,0,0,0,0,0,0
1748635403270,-18750000,3867297,4875344,3592349,0,0,0,0,0,0,0
1748635403370,-18750000,3826974,4893674,3280766,0,0,0,0,0,0,0
1748635403470,-18750000,3797649,4820358,2969182,0,0,0,0,0,0,0
1748635403570,-18750000,3753661,4618747,2639272,0,0,0,0,0,0,0
1748635403670,-18750000,3680347,4508778,2254375,0,0,0,0,0,0,0
1748635403770,-18750000,3636359,4472122,1887809,0,0,0,0,0,0,0
1748635403870,-18750000,3555713,4362153,1722854,0,0,0,0,0,0,0
1748635403970,-18750000,3489731,4307171,1814497,0,0,0,0,0,0,0
1748635404070,-18750000,3438412,4252184,1942799,0,0,0,0,0,0,0
1748635404170,-18750000,3372430,4215528,2071098,0,0,0,0,0,0,0
1748635404270,-18750000,3321110,4087229,2254383,0,0,0,0,0,0,0
1748635404370,-18750000,3269791,4013913,2364355,0,0,0,0,0,0,0
1748635404470,-18750000,3218471,3977257,2657609,0,0,0,0,0,0,0
1748635404570,-18750000,3189145,3958927,2895880,0,0,0,0,0,0,0
1748635404670,-18750000,3152488,3940597,3207464,0,0,0,0,0,0,0
1748635404770,-18750000,3104834,3922267,3482392,0,0,0,0,0,0,0
1748635404870,-18750000,3093837,3903937,3629017,0,0,0,0,0,0,0
1748635404970,-18750000,3090171,3867280,3684003,0,0,0,0,0,0,0
1748635405070,-18750000,3071843,3793968,3684003,0,0,0,0,0,0,0
1748635405170,-18750000,3071843,3793968,3738989,0,0,0,0,0,0,0
1748635405270,-18750000,3079174,3830628,3720659,0,0,0,0,0,0,0
1748635405370,-18750000,3086505,3830628,3738986,0,0,0,0,0,0,0
1748635405470,-18750000,3075509,3830628,3647343,0,0,0,0,0,0,0
1748635405570,-18750000,3079175,3903940,3683999,0,0,0,0,0,0,0
1748635405670,-18750000,3090172,3940600,3629013,0,0,0,0,0,0,0
1748635405770,-18750000,3108500,3922274,3629013,0,0,0,0,0,0,0
1748635405870,-18750000,3108500,3977260,3683999,0,0,0,0,0,0,0
1748635405970,-18750000,3112166,4105559,3738986,0,0,0,0,0,0,0
1748635406070,-18750000,3101169,4160546,3702326,0,0,0,0,0,0,0
1748635406170,-18750000,3086506,4142216,3738982,0,0,0,0,0,0,0
1748635406270,-18750000,3086506,4142216,3812298,0,0,0,0,0,0,0
1748635406370,-18750000,3086506,4123889,3867284,0,0,0,0,0,0,0
1748635406470,-18750000,3097502,4105563,3903940,0,0,0,0,0,0,0
1748635406570,-18750000,3075508,3995594,3848954,0,0,0,0,0,0,0
1748635406670,-18750000,3079174,4032251,3848954,0,0,0,0,0,0,0
1748635406770,-18750000,3060845,4032251,3775638,0,0,0,0,0,0,0
1748635406870,-18750000,3060845,4032251,3738982,0,0,0,0,0,0,0
1748635406970,-18750000,3064511,3958934,3647339,0,0,0,0,0,0,0
1748635407070,-18750000,3068177,3940604,3702325,0,0,0,0,0,0,0
1748635407170,-18750000,3090171,3977261,3610683,0,0,0,0,0,0,0
1748635407270,-18750000,3093837,3940601,3610683,0,0,0,0,0,0,0
1748635407370,-18750000,3090172,3940601,3647339,0,0,0,0,0,0,0
1748635407470,-18750000,3093838,3995583,3720656,0,0,0,0,0,0,0
1748635407570,-18750000,3101169,4087226,3757312,0,0,0,0,0,0,0
1748635407670,-18750000,3090172,3995583,3738982,0,0,0,0,0,0,0
1748635407770,-18750000,3104834,4013909,3830624,0,0,0,0,0,0,0
1748635407870,-18750000,3104834,3903937,3848954,0,0,0,0,0,0,0
1748635407970,-18750000,3108500,3903937,3885611,0,0,0,0,0,0,0
1748635408070,-18750000,3115832,3885611,3885611,0,0,0,0,0,0,0
1748635408170,-18750000,3123163,3793968,3903941,0,0,0,0,0,0,0
1748635408270,-18750000,3123163,3830628,3885611,0,0,0,0,0,0,0
1748635408370,-18750000,3137825,3757312,3885611,0,0,0,0,0,0,0
1748635408470,-18750000,3152488,3702329,3848954,0,0,0,0,0,0,0
1748635408570,-18750000,3159820,3665673,3812298,0,0,0,0,0,0,0
1748635408670,-18750000,3170817,3720659,3830628,0,0,0,0,0,0,0
1748635408770,-18750000,3178148,3757315,3812302,0,0,0,0,0,0,0
1748635408870,-18750000,3185480,3885614,3830628,0,0,0,0,0,0,0
1748635408970,-18750000,3167152,3885614,3812302,0,0,0,0,0,0,0
1748635409070,-18750000,3159821,3885614,3812302,0,0,0,0,0,0,0
1748635409170,-18750000,3159821,3958930,3867288,0,0,0,0,0,0,0
1748635409270,-18750000,3174483,3922270,3867288,0,0,0,0,0,0,0
1748635409370,-18750000,3159821,3922270,3903944,0,0,0,0,0,0,0
1748635409470,-18750000,3152489,3830628,3940601,0,0,0,0,0,0,0
1748635409570,-18750000,3159821,3867284,3977257,0,0,0,0,0,0,0
1748635409670,-18750000,3163486,3848954,3995587,0,0,0,0,0,0,0
1748635409770,-18750000,3152489,3793972,4013913,0,0,0,0,0,0,0
1748635409870,-18750000,3156154,3720659,4013913,0,0,0,0,0,0,0
1748635409970,-18750000,3174482,3702333,4013913,0,0,0,0,0,0,0
1748635410070,-18750000,3178148,3757315,3977257,0,0,0,0,0,0,0
1748635410170,-18750000,3174482,3775642,3958927,0,0,0,0,0,0,0
1748635410270,-18750000,3181813,3830628,3977257,0,0,0,0,0,0,0
1748635410370,-18750000,3207473,3793972,3940601,0,0,0,0,0,0,0
1748635410470,-18750000,3211139,3903941,3922271,0,0,0,0,0,0,0
1748635410570,-18750000,3211139,3867284,3922271,0,0,0,0,0,0,0
1748635410670,-18750000,3200142,3830628,3903941,0,0,0,0,0,0,0
1748635410770,-18750000,3211139,3848954,3885614,0,0,0,0,0,0,0
1748635410870,-18750000,3229468,3903941,3885614,0,0,0,0,0,0,0
1748635410970,-18750000,3251462,3940597,3885614,0,0,0,0,0,0,0
1748635411070,-18750000,3258793,3922271,3885614,0,0,0,0,0,0,0
1748635411170,-18750000,3247796,3903944,3903944,0,0,0,0,0,0,0
1748635411270,-18750000,3222137,3848958,3903944,0,0,0,0,0,0,0
1748635411370,-18750000,3236799,3958931,3885618,0,0,0,0,0,0,0
1748635411470,-18750000,3222136,4013917,3885618,0,0,0,0,0,0,0
1748635411570,-18750000,3207473,4050573,3903948,0,0,0,0,0,0,0
1748635411670,-18750000,3211139,4068899,3958934,0,0,0,0,0,0,0
1748635411770,-18750000,3229467,4068899,3940604,0,0,0,0,0,0,0
1748635411870,-18750000,3214805,4050569,3940604,0,0,0,0,0,0,0
1748635411970,-18750000,3196476,4013913,3940604,0,0,0,0,0,0,0
1748635412070,-18750000,3189145,3977257,3995591,0,0,0,0,0,0,0
1748635412170,-18750000,3178148,3903941,3958934,0,0,0,0,0,0,0
1748635412270,-18750000,3192810,3995583,3922278,0,0,0,0,0,0,0
1748635412370,-18750000,3174482,3995583,3977261,0,0,0,0,0,0,0
1748635412470,-18750000,3203807,4032239,3958934,0,0,0,0,0,0,0
1748635412570,-18750000,3229468,4013909,3922278,0,0,0,0,0,0,0
1748635412670,-18750000,3236799,4178868,3903948,0,0,0,0,0,0,0
1748635412770,-18750000,3214805,4215524,3958934,0,0,0,0,0,0,0
1748635412870,-18750000,3225803,4215524,3995590,0,0,0,0,0,0,0
1748635412970,-18750000,3236800,4233851,4013917,0,0,0,0,0,0,0
1748635413070,-18750000,3255128,4288833,4068899,0,0,0,0,0,0,0
1748635413170,-18750000,3273457,4233851,4105556,0,0,0,0,0,0,0
1748635413270,-18750000,3273457,4252181,4105556,0,0,0,0,0,0,0
1748635413370,-18750000,3280789,4270507,4013913,0,0,0,0,0,0,0
1748635413470,-18750000,3273458,4142208,4032239,0,0,0,0,0,0,0
1748635413570,-18750000,3262460,4123882,4032239,0,0,0,0,0,0,0
1748635413670,-18750000,3288120,3995583,4032239,0,0,0,0,0,0,0
1748635413770,-18750000,3302783,3977257,4013909,0,0,0,0,0,0,0
1748635413870,-18750000,3291785,4032243,3940597,0,0,0,0,0,0,0
1748635413970,-18750000,3291785,3977260,3958927,0,0,0,0,0,0,0
1748635414070,-18750000,3284453,3977260,3848958,0,0,0,0,0,0,0
1748635414170,-18750000,3288119,4178872,3867284,0,0,0,0,0,0,0
1748635414270,-18750000,3291785,4160542,3848954,0,0,0,0,0,0,0
1748635414370,-18750000,3273456,4178872,3958927,0,0,0,0,0,0,0
1748635414470,-18750000,3262459,4215528,3940600,0,0,0,0,0,0,0
1748635414570,-18750000,3266124,4215528,3977257,0,0,0,0,0,0,0
1748635414670,-18750000,3236799,4197198,3977257,0,0,0,0,0,0,0
1748635414770,-18750000,3229468,4178868,3995587,0,0,0,0,0,0,0
1748635414870,-18750000,3233133,4215524,4105556,0,0,0,0,0,0,0
1748635414970,-18750000,3229468,4197194,4105556,0,0,0,0,0,0,0
1748635415070,-18750000,3222137,4215524,4142212,0,0,0,0,0,0,0
1748635415170,-18750000,3229469,4197194,4123886,0,0,0,0,0,0,0
1748635415270,-18750000,3244131,4215524,4123886,0,0,0,0,0,0,0
1748635415370,-18750000,3262460,4178868,4105556,0,0,0,0,0,0,0
1748635415470,-18750000,3273457,4233854,4105556,0,0,0,0,0,0,0
1748635415570,-18750000,3266126,4252181,4087226,0,0,0,0,0,0,0
1748635415670,-18750000,3291785,4233851,4105556,0,0,0,0,0,0,0
1748635415770,-18750000,3302783,4252181,4087226,0,0,0,0,0,0,0
1748635415870,-18750000,3317446,4160538,4013913,0,0,0,0,0,0,0
1748635415970,-18750000,3306449,4215524,4013913,0,0,0,0,0,0,0
1748635416070,-18750000,3313780,4123882,4050569,0,0,0,0,0,0,0
1748635416170,-18750000,3291785,4105556,4050569,0,0,0,0,0,0,0
1748635416270,-18750000,3273457,4068899,4087226,0,0,0,0,0,0,0
1748635416370,-18750000,3262460,4050569,4087226,0,0,0,0,0,0,0
1748635416470,-18750000,3269791,3903941,4087226,0,0,0,0,0,0,0
1748635416570,-18750000,3284454,3885614,4068899,0,0,0,0,0,0,0
1748635416670,-18750000,3266126,3922274,4123882,0,0,0,0,0,0,0
1748635416770,-18750000,3273457,3995587,4105556,0,0,0,0,0,0,0
1748635416870,-18750000,3277122,4050573,4123886,0,0,0,0,0,0,0
1748635416970,-18750000,3288119,4087229,4068899,0,0,0,0,0,0,0
1748635417070,-18750000,3295451,4215528,4032243,0,0,0,0,0,0,0
1748635417170,-18750000,3295451,4215528,4013913,0,0,0,0,0,0,0
1748635417270,-18750000,3313780,4123886,4050569,0,0,0,0,0,0,0
1748635417370,-18750000,3317446,4105559,4032243,0,0,0,0,0,0,0
1748635417470,-18750000,3317446,4197202,4068899,0,0,0,0,0,0,0
1748635417570,-18750000,3324777,4252184,4123882,0,0,0,0,0,0,0
1748635417670,-18750000,3332108,4288841,4032243,0,0,0,0,0,0,0
1748635417770,-18750000,3332108,4270511,4032243,0,0,0,0,0,0,0
1748635417870,-18750000,3335774,4233854,4050569,0,0,0,0,0,0,0
1748635417970,-18750000,3335774,4233854,4068899,0,0,0,0,0,0,0
1748635418070,-18750000,3332108,4197194,4068899,0,0,0,0,0,0,0
1748635418170,-18750000,3332108,4252177,4068899,0,0,0,0,0,0,0
1748635418270,-18750000,3335774,4288833,3995587,0,0,0,0,0,0,0
1748635418370,-18750000,3350438,4380472,3995587,0,0,0,0,0,0,0
1748635418470,-18750000,3354103,4380472,3995587,0,0,0,0,0,0,0
1748635418570,-18750000,3346772,4380476,3995587,0,0,0,0,0,0,0
1748635418670,-18750000,3346772,4380476,4068899,0,0,0,0,0,0,0
1748635418770,-18750000,3357769,4362149,4087226,0,0,0,0,0,0,0
1748635418870,-18750000,3354103,4362149,4032243,0,0,0,0,0,0,0
1748635418970,-18750000,3324777,4362149,4032243,0,0,0,0,0,0,0
1748635419070,-18750000,3328442,4178868,4178868,0,0,0,0,0,0,0
1748635419170,-18750000,3343105,4178868,4178868,0,0,0,0,0,0,0
1748635419270,-18750000,3332107,4178868,4252184,0,0,0,0,0,0,0
1748635419370,-18750000,3346770,4178868,4215528,0,0,0,0,0,0,0
1748635419470,-18750000,3346770,4160542,4215528,0,0,0,0,0,0,0
1748635419570,-18750000,3332107,4215524,4197198,0,0,0,0,0,0,0
1748635419670,-18750000,3328441,4142212,4197198,0,0,0,0,0,0,0
1748635419770,-18750000,3328441,4087225,4178868,0,0,0,0,0,0,0
1748635419870,-18750000,3339439,4087225,4178868,0,0,0,0,0,0,0
1748635419970,-18750000,3361433,4087225,4123882,0,0,0,0,0,0,0
1748635420070,-18750000,3361433,4142212,4123882,0,0,0,0,0,0,0
1748635420170,-18750000,3335773,4068896,4068899,0,0,0,0,0,0,0
1748635420270,-18750000,3350436,3958927,4050569,0,0,0,0,0,0,0
1748635420370,-18750000,3335773,3922270,4050569,0,0,0,0,0,0,0
1748635420470,-18750000,3332108,3885614,4087226,0,0,0,0,0,0,0
1748635420570,-18750000,3350437,3867288,4087226,0,0,0,0,0,0,0
1748635420670,-18750000,3365099,3903944,4068899,0,0,0,0,0,0,0
1748635420770,-18750000,3357768,3867288,3977257,0,0,0,0,0,0,0
1748635420870,-18750000,3332108,3848958,3977257,0,0,0,0,0,0,0
1748635420970,-18750000,3332108,3885614,4032243,0,0,0,0,0,0,0
1748635421070,-18750000,3332108,3903944,4105556,0,0,0,0,0,0,0
1748635421170,-18750000,3346772,4013917,4032243,0,0,0,0,0,0,0
1748635421270,-18750000,3343106,4087229,4032243,0,0,0,0,0,0,0
1748635421370,-18750000,3346772,4087229,3995587,0,0,0,0,0,0,0
1748635421470,-18750000,3357768,4142212,4013913,0,0,0,0,0,0,0
1748635421570,-18750000,3354102,4233854,3958930,0,0,0,0,0,0,0
1748635421670,-18750000,3357768,4270511,4013913,0,0,0,0,0,0,0
1748635421770,-18750000,3372431,4362153,4050573,0,0,0,0,0,0,0
1748635421870,-18750000,3379762,4380483,4068903,0,0,0,0,0,0,0
1748635421970,-18750000,3376096,4417139,4013917,0,0,0,0,0,0,0
1748635422070,-18750000,3376096,4380483,3977261,0,0,0,0,0,0,0
1748635422170,-18750000,3387092,4325497,4013917,0,0,0,0,0,0,0
1748635422270,-18750000,3405420,4307171,4087229,0,0,0,0,0,0,0
1748635422370,-18750000,3405420,4417139,4123886,0,0,0,0,0,0,0
1748635422470,-18750000,3394424,4398813,4087229,0,0,0,0,0,0,0
1748635422570,-18750000,3401755,4325497,4105556,0,0,0,0,0,0,0
1748635422670,-18750000,3405420,4325497,4013917,0,0,0,0,0,0,0
1748635422770,-18750000,3390758,4362153,4087229,0,0,0,0,0,0,0
1748635422870,-18750000,3394424,4325497,4087229,0,0,0,0,0,0,0
1748635422970,-18750000,3416418,4233854,4160542,0,0,0,0,0,0,0
1748635423070,-18750000,3427415,4233854,4197198,0,0,0,0,0,0,0
1748635423170,-18750000,3427415,4252184,4252184,0,0,0,0,0,0,0
1748635423270,-18750000,3420084,4325497,4197198,0,0,0,0,0,0,0
1748635423370,-18750000,3412753,4325497,4215524,0,0,0,0,0,0,0
1748635423470,-18750000,3431081,4325497,4252181,0,0,0,0,0,0,0
1748635423570,-18750000,3412752,4362153,4233854,0,0,0,0,0,0,0
1748635423670,-18750000,3398090,4270511,4270511,0,0,0,0,0,0,0
1748635423770,-18750000,3412752,4288837,4252181,0,0,0,0,0,0,0
1748635423870,-18750000,3431080,4215521,4197194,0,0,0,0,0,0,0
1748635423970,-18750000,3394423,4325493,4197194,0,0,0,0,0,0,0
1748635424070,-18750000,3372428,4362149,4178864,0,0,0,0,0,0,0
1748635424170,-18750000,3361432,4435462,4160534,0,0,0,0,0,0,0
1748635424270,-18750000,3357767,4325493,4142208,0,0,0,0,0,0,0
1748635424370,-18750000,3390758,4307167,4123882,0,0,0,0,0,0,0
1748635424470,-18750000,3376095,4233854,4160538,0,0,0,0,0,0,0
1748635424570,-18750000,3390758,4105555,4215520,0,0,0,0,0,0,0
1748635424670,-18750000,3398090,4123885,4215520,0,0,0,0,0,0,0
1748635424770,-18750000,3409087,4123885,4233850,0,0,0,0,0,0,0
1748635424870,-18750000,3394424,4178872,4288837,0,0,0,0,0,0,0
1748635424970,-18750000,3420084,4087229,4178868,0,0,0,0,0,0,0
1748635425070,-18750000,3431081,4105555,4105555,0,0,0,0,0,0,0
1748635425170,-18750000,3438412,4105555,4050573,0,0,0,0,0,0,0
1748635425270,-18750000,3431081,4123882,4142212,0,0,0,0,0,0,0
1748635425370,-18750000,3409087,4105552,4123882,0,0,0,0,0,0,0
1748635425470,-18750000,3416419,4160534,4123882,0,0,0,0,0,0,0
1748635425570,-18750000,3434747,4252177,4105556,0,0,0,0,0,0,0
1748635425670,-18750000,3453076,4252177,4032239,0,0,0,0,0,0,0
1748635425770,-18750000,3438413,4178864,3958927,0,0,0,0,0,0,0
1748635425870,-18750000,3460407,4233850,3903940,0,0,0,0,0,0,0
1748635425970,-18750000,3445745,4288833,3922270,0,0,0,0,0,0,0
1748635426070,-18750000,3456742,4307163,4013913,0,0,0,0,0,0,0
1748635426170,-18750000,3467738,4233850,4050569,0,0,0,0,0,0,0
1748635426270,-18750000,3471404,4252180,4013913,0,0,0,0,0,0,0
1748635426370,-18750000,3471404,4252180,4050569,0,0,0,0,0,0,0
1748635426470,-18750000,3475070,4288837,4050569,0,0,0,0,0,0,0
1748635426570,-18750000,3478735,4307167,4050569,0,0,0,0,0,0,0
1748635426670,-18750000,3449410,4343823,4105555,0,0,0,0,0,0,0
1748635426770,-18750000,3453076,4417136,4123882,0,0,0,0,0,0,0
1748635426870,-18750000,3449410,4398806,4197194,0,0,0,0,0,0,0
1748635426970,-18750000,3467738,4325493,4215521,0,0,0,0,0,0,0
1748635427070,-18750000,3460406,4325493,4178864,0,0,0,0,0,0,0
1748635427170,-18750000,3467738,4398806,4197191,0,0,0,0,0,0,0
1748635427270,-18750000,3467738,4453788,4142208,0,0,0,0,0,0,0
1748635427370,-18750000,3467738,4508774,4105552,0,0,0,0,0,0,0
1748635427470,-18750000,3456741,4508774,4068896,0,0,0,0,0,0,0
1748635427570,-18750000,3445744,4508774,4032239,0,0,0,0,0,0,0
1748635427670,-18750000,3453075,4545431,4068896,0,0,0,0,0,0,0
1748635427770,-18750000,3456740,4582091,4105552,0,0,0,0,0,0,0
1748635427870,-18750000,3442078,4618747,4087226,0,0,0,0,0,0,0
1748635427970,-18750000,3442078,4655403,4123882,0,0,0,0,0,0,0
1748635428070,-18750000,3453074,4673729,4197194,0,0,0,0,0,0,0
1748635428170,-18750000,3456739,4692056,4215524,0,0,0,0,0,0,0
1748635428270,-18750000,3467737,4600417,4252181,0,0,0,0,0,0,0
1748635428370,-18750000,3478733,4582087,4307167,0,0,0,0,0,0,0
1748635428470,-18750000,3486064,4563761,4252180,0,0,0,0,0,0,0
1748635428570,-18750000,3486064,4563761,4307163,0,0,0,0,0,0,0
1748635428670,-18750000,3493396,4563761,4252180,0,0,0,0,0,0,0
1748635428770,-18750000,3489731,4472118,4252180,0,0,0,0,0,0,0
1748635428870,-18750000,3504393,4380479,4270507,0,0,0,0,0,0,0
1748635428970,-18750000,3497062,4380479,4252180,0,0,0,0,0,0,0
1748635429070,-18750000,3493397,4288840,4233850,0,0,0,0,0,0,0
1748635429170,-18750000,3482399,4288840,4215520,0,0,0,0,0,0,0
1748635429270,-18750000,3489731,4362153,4270503,0,0,0,0,0,0,0
1748635429370,-18750000,3478734,4343827,4252173,0,0,0,0,0,0,0
1748635429470,-18750000,3489731,4343827,4380472,0,0,0,0,0,0,0
1748635429571,-18750000,3486066,4343827,4362146,0,0,0,0,0,0,0
1748635429671,-18750000,3478735,4325497,4453784,0,0,0,0,0,0,0
1748635429771,-18750000,3467737,4362153,4453784,0,0,0,0,0,0,0
1748635429871,-18750000,3456740,4380479,4453784,0,0,0,0,0,0,0
1748635429971,-18750000,3460406,4417135,4472111,0,0,0,0,0,0,0
1748635430071,-18750000,3464071,4508774,4435454,0,0,0,0,0,0,0
1748635430171,-18750000,3460406,4472118,4398798,0,0,0,0,0,0,0
1748635430271,-18750000,3464072,4453788,4325486,0,0,0,0,0,0,0
1748635430371,-18750000,3482401,4417132,4252173,0,0,0,0,0,0,0
1748635430471,-18750000,3478735,4453788,4160534,0,0,0,0,0,0,0
1748635430571,-18750000,3486066,4435458,4160534,0,0,0,0,0,0,0
1748635430671,-18750000,3504394,4490444,4068895,0,0,0,0,0,0,0
1748635430771,-18750000,3515392,4527101,4105552,0,0,0,0,0,0,0
1748635430871,-18750000,3522723,4637073,4105552,0,0,0,0,0,0,0
1748635430971,-18750000,3541051,4582091,4123882,0,0,0,0,0,0,0
1748635431071,-18750000,3533720,4563764,4105556,0,0,0,0,0,0,0
1748635431171,-18750000,3541051,4545438,4142212,0,0,0,0,0,0,0
1748635431271,-18750000,3537385,4490456,4197198,0,0,0,0,0,0,0
1748635431371,-18750000,3533719,4453799,4270510,0,0,0,0,0,0,0
1748635431471,-18750000,3533719,4417143,4343823,0,0,0,0,0,0,0
1748635431571,-18750000,3526388,4398817,4325493,0,0,0,0,0,0,0
1748635431671,-18750000,3530054,4380487,4325493,0,0,0,0,0,0,0
1748635431771,-18750000,3537385,4380487,4343823,0,0,0,0,0,0,0
1748635431871,-18750000,3559379,4233858,4343823,0,0,0,0,0,0,0
1748635431971,-18750000,3544716,4288841,4325493,0,0,0,0,0,0,0
1748635432071,-18750000,3552047,4288841,4325493,0,0,0,0,0,0,0
1748635432171,-18750000,3548381,4307167,4270510,0,0,0,0,0,0,0
1748635432271,-18750000,3533719,4362149,4233854,0,0,0,0,0,0,0
1748635432371,-18750000,3511725,4435462,4233854,0,0,0,0,0,0,0
1748635432471,-18750000,3526388,4453788,4233854,0,0,0,0,0,0,0
1748635432571,-18750000,3541051,4490444,4233854,0,0,0,0,0,0,0
1748635432671,-18750000,3526388,4490444,4288837,0,0,0,0,0,0,0
1748635432771,-18750000,3526388,4343815,4252180,0,0,0,0,0,0,0
1748635432871,-18750000,3497063,4398802,4233854,0,0,0,0,0,0,0
1748635432971,-18750000,3504395,4380475,4197198,0,0,0,0,0,0,0
1748635433071,-18750000,3500729,4362145,4215524,0,0,0,0,0,0,0
1748635433171,-18750000,3504395,4288833,4215524,0,0,0,0,0,0,0
1748635433271,-18750000,3515392,4215520,4270507,0,0,0,0,0,0,0
1748635433371,-18750000,3522723,4233847,4252181,0,0,0,0,0,0,0
1748635433471,-18750000,3508060,4233847,4233851,0,0,0,0,0,0,0
1748635433571,-18750000,3497062,4215517,4307163,0,0,0,0,0,0,0
1748635433671,-18750000,3515391,4142204,4270507,0,0,0,0,0,0,0
1748635433771,-18750000,3515391,4307163,4270507,0,0,0,0,0,0,0
1748635433871,-18750000,3533719,4325489,4233851,0,0,0,0,0,0,0
1748635433971,-18750000,3537385,4233847,4307163,0,0,0,0,0,0,0
1748635434071,-18750000,3563044,4160534,4252181,0,0,0,0,0,0,0
1748635434171,-18750000,3581373,4270503,4343819,0,0,0,0,0,0,0
1748635434271,-18750000,3581373,4325489,4307163,0,0,0,0,0,0,0
1748635434371,-18750000,3596035,4252177,4362146,0,0,0,0,0,0,0
1748635434471,-18750000,3603367,4123878,4343819,0,0,0,0,0,0,0
1748635434571,-18750000,3621696,4197194,4325493,0,0,0,0,0,0,0
1748635434671,-18750000,3618030,4270507,4398806,0,0,0,0,0,0,0
1748635434771,-18750000,3632692,4178864,4362149,0,0,0,0,0,0,0
1748635434871,-18750000,3618030,4215521,4380476,0,0,0,0,0,0,0
1748635434971,-18750000,3610699,4270507,4362149,0,0,0,0,0,0,0
1748635435071,-18750000,3592370,4343819,4417132,0,0,0,0,0,0,0
1748635435171,-18750000,3566710,4325493,4362149,0,0,0,0,0,0,0
1748635435271,-18750000,3563045,4380476,4362149,0,0,0,0,0,0,0
1748635435371,-18750000,3581374,4398806,4362149,0,0,0,0,0,0,0
1748635435471,-18750000,3581374,4527104,4362149,0,0,0,0,0,0,0
1748635435571,-18750000,3577709,4490444,4307163,0,0,0,0,0,0,0
1748635435671,-18750000,3570377,4380476,4233851,0,0,0,0,0,0,0
1748635435771,-18750000,3570377,4362146,4233851,0,0,0,0,0,0,0
1748635435871,-18750000,3581374,4398806,4252181,0,0,0,0,0,0,0
1748635435971,-18750000,3588706,4527104,4252181,0,0,0,0,0,0,0
1748635436071,-18750000,3588706,4472122,4252181,0,0,0,0,0,0,0
1748635436171,-18750000,3596037,4508778,4252181,0,0,0,0,0,0,0
1748635436271,-18750000,3607034,4545438,4215524,0,0,0,0,0,0,0
1748635436371,-18750000,3588706,4582094,4160542,0,0,0,0,0,0,0
1748635436471,-18750000,3596037,4527112,4160542,0,0,0,0,0,0,0
1748635436571,-18750000,3585040,4527112,4178872,0,0,0,0,0,0,0
1748635436671,-18750000,3599702,4637081,4178872,0,0,0,0,0,0,0
1748635436771,-18750000,3577708,4692067,4178872,0,0,0,0,0,0,0
1748635436871,-18750000,3570376,4637081,4178872,0,0,0,0,0,0,0
1748635436971,-18750000,3570376,4563764,4160542,0,0,0,0,0,0,0
1748635437071,-18750000,3588705,4673733,4160542,0,0,0,0,0,0,0
1748635437171,-18750000,3596036,4618747,4215524,0,0,0,0,0,0,0
1748635437271,-18750000,3599702,4600417,4270511,0,0,0,0,0,0,0
1748635437371,-18750000,3618030,4545431,4233854,0,0,0,0,0,0,0
1748635437471,-18750000,3621695,4527101,4288837,0,0,0,0,0,0,0
1748635437571,-18750000,3647355,4508774,4307163,0,0,0,0,0,0,0
1748635437671,-18750000,3643690,4453792,4325493,0,0,0,0,0,0,0
1748635437771,-18750000,3673016,4417136,4343819,0,0,0,0,0,0,0
1748635437871,-18750000,3684013,4398806,4380475,0,0,0,0,0,0,0
1748635437971,-18750000,3684013,4417136,4380475,0,0,0,0,0,0,0
1748635438071,-18750000,3662018,4325493,4380475,0,0,0,0,0,0,0
1748635438171,-18750000,3647356,4343823,4362149,0,0,0,0,0,0,0
1748635438271,-18750000,3640025,4307167,4380475,0,0,0,0,0,0,0
1748635438371,-18750000,3640025,4362153,4380475,0,0,0,0,0,0,0
1748635438471,-18750000,3654688,4417139,4325493,0,0,0,0,0,0,0
1748635438571,-18750000,3632694,4417139,4270510,0,0,0,0,0,0,0
1748635438671,-18750000,3651023,4417139,4270510,0,0,0,0,0,0,0
1748635438771,-18750000,3636359,4508782,4197198,0,0,0,0,0,0,0
1748635438871,-18750000,3651023,4490456,4215524,0,0,0,0,0,0,0
1748635438971,-18750000,3643691,4472126,4197198,0,0,0,0,0,0,0
1748635439071,-18750000,3665686,4527112,4142216,0,0,0,0,0,0,0
1748635439171,-18750000,3684014,4508782,4068903,0,0,0,0,0,0,0
1748635439271,-18750000,3706009,4508782,4032247,0,0,0,0,0,0,0
1748635439371,-18750000,3698678,4563768,4087229,0,0,0,0,0,0,0
1748635439471,-18750000,3684014,4527112,4087229,0,0,0,0,0,0,0
1748635439571,-18750000,3687680,4545438,4142212,0,0,0,0,0,0,0
1748635439671,-18750000,3665685,4600421,4178868,0,0,0,0,0,0,0
1748635439771,-18750000,3658354,4582091,4252180,0,0,0,0,0,0,0
1748635439871,-18750000,3640025,4637073,4233854,0,0,0,0,0,0,0
1748635439971,-18750000,3662020,4582091,4270510,0,0,0,0,0,0,0
1748635440071,-18750000,3640025,4563761,4343823,0,0,0,0,0,0,0
1748635440171,-18750000,3651022,4582091,4417135,0,0,0,0,0,0,0
1748635440271,-18750000,3647356,4600417,4417135,0,0,0,0,0,0,0
1748635440371,-18750000,3647356,4527101,4362153,0,0,0,0,0,0,0
1748635440471,-18750000,3640025,4563757,4435465,0,0,0,0,0,0,0
1748635440571,-18750000,3647356,4508774,4453795,0,0,0,0,0,0,0
1748635440671,-18750000,3632694,4472118,4453795,0,0,0,0,0,0,0
1748635440771,-18750000,3647356,4362149,4508782,0,0,0,0,0,0,0
1748635440871,-18750000,3651022,4398809,4527108,0,0,0,0,0,0,0
1748635440971,-18750000,3647356,4490452,4490452,0,0,0,0,0,0,0
1748635441071,-18750000,3662019,4527108,4490452,0,0,0,0,0,0,0
1748635441171,-18750000,3647356,4508778,4453796,0,0,0,0,0,0,0
1748635441271,-18750000,3640025,4435466,4435469,0,0,0,0,0,0,0
1748635441371,-18750000,3640025,4453796,4527108,0,0,0,0,0,0,0
1748635441471,-18750000,3640025,4453796,4508778,0,0,0,0,0,0,0
1748635441571,-18750000,3629028,4490452,4490448,0,0,0,0,0,0,0
1748635441671,-18750000,3658354,4527108,4453792,0,0,0,0,0,0,0
1748635441771,-18750000,3654689,4582091,4398806,0,0,0,0,0,0,0
1748635441871,-18750000,3658355,4508774,4343823,0,0,0,0,0,0,0
1748635441971,-18750000,3658355,4472114,4343823,0,0,0,0,0,0,0
1748635442071,-18750000,3647357,4435458,4398809,0,0,0,0,0,0,0
1748635442171,-18750000,3640026,4417132,4417136,0,0,0,0,0,0,0
1748635442271,-18750000,3640026,4398805,4417136,0,0,0,0,0,0,0
1748635442371,-18750000,3651023,4380475,4362153,0,0,0,0,0,0,0
1748635442471,-18750000,3658354,4362145,4325497,0,0,0,0,0,0,0
1748635442571,-18750000,3669351,4307159,4343827,0,0,0,0,0,0,0
1748635442671,-18750000,3658354,4343819,4362153,0,0,0,0,0,0,0
1748635442771,-18750000,3662019,4343819,4398809,0,0,0,0,0,0,0
1748635442871,-18750000,3658353,4343819,4435466,0,0,0,0,0,0,0
1748635442971,-18750000,3643690,4233850,4435466,0,0,0,0,0,0,0
1748635443071,-18750000,3673016,4233850,4343823,0,0,0,0,0,0,0
1748635443171,-18750000,3706007,4233850,4307167,0,0,0,0,0,0,0
1748635443271,-18750000,3702341,4343819,4325493,0,0,0,0,0,0,0
1748635443371,-18750000,3695009,4398806,4307163,0,0,0,0,0,0,0
1748635443471,-18750000,3698675,4417136,4252181,0,0,0,0,0,0,0
1748635443571,-18750000,3695010,4472122,4215524,0,0,0,0,0,0,0
1748635443671,-18750000,3698675,4453792,4233854,0,0,0,0,0,0,0
1748635443771,-18750000,3691344,4398809,4270514,0,0,0,0,0,0,0
1748635443871,-18750000,3687679,4453796,4288841,0,0,0,0,0,0,0
1748635443971,-18750000,3706007,4582094,4343823,0,0,0,0,0,0,0
1748635444071,-18750000,3698676,4582094,4343823,0,0,0,0,0,0,0
1748635725938,-18750000,3676682,4618751,4435466,0,0,0,0,0,0,0
1748635726038,-18750000,3676682,4618751,4435466,0,0,0,0,0,0,0
1748635726138,-18750000,3676682,4618751,4435466,0,0,0,0,0,0,0
1748635726238,-18750000,3676682,4618751,4435466,0,0,0,0,0,0,0
1748635726338,-18750000,3676682,4618751,4435466,0,0,0,0,0,0,0
1748635726438,-18750000,3676682,4618751,4435466,0,0,0,0,0,0,0
1748635726538,-18750000,3676682,4618751,4435466,0,0,0,0,0,0,0
1748635726638,-18750000,3676682,4618751,4435466,0,0,0,0,0,0,0
1748635726738,-18750000,3676682,4618751,4435466,0,0,0,0,0,0,0
1748635726838,-18750000,3676682,4618751,4435466,0,0,0,0,0,0,0
1748635726938,-18750000,3676682,4618751,4435466,0,0,0,0,0,0,0
1748635727038,-18750000,3236800,4160538,3977257,0,0,0,0,0,0,0
1748635727138,-18750000,2782255,3665669,3610687,0,0,0,0,0,0,0
1748635727238,-18750000,2327709,3244113,3207461,0,0,0,0,0,0,0
1748635727338,-18750000,1891492,2859217,2767578,0,0,0,0,0,0,0
1748635727438,-18750000,1451610,2401004,2346022,0,0,0,0,0,0,0
1748635727538,-18750000,1022724,2071091,1832823,0,0,0,0,0,0,0
1748635727638,-18750000,604836,1557896,1411271,0,0,0,0,0,0,0
1748635727738,-18750000,153956,1118013,916406,0,0,0,0,0,0,0
1748635727838,-18750000,-304255,714787,494850,0,0,0,0,0,0,0
1748635727938,-18750000,-747803,329891,-18344,0,0,0,0,0,0,0
1748635728038,-18750000,-755135,348221,-18,0,0,0,0,0,0,0
1748635728138,-18750000,-747803,384877,-18344,0,0,0,0,0,0,0
1748635728238,-18750000,-744137,348221,-18,0,0,0,0,0,0,0
1748635728338,-18750000,-751469,329891,36637,0,0,0,0,0,0,0
1748635728438,-18750000,-744137,293235,-18,0,0,0,0,0,0,0
1748635728538,-18750000,-740472,201592,36637,0,0,0,0,0,0,0
1748635728638,-18750000,-740472,201592,36637,0,0,0,0,0,0,0
1748635728738,-18750000,-740472,201592,36637,0,0,0,0,0,0,0
1748635728838,-18750000,-740472,201592,36637,0,0,0,0,0,0,0
1748635728938,-18750000,-740472,201592,36637,0,0,0,0,0,0,0
1748635729038,-18750000,-740472,201592,36637,0,0,0,0,0,0,0
1748635729138,-18750000,-740472,201592,36637,0,0,0,0,0,0,0
1748635729238,-18750000,-740472,201592,36637,0,0,0,0,0,0,0
1748635729338,-18750000,-740472,201592,36637,0,0,0,0,0,0,0
1748635729438,-18750000,-740472,201592,36637,0,0,0,0,0,0,0
1748635729538,-18750000,-740472,201592,36637,0,0,0,0,0,0,0
1748635729638,-18750000,-751469,146606,18307,0,0,0,0,0,0,0
1748635729738,-18750000,-740472,91623,-18,0,0,0,0,0,0,0
1748635729838,-18750000,-722144,-18,36637,0,0,0,0,0,0,0
1748635729938,-18750000,-700150,-18348,-18,0,0,0,0,0,0,0
1748635730038,-18750000,-689153,-18,18307,0,0,0,0,0,0,0
1748635730138,-18750000,-696484,-18344,-18,0,0,0,0,0,0,0
1748635730238,-18750000,-678155,-55001,-18,0,0,0,0,0,0,0
1748635730338,-18750000,-696484,-55001,36637,0,0,0,0,0,0,0
1748635730438,-18750000,-714812,-18344,-18345,0,0,0,0,0,0,0
1748635730538,-18750000,-711146,36641,-15,0,0,0,0,0,0,0
1748635730638,-18750000,-718478,109953,-18345,0,0,0,0,0,0,0
1748635730738,-18750000,-725809,128280,18311,0,0,0,0,0,0,0
1748635730838,-18750000,-722144,164936,-18,0,0,0,0,0,0,0
1748635730938,-18750000,-733140,73293,73293,0,0,0,0,0,0,0
1748635731038,-18750000,-747803,73293,54967,0,0,0,0,0,0,0
1748635731138,-18750000,-736806,54963,73293,0,0,0,0,0,0,0
1748635731238,-18750000,-747803,91620,54963,0,0,0,0,0,0,0
1748635731338,-18750000,-740471,91620,54963,0,0,0,0,0,0,0
1748635731438,-18750000,-729474,36633,73290,0,0,0,0,0,0,0
1748635731538,-18750000,-722143,-36678,54960,0,0,0,0,0,0,0
1748635731638,-18750000,-722143,-73335,54960,0,0,0,0,0,0,0
1748635731738,-18750000,-729474,-36678,18304,0,0,0,0,0,0,0
1748635731838,-18750000,-736805,-73335,18304,0,0,0,0,0,0,0
1748635731938,-18750000,-740471,-18,18304,0,0,0,0,0,0,0
1748635732038,-18750000,-736805,-18348,-25,0,0,0,0,0,0,0
1748635732138,-18750000,-729474,-18,-36682,0,0,0,0,0,0,0
1748635732238,-18750000,-736805,-55005,-91668,0,0,0,0,0,0,0
1748635732338,-18750000,-747803,-55005,-146651,0,0,0,0,0,0,0
1748635732438,-18750000,-736805,109953,-164977,0,0,0,0,0,0,0
1748635732538,-18750000,-733140,183266,-146647,0,0,0,0,0,0,0
1748635732638,-18750000,-740472,109950,-164973,0,0,0,0,0,0,0
1748635732738,-18750000,-729475,109950,-146647,0,0,0,0,0,0,0
1748635732838,-18750000,-718478,109950,-146647,0,0,0,0,0,0,0
1748635732938,-18750000,-722144,73293,-164973,0,0,0,0,0,0,0
1748635733038,-18750000,-718478,91623,-183300,0,0,0,0,0,0,0
1748635733138,-18750000,-718478,146606,-183300,0,0,0,0,0,0,0
1748635733238,-18750000,-703815,164936,-146640,0,0,0,0,0,0,0
1748635733338,-18750000,-692818,183266,-91657,0,0,0,0,0,0,0
1748635733438,-18750000,-711146,128279,-128317,0,0,0,0,0,0,0
1748635733538,-18750000,-711146,109949,-183303,0,0,0,0,0,0,0
1748635733638,-18750000,-714811,146609,-183303,0,0,0,0,0,0,0
1748635733738,-18750000,-714811,109953,-201630,0,0,0,0,0,0,0
1748635733838,-18750000,-736805,146609,-256616,0,0,0,0,0,0,0
1748635733938,-18750000,-718476,146609,-311602,0,0,0,0,0,0,0
1748635734038,-18750000,-718476,146609,-293276,0,0,0,0,0,0,0
1748635734138,-18750000,-729474,36641,-256619,0,0,0,0,0,0,0
1748635734238,-18750000,-729474,18311,-293279,0,0,0,0,0,0,0
1748635734338,-18750000,-740471,-18,-384922,0,0,0,0,0,0,0
1748635734438,-18750000,-740471,-18,-366592,0,0,0,0,0,0,0
1748635734538,-18750000,-725809,-18,-403248,0,0,0,0,0,0,0
1748635734638,-18750000,-718478,73293,-403248,0,0,0,0,0,0,0
1748635734738,-18750000,-722144,73293,-403248,0,0,0,0,0,0,0
1748635734838,-18750000,-718478,18307,-348262,0,0,0,0,0,0,0
1748635734938,-18750000,-718478,18307,-348262,0,0,0,0,0,0,0
1748635735038,-18750000,-725810,91620,-366588,0,0,0,0,0,0,0
1748635735138,-18750000,-725810,73293,-348258,0,0,0,0,0,0,0
1748635735238,-18750000,-733141,73293,-348258,0,0,0,0,0,0,0
1748635735338,-18750000,-711146,91623,-256612,0,0,0,0,0,0,0
1748635735438,-18750000,-714812,91623,-256612,0,0,0,0,0,0,0
1748635735538,-18750000,-722144,-109991,-164969,0,0,0,0,0,0,0
1748635735638,-18750000,-718478,-109991,-164969,0,0,0,0,0,0,0
1748635735738,-18750000,-711147,-183303,-164969,0,0,0,0,0,0,0
1748635735838,-18750000,-714812,-201633,-238282,0,0,0,0,0,0,0
1748635735938,-18750000,-714812,-146647,-238282,0,0,0,0,0,0,0
1748635736038,-18750000,-722144,-219963,-219952,0,0,0,0,0,0,0
1748635736138,-18750000,-714812,-219963,-219952,0,0,0,0,0,0,0
1748635736238,-18750000,-725809,-256623,-201626,0,0,0,0,0,0,0
1748635736338,-18750000,-744137,-293283,-146643,0,0,0,0,0,0,0
1748635736438,-18750000,-769797,-348266,-164969,0,0,0,0,0,0,0
1748635736538,-18750000,-762466,-183307,-201626,0,0,0,0,0,0,0
1748635736638,-18750000,-773462,-183307,-201626,0,0,0,0,0,0,0
1748635736738,-18750000,-766131,-219963,-146643,0,0,0,0,0,0,0
1748635736838,-18750000,-769797,-256619,-146643,0,0,0,0,0,0,0
1748635736938,-18750000,-762466,-219963,-55001,0,0,0,0,0,0,0
1748635737038,-18750000,-762466,-219963,-91661,0,0,0,0,0,0,0
1748635737138,-18750000,-755135,-128321,-109991,0,0,0,0,0,0,0
1748635737238,-18750000,-740471,-55005,-164973,0,0,0,0,0,0,0
1748635737338,-18750000,-722143,-18345,-164973,0,0,0,0,0,0,0
1748635737438,-18750000,-707480,36637,-109991,0,0,0,0,0,0,0
1748635737538,-18750000,-725808,-22,-109991,0,0,0,0,0,0,0
1748635737638,-18750000,-722143,-22,-73335,0,0,0,0,0,0,0
1748635737738,-18750000,-733139,54963,-109991,0,0,0,0,0,0,0
1748635737838,-18750000,-725808,201592,-91664,0,0,0,0,0,0,0
1748635737938,-18750000,-718477,146609,-55008,0,0,0,0,0,0,0
1748635738038,-18750000,-703814,73293,-36678,0,0,0,0,0,0,0
1748635738138,-18750000,-692818,18311,-22,0,0,0,0,0,0,0
1748635738238,-18750000,-681821,36637,-22,0,0,0,0,0,0,0
1748635738338,-18750000,-689153,73293,-22,0,0,0,0,0,0,0
1748635738438,-18750000,-685487,91623,-91664,0,0,0,0,0,0,0
1748635738538,-18750000,-667159,109953,-18352,0,0,0,0,0,0,0
1748635738638,-18750000,-656162,109953,-36678,0,0,0,0,0,0,0
1748635738738,-18750000,-652496,164936,-36678,0,0,0,0,0,0,0
1748635738838,-18750000,-648830,109950,-91664,0,0,0,0,0,0,0
1748635738938,-18750000,-663493,73290,-164977,0,0,0,0,0,0,0
1748635739038,-18750000,-689153,54963,-146647,0,0,0,0,0,0,0
1748635739138,-18750000,-707480,18303,-164973,0,0,0,0,0,0,0
1748635739238,-18750000,-729474,18303,-146647,0,0,0,0,0,0,0
1748635739338,-18750000,-733140,-55012,-109991,0,0,0,0,0,0,0
1748635739438,-18750000,-729474,-36682,-18348,0,0,0,0,0,0,0
1748635739538,-18750000,-747803,-91668,-146647,0,0,0,0,0,0,0
1748635739638,-18750000,-766131,-55012,-201633,0,0,0,0,0,0,0
1748635739738,-18750000,-755134,-91668,-164977,0,0,0,0,0,0,0
1748635739838,-18750000,-777128,-164981,-128317,0,0,0,0,0,0,0
1748635739938,-18750000,-773463,-109994,-128317,0,0,0,0,0,0,0
1748635740038,-18750000,-758800,-18352,-183303,0,0,0,0,0,0,0
1748635740138,-18750000,-769797,18307,-183303,0,0,0,0,0,0,0
1748635740238,-18750000,-766132,54967,-219959,0,0,0,0,0,0,0
1748635740338,-18750000,-755135,91627,-238286,0,0,0,0,0,0,0
1748635740438,-18750000,-766132,18311,-293268,0,0,0,0,0,0,0
1748635740538,-18750000,-755135,-55001,-219956,0,0,0,0,0,0,0
1748635740638,-18750000,-758801,-91657,-146643,0,0,0,0,0,0,0
1748635740738,-18750000,-766132,-73327,-201626,0,0,0,0,0,0,0
1748635740838,-18750000,-733141,18315,-219956,0,0,0,0,0,0,0
1748635740938,-18750000,-736806,-11,-164973,0,0,0,0,0,0,0
1748635741038,-18750000,-755135,-18341,-109987,0,0,0,0,0,0,0
1748635741138,-18750000,-740472,-14,-109987,0,0,0,0,0,0,0
1748635741238,-18750000,-722144,-36674,-109987,0,0,0,0,0,0,0
1748635741338,-18750000,-740472,-18348,-146643,0,0,0,0,0,0,0
1748635741438,-18750000,-740472,18307,-128317,0,0,0,0,0,0,0
1748635741538,-18750000,-729475,128276,-73331,0,0,0,0,0,0,0
1748635741638,-18750000,-736806,128276,-55001,0,0,0,0,0,0,0
1748635741738,-18750000,-740472,109946,-36674,0,0,0,0,0,0,0
1748635741838,-18750000,-755135,18304,-18344,0,0,0,0,0,0,0
1748635741938,-18750000,-747803,91616,-55001,0,0,0,0,0,0,0
1748635742038,-18750000,-740472,91616,-91661,0,0,0,0,0,0,0
1748635742138,-18750000,-740472,109946,-55004,0,0,0,0,0,0,0
1748635742238,-18750000,-740472,54963,-18348,0,0,0,0,0,0,0
1748635742338,-18750000,-740472,91620,-18348,0,0,0,0,0,0,0
1748635742438,-18750000,-725809,36637,-18,0,0,0,0,0,0,0
1748635742538,-18750000,-740472,-18344,-55005,0,0,0,0,0,0,0
1748635742638,-18750000,-707481,73297,-128321,0,0,0,0,0,0,0
1748635742738,-18750000,-707481,128283,-164977,0,0,0,0,0,0,0
1748635742838,-18750000,-722143,201596,-146651,0,0,0,0,0,0,0
1748635742938,-18750000,-700150,219926,-128321,0,0,0,0,0,0,0
1748635743038,-18750000,-656162,256582,-73335,0,0,0,0,0,0,0
1748635743138,-18750000,-634167,238252,-55008,0,0,0,0,0,0,0
1748635743238,-18750000,-619504,366551,73290,0,0,0,0,0,0,0
1748635743338,-18750000,-498536,458193,348213,0,0,0,0,0,0,0
1748635743438,-18750000,-340912,696461,678123,0,0,0,0,0,0,0
1748635743538,-18750000,-109974,953058,1099679,0,0,0,0,0,0,0
1748635743638,-18750000,157620,1136343,1594548,0,0,0,0,0,0,0
1748635743738,-18750000,487533,1447927,2217716,0,0,0,0,0,0,0
1748635743838,-18750000,865098,1869479,2804227,0,0,0,0,0,0,0
1748635743938,-18750000,1242665,2236046,3445721,0,0,0,0,0,0,0
1748635744038,-18750000,1653221,2657602,4032232,0,0,0,0,0,0,0
1748635744138,-18750000,2111432,3134141,4655399,0,0,0,0,0,0,0
1748635744238,-18750000,2584306,3519037,5150268,0,0,0,0,0,0,0
1748635744338,-18750000,3009526,3977249,5663467,0,0,0,0,0,0,0
1748635744438,-18750000,3379761,4325489,6030037,0,0,0,0,0,0,0
1748635744538,-18750000,3713339,4673729,6396603,0,0,0,0,0,0,0
1748635744638,-18750000,4024923,4985313,6744843,0,0,0,0,0,0,0
1748635744738,-18750000,4303515,5260241,6946454,0,0,0,0,0,0,0
1748635744838,-18750000,4556447,5443526,7184726,0,0,0,0,0,0,0
1748635744938,-18750000,4794717,5700123,7294698,0,0,0,0,0,0,0
1748635745038,-18750000,4988998,5901734,7551296,0,0,0,0,0,0,0
1748635745138,-18750000,5146623,5993377,7697924,0,0,0,0,0,0,0
1748635745238,-18750000,5293251,6176662,7826223,0,0,0,0,0,0,0
1748635745338,-18750000,5392225,6286631,7624608,0,0,0,0,0,0,0
1748635745438,-18750000,5487533,6341617,7422997,0,0,0,0,0,0,0
1748635745538,-18750000,5557181,6378273,7203056,0,0,0,0,0,0,0
1748635745638,-18750000,5575509,6378273,6964788,0,0,0,0,0,0,0
1748635745738,-18750000,5571844,6396599,6689864,0,0,0,0,0,0,0
1748635745838,-18750000,5553516,6341617,6396607,0,0,0,0,0,0,0
1748635745938,-18750000,5502196,6249978,6140009,0,0,0,0,0,0,0
1748635746038,-18750000,5432548,6213322,5883412,0,0,0,0,0,0,0
1748635746138,-18750000,5377562,6176666,5590158,0,0,0,0,0,0,0
1748635746238,-18750000,5300582,6121679,5370217,0,0,0,0,0,0,0
1748635746338,-18750000,5245597,6011711,5333561,0,0,0,0,0,0,0
1748635746438,-18750000,5179614,5975054,5333561,0,0,0,0,0,0,0
1748635746538,-18750000,5113631,5920068,5260248,0,0,0,0,0,0,0
1748635746638,-18750000,5058646,5883412,5205262,0,0,0,0,0,0,0
1748635746738,-18750000,4978001,5663471,5205262,0,0,0,0,0,0,0
1748635746838,-18750000,4904687,5645141,5150276,0,0,0,0,0,0,0
1748635746938,-18750000,4827707,5571824,5150276,0,0,0,0,0,0,0
1748635747038,-18750000,4787385,5461856,5095289,0,0,0,0,0,0,0
1748635747138,-18750000,4714071,5443529,5058629,0,0,0,0,0,0,0
1748635747238,-18750000,4655420,5260244,4966987,0,0,0,0,0,0,0
1748635747338,-18750000,4600435,5131946,5131942,0,0,0,0,0,0,0
1748635747438,-18750000,4560113,5095289,5278567,0,0,0,0,0,0,0
1748635747538,-18750000,4545450,5113619,5406866,0,0,0,0,0,0,0
1748635747638,-18750000,4567445,5168606,5553494,0,0,0,0,0,0,0
1748635747738,-18750000,4604102,5333564,5736776,0,0,0,0,0,0,0
1748635747838,-18750000,4659087,5315234,5901734,0,0,0,0,0,0,0
1748635747938,-18750000,4732401,5425207,6066689,0,0,0,0,0,0,0
1748635748038,-18750000,4816712,5480189,6249974,0,0,0,0,0,0,0
1748635748138,-18750000,4923017,5608488,6488245,0,0,0,0,0,0,0
1748635748238,-18750000,5043984,5828429,6708187,0,0,0,0,0,0,0
1748635748338,-18750000,5146624,6030041,6598218,0,0,0,0,0,0,0
1748635748438,-18750000,5238266,6048367,6469919,0,0,0,0,0,0,0
1748635748538,-18750000,5293251,6158336,6359950,0,0,0,0,0,0,0
1748635748638,-18750000,5322576,6176662,6286634,0,0,0,0,0,0,0
1748635748738,-18750000,5344570,6194988,6103353,0,0,0,0,0,0,0
1748635748838,-18750000,5340904,6231648,6048367,0,0,0,0,0,0,0
1748635748938,-18750000,5326241,6194992,5938394,0,0,0,0,0,0,0
1748635749038,-18750000,5282252,6249978,5736783,0,0,0,0,0,0,0
1748635749138,-18750000,5219936,6176662,5553498,0,0,0,0,0,0,0
1748635749238,-18750000,5135626,6121679,5370217,0,0,0,0,0,0,0
1748635749338,-18750000,5076974,6048367,5333561,0,0,0,0,0,0,0
1748635749438,-18750000,4999995,6048367,5278574,0,0,0,0,0,0,0
1748635749538,-18750000,4919350,5920068,5223588,0,0,0,0,0,0,0
1748635749638,-18750000,4824042,5810099,5150276,0,0,0,0,0,0,0
1748635749738,-18750000,4747063,5700131,5131946,0,0,0,0,0,0,0
1748635749838,-18750000,4670084,5626814,5058633,0,0,0,0,0,0,0
1748635749938,-18750000,4582107,5645141,4966991,0,0,0,0,0,0,0
1748635750038,-18750000,4512459,5571828,4966991,0,0,0,0,0,0,0
1748635750138,-18750000,4435479,5461859,4912004,0,0,0,0,0,0,0
1748635750238,-18750000,4380494,5388543,4912004,0,0,0,0,0,0,0
1748635750338,-18750000,4307180,5370213,4948661,0,0,0,0,0,0,0
1748635750438,-18750000,4274189,5315231,5076963,0,0,0,0,0,0,0
1748635750538,-18750000,4281521,5333561,5223592,0,0,0,0,0,0,0
1748635750638,-18750000,4321844,5425203,5333565,0,0,0,0,0,0,0
1748635750738,-18750000,4373163,5461859,5480193,0,0,0,0,0,0,0
1748635750838,-18750000,4439145,5498516,5663474,0,0,0,0,0,0,0
1748635750938,-18750000,4556447,5425203,5810103,0,0,0,0,0,0,0
1748635751038,-18750000,4662752,5480189,5993384,0,0,0,0,0,0,0
1748635751138,-18750000,4776389,5590158,6268312,0,0,0,0,0,0,0
1748635751238,-18750000,4915685,5700131,6469923,0,0,0,0,0,0,0
1748635751338,-18750000,5036652,5663474,6414937,0,0,0,0,0,0,0
1748635751438,-18750000,5128295,5810099,6304964,0,0,0,0,0,0,0
1748635751538,-18750000,5190611,5791769,6213322,0,0,0,0,0,0,0
1748635751638,-18750000,5201608,5810096,6103349,0,0,0,0,0,0,0
1748635751738,-18750000,5216270,5773439,5956721,0,0,0,0,0,0,0
1748635751838,-18750000,5216270,5773439,5810096,0,0,0,0,0,0,0
1748635751938,-18750000,5168617,5828426,5681797,0,0,0,0,0,0,0
1748635752038,-18750000,5109966,5773439,5480186,0,0,0,0,0,0,0
1748635752138,-18750000,5040318,5773439,5186932,0,0,0,0,0,0,0
1748635752238,-18750000,4945010,5718453,5003647,0,0,0,0,0,0,0
1748635752338,-18750000,4846037,5773439,5076963,0,0,0,0,0,0,0
1748635752438,-18750000,4802048,5681797,5278574,0,0,0,0,0,0,0
1748635752538,-18750000,4772722,5736783,5351887,0,0,0,0,0,0,0
1748635752638,-18750000,4776388,5755113,5535172,0,0,0,0,0,0,0
1748635752738,-18750000,4787386,5846756,5736783,0,0,0,0,0,0,0
1748635752838,-18750000,4824043,5791773,5865082,0,0,0,0,0,0,0
1748635752938,-18750000,4871696,5810099,6048367,0,0,0,0,0,0,0
1748635753038,-18750000,4937678,5865086,6286638,0,0,0,0,0,0,0
1748635753138,-18750000,5040318,5938402,6469923,0,0,0,0,0,0,0
1748635753238,-18750000,5124628,6011714,6689864,0,0,0,0,0,0,0
1748635753338,-18750000,5241931,6030044,6689864,0,0,0,0,0,0,0
1748635753438,-18750000,5296915,6103361,6543239,0,0,0,0,0,0,0
1748635753538,-18750000,5329907,6121691,6506583,0,0,0,0,0,0,0
1748635753638,-18750000,5355567,6011718,6414941,0,0,0,0,0,0,0
1748635753738,-18750000,5373896,6048374,6286642,0,0,0,0,0,0,0
1748635753838,-18750000,5359233,6048374,6140013,0,0,0,0,0,0,0
1748635753938,-18750000,5351902,6011718,5993384,0,0,0,0,0,0,0
1748635754038,-18750000,5326242,6030044,5791769,0,0,0,0,0,0,0
1748635754138,-18750000,5282254,5975058,5736783,0,0,0,0,0,0,0
1748635754238,-18750000,5227269,5920076,5498516,0,0,0,0,0,0,0
1748635754338,-18750000,5161286,5956732,5406873,0,0,0,0,0,0,0
1748635754438,-18750000,5113633,5920076,5406873,0,0,0,0,0,0,0
1748635754538,-18750000,5065979,5883419,5370217,0,0,0,0,0,0,0
1748635754638,-18750000,5010993,5938406,5278574,0,0,0,0,0,0,0
1748635754738,-18750000,4978002,5846763,5205262,0,0,0,0,0,0,0
1748635754838,-18750000,4930348,5883419,5186936,0,0,0,0,0,0,0
1748635754938,-18750000,4879028,5865089,5113623,0,0,0,0,0,0,0
1748635755038,-18750000,4820378,5681804,5058637,0,0,0,0,0,0,0
1748635755138,-18750000,4747064,5626818,4966994,0,0,0,0,0,0,0
1748635755238,-18750000,4692078,5590158,4948664,0,0,0,0,0,0,0
1748635755338,-18750000,4644425,5406873,5131946,0,0,0,0,0,0,0
1748635755438,-18750000,4611433,5406873,5186932,0,0,0,0,0,0,0
1748635755538,-18750000,4604102,5425199,5278574,0,0,0,0,0,0,0
1748635755638,-18750000,4615099,5498512,5425203,0,0,0,0,0,0,0
1748635755738,-18750000,4633427,5535168,5590158,0,0,0,0,0,0,0
1748635755838,-18750000,4695744,5626811,5718457,0,0,0,0,0,0,0
1748635755938,-18750000,4758061,5626811,5956724,0,0,0,0,0,0,0
1748635756038,-18750000,4842371,5828426,6140009,0,0,0,0,0,0,0
1748635756138,-18750000,4956007,5901742,6341621,0,0,0,0,0,0,0
1748635756238,-18750000,5073310,5938402,6524906,0,0,0,0,0,0,0
1748635756338,-18750000,5172283,6176669,6414937,0,0,0,0,0,0,0
1748635756438,-18750000,5267591,6213326,6323294,0,0,0,0,0,0,0
1748635756538,-18750000,5333573,6194999,6286634,0,0,0,0,0,0,0
1748635756638,-18750000,5384893,6176673,6103349,0,0,0,0,0,0,0
1748635756738,-18750000,5392224,6286642,5975051,0,0,0,0,0,0,0
1748635756838,-18750000,5355567,6268312,5828422,0,0,0,0,0,0,0
1748635756938,-18750000,5326241,6286642,5590154,0,0,0,0,0,0,0
1748635757038,-18750000,5271256,6158343,5443529,0,0,0,0,0,0,0
1748635757138,-18750000,5201608,6140013,5241918,0,0,0,0,0,0,0
1748635757238,-18750000,5139292,6085027,5058633,0,0,0,0,0,0,0
1748635757338,-18750000,5076976,5938402,4985321,0,0,0,0,0,0,0
1748635757438,-18750000,4999996,5846759,5058633,0,0,0,0,0,0,0
1748635757538,-18750000,4937679,5773443,5003651,0,0,0,0,0,0,0
1748635757638,-18750000,4857034,5663470,5131949,0,0,0,0,0,0,0
1748635757738,-18750000,4787386,5516845,5113623,0,0,0,0,0,0,0
1748635757838,-18750000,4750729,5388547,5076967,0,0,0,0,0,0,0
1748635757938,-18750000,4699409,5333560,5150279,0,0,0,0,0,0,0
1748635758038,-18750000,4662752,5351887,5150279,0,0,0,0,0,0,0
1748635758138,-18750000,4648090,5296900,5186936,0,0,0,0,0,0,0
1748635758238,-18750000,4600435,5278570,5186936,0,0,0,0,0,0,0
1748635758338,-18750000,4563778,5223584,5168606,0,0,0,0,0,0,0
1748635758438,-18750000,4527121,5223584,5095293,0,0,0,0,0,0,0
1748635758538,-18750000,4508793,5223584,5040307,0,0,0,0,0,0,0
1748635758638,-18750000,4501462,5278570,4948664,0,0,0,0,0,0,0
1748635758738,-18750000,4483133,5241914,4930334,0,0,0,0,0,0,0
1748635758838,-18750000,4457473,5260244,5003647,0,0,0,0,0,0,0
1748635758938,-18750000,4439145,5241918,4893678,0,0,0,0,0,0,0
1748635759038,-18750000,4417150,5241918,4857018,0,0,0,0,0,0,0
1748635759138,-18750000,4384159,5278574,4802032,0,0,0,0,0,0,0
1748635759238,-18750000,4362165,5315231,4783702,0,0,0,0,0,0,0
1748635759338,-18750000,4365830,5315231,4948657,0,0,0,0,0,0,0
1748635759438,-18750000,4373162,5333557,5131938,0,0,0,0,0,0,0
1748635759538,-18750000,4387826,5315231,5333549,0,0,0,0,0,0,0
1748635759638,-18750000,4424483,5260244,5498504,0,0,0,0,0,0,0
1748635759738,-18750000,4497797,5333557,5718446,0,0,0,0,0,0,0
1748635759838,-18750000,4571111,5461856,5846744,0,0,0,0,0,0,0
1748635759938,-18750000,4651756,5553498,6158328,0,0,0,0,0,0,0
1748635760038,-18750000,4743398,5626814,6341613,0,0,0,0,0,0,0
1748635760138,-18750000,4835041,5663474,6543228,0,0,0,0,0,0,0
1748635760238,-18750000,4956008,5755117,6799829,0,0,0,0,0,0,0
1748635760338,-18750000,5047651,5828429,6744847,0,0,0,0,0,0,0
1748635760438,-18750000,5139293,5901746,6616548,0,0,0,0,0,0,0
1748635760538,-18750000,5175950,6011714,6579892,0,0,0,0,0,0,0
1748635760638,-18750000,5223604,6103357,6506579,0,0,0,0,0,0,0
1748635760738,-18750000,5238266,6158343,6414937,0,0,0,0,0,0,0
1748635760838,-18750000,5256595,6140013,6341624,0,0,0,0,0,0,0
1748635760938,-18750000,5274923,6176669,6194996,0,0,0,0,0,0,0
1748635761038,-18750000,5274923,6176669,6103353,0,0,0,0,0,0,0
1748635761138,-18750000,5278589,6158339,6030041,0,0,0,0,0,0,0
1748635761238,-18750000,5256595,6121683,5938398,0,0,0,0,0,0,0
1748635761338,-18750000,5227269,6194999,5901738,0,0,0,0,0,0,0
1748635761438,-18750000,5197944,6176669,5901738,0,0,0,0,0,0,0
1748635761538,-18750000,5172284,6213325,5865082,0,0,0,0,0,0,0
1748635761638,-18750000,5157621,6176669,5828426,0,0,0,0,0,0,0
1748635761738,-18750000,5131961,6158339,5736783,0,0,0,0,0,0,0
1748635761838,-18750000,5102635,6158339,5681797,0,0,0,0,0,0,0
1748635761938,-18750000,5069644,6176666,5663467,0,0,0,0,0,0,0
1748635762038,-18750000,5047649,6231648,5681797,0,0,0,0,0,0,0
1748635762138,-18750000,5029321,6176662,5663467,0,0,0,0,0,0,0
1748635762238,-18750000,4992664,6140006,5608481,0,0,0,0,0,0,0
1748635762338,-18750000,4978002,6121676,5571824,0,0,0,0,0,0,0
1748635762438,-18750000,4963339,6048363,5571824,0,0,0,0,0,0,0
1748635762538,-18750000,4963339,5975051,5553494,0,0,0,0,0,0,0
1748635762638,-18750000,4937679,5975051,5535164,0,0,0,0,0,0,0
1748635762738,-18750000,4934013,5920064,5535164,0,0,0,0,0,0,0
1748635762838,-18750000,4919350,5956721,5516838,0,0,0,0,0,0,0
1748635762938,-18750000,4901023,5883408,5516838,0,0,0,0,0,0,0
1748635763038,-18750000,4875363,5828426,5461852,0,0,0,0,0,0,0
1748635763138,-18750000,4846037,5846756,5388539,0,0,0,0,0,0,0
1748635763238,-18750000,4838705,5920068,5296897,0,0,0,0,0,0,0
1748635763338,-18750000,4805714,5865082,5315227,0,0,0,0,0,0,0
1748635763438,-18750000,4791052,5791766,5260244,0,0,0,0,0,0,0
1748635763538,-18750000,4772723,5755109,5205262,0,0,0,0,0,0,0
1748635763638,-18750000,4754395,5718453,5260248,0,0,0,0,0,0,0
1748635763738,-18750000,4721404,5755113,5315234,0,0,0,0,0,0,0
1748635763838,-18750000,4699409,5626814,5333561,0,0,0,0,0,0,0
1748635763938,-18750000,4688412,5608484,5278578,0,0,0,0,0,0,0
1748635764038,-18750000,4695743,5590154,5260252,0,0,0,0,0,0,0
1748635764138,-18750000,4666417,5553498,5278578,0,0,0,0,0,0,0
1748635764238,-18750000,4640758,5443529,5296908,0,0,0,0,0,0,0
1748635764338,-18750000,4644423,5425203,5406877,0,0,0,0,0,0,0
1748635764438,-18750000,4637092,5571832,5535176,0,0,0,0,0,0,0
1748635764538,-18750000,4655420,5608488,5626818,0,0,0,0,0,0,0
1748635764638,-18750000,4703075,5663474,5700131,0,0,0,0,0,0,0
1748635764738,-18750000,4761725,5626814,5755117,0,0,0,0,0,0,0
1748635764838,-18750000,4827708,5700131,5920072,0,0,0,0,0,0,0
1748635764938,-18750000,4879028,5773447,6085027,0,0,0,0,0,0,0
1748635765038,-18750000,4948676,5846759,6286638,0,0,0,0,0,0,0
1748635765138,-18750000,5047649,5993384,6451593,0,0,0,0,0,0,0
1748635765238,-18750000,5146623,6121683,6653204,0,0,0,0,0,0,0
1748635765338,-18750000,5216271,6194996,6543235,0,0,0,0,0,0,0
1748635765438,-18750000,5296916,6213326,6524905,0,0,0,0,0,0,0
1748635765538,-18750000,5348236,6158339,6506575,0,0,0,0,0,0,0
1748635765638,-18750000,5370230,6140009,6433263,0,0,0,0,0,0,0
1748635765738,-18750000,5384893,6176669,6359947,0,0,0,0,0,0,0
1748635765838,-18750000,5388559,6140009,6304964,0,0,0,0,0,0,0
1748635765938,-18750000,5392225,6121679,6231652,0,0,0,0,0,0,0
1748635766038,-18750000,5366565,6048367,6085023,0,0,0,0,0,0,0
1748635766138,-18750000,5348237,6030041,5956724,0,0,0,0,0,0,0
1748635766238,-18750000,5329908,5993384,5828426,0,0,0,0,0,0,0
1748635766338,-18750000,5311580,5938398,5883412,0,0,0,0,0,0,0
1748635766438,-18750000,5271257,5920068,5883412,0,0,0,0,0,0,0
1748635766538,-18750000,5271257,5975054,5920068,0,0,0,0,0,0,0
1748635766638,-18750000,5252928,6048367,5920068,0,0,0,0,0,0,0
1748635766738,-18750000,5238265,6066693,5938398,0,0,0,0,0,0,0
1748635766838,-18750000,5230933,6121679,5920068,0,0,0,0,0,0,0
1748635766938,-18750000,5216270,6085023,5938394,0,0,0,0,0,0,0
1748635767038,-18750000,5223602,6121679,5901738,0,0,0,0,0,0,0
1748635767138,-18750000,5212604,6011707,5901738,0,0,0,0,0,0,0
1748635767238,-18750000,5179613,5956721,5901738,0,0,0,0,0,0,0
1748635767338,-18750000,5172282,6085019,5920064,0,0,0,0,0,0,0
1748635767438,-18750000,5168617,6103349,5791766,0,0,0,0,0,0,0
1748635767538,-18750000,5139291,6121679,5700123,0,0,0,0,0,0,0
1748635767638,-18750000,5120963,6048367,5700123,0,0,0,0,0,0,0
1748635767738,-18750000,5109966,6011711,5626811,0,0,0,0,0,0,0
1748635767838,-18750000,5102635,5956724,5553498,0,0,0,0,0,0,0
1748635767938,-18750000,5087972,5993381,5480186,0,0,0,0,0,0,0
1748635768038,-18750000,5040318,6011711,5516842,0,0,0,0,0,0,0
1748635768138,-18750000,5010993,6011711,5480186,0,0,0,0,0,0,0
1748635768238,-18750000,4996331,5993381,5480186,0,0,0,0,0,0,0
1748635768338,-18750000,4985333,5883412,5461859,0,0,0,0,0,0,0
1748635768438,-18750000,4952342,5865082,5498516,0,0,0,0,0,0,0
1748635768538,-18750000,4923016,5810096,5480189,0,0,0,0,0,0,0
1748635768638,-18750000,4912019,5736783,5406877,0,0,0,0,0,0,0
1748635768738,-18750000,4864365,5681797,5443533,0,0,0,0,0,0,0
1748635768838,-18750000,4820377,5718457,5406877,0,0,0,0,0,0,0
1748635768938,-18750000,4802048,5608488,5388547,0,0,0,0,0,0,0
1748635769038,-18750000,4791051,5535172,5315234,0,0,0,0,0,0,0
1748635769138,-18750000,4765391,5571828,5315234,0,0,0,0,0,0,0
1748635769238,-18750000,4732400,5516846,5205262,0,0,0,0,0,0,0
1748635769338,-18750000,4688411,5443533,5131946,0,0,0,0,0,0,0
1748635769438,-18750000,4677415,5388547,5113619,0,0,0,0,0,0,0
1748635769538,-18750000,4648090,5388547,5113619,0,0,0,0,0,0,0
1748635769638,-18750000,4611433,5406873,5095289,0,0,0,0,0,0,0
1748635769738,-18750000,4604102,5333561,5058633,0,0,0,0,0,0,0
1748635769838,-18750000,4582108,5223588,5058633,0,0,0,0,0,0,0
1748635769938,-18750000,4549117,5278571,5040307,0,0,0,0,0,0,0
1748635770038,-18750000,4534454,5205258,4985321,0,0,0,0,0,0,0
1748635770138,-18750000,4519791,5223588,4930334,0,0,0,0,0,0,0
1748635770238,-18750000,4490466,5223588,4912008,0,0,0,0,0,0,0
1748635770338,-18750000,4483135,5223588,5076963,0,0,0,0,0,0,0
1748635770438,-18750000,4479469,5205262,5150276,0,0,0,0,0,0,0
1748635770538,-18750000,4501463,5150276,5205258,0,0,0,0,0,0,0
1748635770638,-18750000,4527122,5223592,5351887,0,0,0,0,0,0,0
1748635770738,-18750000,4585773,5333561,5480186,0,0,0,0,0,0,0
1748635770838,-18750000,4651755,5406873,5645141,0,0,0,0,0,0,0
1748635770938,-18750000,4739732,5406873,5810096,0,0,0,0,0,0,0
1748635771038,-18750000,4805714,5571828,5956724,0,0,0,0,0,0,0
1748635771138,-18750000,4893690,5626814,6176666,0,0,0,0,0,0,0
1748635771238,-18750000,4996329,5791769,6414933,0,0,0,0,0,0,0
1748635771338,-18750000,5091637,5883412,6249978,0,0,0,0,0,0,0
1748635771438,-18750000,5164951,5901738,6249978,0,0,0,0,0,0,0
1748635771538,-18750000,5208939,5956724,6268308,0,0,0,0,0,0,0
1748635771638,-18750000,5263924,5956724,6249978,0,0,0,0,0,0,0
1748635771738,-18750000,5271256,6048367,6213322,0,0,0,0,0,0,0
1748635771838,-18750000,5267591,6011711,6066693,0,0,0,0,0,0,0
1748635771938,-18750000,5245596,6048371,5975051,0,0,0,0,0,0,0
1748635772038,-18750000,5234600,6011714,6011707,0,0,0,0,0,0,0
1748635772138,-18750000,5201609,5975058,5901738,0,0,0,0,0,0,0
1748635772238,-18750000,5186946,5920072,5755113,0,0,0,0,0,0,0
1748635772338,-18750000,5142958,5901742,5755113,0,0,0,0,0,0,0
1748635772438,-18750000,5117298,5883416,5755113,0,0,0,0,0,0,0
1748635772538,-18750000,5102636,5865086,5755113,0,0,0,0,0,0,0
1748635772638,-18750000,5084307,5773443,5736787,0,0,0,0,0,0,0
1748635772738,-18750000,5054982,5681801,5718457,0,0,0,0,0,0,0
1748635772838,-18750000,5040319,5828429,5736787,0,0,0,0,0,0,0
1748635772938,-18750000,5007328,5828429,5773443,0,0,0,0,0,0,0
1748635773038,-18750000,4996331,5645144,5736787,0,0,0,0,0,0,0
1748635773138,-18750000,4996331,5663471,5718457,0,0,0,0,0,0,0
1748635773238,-18750000,4970671,5663471,5736783,0,0,0,0,0,0,0
1748635773338,-18750000,4959674,5663471,5773439,0,0,0,0,0,0,0
1748635773438,-18750000,4915686,5700127,5755109,0,0,0,0,0,0,0
1748635773538,-18750000,4875363,5700127,5718453,0,0,0,0,0,0,0
1748635773638,-18750000,4835040,5828426,5645137,0,0,0,0,0,0,0
1748635773738,-18750000,4824043,5883412,5590151,0,0,0,0,0,0,0
1748635773838,-18750000,4813046,5755113,5553494,0,0,0,0,0,0,0
1748635773938,-18750000,4794718,5681797,5443526,0,0,0,0,0,0,0
1748635774038,-18750000,4761727,5773439,5443526,0,0,0,0,0,0,0
1748635774138,-18750000,4714072,5681797,5406869,0,0,0,0,0,0,0
1748635774238,-18750000,4681081,5608484,5406869,0,0,0,0,0,0,0
1748635774338,-18750000,4655421,5590154,5388543,0,0,0,0,0,0,0
1748635774438,-18750000,4640758,5498512,5315231,0,0,0,0,0,0,0
1748635774538,-18750000,4629761,5461855,5296901,0,0,0,0,0,0,0
1748635774638,-18750000,4593104,5406869,5315231,0,0,0,0,0,0,0
1748635774738,-18750000,4563778,5333557,5260244,0,0,0,0,0,0,0
1748635774838,-18750000,4508793,5278571,5241914,0,0,0,0,0,0,0
1748635774938,-18750000,4494130,5296901,5241914,0,0,0,0,0,0,0
1748635775038,-18750000,4453807,5333557,5131942,0,0,0,0,0,0,0
1748635775138,-18750000,4442811,5333557,5113616,0,0,0,0,0,0,0
1748635775238,-18750000,4424482,5315227,5095289,0,0,0,0,0,0,0
1748635775338,-18750000,4402488,5333557,5150276,0,0,0,0,0,0,0
1748635775438,-18750000,4406154,5370213,5315231,0,0,0,0,0,0,0
1748635775538,-18750000,4435479,5333557,5388547,0,0,0,0,0,0,0
1748635775638,-18750000,4475802,5388543,5461859,0,0,0,0,0,0,0
1748635775738,-18750000,4516125,5388543,5590162,0,0,0,0,0,0,0
1748635775838,-18750000,4585773,5498515,5700134,0,0,0,0,0,0,0
1748635775938,-18750000,4659086,5498515,5883416,0,0,0,0,0,0,0
1748635776038,-18750000,4747063,5516845,6103357,0,0,0,0,0,0,0
1748635776138,-18750000,4816711,5663474,6286638,0,0,0,0,0,0,0
1748635776238,-18750000,4923016,5755117,6414937,0,0,0,0,0,0,0
1748635776338,-18750000,5007327,5791773,6378277,0,0,0,0,0,0,0
1748635776438,-18750000,5073309,5938402,6231652,0,0,0,0,0,0,0
1748635776538,-18750000,5117297,6158343,6158336,0,0,0,0,0,0,0
1748635776638,-18750000,5157620,6121687,6103349,0,0,0,0,0,0,0
1748635776738,-18750000,5179613,6194999,6030033,0,0,0,0,0,0,0
1748635776838,-18750000,5205273,6158339,5938391,0,0,0,0,0,0,0
1748635776938,-18750000,5201608,6121683,5755109,0,0,0,0,0,0,0
1748635777038,-18750000,5205274,6085027,5626811,0,0,0,0,0,0,0
1748635777138,-18750000,5194277,5993384,5516842,0,0,0,0,0,0,0
1748635777238,-18750000,5150288,5993384,5333557,0,0,0,0,0,0,0
1748635777338,-18750000,5124628,6030041,5296901,0,0,0,0,0,0,0
1748635777438,-18750000,5095303,5865086,5296901,0,0,0,0,0,0,0
1748635777538,-18750000,5073309,5736787,5296901,0,0,0,0,0,0,0
1748635777638,-18750000,5047649,5718457,5278574,0,0,0,0,0,0,0
1748635777738,-18750000,5021990,5663471,5241918,0,0,0,0,0,0,0
1748635777838,-18750000,4978001,5718457,5223588,0,0,0,0,0,0,0
1748635777938,-18750000,4956007,5810099,5260244,0,0,0,0,0,0,0
1748635778038,-18750000,4937678,5883412,5186932,0,0,0,0,0,0,0
1748635778138,-18750000,4919350,5828426,5150276,0,0,0,0,0,0,0
1748635778238,-18750000,4897356,5681797,5186932,0,0,0,0,0,0,0
1748635778338,-18750000,4882694,5681797,5150276,0,0,0,0,0,0,0
1748635778438,-18750000,4875362,5791766,5150276,0,0,0,0,0,0,0
1748635778538,-18750000,4864365,5700123,5113619,0,0,0,0,0,0,0
1748635778638,-18750000,4849703,5700123,5113619,0,0,0,0,0,0,0
1748635778738,-18750000,4820377,5718453,5150276,0,0,0,0,0,0,0
1748635778838,-18750000,4813046,5608484,5168606,0,0,0,0,0,0,0
1748635778938,-18750000,4780055,5516842,5095289,0,0,0,0,0,0,0
1748635779038,-18750000,4743398,5498516,5058633,0,0,0,0,0,0,0
1748635779138,-18750000,4714072,5461859,4948661,0,0,0,0,0,0,0
1748635779238,-18750000,4695743,5516846,4838692,0,0,0,0,0,0,0
1748635779338,-18750000,4670083,5443533,4857022,0,0,0,0,0,0,0
1748635779438,-18750000,4644423,5406877,4802036,0,0,0,0,0,0,0
1748635779538,-18750000,4607766,5406877,4747049,0,0,0,0,0,0,0
1748635779638,-18750000,4574775,5388547,4582094,0,0,0,0,0,0,0
1748635779738,-18750000,4552781,5315234,4563768,0,0,0,0,0,0,0
1748635779838,-18750000,4519789,5333561,4527108,0,0,0,0,0,0,0
1748635779938,-18750000,4490464,5370217,4490452,0,0,0,0,0,0,0
1748635780038,-18750000,4472135,5296901,4490452,0,0,0,0,0,0,0
1748635780138,-18750000,4453807,5388543,4472126,0,0,0,0,0,0,0
1748635780238,-18750000,4453807,5333557,4472126,0,0,0,0,0,0,0
1748635780338,-18750000,4428147,5223584,4692067,0,0,0,0,0,0,0
1748635780438,-18750000,4406153,5168598,5021977,0,0,0,0,0,0,0
1748635780538,-18750000,4391491,5186924,5443533,0,0,0,0,0,0,0
1748635780638,-18750000,4398822,5131942,5901742,0,0,0,0,0,0,0
1748635780738,-18750000,4431813,5186924,6249982,0,0,0,0,0,0,0
1748635780838,-18750000,4464805,5278567,6634882,0,0,0,0,0,0,0
1748635780938,-18750000,4508793,5241911,7111424,0,0,0,0,0,0,0
1748635781038,-18750000,4556447,5315227,7569637,0,0,0,0,0,0,0
1748635781138,-18750000,4607768,5370213,8082832,0,0,0,0,0,0,0
1748635781238,-18750000,4659087,5461856,8596027,0,0,0,0,0,0,0
1748635781338,-18750000,4725069,5590158,8504384,0,0,0,0,0,0,0
1748635781438,-18750000,4802048,5663474,8247787,0,0,0,0,0,0,0
1748635781538,-18750000,4871696,5755117,7972859,0,0,0,0,0,0,0
1748635781638,-18750000,4941344,5828429,7642949,0,0,0,0,0,0,0
1748635781738,-18750000,4985333,5828429,7331366,0,0,0,0,0,0,0
1748635781838,-18750000,5003661,5755117,7019782,0,0,0,0,0,0,0
1748635781938,-18750000,5018324,5828429,6561569,0,0,0,0,0,0,0
1748635782038,-18750000,5025656,5810099,6140013,0,0,0,0,0,0,0
1748635782138,-18750000,5040318,5755113,5645144,0,0,0,0,0,0,0
1748635782238,-18750000,5025656,5681801,5223592,0,0,0,0,0,0,0
1748635782338,-18750000,5010993,5681801,5058633,0,0,0,0,0,0,0
1748635782438,-18750000,4985333,5736783,5003647,0,0,0,0,0,0,0
1748635782538,-18750000,4945011,5700127,4930334,0,0,0,0,0,0,0
1748635782638,-18750000,4893692,5645141,4893674,0,0,0,0,0,0,0
1748635782738,-18750000,4871698,5700127,4838688,0,0,0,0,0,0,0
1748635782838,-18750000,4860701,5773439,4765372,0,0,0,0,0,0,0
1748635782938,-18750000,4853369,5828426,4765372,0,0,0,0,0,0,0
1748635783038,-18750000,4824044,5828426,4728716,0,0,0,0,0,0,0
1748635783138,-18750000,4798384,5773439,4710389,0,0,0,0,0,0,0
1748635783238,-18750000,4761727,5810095,4637073,0,0,0,0,0,0,0
1748635783338,-18750000,4728736,5755109,4637073,0,0,0,0,0,0,0
1748635783438,-18750000,4706742,5626810,4600417,0,0,0,0,0,0,0
1748635783538,-18750000,4692079,5681797,4527101,0,0,0,0,0,0,0
1748635783638,-18750000,4677416,5626810,4545431,0,0,0,0,0,0,0
1748635783738,-18750000,4640759,5516842,4453788,0,0,0,0,0,0,0
1748635783838,-18750000,4607768,5480186,4362149,0,0,0,0,0,0,0
1748635783938,-18750000,4560113,5370213,4380476,0,0,0,0,0,0,0
1748635784038,-18750000,4538120,5315227,4307163,0,0,0,0,0,0,0
1748635784138,-18750000,4497797,5370213,4307163,0,0,0,0,0,0,0
1748635784238,-18750000,4468471,5461856,4325493,0,0,0,0,0,0,0
1748635784338,-18750000,4450142,5461856,4545434,0,0,0,0,0,0,0
1748635784438,-18750000,4435479,5480186,4875348,0,0,0,0,0,0,0
1748635784538,-18750000,4442810,5480186,5315231,0,0,0,0,0,0,0
1748635784638,-18750000,4439145,5645144,5681801,0,0,0,0,0,0,0
1748635784738,-18750000,4439145,5700127,6231656,0,0,0,0,0,0,0
1748635784838,-18750000,4468470,5755113,6781507,0,0,0,0,0,0,0
1748635784938,-18750000,4516124,5810099,7276376,0,0,0,0,0,0,0
1748635785038,-18750000,4567444,5810099,7844557,0,0,0,0,0,0,0
1748635785138,-18750000,4629761,5828429,8376082,0,0,0,0,0,0,0
1748635785238,-18750000,4703075,5791773,8852621,0,0,0,0,0,0,0
1748635785338,-18750000,4758060,5810099,8852621,0,0,0,0,0,0,0
1748635785438,-18750000,4827708,5828426,8742648,0,0,0,0,0,0,0
1748635785538,-18750000,4875362,5810096,8449394,0,0,0,0,0,0,0
1748635785638,-18750000,4915685,5791766,8156137,0,0,0,0,0,0,0
1748635785738,-18750000,4959673,5791766,7771237,0,0,0,0,0,0,0
1748635785838,-18750000,4996330,5700123,7368011,0,0,0,0,0,0,0
1748635785938,-18750000,5010992,5755109,6928128,0,0,0,0,0,0,0
1748635786038,-18750000,5007326,5865082,6506572,0,0,0,0,0,0,0
1748635786138,-18750000,5010992,5883408,6011703,0,0,0,0,0,0,0
1748635786238,-18750000,4999995,5920064,5535164,0,0,0,0,0,0,0
1748635786338,-18750000,4988998,5883408,5223584,0,0,0,0,0,0,0
1748635786438,-18750000,4970669,5901738,4966987,0,0,0,0,0,0,0
1748635786538,-18750000,4952341,5993380,4655403,0,0,0,0,0,0,0
1748635786638,-18750000,4941344,5975054,4380479,0,0,0,0,0,0,0
1748635786738,-18750000,4934013,5993384,4050569,0,0,0,0,0,0,0
1748635786838,-18750000,4893691,5975054,3720659,0,0,0,0,0,0,0
1748635786938,-18750000,4868031,5865082,3445732,0,0,0,0,0,0,0
1748635787038,-18750000,4853369,5810096,3152478,0,0,0,0,0,0,0
1748635787138,-18750000,4802049,5755109,2950863,0,0,0,0,0,0,0
1748635787238,-18750000,4765392,5645141,2730922,0,0,0,0,0,0,0
1748635787338,-18750000,4721404,5681797,2657606,0,0,0,0,0,0,0
1748635787438,-18750000,4666419,5608484,2529307,0,0,0,0,0,0,0
1748635787538,-18750000,4615100,5370217,2492651,0,0,0,0,0,0,0
1748635787638,-18750000,4560114,5296901,2437664,0,0,0,0,0,0,0
1748635787738,-18750000,4508794,5241914,2510977,0,0,0,0,0,0,0
1748635787838,-18750000,4450142,5205258,2584289,0,0,0,0,0,0,0
1748635787938,-18750000,4395157,5131946,2602619,0,0,0,0,0,0,0
1748635788038,-18750000,4343837,4948661,2675932,0,0,0,0,0,0,0
1748635788138,-18750000,4303514,4893678,2657606,0,0,0,0,0,0,0
1748635788238,-18750000,4274189,4820362,2657606,0,0,0,0,0,0,0
1748635788338,-18750000,4255861,4765379,2877547,0,0,0,0,0,0,0
1748635788438,-18750000,4222869,4692063,3335759,0,0,0,0,0,0,0
1748635788538,-18750000,4211872,4802032,3885611,0,0,0,0,0,0,0
1748635788638,-18750000,4215537,4747046,4508778,0,0,0,0,0,0,0
1748635788738,-18750000,4211872,4747046,5150276,0,0,0,0,0,0,0
1748635788838,-18750000,4237532,4783702,5901742,0,0,0,0,0,0,0
1748635788938,-18750000,4263191,4820358,6726521,0,0,0,0,0,0,0
1748635789038,-18750000,4263191,4912001,7624616,0,0,0,0,0,0,0
1748635789138,-18750000,4281520,4930327,8632679,0,0,0,0,0,0,0
1748635789238,-18750000,4285185,5003643,9640743,0,0,0,0,0,0,0
1748635789338,-18750000,4296182,5003643,10447196,0,0,0,0,0,0,0
1748635789438,-18750000,4321842,5058629,11125346,0,0,0,0,0,0,0
1748635789538,-18750000,4329173,4985317,11766843,0,0,0,0,0,0,0
1748635789638,-18750000,4321842,5040303,12225052,0,0,0,0,0,0,0
1748635789738,-18750000,4321842,5095289,12609948,0,0,0,0,0,0,0
1748635789838,-18750000,4336505,5095289,12903202,0,0,0,0,0,0,0
1748635789938,-18750000,4340171,5131946,12994844,0,0,0,0,0,0,0
1748635790038,-18750000,4391491,5241918,13031500,0,0,0,0,0,0,0
1748635790138,-18750000,4442811,5296904,12958188,0,0,0,0,0,0,0
1748635790238,-18750000,4494130,5388547,12866545,0,0,0,0,0,0,0
1748635790338,-18750000,4545450,5461859,12408333,0,0,0,0,0,0,0
1748635790438,-18750000,4585773,5590158,11638540,0,0,0,0,0,0,0
1748635790538,-18750000,4637093,5700127,10795432,0,0,0,0,0,0,0
1748635790638,-18750000,4706741,5718457,10007309,0,0,0,0,0,0,0
1748635790738,-18750000,4769058,5626814,9145870,0,0,0,0,0,0,0
1748635790838,-18750000,4802049,5700131,8192793,0,0,0,0,0,0,0
1748635790938,-18750000,4842371,5663474,7386344,0,0,0,0,0,0,0
1748635791038,-18750000,4827709,5645144,6451593,0,0,0,0,0,0,0
1748635791138,-18750000,4809380,5681801,5608484,0,0,0,0,0,0,0
1748635791238,-18750000,4820377,5700127,4783706,0,0,0,0,0,0,0
1748635791338,-18750000,4809380,5608484,4233854,0,0,0,0,0,0,0
1748635791438,-18750000,4805714,5571828,3830628,0,0,0,0,0,0,0
1748635791538,-18750000,4787386,5516846,3519044,0,0,0,0,0,0,0
1748635791638,-18750000,4761726,5535172,3280777,0,0,0,0,0,0,0
1748635791738,-18750000,4714072,5681801,3024179,0,0,0,0,0,0,0
1748635791838,-18750000,4688412,5590158,2914207,0,0,0,0,0,0,0
1748635791938,-18750000,4655421,5626814,2749248,0,0,0,0,0,0,0
1748635792038,-18750000,4626095,5535172,2675936,0,0,0,0,0,0,0
1748635792138,-18750000,4600435,5461859,2602619,0,0,0,0,0,0,0
1748635792238,-18750000,4549115,5370217,2547633,0,0,0,0,0,0,0
1748635792338,-18750000,4516124,5443529,2767574,0,0,0,0,0,0,0
1748635792438,-18750000,4472136,5425199,3244113,0,0,0,0,0,0,0
1748635792538,-18750000,4446476,5388539,3775638,0,0,0,0,0,0,0
1748635792638,-18750000,4413485,5351883,4325489,0,0,0,0,0,0,0
1748635792738,-18750000,4420816,5223584,5058629,0,0,0,0,0,0,0
1748635792838,-18750000,4428147,5223584,5773439,0,0,0,0,0,0,0
1748635792938,-18750000,4446476,5186928,6524905,0,0,0,0,0,0,0
1748635793038,-18750000,4479467,5278571,7313028,0,0,0,0,0,0,0
1748635793138,-18750000,4519790,5315227,8101154,0,0,0,0,0,0,0
1748635793238,-18750000,4578440,5333557,8889277,0,0,0,0,0,0,0
1748635793338,-18750000,4633426,5333557,9127544,0,0,0,0,0,0,0
1748635793438,-18750000,4692077,5296901,9072558,0,0,0,0,0,0,0
1748635793538,-18750000,4747063,5443529,8779304,0,0,0,0,0,0,0
1748635793638,-18750000,4794717,5406873,8467721,0,0,0,0,0,0,0
1748635793738,-18750000,4835040,5480186,7899539,0,0,0,0,0,0,0
1748635793838,-18750000,4849703,5535168,7349688,0,0,0,0,0,0,0
1748635793938,-18750000,4857034,5608481,6653208,0,0,0,0,0,0,0
1748635794038,-18750000,4871698,5590151,5883412,0,0,0,0,0,0,0
1748635794138,-18750000,4853369,5535164,5095285,0,0,0,0,0,0,0
1748635794238,-18750000,4835041,5461848,4233850,0,0,0,0,0,0,0
1748635794338,-18750000,4816712,5443522,3629013,0,0,0,0,0,0,0
1748635794438,-18750000,4791052,5480178,3134144,0,0,0,0,0,0,0
1748635794538,-18750000,4743399,5370209,2730918,0,0,0,0,0,0,0
1748635794638,-18750000,4721404,5406866,2382678,0,0,0,0,0,0,0
1748635794738,-18750000,4673750,5351879,2126077,0,0,0,0,0,0,0
1748635794838,-18750000,4644424,5241911,1814493,0,0,0,0,0,0,0
1748635794938,-18750000,4618765,5205254,1686194,0,0,0,0,0,0,0
1748635795038,-18750000,4574776,5168598,1502913,0,0,0,0,0,0,0
1748635795138,-18750000,4552781,5095285,1337958,0,0,0,0,0,0,0
1748635795238,-18750000,4523456,5150272,1209659,0,0,0,0,0,0,0
1748635795338,-18750000,4483133,5150272,1447931,0,0,0,0,0,0,0
1748635795438,-18750000,4453808,5040303,1887817,0,0,0,0,0,0,0
1748635795538,-18750000,4417151,5058629,2492654,0,0,0,0,0,0,0
1748635795638,-18750000,4369496,4985317,3115822,0,0,0,0,0,0,0
1748635795738,-18750000,4354834,4966990,3830632,0,0,0,0,0,0,0
1748635795838,-18750000,4329174,5003647,4710397,0,0,0,0,0,0,0
1748635795938,-18750000,4329174,4948660,5571832,0,0,0,0,0,0,0
1748635796038,-18750000,4340171,4985317,6506579,0,0,0,0,0,0,0
1748635796138,-18750000,4365832,5040303,7477987,0,0,0,0,0,0,0
1748635796238,-18750000,4380494,5021977,8431064,0,0,0,0,0,0,0
1748635796338,-18750000,4417151,5040303,8797631,0,0,0,0,0,0,0
1748635796438,-18750000,4464806,5076959,8779301,0,0,0,0,0,0,0
1748635796538,-18750000,4538120,5076959,8577689,0,0,0,0,0,0,0
1748635796638,-18750000,4607768,5113616,8247776,0,0,0,0,0,0,0
1748635796738,-18750000,4644425,5150272,7881206,0,0,0,0,0,0,0
1748635796838,-18750000,4688414,5241914,7294694,0,0,0,0,0,0,0
1748635796938,-18750000,4688414,5351887,6653201,0,0,0,0,0,0,0
1748635797038,-18750000,4699411,5296904,5920064,0,0,0,0,0,0,0
1748635797138,-18750000,4699411,5278574,5131942,0,0,0,0,0,0,0
1748635797238,-18750000,4692080,5333557,4398806,0,0,0,0,0,0,0
1748635797338,-18750000,4677417,5278574,3867281,0,0,0,0,0,0,0
1748635797438,-18750000,4626097,5406873,3500711,0,0,0,0,0,0,0
1748635797538,-18750000,4585774,5370217,3280769,0,0,0,0,0,0,0
1748635797638,-18750000,4541785,5425203,3024172,0,0,0,0,0,0,0
1748635797738,-18750000,4505128,5351887,2822560,0,0,0,0,0,0,0
1748635797838,-18750000,4461140,5333557,2620949,0,0,0,0,0,0,0
1748635797938,-18750000,4450142,5205258,2437664,0,0,0,0,0,0,0
1748635798038,-18750000,4406154,5150272,2346022,0,0,0,0,0,0,0
1748635798138,-18750000,4351169,5131942,2309365,0,0,0,0,0,0,0
1748635798238,-18750000,4310846,5113616,2199393,0,0,0,0,0,0,0
1748635798338,-18750000,4274189,5150272,2474320,0,0,0,0,0,0,0
1748635798438,-18750000,4266857,5076959,2969189,0,0,0,0,0,0,0
1748635798538,-18750000,4255860,5058629,3464054,0,0,0,0,0,0,0
1748635798638,-18750000,4241198,5003643,4068895,0,0,0,0,0,0,0
1748635798738,-18750000,4230200,5058629,4692063,0,0,0,0,0,0,0
1748635798838,-18750000,4233866,5058629,5480185,0,0,0,0,0,0,0
1748635798938,-18750000,4230200,5131942,6249982,0,0,0,0,0,0,0
1748635799038,-18750000,4248528,5223584,7129747,0,0,0,0,0,0,0
1748635799138,-18750000,4307179,5260244,7936199,0,0,0,0,0,0,0
1748635799238,-18750000,4358499,5296901,8815964,0,0,0,0,0,0,0
1748635799338,-18750000,4417150,5296901,9054235,0,0,0,0,0,0,0
1748635799438,-18750000,4464804,5278571,8962593,0,0,0,0,0,0,0
1748635799538,-18750000,4497796,5388543,8687669,0,0,0,0,0,0,0
1748635799638,-18750000,4556447,5461856,8284443,0,0,0,0,0,0,0
1748635799738,-18750000,4611433,5498512,7807904,0,0,0,0,0,0,0
1748635799838,-18750000,4644424,5498512,7221393,0,0,0,0,0,0,0
1748635799938,-18750000,4655422,5480186,6634882,0,0,0,0,0,0,0
1748635800038,-18750000,4684747,5461856,5828429,0,0,0,0,0,0,0
1748635800138,-18750000,4666419,5461856,5095289,0,0,0,0,0,0,0
1748635800238,-18750000,4666419,5406869,4325497,0,0,0,0,0,0,0
1748635800338,-18750000,4644425,5315227,4068899,0,0,0,0,0,0,0
1748635800438,-18750000,4615099,5315227,4105556,0,0,0,0,0,0,0
1748635800538,-18750000,4615099,5241914,4398809,0,0,0,0,0,0,0
1748635800638,-18750000,4593105,5223588,4857018,0,0,0,0,0,0,0
1748635800738,-18750000,4567445,5223588,5333557,0,0,0,0,0,0,0
1748635800838,-18750000,4571111,5150276,5883412,0,0,0,0,0,0,0
1748635800938,-18750000,4585774,5205258,6488249,0,0,0,0,0,0,0
1748635801038,-18750000,4589439,5315231,7221389,0,0,0,0,0,0,0
1748635801138,-18750000,4615099,5370213,7936199,0,0,0,0,0,0,0
1748635801238,-18750000,4633427,5406869,8705992,0,0,0,0,0,0,0
1748635801338,-18750000,4673749,5516838,8980915,0,0,0,0,0,0,0
1748635801438,-18750000,4725069,5553494,8925933,0,0,0,0,0,0,0
1748635801538,-18750000,4772722,5645137,8632679,0,0,0,0,0,0,0
1748635801638,-18750000,4820377,5718449,8247783,0,0,0,0,0,0,0
1748635801738,-18750000,4857034,5700123,7771244,0,0,0,0,0,0,0
1748635801838,-18750000,4871697,5736779,7221389,0,0,0,0,0,0,0
1748635801938,-18750000,4882693,5755109,6634882,0,0,0,0,0,0,0
1748635802038,-18750000,4901022,5700123,6011714,0,0,0,0,0,0,0
1748635802138,-18750000,4919350,5645141,5260248,0,0,0,0,0,0,0
1748635802238,-18750000,4919350,5700127,4453796,0,0,0,0,0,0,0
1748635802338,-18750000,4904688,5755113,3995587,0,0,0,0,0,0,0
1748635802438,-18750000,4864366,5700131,3629017,0,0,0,0,0,0,0
1748635802538,-18750000,4824044,5663471,3390746,0,0,0,0,0,0,0
1748635802638,-18750000,4769058,5608484,3170804,0,0,0,0,0,0,0
1748635802738,-18750000,4736066,5626811,2969189,0,0,0,0,0,0,0
1748635802838,-18750000,4714072,5700127,2785904,0,0,0,0,0,0,0
1748635802938,-18750000,4677415,5645141,2620946,0,0,0,0,0,0,0
1748635803038,-18750000,4637092,5571828,2510973,0,0,0,0,0,0,0
1748635803138,-18750000,4589439,5645141,2437661,0,0,0,0,0,0,0
1748635803238,-18750000,4549116,5571828,2401004,0,0,0,0,0,0,0
1748635803338,-18750000,4497796,5535172,2529303,0,0,0,0,0,0,0
1748635803438,-18750000,4497796,5535172,3024172,0,0,0,0,0,0,0
1748635803538,-18750000,4475802,5461859,3537367,0,0,0,0,0,0,0
1748635803638,-18750000,4475802,5388547,4123878,0,0,0,0,0,0,0
1748635803738,-18750000,4464805,5333564,4820362,0,0,0,0,0,0,0
1748635803838,-18750000,4453808,5260248,5553502,0,0,0,0,0,0,0
1748635803938,-18750000,4472137,5351891,6323298,0,0,0,0,0,0,0
1748635804038,-18750000,4512459,5443533,7074764,0,0,0,0,0,0,0
1748635804138,-18750000,4549116,5425203,7862887,0,0,0,0,0,0,0
1748635804238,-18750000,4589439,5406873,8724325,0,0,0,0,0,0,0
1748635804338,-18750000,4637093,5333561,9054235,0,0,0,0,0,0,0
1748635804438,-18750000,4688412,5480186,8889277,0,0,0,0,0,0,0
1748635804538,-18750000,4725069,5645141,8651009,0,0,0,0,0,0,0
1748635804638,-18750000,4761726,5718453,8247783,0,0,0,0,0,0,0
1748635804738,-18750000,4798383,5791766,7789570,0,0,0,0,0,0,0
1748635804838,-18750000,4835040,5791766,7203059,0,0,0,0,0,0,0
1748635804938,-18750000,4849703,5791766,6598222,0,0,0,0,0,0,0
1748635805038,-18750000,4827710,5773436,5883415,0,0,0,0,0,0,0
1748635805138,-18750000,4809381,5810096,5150275,0,0,0,0,0,0,0
1748635805238,-18750000,4794718,5846752,4398809,0,0,0,0,0,0,0
1748635805338,-18750000,4783721,5865078,3885614,0,0,0,0,0,0,0
1748635805438,-18750000,4739733,5791766,3574030,0,0,0,0,0,0,0
1748635805538,-18750000,4721405,5645141,3244117,0,0,0,0,0,0,0
1748635805638,-18750000,4688413,5663471,3005845,0,0,0,0,0,0,0
1748635805738,-18750000,4644424,5663471,2767574,0,0,0,0,0,0,0
1748635805838,-18750000,4600435,5663471,2657602,0,0,0,0,0,0,0
1748635805938,-18750000,4567444,5608484,2510973,0,0,0,0,0,0,0
1748635806038,-18750000,4545449,5461856,2382671,0,0,0,0,0,0,0
1748635806138,-18750000,4519789,5406869,2364344,0,0,0,0,0,0,0
1748635806238,-18750000,4490463,5370213,2236046,0,0,0,0,0,0,0
1748635806338,-18750000,4446475,5333557,2510973,0,0,0,0,0,0,0
1748635806438,-18750000,4417149,5241914,3005842,0,0,0,0,0,0,0
1748635806538,-18750000,4387823,5223584,3555697,0,0,0,0,0,0,0
1748635806638,-18750000,4373161,5205254,4160538,0,0,0,0,0,0,0
1748635806738,-18750000,4380493,5205254,4857022,0,0,0,0,0,0,0
1748635806838,-18750000,4391490,5205254,5553506,0,0,0,0,0,0,0
1748635806938,-18750000,4413484,5168598,6286642,0,0,0,0,0,0,0
1748635807038,-18750000,4442810,5315227,7148081,0,0,0,0,0,0,0
1748635807138,-18750000,4479467,5351883,7954533,0,0,0,0,0,0,0
1748635807238,-18750000,4516124,5351883,8797642,0,0,0,0,0,0,0
1748635807338,-18750000,4585772,5461856,8980927,0,0,0,0,0,0,0
1748635807438,-18750000,4640758,5553498,8815972,0,0,0,0,0,0,0
1748635807538,-18750000,4684747,5571828,8577701,0,0,0,0,0,0,0
1748635807638,-18750000,4739732,5498516,8174474,0,0,0,0,0,0,0
1748635807738,-18750000,4769057,5498516,7679606,0,0,0,0,0,0,0
1748635807838,-18750000,4798383,5553502,7129751,0,0,0,0,0,0,0
1748635807938,-18750000,4798383,5626818,6506583,0,0,0,0,0,0,0
1748635808038,-18750000,4802048,5571832,5791773,0,0,0,0,0,0,0
1748635808138,-18750000,4813045,5535176,5003647,0,0,0,0,0,0,0
1748635808238,-18750000,4809380,5590162,4252181,0,0,0,0,0,0,0
1748635808338,-18750000,4776388,5608488,3793968,0,0,0,0,0,0,0
1748635808438,-18750000,4736066,5590158,3445728,0,0,0,0,0,0,0
1748635808538,-18750000,4710406,5645141,3189131,0,0,0,0,0,0,0
1748635808638,-18750000,4659086,5700127,3024172,0,0,0,0,0,0,0
1748635808738,-18750000,4615098,5608484,2822557,0,0,0,0,0,0,0
1748635808838,-18750000,4571109,5535172,2657602,0,0,0,0,0,0,0
1748635808938,-18750000,4538118,5461856,2529303,0,0,0,0,0,0,0
1748635809038,-18750000,4490464,5535172,2437661,0,0,0,0,0,0,0
1748635809138,-18750000,4435479,5406873,2401004,0,0,0,0,0,0,0
1748635809238,-18750000,4384159,5260244,2346018,0,0,0,0,0,0,0
1748635809338,-18750000,4365831,5058633,2565959,0,0,0,0,0,0,0
1748635809438,-18750000,4351168,5003651,2987512,0,0,0,0,0,0,0
1748635809538,-18750000,4321843,4948668,3519037,0,0,0,0,0,0,0
1748635809638,-18750000,4307180,4948668,4105548,0,0,0,0,0,0,0
1748635809738,-18750000,4314511,4985324,4783702,0,0,0,0,0,0,0
1748635809838,-18750000,4321843,4985324,5498512,0,0,0,0,0,0,0
1748635809938,-18750000,4351168,4893682,6286634,0,0,0,0,0,0,0
1748635810038,-18750000,4380493,4948664,7074757,0,0,0,0,0,0,0
1748635810138,-18750000,4420816,5095289,7881209,0,0,0,0,0,0,0
1748635810238,-18750000,4453807,5278574,8651002,0,0,0,0,0,0,0
1748635810338,-18750000,4483133,5480186,8962586,0,0,0,0,0,0,0
1748635810438,-18750000,4527121,5553498,8889273,0,0,0,0,0,0,0
1748635810538,-18750000,4582106,5663467,8651002,0,0,0,0,0,0,0
1748635810638,-18750000,4626094,5700123,8266106,0,0,0,0,0,0,0
1748635810738,-18750000,4666417,5773439,7752911,0,0,0,0,0,0,0
1748635810838,-18750000,4692077,5846752,7166399,0,0,0,0,0,0,0
1748635810938,-18750000,4706741,5975051,6469919,0,0,0,0,0,0,0
1748635811038,-18750000,4710407,5865082,5810096,0,0,0,0,0,0,0
1748635811138,-18750000,4710407,5883412,5095286,0,0,0,0,0,0,0
1748635811238,-18750000,4717738,5828426,4362149,0,0,0,0,0,0,0
1748635811338,-18750000,4710406,5700127,3848954,0,0,0,0,0,0,0
1748635811438,-18750000,4684747,5645141,3555700,0,0,0,0,0,0,0
1748635811538,-18750000,4651755,5590154,3244117,0,0,0,0,0,0,0
1748635811638,-18750000,4622430,5498512,3005845,0,0,0,0,0,0,0
1748635811738,-18750000,4571111,5425196,2822560,0,0,0,0,0,0,0
1748635811838,-18750000,4527122,5388539,2657605,0,0,0,0,0,0,0
1748635811938,-18750000,4490465,5351883,2547637,0,0,0,0,0,0,0
1748635812038,-18750000,4472137,5223584,2364352,0,0,0,0,0,0,0
1748635812138,-18750000,4435480,5150272,2272709,0,0,0,0,0,0,0
1748635812238,-18750000,4398823,5076959,2217723,0,0,0,0,0,0,0
1748635812338,-18750000,4369497,5076959,2437664,0,0,0,0,0,0,0
1748635812438,-18750000,4343837,5113616,2859217,0,0,0,0,0,0,0
1748635812538,-18750000,4321843,5058633,3445728,0,0,0,0,0,0,0
1748635812638,-18750000,4318177,5058633,4068896,0,0,0,0,0,0,0
1748635812738,-18750000,4321843,5040307,4728719,0,0,0,0,0,0,0
1748635812838,-18750000,4351168,4966991,5498512,0,0,0,0,0,0,0
1748635812938,-18750000,4373161,5003647,6286634,0,0,0,0,0,0,0
1748635813038,-18750000,4380493,5150272,7111417,0,0,0,0,0,0,0
1748635813138,-18750000,4402486,5223585,7917869,0,0,0,0,0,0,0
1748635813238,-18750000,4442809,5315227,8724322,0,0,0,0,0,0,0
1748635813338,-18750000,4483132,5425200,8999246,0,0,0,0,0,0,0
1748635813438,-18750000,4530787,5425200,8889277,0,0,0,0,0,0,0
1748635813538,-18750000,4571109,5516842,8504381,0,0,0,0,0,0,0
1748635813638,-18750000,4589438,5608485,8156141,0,0,0,0,0,0,0
1748635813738,-18750000,4648089,5681797,7734584,0,0,0,0,0,0,0
1748635813838,-18750000,4644424,5773440,7184733,0,0,0,0,0,0,0
1748635813938,-18750000,4662752,5791770,6469923,0,0,0,0,0,0,0
1748635814038,-18750000,4673750,5755113,5791769,0,0,0,0,0,0,0
1748635814138,-18750000,4677416,5700127,5040303,0,0,0,0,0,0,0
1748635814238,-18750000,4659087,5645141,4288837,0,0,0,0,0,0,0
1748635814338,-18750000,4651756,5626811,3793972,0,0,0,0,0,0,0
1748635814438,-18750000,4633427,5571828,3409072,0,0,0,0,0,0,0
1748635814538,-18750000,4607767,5480186,3225787,0,0,0,0,0,0,0
1748635814638,-18750000,4582108,5461856,2969189,0,0,0,0,0,0,0
1748635814738,-18750000,4523456,5333557,2785904,0,0,0,0,0,0,0
1748635814838,-18750000,4501462,5278574,2565963,0,0,0,0,0,0,0
1748635814938,-18750000,4461140,5315231,2510977,0,0,0,0,0,0,0
1748635815038,-18750000,4420817,5351887,2455990,0,0,0,0,0,0,0
1748635815138,-18750000,4387826,5333561,2382678,0,0,0,0,0,0,0
1748635815238,-18750000,4347503,5351891,2309365,0,0,0,0,0,0,0
1748635815338,-18750000,4288852,5241918,2565963,0,0,0,0,0,0,0
1748635815438,-18750000,4237532,5168602,2987519,0,0,0,0,0,0,0
1748635815538,-18750000,4215539,5168602,3519044,0,0,0,0,0,0,0
1748635815638,-18750000,4208207,5168602,4160538,0,0,0,0,0,0,0
1748635815738,-18750000,4211873,5205258,4747049,0,0,0,0,0,0,0
1748635815838,-18750000,4200877,5278571,5498515,0,0,0,0,0,0,0
1748635815938,-18750000,4208208,5315227,6213325,0,0,0,0,0,0,0
1748635816038,-18750000,4252196,5315227,6983122,0,0,0,0,0,0,0
1748635816138,-18750000,4285187,5370209,7789571,0,0,0,0,0,0,0
1748635816238,-18750000,4343839,5296893,8577693,0,0,0,0,0,0,0
1748635816338,-18750000,4402490,5406866,8815961,0,0,0,0,0,0,0
1748635816438,-18750000,4468472,5535165,8742644,0,0,0,0,0,0,0
1748635816538,-18750000,4519792,5535165,8467717,0,0,0,0,0,0,0
1748635816638,-18750000,4571111,5553495,8009508,0,0,0,0,0,0,0
1748635816738,-18750000,4596771,5590151,7551299,0,0,0,0,0,0,0
1748635816838,-18750000,4648090,5590151,6946458,0,0,0,0,0,0,0
1748635816938,-18750000,4666419,5535168,6341621,0,0,0,0,0,0,0
1748635817038,-18750000,4644424,5571828,5645141,0,0,0,0,0,0,0
1748635817138,-18750000,4637093,5590158,4930334,0,0,0,0,0,0,0
1748635817238,-18750000,4629761,5645144,4197194,0,0,0,0,0,0,0
1748635817338,-18750000,4607767,5608488,3647343,0,0,0,0,0,0,0
1748635817438,-18750000,4589438,5571832,3335759,0,0,0,0,0,0,0
1748635817538,-18750000,4574775,5553502,3060832,0,0,0,0,0,0,0
1748635817638,-18750000,4549115,5535172,2859217,0,0,0,0,0,0,0
1748635817738,-18750000,4505127,5461859,2749244,0,0,0,0,0,0,0
1748635817838,-18750000,4472135,5406873,2639276,0,0,0,0,0,0,0
1748635817938,-18750000,4435478,5351887,2602619,0,0,0,0,0,0,0
1748635818038,-18750000,4420816,5296900,2474320,0,0,0,0,0,0,0
1748635818138,-18750000,4373161,5260244,2382678,0,0,0,0,0,0,0
1748635818238,-18750000,4336505,5223588,2309365,0,0,0,0,0,0,0
1748635818338,-18750000,4310846,5223588,2547633,0,0,0,0,0,0,0
1748635818438,-18750000,4274189,5095289,2932533,0,0,0,0,0,0,0
1748635818538,-18750000,4237532,5168602,3464058,0,0,0,0,0,0,0
1748635818638,-18750000,4222869,5113619,4142212,0,0,0,0,0,0,0
1748635818738,-18750000,4226535,5205262,4765379,0,0,0,0,0,0,0
1748635818838,-18750000,4226535,5186936,5461859,0,0,0,0,0,0,0
1748635818938,-18750000,4233866,5168606,6140009,0,0,0,0,0,0,0
1748635819038,-18750000,4233866,5205262,6983118,0,0,0,0,0,0,0
1748635819138,-18750000,4296183,5150276,7807897,0,0,0,0,0,0,0
1748635819238,-18750000,4343837,5260248,8651006,0,0,0,0,0,0,0
1748635819338,-18750000,4343837,5260248,9219191,0,0,0,0,0,0,0
1748635819438,-18750000,4450142,5406877,9530774,0,0,0,0,0,0,0
1748635819538,-18750000,4450142,5351894,9787376,0,0,0,0,0,0,0
1748635819638,-18750000,4545450,5370221,9952331,0,0,0,0,0,0,0
1748635819738,-18750000,4545450,5315234,10117286,0,0,0,0,0,0,0
1748635819838,-18750000,4629761,5315234,10245584,0,0,0,0,0,0,0
1748635819938,-18750000,4681081,5406877,10355557,0,0,0,0,0,0,0
1748635820038,-18750000,4750729,5406877,10410539,0,0,0,0,0,0,0
1748635820138,-18750000,4875362,5480189,10502182,0,0,0,0,0,0,0
1748635820238,-18750000,4875362,5480189,10520512,0,0,0,0,0,0,0
1748635820338,-18750000,4912019,5443529,10227254,0,0,0,0,0,0,0
1748635820438,-18750000,4941345,5626811,9915671,0,0,0,0,0,0,0
1748635820538,-18750000,5003662,5626811,9915671,0,0,0,0,0,0,0
1748635820638,-18750000,5043984,5846752,8815961,0,0,0,0,0,0,0
1748635820738,-18750000,5069644,5846752,8815961,0,0,0,0,0,0,0
1748635820838,-18750000,5062313,5956724,7514639,0,0,0,0,0,0,0
1748635820938,-18750000,5065978,6030037,6781499,0,0,0,0,0,0,0
1748635821038,-18750000,5062313,5956724,6781499,0,0,0,0,0,0,0
1748635821138,-18750000,5062313,5938398,5260237,0,0,0,0,0,0,0
1748635821238,-18750000,5051315,5975054,5260237,0,0,0,0,0,0,0
1748635821338,-18750000,5051315,5920072,4032232,0,0,0,0,0,0,0
1748635821438,-18750000,5032987,5920072,4032232,0,0,0,0,0,0,0
1748635821538,-18750000,4988999,5901746,3702318,0,0,0,0,0,0,0
1748635821638,-18750000,4952342,5865089,3390734,0,0,0,0,0,0,0
1748635821738,-18750000,4915685,5846759,3189123,0,0,0,0,0,0,0
1748635821838,-18750000,4897356,5865086,2877539,0,0,0,0,0,0,0
1748635821938,-18750000,4879028,5810099,2877539,0,0,0,0,0,0,0
1748635822038,-18750000,4860699,5865082,2675928,0,0,0,0,0,0,0
1748635822138,-18750000,4824042,5810096,2675928,0,0,0,0,0,0,0
1748635822238,-18750000,4798382,5755113,2620945,0,0,0,0,0,0,0
1748635822338,-18750000,4772722,5663471,2602615,0,0,0,0,0,0,0
1748635822438,-18750000,4743397,5626814,2565955,0,0,0,0,0,0,0
1748635822538,-18750000,4721403,5590154,2529299,0,0,0,0,0,0,0
1748635822638,-18750000,4688412,5516842,2565959,0,0,0,0,0,0,0
1748635822738,-18750000,4670083,5425199,2584285,0,0,0,0,0,0,0
1748635822838,-18750000,4629760,5333557,2529303,0,0,0,0,0,0,0
1748635822938,-18750000,4593103,5351887,2529303,0,0,0,0,0,0,0
1748635823038,-18750000,4563778,5223588,2474317,0,0,0,0,0,0,0
1748635823138,-18750000,4527121,5205258,2455990,0,0,0,0,0,0,0
1748635823238,-18750000,4475801,5168598,2382674,0,0,0,0,0,0,0
1748635823338,-18750000,4424482,5186928,2382674,0,0,0,0,0,0,0
1748635823438,-18750000,4387825,5131942,2639275,0,0,0,0,0,0,0
1748635823538,-18750000,4351168,5150272,3060828,0,0,0,0,0,0,0
1748635823638,-18750000,4343837,5168598,3574023,0,0,0,0,0,0,0
1748635823738,-18750000,4332839,5186928,4123878,0,0,0,0,0,0,0
1748635823838,-18750000,4336505,5223584,4857014,0,0,0,0,0,0,0
1748635823938,-18750000,4365831,5131942,5516842,0,0,0,0,0,0,0
1748635824038,-18750000,4362166,5223584,6304964,0,0,0,0,0,0,0
1748635824138,-18750000,4395157,5223584,7093087,0,0,0,0,0,0,0
1748635824238,-18750000,4431814,5370213,7917869,0,0,0,0,0,0,0
1748635824338,-18750000,4472137,5443526,8705996,0,0,0,0,0,0,0
1748635824438,-18750000,4534454,5480182,8980919,0,0,0,0,0,0,0
1748635824538,-18750000,4607768,5406869,8815964,0,0,0,0,0,0,0
1748635824638,-18750000,4651756,5498512,8522711,0,0,0,0,0,0,0
1748635824738,-18750000,4692079,5480182,8156141,0,0,0,0,0,0,0
1748635824838,-18750000,4721405,5461855,7642946,0,0,0,0,0,0,0
1748635824938,-18750000,4732402,5553498,7093091,0,0,0,0,0,0,0
1748635825038,-18750000,4758062,5553498,6488253,0,0,0,0,0,0,0
1748635825138,-18750000,4765393,5590154,5846756,0,0,0,0,0,0,0
1748635825238,-18750000,4765393,5516842,5150272,0,0,0,0,0,0,0
1748635825338,-18750000,4750730,5388543,4343819,0,0,0,0,0,0,0
1748635825438,-18750000,4710408,5425199,3812294,0,0,0,0,0,0,0
1748635825538,-18750000,4662754,5498512,3555697,0,0,0,0,0,0,0
1748635825638,-18750000,4618766,5370213,3262439,0,0,0,0,0,0,0
1748635825738,-18750000,4585774,5388543,2987512,0,0,0,0,0,0,0
1748635825838,-18750000,4552782,5388543,2804227,0,0,0,0,0,0,0
1748635825938,-18750000,4505128,5370213,2657598,0,0,0,0,0,0,0
1748635826038,-18750000,4475802,5351887,2492643,0,0,0,0,0,0,0
1748635826138,-18750000,4450142,5315231,2364344,0,0,0,0,0,0,0
1748635826238,-18750000,4406154,5278574,2236046,0,0,0,0,0,0,0
1748635826338,-18750000,4384160,5315231,2236046,0,0,0,0,0,0,0
1748635826438,-18750000,4365831,5260248,2437661,0,0,0,0,0,0,0
1748635826538,-18750000,4336505,5223592,2822557,0,0,0,0,0,0,0
1748635826638,-18750000,4332839,5241922,3354082,0,0,0,0,0,0,0
1748635826738,-18750000,4329174,5223592,4032236,0,0,0,0,0,0,0
1748635826838,-18750000,4321843,5241918,4692059,0,0,0,0,0,0,0
1748635826938,-18750000,4343837,5205262,5406869,0,0,0,0,0,0,0
1748635827038,-18750000,4358500,5278574,6194992,0,0,0,0,0,0,0
1748635827138,-18750000,4380494,5260248,6983114,0,0,0,0,0,0,0
1748635827238,-18750000,4424482,5315231,7771237,0,0,0,0,0,0,0
1748635827338,-18750000,4453808,5443529,8559359,0,0,0,0,0,0,0
1748635827438,-18750000,4490465,5516842,8870943,0,0,0,0,0,0,0
1748635827538,-18750000,4552781,5571828,8815961,0,0,0,0,0,0,0
1748635827638,-18750000,4600435,5663471,8596019,0,0,0,0,0,0,0
1748635827738,-18750000,4629760,5681801,8174467,0,0,0,0,0,0,0
1748635827838,-18750000,4651755,5681801,7679598,0,0,0,0,0,0,0
1748635827938,-18750000,4655420,5773443,7129747,0,0,0,0,0,0,0
1748635828038,-18750000,4670083,5755113,6488253,0,0,0,0,0,0,0
1748635828138,-18750000,4659086,5810096,5810103,0,0,0,0,0,0,0
1748635828238,-18750000,4644423,5810096,5095297,0,0,0,0,0,0,0
1748635828338,-18750000,4637092,5736783,4380487,0,0,0,0,0,0,0
1748635828438,-18750000,4618763,5700127,4142216,0,0,0,0,0,0,0
1748635828538,-18750000,4578441,5681797,4197198,0,0,0,0,0,0,0
1748635828638,-18750000,4556447,5663467,4490456,0,0,0,0,0,0,0
1748635828738,-18750000,4552781,5626811,4875352,0,0,0,0,0,0,0
1748635828838,-18750000,4578441,5626811,5370220,0,0,0,0,0,0,0
1748635828938,-18750000,4596770,5645141,5975058,0,0,0,0,0,0,0
1748635829038,-18750000,4604101,5736783,6616552,0,0,0,0,0,0,0
1748635829138,-18750000,4640758,5755113,7294702,0,0,0,0,0,0,0
1748635829238,-18750000,4695743,5828429,8027838,0,0,0,0,0,0,0
1748635829338,-18750000,4732400,5865086,8779304,0,0,0,0,0,0,0
1748635829438,-18750000,4776389,5956728,9035902,0,0,0,0,0,0,0
1748635829538,-18750000,4838705,5993384,8962589,0,0,0,0,0,0,0
1748635829638,-18750000,4890026,5975054,8632676,0,0,0,0,0,0,0
1748635829738,-18750000,4915685,6066697,8302762,0,0,0,0,0,0,0
1748635829838,-18750000,4926683,6103357,7899536,0,0,0,0,0,0,0
1748635829938,-18750000,4948677,6030041,7331354,0,0,0,0,0,0,0
1748635830038,-18750000,4945011,5920072,6616544,0,0,0,0,0,0,0
1748635830138,-18750000,4926683,5920072,5956721,0,0,0,0,0,0,0
1748635830238,-18750000,4908354,5938398,5223584,0,0,0,0,0,0,0
1748635830338,-18750000,4901023,5956728,4417132,0,0,0,0,0,0,0
1748635830438,-18750000,4871697,5828429,3940593,0,0,0,0,0,0,0
1748635830538,-18750000,4842371,5810103,3592353,0,0,0,0,0,0,0
1748635830638,-18750000,4805714,5718461,3335756,0,0,0,0,0,0,0
1748635830738,-18750000,4783720,5700131,3115814,0,0,0,0,0,0,0
1748635830838,-18750000,4754394,5645144,2859217,0,0,0,0,0,0,0
1748635830938,-18750000,4725068,5681804,2694258,0,0,0,0,0,0,0
1748635831038,-18750000,4703075,5700131,2620946,0,0,0,0,0,0,0
1748635831138,-18750000,4688412,5681801,2510977,0,0,0,0,0,0,0
1748635831238,-18750000,4655421,5535176,2419334,0,0,0,0,0,0,0
1748635831338,-18750000,4629761,5425203,2364352,0,0,0,0,0,0,0
1748635831438,-18750000,4618763,5351887,2254383,0,0,0,0,0,0,0
1748635831538,-18750000,4596770,5223584,2291039,0,0,0,0,0,0,0
1748635831638,-18750000,4549115,5333557,2272709,0,0,0,0,0,0,0
1748635831738,-18750000,4490465,5315227,2272709,0,0,0,0,0,0,0
1748635831838,-18750000,4464805,5315227,2236053,0,0,0,0,0,0,0
1748635831938,-18750000,4420817,5333553,2181070,0,0,0,0,0,0,0
1748635832038,-18750000,4373162,5241911,2144414,0,0,0,0,0,0,0
1748635832138,-18750000,4340171,5113612,2126084,0,0,0,0,0,0,0
1748635832238,-18750000,4296183,5095282,2126084,0,0,0,0,0,0,0
1748635832338,-18750000,4255861,5003639,2107754,0,0,0,0,0,0,0
1748635832438,-18750000,4189879,5076956,2437664,0,0,0,0,0,0,0
1748635832538,-18750000,4134893,5131942,2859217,0,0,0,0,0,0,0
1748635832638,-18750000,4127562,5003643,3464058,0,0,0,0,0,0,0
1748635832738,-18750000,4131228,5003643,4087225,0,0,0,0,0,0,0
1748635832838,-18750000,4120231,4985313,4765375,0,0,0,0,0,0,0
1748635832938,-18750000,4127562,4930327,5516842,0,0,0,0,0,0,0
1748635833038,-18750000,4160553,5021969,6268308,0,0,0,0,0,0,0
1748635833138,-18750000,4167884,5113612,7038104,0,0,0,0,0,0,0
1748635833238,-18750000,4215538,5260241,7862883,0,0,0,0,0,0,0
1748635833338,-18750000,4248529,5370213,8651005,0,0,0,0,0,0,0
1748635833438,-18750000,4325508,5406869,8889277,0,0,0,0,0,0,0
1748635833538,-18750000,4409819,5406869,8760978,0,0,0,0,0,0,0
1748635833638,-18750000,4464804,5498512,8449394,0,0,0,0,0,0,0
1748635833738,-18750000,4508792,5480185,8027842,0,0,0,0,0,0,0
1748635833838,-18750000,4545449,5535172,7587959,0,0,0,0,0,0,0
1748635833938,-18750000,4571109,5406873,7038104,0,0,0,0,0,0,0
1748635834038,-18750000,4585772,5370217,6414937,0,0,0,0,0,0,0
1748635834138,-18750000,4604101,5388547,5663471,0,0,0,0,0,0,0
1748635834238,-18750000,4589438,5296904,5003647,0,0,0,0,0,0,0
1748635834338,-18750000,4574776,5333560,4307167,0,0,0,0,0,0,0
1748635834438,-18750000,4545450,5296904,4087226,0,0,0,0,0,0,0
1748635834538,-18750000,4527122,5296904,4288841,0,0,0,0,0,0,0
1748635834638,-18750000,4494130,5260248,4563764,0,0,0,0,0,0,0
1748635834738,-18750000,4486798,5278574,4985317,0,0,0,0,0,0,0
1748635834838,-18750000,4479467,5260244,5425199,0,0,0,0,0,0,0
1748635834938,-18750000,4494130,5406873,5975054,0,0,0,0,0,0,0
1748635835038,-18750000,4516124,5406873,6598222,0,0,0,0,0,0,0
1748635835138,-18750000,4534452,5443529,7368014,0,0,0,0,0,0,0
1748635835238,-18750000,4567443,5461856,8009508,0,0,0,0,0,0,0
1748635835338,-18750000,4622429,5498512,8760974,0,0,0,0,0,0,0
1748635835438,-18750000,4677414,5571824,9017572,0,0,0,0,0,0,0
1748635835538,-18750000,4703075,5626811,8889273,0,0,0,0,0,0,0
1748635835638,-18750000,4754395,5626811,8614349,0,0,0,0,0,0,0
1748635835738,-18750000,4787387,5626811,8211123,0,0,0,0,0,0,0
1748635835838,-18750000,4827709,5626811,7807897,0,0,0,0,0,0,0
1748635835938,-18750000,4835040,5498512,7221386,0,0,0,0,0,0,0
1748635836038,-18750000,4849703,5645141,6616544,0,0,0,0,0,0,0
1748635836138,-18750000,4860701,5553498,5920064,0,0,0,0,0,0,0
1748635836238,-18750000,4857035,5535172,5241914,0,0,0,0,0,0,0
1748635836338,-18750000,4820378,5535172,4508778,0,0,0,0,0,0,0
1748635836438,-18750000,4813047,5516842,3977253,0,0,0,0,0,0,0
1748635836538,-18750000,4783721,5406869,3610683,0,0,0,0,0,0,0
1748635836638,-18750000,4754396,5498512,3299099,0,0,0,0,0,0,0
1748635836738,-18750000,4714073,5480186,3060832,0,0,0,0,0,0,0
1748635836838,-18750000,4662753,5535172,2804234,0,0,0,0,0,0,0
1748635836938,-18750000,4651756,5571828,2639279,0,0,0,0,0,0,0
1748635837038,-18750000,4604102,5461856,2529311,0,0,0,0,0,0,0
1748635837138,-18750000,4563779,5498512,2382682,0,0,0,0,0,0,0
1748635837238,-18750000,4512459,5480182,2254383,0,0,0,0,0,0,0
1748635837338,-18750000,4494131,5333553,2162740,0,0,0,0,0,0,0
1748635837438,-18750000,4453808,5315227,2401012,0,0,0,0,0,0,0
1748635837538,-18750000,4428148,5425199,2767582,0,0,0,0,0,0,0
1748635837638,-18750000,4409819,5406869,3372419,0,0,0,0,0,0,0
1748635837738,-18750000,4406154,5296897,3995587,0,0,0,0,0,0,0
1748635837838,-18750000,4413485,5241911,4637084,0,0,0,0,0,0,0
1748635837938,-18750000,4395157,5241911,5315234,0,0,0,0,0,0,0
1748635838038,-18750000,4413485,5241911,6085027,0,0,0,0,0,0,0
1748635838138,-18750000,4424483,5186924,6909809,0,0,0,0,0,0,0
1748635838238,-18750000,4464805,5260241,7716258,0,0,0,0,0,0,0
1748635838338,-18750000,4508793,5333557,8541037,0,0,0,0,0,0,0
1748635838438,-18750000,4541785,5351883,8779304,0,0,0,0,0,0,0
1748635838538,-18750000,4604102,5333553,8705988,0,0,0,0,0,0,0
1748635838638,-18750000,4640759,5278567,8376074,0,0,0,0,0,0,0
1748635838738,-18750000,4670084,5461852,7972848,0,0,0,0,0,0,0
1748635838838,-18750000,4699409,5480182,7587948,0,0,0,0,0,0,0
1748635838938,-18750000,4717738,5571824,7093083,0,0,0,0,0,0,0
1748635839038,-18750000,4739732,5571824,6451589,0,0,0,0,0,0,0
1748635839138,-18750000,4739732,5700127,5773436,0,0,0,0,0,0,0
1748635839238,-18750000,4736066,5736783,5058629,0,0,0,0,0,0,0
1748635839338,-18750000,4714072,5791766,4307163,0,0,0,0,0,0,0
1748635839438,-18750000,4714072,5791766,3903937,0,0,0,0,0,0,0
1748635839538,-18750000,4692077,5791766,3610683,0,0,0,0,0,0,0
1748635839638,-18750000,4659086,5773439,3354085,0,0,0,0,0,0,0
1748635839738,-18750000,4633427,5700127,3097488,0,0,0,0,0,0,0
1748635839838,-18750000,4593104,5718457,2822564,0,0,0,0,0,0,0
1748635839938,-18750000,4560113,5681801,2675935,0,0,0,0,0,0,0
1748635840038,-18750000,4497796,5645144,2565963,0,0,0,0,0,0,0
1748635840138,-18750000,4483133,5608484,2455994,0,0,0,0,0,0,0
1748635840238,-18750000,4464804,5480186,2382678,0,0,0,0,0,0,0
1748635840338,-18750000,4428148,5425203,2309365,0,0,0,0,0,0,0
1748635840438,-18750000,4362165,5315234,2510980,0,0,0,0,0,0,0
1748635840538,-18750000,4329174,5223592,2895877,0,0,0,0,0,0,0
1748635840638,-18750000,4307180,5186932,3464058,0,0,0,0,0,0,0
1748635840738,-18750000,4292517,5205258,4050565,0,0,0,0,0,0,0
1748635840838,-18750000,4288852,5113616,4765375,0,0,0,0,0,0,0
1748635840938,-18750000,4303514,5168602,5480185,0,0,0,0,0,0,0
1748635841038,-18750000,4336505,5095289,6121683,0,0,0,0,0,0,0
1748635841138,-18750000,4343837,5058633,6854819,0,0,0,0,0,0,0
1748635841238,-18750000,4362166,5113616,7606285,0,0,0,0,0,0,0
1748635841338,-18750000,4395157,5205258,8412734,0,0,0,0,0,0,0
1748635841438,-18750000,4461140,5315227,8632676,0,0,0,0,0,0,0
1748635841538,-18750000,4508794,5425199,8522707,0,0,0,0,0,0,0
1748635841638,-18750000,4567445,5516842,8174467,0,0,0,0,0,0,0
1748635841738,-18750000,4622431,5535172,7807901,0,0,0,0,0,0,0
1748635841838,-18750000,4655422,5553498,7331358,0,0,0,0,0,0,0
1748635841938,-18750000,4662753,5461856,6781503,0,0,0,0,0,0,0
1748635842038,-18750000,4670084,5553498,6213322,0,0,0,0,0,0,0
1748635842138,-18750000,4681081,5590154,5590154,0,0,0,0,0,0,0
1748635842238,-18750000,4677416,5608484,4893674,0,0,0,0,0,0,0
1748635842338,-18750000,4673750,5663467,4160538,0,0,0,0,0,0,0
1748635842438,-18750000,4644424,5645141,3720656,0,0,0,0,0,0,0
1748635842538,-18750000,4611432,5608484,3409072,0,0,0,0,0,0,0
1748635842638,-18750000,4582106,5590158,3170804,0,0,0,0,0,0,0
1748635842738,-18750000,4534452,5461859,3005846,0,0,0,0,0,0,0
1748635842838,-18750000,4523455,5498516,2767578,0,0,0,0,0,0,0
1748635842938,-18750000,4497795,5535172,2620949,0,0,0,0,0,0,0
1748635843038,-18750000,4461138,5645141,2510977,0,0,0,0,0,0,0
1748635843138,-18750000,4439144,5608484,2401008,0,0,0,0,0,0,0
1748635843238,-18750000,4413485,5608484,2382678,0,0,0,0,0,0,0
1748635843338,-18750000,4376828,5480185,2291035,0,0,0,0,0,0,0
1748635843438,-18750000,4351168,5406869,2474320,0,0,0,0,0,0,0
1748635843538,-18750000,4307180,5388539,2877547,0,0,0,0,0,0,0
1748635843638,-18750000,4281520,5406866,3445728,0,0,0,0,0,0,0
1748635843738,-18750000,4274189,5461852,4032239,0,0,0,0,0,0,0
1748635843838,-18750000,4259526,5443526,4710389,0,0,0,0,0,0,0
1748635843938,-18750000,4259526,5480182,5406873,0,0,0,0,0,0,0
1748635844038,-18750000,4296183,5333557,6194996,0,0,0,0,0,0,0
1748635844138,-18750000,4325509,5351887,7001444,0,0,0,0,0,0,0
1748635844238,-18750000,4362166,5278574,7716254,0,0,0,0,0,0,0
1748635844338,-18750000,4413486,5315231,8504377,0,0,0,0,0,0,0
1748635844438,-18750000,4453808,5425203,8779301,0,0,0,0,0,0,0
1748635844538,-18750000,4516125,5461859,8669328,0,0,0,0,0,0,0
1748635844638,-18750000,4571110,5461859,8412731,0,0,0,0,0,0,0
1748635844738,-18750000,4615099,5516842,8009504,0,0,0,0,0,0,0
1748635844838,-18750000,4640758,5590154,7477979,0,0,0,0,0,0,0
1748635844938,-18750000,4655422,5590154,6891468,0,0,0,0,0,0,0
1748635845038,-18750000,4651756,5645137,6268304,0,0,0,0,0,0,0
1748635845138,-18750000,4648090,5608481,5608480,0,0,0,0,0,0,0
1748635845238,-18750000,4618764,5645137,4912000,0,0,0,0,0,0,0
1748635845338,-18750000,4604101,5645137,4160534,0,0,0,0,0,0,0
1748635845438,-18750000,4589438,5590151,3903937,0,0,0,0,0,0,0
1748635845538,-18750000,4567444,5626811,4050565,0,0,0,0,0,0,0
1748635845638,-18750000,4549116,5608484,4398805,0,0,0,0,0,0,0
1748635845738,-18750000,4541785,5663471,4820362,0,0,0,0,0,0,0
1748635845838,-18750000,4527122,5590158,5351887,0,0,0,0,0,0,0
1748635845938,-18750000,4567445,5571828,5975054,0,0,0,0,0,0,0
1748635846038,-18750000,4589439,5645144,6561562,0,0,0,0,0,0,0
1748635846138,-18750000,4596770,5755113,7203059,0,0,0,0,0,0,0
1748635846238,-18750000,4644425,5810099,7972856,0,0,0,0,0,0,0
1748635846338,-18750000,4673750,5810099,8742652,0,0,0,0,0,0,0
1748635846438,-18750000,4725070,5846756,8980923,0,0,0,0,0,0,0
1748635846538,-18750000,4772723,5828426,8852624,0,0,0,0,0,0,0
1748635846638,-18750000,4809380,5846752,8486054,0,0,0,0,0,0,0
1748635846738,-18750000,4827708,5810096,8064498,0,0,0,0,0,0,0
1748635846838,-18750000,4864365,5865082,7624615,0,0,0,0,0,0,0
1748635846938,-18750000,4857034,5810099,7019778,0,0,0,0,0,0,0
1748635847038,-18750000,4857034,5718457,6414940,0,0,0,0,0,0,0
1748635847138,-18750000,4860700,5608488,5773443,0,0,0,0,0,0,0
1748635847238,-18750000,4849703,5516846,5058633,0,0,0,0,0,0,0
1748635847338,-18750000,4842371,5608488,4343823,0,0,0,0,0,0,0
1748635847438,-18750000,4802049,5590162,3848954,0,0,0,0,0,0,0
1748635847538,-18750000,4783721,5571832,3537370,0,0,0,0,0,0,0
1748635847638,-18750000,4750730,5571832,3335759,0,0,0,0,0,0,0
1748635847738,-18750000,4721404,5480189,3097492,0,0,0,0,0,0,0
1748635847838,-18750000,4681081,5388547,2895880,0,0,0,0,0,0,0
1748635847938,-18750000,4655421,5406873,2822564,0,0,0,0,0,0,0
1748635848038,-18750000,4640759,5425199,2675936,0,0,0,0,0,0,0
1748635848138,-18750000,4615099,5425199,2565967,0,0,0,0,0,0,0
1748635848238,-18750000,4582107,5535168,2437668,0,0,0,0,0,0,0
1748635848338,-18750000,4549115,5388543,2364356,0,0,0,0,0,0,0
1748635848438,-18750000,4534452,5425199,2675939,0,0,0,0,0,0,0
1748635848538,-18750000,4486798,5425199,3134148,0,0,0,0,0,0,0
1748635848638,-18750000,4472136,5370217,3665673,0,0,0,0,0,0,0
1748635848738,-18750000,4446476,5388547,4325497,0,0,0,0,0,0,0
1748635848838,-18750000,4453807,5425203,5021977,0,0,0,0,0,0,0
1748635848938,-18750000,4461139,5461859,5645144,0,0,0,0,0,0,0
1748635849038,-18750000,4479467,5480189,6414941,0,0,0,0,0,0,0
1748635849138,-18750000,4501461,5553502,7148077,0,0,0,0,0,0,0
1748635849238,-18750000,4527121,5480189,8027842,0,0,0,0,0,0,0
1748635849338,-18750000,4567444,5553502,8870951,0,0,0,0,0,0,0
1748635849438,-18750000,4596770,5553502,9017579,0,0,0,0,0,0,0
1748635849538,-18750000,4662752,5608488,8944267,0,0,0,0,0,0,0
1748635849638,-18750000,4703074,5663471,8614353,0,0,0,0,0,0,0
1748635849738,-18750000,4743397,5718453,8174471,0,0,0,0,0,0,0
1748635849838,-18750000,4769057,5755109,7679602,0,0,0,0,0,0,0
1748635849938,-18750000,4780054,5755109,7074764,0,0,0,0,0,0,0
1748635850038,-18750000,4765391,5700123,6359954,0,0,0,0,0,0,0
1748635850138,-18750000,4747063,5700123,5718461,0,0,0,0,0,0,0
1748635850238,-18750000,4747063,5755109,4966994,0,0,0,0,0,0,0
1748635850338,-18750000,4725068,5755109,4252184,0,0,0,0,0,0,0
1748635850438,-18750000,4714071,5626811,3812302,0,0,0,0,0,0,0
1748635850538,-18750000,4684746,5535168,3427406,0,0,0,0,0,0,0
1748635850638,-18750000,4633426,5535168,3189134,0,0,0,0,0,0,0
1748635850738,-18750000,4618764,5516842,3005849,0,0,0,0,0,0,0
1748635850838,-18750000,4574775,5443529,2822564,0,0,0,0,0,0,0
1748635850938,-18750000,4549115,5443529,2730922,0,0,0,0,0,0,0
1748635851038,-18750000,4516124,5461859,2675936,0,0,0,0,0,0,0
1748635851138,-18750000,4512459,5351887,2565963,0,0,0,0,0,0,0
1748635851238,-18750000,4486798,5315227,2437664,0,0,0,0,0,0,0
1748635851338,-18750000,4464805,5315227,2309366,0,0,0,0,0,0,0
1748635851438,-18750000,4431814,5406869,2510977,0,0,0,0,0,0,0
1748635851538,-18750000,4398822,5443526,2969186,0,0,0,0,0,0,0
1748635851638,-18750000,4376828,5388543,3464054,0,0,0,0,0,0,0
1748635851738,-18750000,4351169,5388543,4068892,0,0,0,0,0,0,0
1748635851838,-18750000,4358501,5425199,4692059,0,0,0,0,0,0,0
1748635851938,-18750000,4351169,5333557,5388539,0,0,0,0,0,0,0
1748635852038,-18750000,4369497,5351883,6176662,0,0,0,0,0,0,0
1748635852138,-18750000,4402488,5388543,6946458,0,0,0,0,0,0,0
1748635852238,-18750000,4424483,5406873,7771237,0,0,0,0,0,0,0
1748635852338,-18750000,4457474,5333561,8596016,0,0,0,0,0,0,0
1748635852438,-18750000,4490465,5370217,8834287,0,0,0,0,0,0,0
1748635852538,-18750000,4530788,5425203,8705988,0,0,0,0,0,0,0
1748635852638,-18750000,4585772,5480186,8412734,0,0,0,0,0,0,0
1748635852738,-18750000,4622429,5516842,7954526,0,0,0,0,0,0,0
1748635852838,-18750000,4662752,5553498,7459661,0,0,0,0,0,0,0
1748635852938,-18750000,4706741,5645141,6873149,0,0,0,0,0,0,0
1748635853038,-18750000,4732400,5645141,6213325,0,0,0,0,0,0,0
1748635853138,-18750000,4717738,5681797,5535172,0,0,0,0,0,0,0
1748635853238,-18750000,4721404,5663467,4783705,0,0,0,0,0,0,0
1748635853338,-18750000,4721404,5608481,3995583,0,0,0,0,0,0,0
1748635853438,-18750000,4714073,5590151,3500714,0,0,0,0,0,0,0
1748635853538,-18750000,4688413,5535164,3170804,0,0,0,0,0,0,0
1748635853638,-18750000,4659088,5498508,2969189,0,0,0,0,0,0,0
1748635853738,-18750000,4633428,5461852,2840887,0,0,0,0,0,0,0
1748635853838,-18750000,4589440,5333553,2730914,0,0,0,0,0,0,0
1748635853938,-18750000,4549117,5260241,2584289,0,0,0,0,0,0,0
1748635854038,-18750000,4494131,5296901,2455991,0,0,0,0,0,0,0
1748635854138,-18750000,4461139,5186928,2364348,0,0,0,0,0,0,0
1748635854238,-18750000,4409819,5168602,2291036,0,0,0,0,0,0,0
1748635854338,-18750000,4376828,5205258,2217719,0,0,0,0,0,0,0
1748635854438,-18750000,4343837,5131946,2492647,0,0,0,0,0,0,0
1748635854538,-18750000,4310846,5113619,2859217,0,0,0,0,0,0,0
1748635854638,-18750000,4292517,5113619,3390742,0,0,0,0,0,0,0
1748635854738,-18750000,4281520,5040303,3958927,0,0,0,0,0,0,0
1748635854838,-18750000,4274189,5113616,4563764,0,0,0,0,0,0,0
1748635854938,-18750000,4281520,5168602,5278574,0,0,0,0,0,0,0
1748635855038,-18750000,4321843,5021973,6048370,0,0,0,0,0,0,0
1748635855138,-18750000,4347503,5076959,6799837,0,0,0,0,0,0,0
1748635855238,-18750000,4398823,5150272,7606285,0,0,0,0,0,0,0
1748635855338,-18750000,4424483,5315227,8467724,0,0,0,0,0,0,0
1748635855438,-18750000,4483133,5406869,8687665,0,0,0,0,0,0,0
1748635855538,-18750000,4549116,5461856,8669335,0,0,0,0,0,0,0
1748635855638,-18750000,4593104,5498512,8394412,0,0,0,0,0,0,0
1748635855738,-18750000,4626095,5571828,8027842,0,0,0,0,0,0,0
1748635855838,-18750000,4648089,5590158,7587959,0,0,0,0,0,0,0
1748635855938,-18750000,4666417,5571828,7093091,0,0,0,0,0,0,0
1748635856038,-18750000,4662751,5718457,6414937,0,0,0,0,0,0,0
1748635856138,-18750000,4659086,5736787,5736787,0,0,0,0,0,0,0
1748635856238,-18750000,4640758,5700131,5021981,0,0,0,0,0,0,0
1748635856338,-18750000,4637092,5571832,4307171,0,0,0,0,0,0,0
1748635856438,-18750000,4611432,5461859,4123886,0,0,0,0,0,0,0
1748635856538,-18750000,4589438,5425199,4288841,0,0,0,0,0,0,0
1748635856638,-18750000,4578440,5425199,4618751,0,0,0,0,0,0,0
1748635856738,-18750000,4560112,5535168,4985321,0,0,0,0,0,0,0
1748635856838,-18750000,4567444,5516838,5406877,0,0,0,0,0,0,0
1748635856938,-18750000,4563778,5535168,5920072,0,0,0,0,0,0,0
1748635857038,-18750000,4578441,5590151,6579896,0,0,0,0,0,0,0
1748635857138,-18750000,4615098,5645133,7294702,0,0,0,0,0,0,0
1748635857238,-18750000,4648089,5645133,8064494,0,0,0,0,0,0,0
1748635857338,-18750000,4666417,5736776,8760974,0,0,0,0,0,0,0
1748635857438,-18750000,4706740,5883404,8962586,0,0,0,0,0,0,0
1748635857538,-18750000,4765392,5828422,8834287,0,0,0,0,0,0,0
1748635857638,-18750000,4783720,5920064,8522703,0,0,0,0,0,0,0
1748635857738,-18750000,4824043,5901738,8211119,0,0,0,0,0,0,0
1748635857838,-18750000,4846037,5956724,7807893,0,0,0,0,0,0,0
1748635857938,-18750000,4868031,6066693,7221382,0,0,0,0,0,0,0
1748635858038,-18750000,4890026,5993381,6616544,0,0,0,0,0,0,0
1748635858138,-18750000,4904688,6011711,5956720,0,0,0,0,0,0,0
1748635858238,-18750000,4915685,6011711,5205254,0,0,0,0,0,0,0
1748635858338,-18750000,4901023,5920068,4490448,0,0,0,0,0,0,0
1748635858438,-18750000,4893692,5865082,4087222,0,0,0,0,0,0,0
1748635858538,-18750000,4835040,5920064,3702325,0,0,0,0,0,0,0
1748635858638,-18750000,4824043,5846752,3445728,0,0,0,0,0,0,0
1748635858738,-18750000,4791051,5791766,3207457,0,0,0,0,0,0,0
1748635858838,-18750000,4754394,5791766,2950859,0,0,0,0,0,0,0
1748635858938,-18750000,4710406,5663467,2859217,0,0,0,0,0,0,0
1748635859038,-18750000,4681080,5645137,2767574,0,0,0,0,0,0,0
1748635859138,-18750000,4622429,5663467,2620949,0,0,0,0,0,0,0
1748635859238,-18750000,4578441,5590154,2510980,0,0,0,0,0,0,0
1748635859338,-18750000,4552781,5663471,2437664,0,0,0,0,0,0,0
1748635859438,-18750000,4508792,5663471,2620949,0,0,0,0,0,0,0
1748635859538,-18750000,4497796,5590158,3115818,0,0,0,0,0,0,0
1748635859638,-18750000,4472136,5590158,3647343,0,0,0,0,0,0,0
1748635859738,-18750000,4472136,5553502,4197198,0,0,0,0,0,0,0
1748635859838,-18750000,4479467,5535172,4893678,0,0,0,0,0,0,0
1748635859938,-18750000,4497796,5571828,5535175,0,0,0,0,0,0,0
1748635860038,-18750000,4501462,5571828,6249985,0,0,0,0,0,0,0
1748635860138,-18750000,4534453,5553498,7038108,0,0,0,0,0,0,0
1748635860238,-18750000,4567444,5626811,7881217,0,0,0,0,0,0,0
1748635860338,-18750000,4611432,5608481,8687669,0,0,0,0,0,0,0
1748635860438,-18750000,4644424,5663467,8907610,0,0,0,0,0,0,0
1748635860538,-18750000,4695743,5718453,8760982,0,0,0,0,0,0,0
1748635860638,-18750000,4739731,5700123,8467728,0,0,0,0,0,0,0
1748635860738,-18750000,4761726,5736779,8101158,0,0,0,0,0,0,0
1748635860838,-18750000,4783720,5736779,7606289,0,0,0,0,0,0,0
1748635860938,-18750000,4791052,5773439,7074764,0,0,0,0,0,0,0
1748635861038,-18750000,4791052,5791769,6433267,0,0,0,0,0,0,0
1748635861138,-18750000,4772723,5791769,5773443,0,0,0,0,0,0,0
1748635861238,-18750000,4776389,5791769,5021977,0,0,0,0,0,0,0
1748635861338,-18750000,4776389,5810099,4233854,0,0,0,0,0,0,0
1748635861438,-18750000,4776389,5791773,3757316,0,0,0,0,0,0,0
1748635861538,-18750000,4750730,5700131,3427402,0,0,0,0,0,0,0
1748635861638,-18750000,4721404,5681804,3152474,0,0,0,0,0,0,0
1748635861738,-18750000,4695744,5663474,2950859,0,0,0,0,0,0,0
1748635861838,-18750000,4670084,5553506,2767574,0,0,0,0,0,0,0
1748635861938,-18750000,4655422,5516846,2657602,0,0,0,0,0,0,0
1748635862038,-18750000,4622430,5425203,2547633,0,0,0,0,0,0,0
1748635862138,-18750000,4596770,5351891,2437661,0,0,0,0,0,0,0
1748635862238,-18750000,4538119,5260248,2382674,0,0,0,0,0,0,0
1748635862338,-18750000,4501462,5168606,2346018,0,0,0,0,0,0,0
1748635862438,-18750000,4461139,5113619,2602616,0,0,0,0,0,0,0
1748635862538,-18750000,4420816,5205262,3005842,0,0,0,0,0,0,0
1748635862638,-18750000,4402487,5223588,3555693,0,0,0,0,0,0,0
1748635862738,-18750000,4376828,5131946,4105548,0,0,0,0,0,0,0
1748635862838,-18750000,4365830,5205258,4747046,0,0,0,0,0,0,0
1748635862938,-18750000,4351167,5186932,5443529,0,0,0,0,0,0,0
1748635863038,-18750000,4376827,5260244,6140009,0,0,0,0,0,0,0
1748635863138,-18750000,4402487,5315227,6873149,0,0,0,0,0,0,0
1748635863238,-18750000,4446475,5333557,7642942,0,0,0,0,0,0,0
1748635863338,-18750000,4475801,5406869,8486051,0,0,0,0,0,0,0
1748635863438,-18750000,4523455,5535168,8687666,0,0,0,0,0,0,0
1748635863538,-18750000,4582107,5516838,8614353,0,0,0,0,0,0,0
1748635863638,-18750000,4622430,5535168,8302769,0,0,0,0,0,0,0
1748635863738,-18750000,4681081,5663471,7954529,0,0,0,0,0,0,0
1748635863838,-18750000,4717738,5718457,7514647,0,0,0,0,0,0,0
1748635863938,-18750000,4736066,5718457,6964792,0,0,0,0,0,0,0
1748635864038,-18750000,4739732,5736787,6341624,0,0,0,0,0,0,0
1748635864138,-18750000,4747063,5755117,5755113,0,0,0,0,0,0,0
1748635864238,-18750000,4728734,5810099,5058633,0,0,0,0,0,0,0
1748635864338,-18750000,4710406,5773443,4288837,0,0,0,0,0,0,0
1748635864438,-18750000,4677415,5663471,4105552,0,0,0,0,0,0,0
1748635864538,-18750000,4637092,5718457,4215521,0,0,0,0,0,0,0
1748635864638,-18750000,4637092,5645144,4563764,0,0,0,0,0,0,0
1748635864738,-18750000,4622429,5700127,4985317,0,0,0,0,0,0,0
1748635864838,-18750000,4600435,5736783,5443525,0,0,0,0,0,0,0
1748635864938,-18750000,4611432,5736783,5975050,0,0,0,0,0,0,0
1748635865038,-18750000,4622429,5755113,6653204,0,0,0,0,0,0,0
1748635865138,-18750000,4648089,5755113,7239715,0,0,0,0,0,0,0
1748635865238,-18750000,4688412,5828429,7954525,0,0,0,0,0,0,0
1748635865338,-18750000,4732400,5901742,8705992,0,0,0,0,0,0,0
1748635865438,-18750000,4776389,5901742,8925933,0,0,0,0,0,0,0
1748635865538,-18750000,4813046,5920072,8779308,0,0,0,0,0,0,0
1748635865638,-18750000,4838705,6085027,8467724,0,0,0,0,0,0,0
1748635865738,-18750000,4864365,6030044,8027842,0,0,0,0,0,0,0
1748635865838,-18750000,4901022,5975058,7532977,0,0,0,0,0,0,0
1748635865938,-18750000,4926682,5993384,7019782,0,0,0,0,0,0,0
1748635866038,-18750000,4937679,5993384,6396614,0,0,0,0,0,0,0
1748635866138,-18750000,4919351,5975054,5773447,0,0,0,0,0,0,0
1748635866238,-18750000,4908353,5865082,5040311,0,0,0,0,0,0,0
1748635866338,-18750000,4890025,5755113,4307174,0,0,0,0,0,0,0
1748635866438,-18750000,4879027,5755113,3812305,0,0,0,0,0,0,0
1748635866538,-18750000,4868030,5718453,3519048,0,0,0,0,0,0,0
1748635866638,-18750000,4838704,5553498,3280777,0,0,0,0,0,0,0
1748635866738,-18750000,4794716,5516838,3097492,0,0,0,0,0,0,0
1748635866838,-18750000,4769056,5425196,2932533,0,0,0,0,0,0,0
1748635866938,-18750000,4736065,5461856,2785904,0,0,0,0,0,0,0
1748635867038,-18750000,4717737,5406869,2657605,0,0,0,0,0,0,0
1748635867138,-18750000,4692077,5406869,2510977,0,0,0,0,0,0,0
1748635867238,-18750000,4648089,5425199,2474317,0,0,0,0,0,0,0
1748635867338,-18750000,4604101,5480182,2382674,0,0,0,0,0,0,0
1748635867438,-18750000,4549115,5461856,2620945,0,0,0,0,0,0,0
1748635867538,-18750000,4527122,5370213,3097488,0,0,0,0,0,0,0
1748635867638,-18750000,4486799,5370213,3629013,0,0,0,0,0,0,0
1748635867738,-18750000,4486799,5351887,4252180,0,0,0,0,0,0,0
1748635867838,-18750000,4479468,5443529,4893678,0,0,0,0,0,0,0
1748635867938,-18750000,4468471,5443529,5553502,0,0,0,0,0,0,0
1748635868038,-18750000,4479468,5480186,6268312,0,0,0,0,0,0,0
1748635868138,-18750000,4494131,5480186,7074764,0,0,0,0,0,0,0
1748635868238,-18750000,4552782,5498512,7844561,0,0,0,0,0,0,0
1748635868338,-18750000,4622430,5553498,8651009,0,0,0,0,0,0,0
1748635868438,-18750000,4688413,5663467,8852621,0,0,0,0,0,0,0
1748635868538,-18750000,4728735,5773439,8705992,0,0,0,0,0,0,0
1748635868638,-18750000,4780055,5883408,8449394,0,0,0,0,0,0,0
1748635868738,-18750000,4798383,5956721,8046168,0,0,0,0,0,0,0
1748635868838,-18750000,4820378,5975051,7606286,0,0,0,0,0,0,0
1748635868938,-18750000,4846037,5956721,7074761,0,0,0,0,0,0,0
1748635869038,-18750000,4835040,5938391,6469919,0,0,0,0,0,0,0
1748635869138,-18750000,4846037,5956721,5828422,0,0,0,0,0,0,0
1748635869238,-18750000,4827708,5901738,5113612,0,0,0,0,0,0,0
1748635869338,-18750000,4783720,5883412,4380476,0,0,0,0,0,0,0
1748635869438,-18750000,4769056,5846756,3885607,0,0,0,0,0,0,0
1748635869538,-18750000,4739731,5901742,3574023,0,0,0,0,0,0,0
1748635869638,-18750000,4714072,5810099,3189123,0,0,0,0,0,0,0
1748635869738,-18750000,4706740,5681801,2987512,0,0,0,0,0,0,0
1748635869838,-18750000,4659086,5553502,2785897,0,0,0,0,0,0,0
1748635869938,-18750000,4626095,5498516,2639268,0,0,0,0,0,0,0
1748635870038,-18750000,4600435,5480189,2547625,0,0,0,0,0,0,0
1748635870138,-18750000,4552782,5461859,2419327,0,0,0,0,0,0,0
1748635870238,-18750000,4512460,5498515,2327684,0,0,0,0,0,0,0
1748635870338,-18750000,4490465,5388543,2309354,0,0,0,0,0,0,0
1748635870438,-18750000,4453808,5260244,2620938,0,0,0,0,0,0,0
1748635870538,-18750000,4409820,5150272,3042490,0,0,0,0,0,0,0
1748635870638,-18750000,4384160,5205258,3665658,0,0,0,0,0,0,0
1748635870738,-18750000,4362166,5296901,4233839,0,0,0,0,0,0,0
1748635870838,-18750000,4376828,5370213,4930323,0,0,0,0,0,0,0
1748635870938,-18750000,4398823,5388543,5608477,0,0,0,0,0,0,0
1748635871038,-18750000,4417151,5425199,6323287,0,0,0,0,0,0,0
1748635871138,-18750000,4453808,5443529,7093083,0,0,0,0,0,0,0
1748635871238,-18750000,4497796,5516842,7844549,0,0,0,0,0,0,0
1748635871338,-18750000,4523457,5626814,8596015,0,0,0,0,0,0,0
1748635871438,-18750000,4567446,5755113,8797630,0,0,0,0,0,0,0
1748635871538,-18750000,4626097,5846756,8669332,0,0,0,0,0,0,0
1748635871638,-18750000,4677416,5865086,8376078,0,0,0,0,0,0,0
1748635871738,-18750000,4732402,5865086,7991182,0,0,0,0,0,0,0
1748635871838,-18750000,4758061,5956728,7496313,0,0,0,0,0,0,0
1748635871938,-18750000,4769058,5993384,6909802,0,0,0,0,0,0,0
1748635872038,-18750000,4765392,5975054,6249978,0,0,0,0,0,0,0
1748635872138,-18750000,4769057,5901742,5590154,0,0,0,0,0,0,0
1748635872238,-18750000,4750729,5846756,4912004,0,0,0,0,0,0,0
1748635872338,-18750000,4739731,5828426,4160538,0,0,0,0,0,0,0
1748635872438,-18750000,4725068,5663471,3665669,0,0,0,0,0,0,0
1748635872538,-18750000,4688411,5535172,3409072,0,0,0,0,0,0,0
1748635872638,-18750000,4659085,5498512,3207461,0,0,0,0,0,0,0
1748635872738,-18750000,4611431,5461856,2950863,0,0,0,0,0,0,0
1748635872838,-18750000,4585772,5406869,2749248,0,0,0,0,0,0,0
1748635872938,-18750000,4560112,5388539,2639279,0,0,0,0,0,0,0
1748635873038,-18750000,4527121,5370213,2584293,0,0,0,0,0,0,0
1748635873138,-18750000,4479467,5351883,2474321,0,0,0,0,0,0,0
1748635873238,-18750000,4446476,5278571,2401004,0,0,0,0,0,0,0
1748635873338,-18750000,4420817,5241914,2309362,0,0,0,0,0,0,0
1748635873438,-18750000,4387826,5333557,2584289,0,0,0,0,0,0,0
1748635873538,-18750000,4380494,5370213,2932529,0,0,0,0,0,0,0
1748635873638,-18750000,4347503,5333557,3427394,0,0,0,0,0,0,0
1748635873738,-18750000,4329175,5296901,4068888,0,0,0,0,0,0,0
1748635873838,-18750000,4325510,5278574,4747042,0,0,0,0,0,0,0
1748635873938,-18750000,4343838,5241918,5443522,0,0,0,0,0,0,0
1748635874038,-18750000,4351169,5241918,6140006,0,0,0,0,0,0,0
1748635874138,-18750000,4373163,5315230,6854816,0,0,0,0,0,0,0
1748635874238,-18750000,4409820,5406873,7679598,0,0,0,0,0,0,0
1748635874338,-18750000,4461140,5516842,8522707,0,0,0,0,0,0,0
1748635874438,-18750000,4497797,5498512,8815961,0,0,0,0,0,0,0
1748635874538,-18750000,4541785,5535168,8742648,0,0,0,0,0,0,0
1748635874638,-18750000,4589439,5571824,8467724,0,0,0,0,0,0,0
1748635874738,-18750000,4622431,5645137,8009516,0,0,0,0,0,0,0
1748635874838,-18750000,4655422,5571821,7514647,0,0,0,0,0,0,0
1748635874938,-18750000,4659088,5626807,6928136,0,0,0,0,0,0,0
1748635875038,-18750000,4699410,5645133,6249982,0,0,0,0,0,0,0
1748635875138,-18750000,4721404,5608477,5590158,0,0,0,0,0,0,0
1748635875238,-18750000,4714072,5608477,4838692,0,0,0,0,0,0,0
1748635875338,-18750000,4692078,5535164,4068899,0,0,0,0,0,0,0
1748635875438,-18750000,4673749,5553494,3555704,0,0,0,0,0,0,0
1748635875538,-18750000,4640758,5516838,3262450,0,0,0,0,0,0,0
1748635875638,-18750000,4626095,5480182,3042509,0,0,0,0,0,0,0
1748635875738,-18750000,4596769,5461852,2859224,0,0,0,0,0,0,0
1748635875838,-18750000,4552781,5535168,2694269,0,0,0,0,0,0,0
1748635875938,-18750000,4530787,5535168,2547644,0,0,0,0,0,0,0
1748635876038,-18750000,4486799,5553498,2456002,0,0,0,0,0,0,0
1748635876138,-18750000,4446476,5590154,2419345,0,0,0,0,0,0,0
1748635876238,-18750000,4398822,5498512,2364359,0,0,0,0,0,0,0
1748635876338,-18750000,4362166,5425199,2346029,0,0,0,0,0,0,0
1748635876438,-18750000,4321843,5425199,2510984,0,0,0,0,0,0,0
1748635876538,-18750000,4288851,5425199,2895881,0,0,0,0,0,0,0
1748635876638,-18750000,4244863,5443529,3354089,0,0,0,0,0,0,0
1748635876738,-18750000,4230200,5388547,3958927,0,0,0,0,0,0,0
1748635876838,-18750000,4233866,5370217,4563764,0,0,0,0,0,0,0
1748635876938,-18750000,4219203,5315231,5278574,0,0,0,0,0,0,0
1748635877038,-18750000,4226534,5260244,6085027,0,0,0,0,0,0,0
1748635877138,-18750000,4244863,5223588,6891479,0,0,0,0,0,0,0
1748635877238,-18750000,4281520,5278574,7661272,0,0,0,0,0,0,0
1748635877338,-18750000,4307180,5333557,8449394,0,0,0,0,0,0,0
1748635877438,-18750000,4376828,5351883,8999246,0,0,0,0,0,0,0
1748635877538,-18750000,4435480,5480182,9329156,0,0,0,0,0,0,0
1748635877638,-18750000,4494131,5498508,9585753,0,0,0,0,0,0,0
1748635877738,-18750000,4552782,5553491,9805694,0,0,0,0,0,0,0
1748635877838,-18750000,4607767,5718446,10062292,0,0,0,0,0,0,0
1748635877938,-18750000,4684747,5736776,10208917,0,0,0,0,0,0,0
1748635878038,-18750000,4758061,5828418,10300559,0,0,0,0,0,0,0
1748635878138,-18750000,4816711,5975047,10355542,0,0,0,0,0,0,0
1748635878238,-18750000,4860700,6066689,10428858,0,0,0,0,0,0,0
1748635878338,-18750000,4941345,6158332,10465518,0,0,0,0,0,0,0
1748635878438,-18750000,4974336,6231648,10263907,0,0,0,0,0,0,0
1748635878538,-18750000,5025656,6140006,9879011,0,0,0,0,0,0,0
1748635878638,-18750000,5065978,6176666,9439128,0,0,0,0,0,0,0
1748635878738,-18750000,5098969,6213326,8907603,0,0,0,0,0,0,0
1748635878838,-18750000,5113632,6121687,8192797,0,0,0,0,0,0,0
1748635878938,-18750000,5098970,6140013,7532973,0,0,0,0,0,0,0
1748635879038,-18750000,5080641,6103357,6818163,0,0,0,0,0,0,0
1748635879138,-18750000,5080641,5993384,6066697,0,0,0,0,0,0,0
1748635879238,-18750000,5084306,5920068,5315231,0,0,0,0,0,0,0
1748635879338,-18750000,5069643,5828426,4545434,0,0,0,0,0,0,0
1748635879438,-18750000,5047648,5810096,4032239,0,0,0,0,0,0,0
1748635879538,-18750000,5018323,5828426,3647343,0,0,0,0,0,0,0
1748635879638,-18750000,4981666,5791766,3317433,0,0,0,0,0,0,0
1748635879738,-18750000,4959672,5736779,3115822,0,0,0,0,0,0,0
1748635879838,-18750000,4945009,5700119,2987519,0,0,0,0,0,0,0
1748635879938,-18750000,4923014,5736779,2840890,0,0,0,0,0,0,0
1748635880038,-18750000,4912018,5773436,2694262,0,0,0,0,0,0,0
1748635880138,-18750000,4879027,5755109,2657606,0,0,0,0,0,0,0
1748635880238,-18750000,4849702,5736783,2547633,0,0,0,0,0,0,0
1748635880338,-18750000,4813045,5700127,2474321,0,0,0,0,0,0,0
1748635880438,-18750000,4772722,5645141,2401004,0,0,0,0,0,0,0
1748635880538,-18750000,4732400,5535168,2437661,0,0,0,0,0,0,0
1748635880638,-18750000,4725069,5498512,2474317,0,0,0,0,0,0,0
1748635880738,-18750000,4699409,5516838,2382674,0,0,0,0,0,0,0
1748635880838,-18750000,4655421,5480182,2327692,0,0,0,0,0,0,0
1748635880938,-18750000,4629761,5406865,2309366,0,0,0,0,0,0,0
1748635881038,-18750000,4585772,5296897,2291039,0,0,0,0,0,0,0
1748635881138,-18750000,4552781,5333553,2236053,0,0,0,0,0,0,0
1748635881238,-18750000,4527121,5296897,2217727,0,0,0,0,0,0,0
1748635881338,-18750000,4475801,5260241,2181067,0,0,0,0,0,0,0
1748635881438,-18750000,4435478,5260241,2529307,0,0,0,0,0,0,0
1748635881538,-18750000,4402487,5296901,2932533,0,0,0,0,0,0,0
1748635881638,-18750000,4347502,5278574,3464058,0,0,0,0,0,0,0
1748635881738,-18750000,4314510,5223592,4105552,0,0,0,0,0,0,0
1748635881838,-18750000,4314510,5241922,4838688,0,0,0,0,0,0,0
1748635881938,-18750000,4318176,5260252,5480182,0,0,0,0,0,0,0
1748635882038,-18750000,4351168,5315234,6176662,0,0,0,0,0,0,0
1748635882138,-18750000,4387825,5296904,6854816,0,0,0,0,0,0,0
1748635882238,-18750000,4420817,5351887,7661264,0,0,0,0,0,0,0
1748635882338,-18750000,4486800,5480186,8504373,0,0,0,0,0,0,0
1748635882438,-18750000,4541785,5425203,8687658,0,0,0,0,0,0,0
1748635882538,-18750000,4604102,5535172,8596016,0,0,0,0,0,0,0
1748635882638,-18750000,4659087,5535172,8302762,0,0,0,0,0,0,0
1748635882738,-18750000,4706741,5663471,7881209,0,0,0,0,0,0,0
1748635882838,-18750000,4728736,5681797,7368014,0,0,0,0,0,0,0
1748635882938,-18750000,4736067,5718453,6836489,0,0,0,0,0,0,0
1748635883038,-18750000,4732401,5736783,6268308,0,0,0,0,0,0,0
1748635883138,-18750000,4717738,5755113,5663471,0,0,0,0,0,0,0
1748635883238,-18750000,4717738,5755113,4948664,0,0,0,0,0,0,0
1748635883338,-18750000,4692078,5681801,4215528,0,0,0,0,0,0,0
1748635883438,-18750000,4695744,5645141,3775646,0,0,0,0,0,0,0
1748635883538,-18750000,4648090,5535172,3445732,0,0,0,0,0,0,0
1748635883638,-18750000,4629761,5535172,3207461,0,0,0,0,0,0,0
1748635883738,-18750000,4589438,5425199,3042502,0,0,0,0,0,0,0
1748635883838,-18750000,4552781,5370217,2840887,0,0,0,0,0,0,0
1748635883938,-18750000,4534453,5223588,2767574,0,0,0,0,0,0,0
1748635884038,-18750000,4512459,5186932,2675932,0,0,0,0,0,0,0
1748635884138,-18750000,4479468,5113619,2529303,0,0,0,0,0,0,0
1748635884238,-18750000,4417151,5058637,2455987,0,0,0,0,0,0,0
1748635884338,-18750000,4380494,5040307,2401001,0,0,0,0,0,0,0
1748635884438,-18750000,4318177,5058637,2584286,0,0,0,0,0,0,0
1748635884538,-18750000,4296183,5021977,3024168,0,0,0,0,0,0,0
1748635884638,-18750000,4266858,5021977,3537363,0,0,0,0,0,0,0
1748635884738,-18750000,4266858,4985321,4160531,0,0,0,0,0,0,0
1748635884838,-18750000,4270523,5040303,4838684,0,0,0,0,0,0,0
1748635884938,-18750000,4259526,5150276,5425196,0,0,0,0,0,0,0
1748635885038,-18750000,4255860,5168602,6121676,0,0,0,0,0,0,0
1748635885138,-18750000,4277854,5186928,6891472,0,0,0,0,0,0,0
1748635885238,-18750000,4332840,5095286,7661268,0,0,0,0,0,0,0
1748635885338,-18750000,4369497,5076959,8412734,0,0,0,0,0,0,0
1748635885438,-18750000,4442811,5168602,8705988,0,0,0,0,0,0,0
1748635885538,-18750000,4497796,5241918,8577689,0,0,0,0,0,0,0
1748635885638,-18750000,4552781,5278574,8266106,0,0,0,0,0,0,0
1748635885738,-18750000,4582107,5443529,7826223,0,0,0,0,0,0,0
1748635885838,-18750000,4615099,5461859,7331354,0,0,0,0,0,0,0
1748635885938,-18750000,4644424,5498516,6818156,0,0,0,0,0,0,0
1748635886038,-18750000,4670084,5498516,6249974,0,0,0,0,0,0,0
1748635886138,-18750000,4681081,5516846,5645133,0,0,0,0,0,0,0
1748635886238,-18750000,4673749,5626814,4930323,0,0,0,0,0,0,0
1748635886338,-18750000,4666417,5736783,4252173,0,0,0,0,0,0,0
1748635886438,-18750000,4633425,5608484,3702322,0,0,0,0,0,0,0
1748635886538,-18750000,4618763,5626811,3372412,0,0,0,0,0,0,0
1748635886638,-18750000,4578440,5663467,3134144,0,0,0,0,0,0,0
1748635886738,-18750000,4538118,5553498,2932533,0,0,0,0,0,0,0
1748635886838,-18750000,4501461,5461856,2785904,0,0,0,0,0,0,0
1748635886938,-18750000,4479467,5425199,2712592,0,0,0,0,0,0,0
1748635887038,-18750000,4446476,5406873,2547637,0,0,0,0,0,0,0
1748635887138,-18750000,4413485,5443529,2492654,0,0,0,0,0,0,0
1748635887238,-18750000,4373162,5443529,2401012,0,0,0,0,0,0,0
1748635887338,-18750000,4325509,5370217,2309369,0,0,0,0,0,0,0
1748635887438,-18750000,4281521,5370217,2565967,0,0,0,0,0,0,0
1748635887538,-18750000,4241198,5296904,3005849,0,0,0,0,0,0,0
1748635887638,-18750000,4219203,5223592,3537374,0,0,0,0,0,0,0
1748635887738,-18750000,4197209,5223592,4087225,0,0,0,0,0,0,0
1748635887838,-18750000,4200874,5278578,4692067,0,0,0,0,0,0,0
1748635887938,-18750000,4215537,5260248,5315234,0,0,0,0,0,0,0
1748635888038,-18750000,4222868,5260248,6085027,0,0,0,0,0,0,0
1748635888138,-18750000,4252194,5223592,6744851,0,0,0,0,0,0,0
1748635888238,-18750000,4296182,5296908,7606289,0,0,0,0,0,0,0
1748635888338,-18750000,4347502,5315234,8431068,0,0,0,0,0,0,0
1748635888438,-18750000,4406153,5443533,8705996,0,0,0,0,0,0,0
1748635888538,-18750000,4450141,5553506,8577697,0,0,0,0,0,0,0
1748635888638,-18750000,4505127,5535176,8302769,0,0,0,0,0,0,0
1748635888738,-18750000,4560112,5608488,7936203,0,0,0,0,0,0,0
1748635888838,-18750000,4578441,5626814,7477991,0,0,0,0,0,0,0
1748635888938,-18750000,4593103,5663471,6964796,0,0,0,0,0,0,0
1748635889038,-18750000,4604101,5645141,6323302,0,0,0,0,0,0,0
1748635889138,-18750000,4615098,5663467,5626818,0,0,0,0,0,0,0
1748635889238,-18750000,4615098,5626807,4875352,0,0,0,0,0,0,0
1748635889338,-18750000,4589438,5571824,4105556,0,0,0,0,0,0,0
1748635889438,-18750000,4574775,5553494,3629017,0,0,0,0,0,0,0
1748635889538,-18750000,4545450,5461852,3354089,0,0,0,0,0,0,0
1748635889638,-18750000,4519790,5461852,3097492,0,0,0,0,0,0,0
1748635889738,-18750000,4497796,5388539,2969193,0,0,0,0,0,0,0
1748635889838,-18750000,4475802,5370213,2804238,0,0,0,0,0,0,0
1748635889938,-18750000,4435480,5296901,2675935,0,0,0,0,0,0,0
1748635890038,-18750000,4387825,5333557,2565963,0,0,0,0,0,0,0
1748635890138,-18750000,4347502,5278574,2547637,0,0,0,0,0,0,0
1748635890238,-18750000,4296183,5150276,2455994,0,0,0,0,0,0,0
1748635890338,-18750000,4259526,5186932,2401012,0,0,0,0,0,0,0
1748635890438,-18750000,4200875,5076963,2620953,0,0,0,0,0,0,0
1748635890538,-18750000,4189878,5076963,2950867,0,0,0,0,0,0,0
1748635890638,-18750000,4156887,5021977,3482392,0,0,0,0,0,0,0
1748635890738,-18750000,4138559,4985321,4087229,0,0,0,0,0,0,0
1748635890838,-18750000,4127562,4912004,4655411,0,0,0,0,0,0,0
1748635890938,-18750000,4120231,5003647,5333564,0,0,0,0,0,0,0
1748635891038,-18750000,4164219,5003647,6048374,0,0,0,0,0,0,0
1748635891138,-18750000,4189879,5021973,6744854,0,0,0,0,0,0,0
1748635891238,-18750000,4230201,5150272,7514647,0,0,0,0,0,0,0
1748635891338,-18750000,4288852,5168598,8339426,0,0,0,0,0,0,0
1748635891438,-18750000,4365831,5296897,8870951,0,0,0,0,0,0,0
1748635891538,-18750000,4428148,5351879,9310833,0,0,0,0,0,0,0
1748635891638,-18750000,4497796,5480178,9604087,0,0,0,0,0,0,0
1748635891738,-18750000,4552781,5535161,9750716,0,0,0,0,0,0,0
1748635891838,-18750000,4611432,5681789,9952327,0,0,0,0,0,0,0
1748635891938,-18750000,4677414,5645133,10062299,0,0,0,0,0,0,0
1748635892038,-18750000,4725068,5700119,10208928,0,0,0,0,0,0,0
1748635892138,-18750000,4769056,5718449,10355557,0,0,0,0,0,0,0
1748635892238,-18750000,4827708,5755109,10447199,0,0,0,0,0,0,0
1748635892338,-18750000,4886359,5846752,10465529,0,0,0,0,0,0,0
1748635892438,-18750000,4908354,5883408,10227258,0,0,0,0,0,0,0
1748635892538,-18750000,4948676,5883408,9787376,0,0,0,0,0,0,0
1748635892638,-18750000,4970670,5938394,9310837,0,0,0,0,0,0,0
1748635892738,-18750000,5003662,6066693,8760982,0,0,0,0,0,0,0
1748635892838,-18750000,5021990,6085023,8174474,0,0,0,0,0,0,0
1748635892938,-18750000,5029321,6176665,7532977,0,0,0,0,0,0,0
1748635893038,-18750000,5021990,6213322,6799837,0,0,0,0,0,0,0
1748635893138,-18750000,5036653,6176666,6066697,0,0,0,0,0,0,0
1748635893238,-18750000,5010993,6213322,5333561,0,0,0,0,0,0,0
1748635893338,-18750000,4988999,6194995,4618751,0,0,0,0,0,0,0
1748635893438,-18750000,4974335,6176669,4123882,0,0,0,0,0,0,0
1748635893538,-18750000,4956007,6194999,3793968,0,0,0,0,0,0,0
1748635893638,-18750000,4930347,6194999,3445728,0,0,0,0,0,0,0
1748635893738,-18750000,4908353,6066701,3207457,0,0,0,0,0,0,0
1748635893838,-18750000,4875362,5956728,3024172,0,0,0,0,0,0,0
1748635893938,-18750000,4864365,5901742,2895873,0,0,0,0,0,0,0
1748635894038,-18750000,4849702,5773443,2785904,0,0,0,0,0,0,0
1748635894138,-18750000,4809379,5773443,2602619,0,0,0,0,0,0,0
1748635894238,-18750000,4798382,5718457,2455991,0,0,0,0,0,0,0
1748635894338,-18750000,4780053,5663471,2272706,0,0,0,0,0,0,0
1748635894438,-18750000,4761725,5645141,2089421,0,0,0,0,0,0,0
1748635894538,-18750000,4714071,5608484,1961122,0,0,0,0,0,0,0
1748635894638,-18750000,4681080,5553498,1851149,0,0,0,0,0,0,0
1748635894738,-18750000,4622429,5498516,1722851,0,0,0,0,0,0,0
1748635894838,-18750000,4593103,5553502,1576222,0,0,0,0,0,0,0
1748635894938,-18750000,4538118,5498516,1447923,0,0,0,0,0,0,0
1748635895038,-18750000,4490464,5516846,1356281,0,0,0,0,0,0,0
1748635895138,-18750000,4442811,5498516,1246312,0,0,0,0,0,0,0
1748635895238,-18750000,4373163,5443529,1172999,0,0,0,0,0,0,0
1748635895338,-18750000,4321843,5333557,1118013,0,0,0,0,0,0,0
1748635895438,-18750000,4274190,5296901,1447927,0,0,0,0,0,0,0
1748635895538,-18750000,4241199,5333557,1942796,0,0,0,0,0,0,0
1748635895638,-18750000,4215539,5241914,2547637,0,0,0,0,0,0,0
1748635895738,-18750000,4219205,5223584,3225790,0,0,0,0,0,0,0
1748635895838,-18750000,4215539,5168598,3995587,0,0,0,0,0,0,0
1748635895938,-18750000,4215539,5168598,4783709,0,0,0,0,0,0,0
1748635896038,-18750000,4222871,5150268,5608488,0,0,0,0,0,0,0
1748635896138,-18750000,4233867,5186924,6506583,0,0,0,0,0,0,0
1748635896238,-18750000,4266858,5241911,7386348,0,0,0,0,0,0,0
1748635896338,-18750000,4314512,5333553,8339429,0,0,0,0,0,0,0
1748635896438,-18750000,4365832,5351879,8980923,0,0,0,0,0,0,0
1748635896538,-18750000,4420817,5333549,9384149,0,0,0,0,0,0,0
1748635896638,-18750000,4483133,5443522,9695733,0,0,0,0,0,0,0
1748635896738,-18750000,4549116,5553494,9934004,0,0,0,0,0,0,0
1748635896838,-18750000,4582107,5608481,10153946,0,0,0,0,0,0,0
1748635896938,-18750000,4651755,5590154,10300574,0,0,0,0,0,0,0
1748635897038,-18750000,4706741,5663471,10392217,0,0,0,0,0,0,0
1748635897138,-18750000,4754395,5700127,10575502,0,0,0,0,0,0,0
1748635897238,-18750000,4813045,5700127,10648814,0,0,0,0,0,0,0
1748635897338,-18750000,4842370,5791770,10703797,0,0,0,0,0,0,0
1748635897438,-18750000,4882693,5865086,10392213,0,0,0,0,0,0,0
1748635897538,-18750000,4919350,5938402,9970657,0,0,0,0,0,0,0
1748635897638,-18750000,4937678,5975058,9439132,0,0,0,0,0,0,0
1748635897738,-18750000,4959672,5993384,8870947,0,0,0,0,0,0,0
1748635897838,-18750000,4996329,5920072,8211123,0,0,0,0,0,0,0
1748635897938,-18750000,4999994,6011714,7551299,0,0,0,0,0,0,0
1748635898038,-18750000,5010991,6011714,6836489,0,0,0,0,0,0,0
1748635898138,-18750000,5025653,6085031,6048363,0,0,0,0,0,0,0
1748635898238,-18750000,5032985,6085031,5296897,0,0,0,0,0,0,0
1748635898338,-18750000,5025653,5993388,4490448,0,0,0,0,0,0,0
1748635898438,-18750000,5007326,5901746,4032239,0,0,0,0,0,0,0
1748635898538,-18750000,4978001,5865089,3665669,0,0,0,0,0,0,0
1748635898638,-18750000,4974335,5828433,3427398,0,0,0,0,0,0,0
1748635898738,-18750000,4934012,5773447,3207457,0,0,0,0,0,0,0
1748635898838,-18750000,4908352,5828429,3097484,0,0,0,0,0,0,0
1748635898938,-18750000,4882693,5846756,2914199,0,0,0,0,0,0,0
1748635899038,-18750000,4849702,5810096,2822557,0,0,0,0,0,0,0
1748635899138,-18750000,4824042,5681797,2730914,0,0,0,0,0,0,0
1748635899238,-18750000,4783720,5590154,2675928,0,0,0,0,0,0,0
1748635899338,-18750000,4739731,5645141,2602612,0,0,0,0,0,0,0
1748635899438,-18750000,4717737,5663467,2529295,0,0,0,0,0,0,0
1748635899538,-18750000,4677414,5516838,2529295,0,0,0,0,0,0,0
1748635899638,-18750000,4618763,5461852,2382667,0,0,0,0,0,0,0
1748635899738,-18750000,4582106,5388539,2346011,0,0,0,0,0,0,0
1748635899838,-18750000,4538118,5370213,2272698,0,0,0,0,0,0,0
1748635899938,-18750000,4497796,5315227,2254368,0,0,0,0,0,0,0
1748635900038,-18750000,4472136,5370213,2217712,0,0,0,0,0,0,0
1748635900138,-18750000,4428148,5370213,2181056,0,0,0,0,0,0,0
1748635900238,-18750000,4395157,5370213,2089413,0,0,0,0,0,0,0
1748635900338,-18750000,4347503,5296901,2089413,0,0,0,0,0,0,0
1748635900438,-18750000,4310846,5150276,2327684,0,0,0,0,0,0,0
1748635900538,-18750000,4296184,5223588,2767567,0,0,0,0,0,0,0
1748635900638,-18750000,4281521,5168602,3390734,0,0,0,0,0,0,0
1748635900738,-18750000,4263193,5113616,4032232,0,0,0,0,0,0,0
1748635900838,-18750000,4266858,5113616,4692056,0,0,0,0,0,0,0
1748635900938,-18750000,4266858,5058633,5461852,0,0,0,0,0,0,0
1748635901038,-18750000,4274189,4930334,6231648,0,0,0,0,0,0,0
1748635901138,-18750000,4292518,4966991,6983114,0,0,0,0,0,0,0
1748635901238,-18750000,4321843,5003647,7844553,0,0,0,0,0,0,0
1748635901338,-18750000,4384159,5003647,8687662,0,0,0,0,0,0,0
1748635901438,-18750000,4446476,5150272,8944259,0,0,0,0,0,0,0
1748635901538,-18750000,4490465,5168602,8870947,0,0,0,0,0,0,0
1748635901638,-18750000,4541784,5186932,8614349,0,0,0,0,0,0,0
1748635901738,-18750000,4589438,5296904,8192793,0,0,0,0,0,0,0
1748635901838,-18750000,4611433,5351891,7679598,0,0,0,0,0,0,0
1748635901938,-18750000,4651755,5425203,7093087,0,0,0,0,0,0,0
1748635902038,-18750000,4673750,5498516,6414933,0,0,0,0,0,0,0
1748635902138,-18750000,4695744,5498516,5773439,0,0,0,0,0,0,0
1748635902238,-18750000,4684748,5553502,5040303,0,0,0,0,0,0,0
1748635902338,-18750000,4659087,5535172,4288837,0,0,0,0,0,0,0
1748635902438,-18750000,4626096,5498516,4087226,0,0,0,0,0,0,0
1748635902538,-18750000,4611433,5480186,4197198,0,0,0,0,0,0,0
1748635902638,-18750000,4582107,5571828,4490452,0,0,0,0,0,0,0
1748635902738,-18750000,4585772,5645141,4875352,0,0,0,0,0,0,0
1748635902838,-18750000,4593103,5645141,5406877,0,0,0,0,0,0,0
1748635902938,-18750000,4585772,5645141,5975058,0,0,0,0,0,0,0
1748635903038,-18750000,4604101,5571828,6634882,0,0,0,0,0,0,0
1748635903138,-18750000,4611432,5608484,7294705,0,0,0,0,0,0,0
1748635903238,-18750000,4662752,5663471,7972855,0,0,0,0,0,0,0
1748635903338,-18750000,4710406,5700127,8687665,0,0,0,0,0,0,0
1748635903438,-18750000,4743397,5736783,8925933,0,0,0,0,0,0,0
1748635903538,-18750000,4772723,5736783,8797634,0,0,0,0,0,0,0
1748635903638,-18750000,4772723,5773439,8522710,0,0,0,0,0,0,0
1748635903738,-18750000,4857034,5755113,8174467,0,0,0,0,0,0,0
1748635903838,-18750000,4871697,5810096,7661268,0,0,0,0,0,0,0
1748635903938,-18750000,4890026,5846752,7093087,0,0,0,0,0,0,0
1748635904038,-18750000,4890026,5993381,6451593,0,0,0,0,0,0,0
1748635904138,-18750000,4890026,5920068,5828426,0,0,0,0,0,0,0
1748635904238,-18750000,4890025,5810096,5113616,0,0,0,0,0,0,0
1748635904338,-18750000,4890025,5791769,4362149,0,0,0,0,0,0,0
1748635904438,-18750000,4864365,5755113,3885611,0,0,0,0,0,0,0
1748635904538,-18750000,4857034,5755113,3500711,0,0,0,0,0,0,0
1748635904638,-18750000,4857034,5755113,3244109,0,0,0,0,0,0,0
1748635904738,-18750000,4787386,5626810,3005842,0,0,0,0,0,0,0
1748635904838,-18750000,4787386,5626810,2895873,0,0,0,0,0,0,0
1748635904938,-18750000,4736065,5443525,2730918,0,0,0,0,0,0,0
1748635905038,-18750000,4736065,5296897,2657602,0,0,0,0,0,0,0
1748635905138,-18750000,4695742,5296897,2547629,0,0,0,0,0,0,0
1748635905238,-18750000,4640757,5351879,2510973,0,0,0,0,0,0,0
1748635905338,-18750000,4611432,5351879,2510973,0,0,0,0,0,0,0
1748635905438,-18750000,4552780,5296893,2675932,0,0,0,0,0,0,0
1748635905538,-18750000,4552780,5296893,3060832,0,0,0,0,0,0,0
1748635905638,-18750000,4505126,5315223,3592357,0,0,0,0,0,0,0
1748635905738,-18750000,4505126,5260241,4197194,0,0,0,0,0,0,0
1748635905838,-18750000,4497795,5241914,4197194,0,0,0,0,0,0,0
1748635905938,-18750000,4490464,5205258,5516842,0,0,0,0,0,0,0
1748635906038,-18750000,4501461,5205258,5516842,0,0,0,0,0,0,0
1748635906138,-18750000,4505127,5260244,6946466,0,0,0,0,0,0,0
1748635906238,-18750000,4556447,5205262,6946466,0,0,0,0,0,0,0
1748635906338,-18750000,4582107,5296904,7771248,0,0,0,0,0,0,0
1748635906438,-18750000,4622430,5425203,8724326,0,0,0,0,0,0,0
1748635906538,-18750000,4659087,5351891,8724326,0,0,0,0,0,0,0
1748635906638,-18750000,4706741,5425203,8431072,0,0,0,0,0,0,0
1748635906738,-18750000,4725070,5443529,8431072,0,0,0,0,0,0,0
1748635906838,-18750000,4769058,5553498,8101162,0,0,0,0,0,0,0
1748635906938,-18750000,4809380,5626814,7624623,0,0,0,0,0,0,0
1748635907038,-18750000,4809380,5608488,7074768,0,0,0,0,0,0,0
1748635907138,-18750000,4835040,5681801,5791773,0,0,0,0,0,0,0
1748635907238,-18750000,4827709,5736783,5791773,0,0,0,0,0,0,0
1748635907338,-18750000,4831374,5663471,4398813,0,0,0,0,0,0,0
1748635907438,-18750000,4820377,5681801,4398813,0,0,0,0,0,0,0
1748635907538,-18750000,4798383,5773443,3903944,0,0,0,0,0,0,0
1748635907638,-18750000,4772723,5718457,3610691,0,0,0,0,0,0,0
1748635907738,-18750000,4754395,5700131,3354089,0,0,0,0,0,0,0
1748635907838,-18750000,4721404,5645144,3152474,0,0,0,0,0,0,0
1748635907938,-18750000,4677416,5626814,2950859,0,0,0,0,0,0,0
1748635908038,-18750000,4666418,5681797,2804231,0,0,0,0,0,0,0
1748635908138,-18750000,4640759,5645141,2657606,0,0,0,0,0,0,0
1748635908238,-18750000,4604102,5663471,2620949,0,0,0,0,0,0,0
1748635908338,-18750000,4563779,5663471,2565963,0,0,0,0,0,0,0
1748635908438,-18750000,4512460,5608484,2437664,0,0,0,0,0,0,0
1748635908538,-18750000,4483134,5571824,2730918,0,0,0,0,0,0,0
1748635908638,-18750000,4472137,5553498,3152470,0,0,0,0,0,0,0
1748635908738,-18750000,4428149,5608481,3647339,0,0,0,0,0,0,0
1748635908838,-18750000,4391492,5608481,4197194,0,0,0,0,0,0,0
1748635908938,-18750000,4376829,5498508,4893678,0,0,0,0,0,0,0
1748635909038,-18750000,4362167,5461852,5571832,0,0,0,0,0,0,0
1748635909138,-18750000,4358501,5406866,6359954,0,0,0,0,0,0,0
1748635909238,-18750000,4365832,5388536,7129751,0,0,0,0,0,0,0
1748635909338,-18750000,4406154,5425192,7862887,0,0,0,0,0,0,0
1748635909438,-18750000,4450142,5461848,8669336,0,0,0,0,0,0,0
1748635909538,-18750000,4501462,5516834,8925933,0,0,0,0,0,0,0
1748635909638,-18750000,4538119,5480178,8797634,0,0,0,0,0,0,0
1748635909738,-18750000,4600436,5516838,8522707,0,0,0,0,0,0,0
1748635909838,-18750000,4651755,5516838,8101151,0,0,0,0,0,0,0
1748635909938,-18750000,4681081,5626811,7587952,0,0,0,0,0,0,0
1748635910038,-18750000,4703075,5590154,7019771,0,0,0,0,0,0,0
1748635910138,-18750000,4710406,5700127,6396603,0,0,0,0,0,0,0
1748635910238,-18750000,4717738,5736787,5681793,0,0,0,0,0,0,0
1748635910338,-18750000,4699409,5718457,5003643,0,0,0,0,0,0,0
1748635910438,-18750000,4692078,5681801,4270507,0,0,0,0,0,0,0
1748635910538,-18750000,4681081,5553502,3757312,0,0,0,0,0,0,0
1748635910638,-18750000,4655421,5645144,3445728,0,0,0,0,0,0,0
1748635910738,-18750000,4644424,5535172,3207460,0,0,0,0,0,0,0
1748635910838,-18750000,4611433,5498516,2969193,0,0,0,0,0,0,0
1748635910938,-18750000,4574776,5461859,2730922,0,0,0,0,0,0,0
1748635911038,-18750000,4541784,5480189,2529307,0,0,0,0,0,0,0
1748635911138,-18750000,4516124,5388547,2401008,0,0,0,0,0,0,0
1748635911238,-18750000,4501462,5278574,2272709,0,0,0,0,0,0,0
1748635911338,-18750000,4475802,5241918,2162737,0,0,0,0,0,0,0
1748635911438,-18750000,4428148,5186932,2126080,0,0,0,0,0,0,0
1748635911538,-18750000,4362166,5223588,2419334,0,0,0,0,0,0,0
1748635911638,-18750000,4329175,5186928,2804231,0,0,0,0,0,0,0
1748635911738,-18750000,4281521,5315227,3335756,0,0,0,0,0,0,0
1748635911838,-18750000,4266857,5315227,3977249,0,0,0,0,0,0,0
1748635911938,-18750000,4263191,5315227,4692059,0,0,0,0,0,0,0
1748635912038,-18750000,4274188,5296897,5425199,0,0,0,0,0,0,0
1748635912138,-18750000,4285186,5278567,6158336,0,0,0,0,0,0,0
1748635912238,-18750000,4288851,5351879,6909802,0,0,0,0,0,0,0
1748635912338,-18750000,4325508,5388536,7716254,0,0,0,0,0,0,0
1748635912438,-18750000,4391491,5516838,8449391,0,0,0,0,0,0,0
1748635912538,-18750000,4450142,5608481,8614349,0,0,0,0,0,0,0
1748635912638,-18750000,4497795,5553498,8541037,0,0,0,0,0,0,0
1748635912738,-18750000,4545449,5535172,8266109,0,0,0,0,0,0,0
1748635912838,-18750000,4571110,5498516,7862883,0,0,0,0,0,0,0
1748635912938,-18750000,4611433,5535172,7404674,0,0,0,0,0,0,0
1748635913038,-18750000,4637093,5626814,6909806,0,0,0,0,0,0,0
1748635913138,-18750000,4662752,5590158,6231656,0,0,0,0,0,0,0
1748635913238,-18750000,4666418,5608488,5590158,0,0,0,0,0,0,0
1748635913338,-18750000,4644425,5571832,4893678,0,0,0,0,0,0,0
1748635913438,-18750000,4607768,5516846,4215528,0,0,0,0,0,0,0
1748635913538,-18750000,4593105,5461859,4050569,0,0,0,0,0,0,0
1748635913638,-18750000,4567445,5461859,4160538,0,0,0,0,0,0,0
1748635913738,-18750000,4563779,5443529,4472122,0,0,0,0,0,0,0
1748635913838,-18750000,4552782,5608484,4875348,0,0,0,0,0,0,0
1748635913938,-18750000,4563779,5590154,5406873,0,0,0,0,0,0,0
1748635914038,-18750000,4552781,5535168,5920072,0,0,0,0,0,0,0
1748635914138,-18750000,4556447,5718453,6579896,0,0,0,0,0,0,0
1748635914238,-18750000,4585773,5700123,7294706,0,0,0,0,0,0,0
1748635914338,-18750000,4618764,5828422,8064498,0,0,0,0,0,0,0
1748635914438,-18750000,4677415,5865078,8779304,0,0,0,0,0,0,0
1748635914538,-18750000,4714072,5865078,8962589,0,0,0,0,0,0,0
1748635914638,-18750000,4754395,5920061,8889277,0,0,0,0,0,0,0
1748635914738,-18750000,4772723,5865074,8596023,0,0,0,0,0,0,0
1748635914838,-18750000,4813045,5865074,8247783,0,0,0,0,0,0,0
1748635914938,-18750000,4813045,5901734,7734584,0,0,0,0,0,0,0
1748635915038,-18750000,4849702,5938391,7184729,0,0,0,0,0,0,0
1748635915138,-18750000,4853368,5883404,6579888,0,0,0,0,0,0,0
1748635915238,-18750000,4842370,5846748,5846752,0,0,0,0,0,0,0
1748635915338,-18750000,4831373,5736779,5095286,0,0,0,0,0,0,0
1748635915438,-18750000,4827708,5681793,4380479,0,0,0,0,0,0,0
1748635915538,-18750000,4805714,5700123,3903940,0,0,0,0,0,0,0
1748635915638,-18750000,4805714,5718453,3555700,0,0,0,0,0,0,0
1748635915738,-18750000,4769057,5773439,3299099,0,0,0,0,0,0,0
1748635915838,-18750000,4728734,5700127,3097488,0,0,0,0,0,0,0
1748635915938,-18750000,4721403,5700127,2932533,0,0,0,0,0,0,0
1748635916038,-18750000,4692078,5681801,2785904,0,0,0,0,0,0,0
1748635916138,-18750000,4655421,5608488,2620949,0,0,0,0,0,0,0
1748635916238,-18750000,4618764,5645144,2510977,0,0,0,0,0,0,0
1748635916338,-18750000,4593104,5645144,2382678,0,0,0,0,0,0,0
1748635916438,-18750000,4519790,5608488,2236049,0,0,0,0,0,0,0
1748635916538,-18750000,4486799,5553502,2419334,0,0,0,0,0,0,0
1748635916638,-18750000,4439145,5516846,2804230,0,0,0,0,0,0,0
1748635916738,-18750000,4428148,5388547,3262443,0,0,0,0,0,0,0
1748635916838,-18750000,4413485,5315234,3757308,0,0,0,0,0,0,0
1748635916938,-18750000,4391491,5168605,4380475,0,0,0,0,0,0,0
1748635917038,-18750000,4380494,5205262,5021973,0,0,0,0,0,0,0
1748635917138,-18750000,4387826,5260248,5755113,0,0,0,0,0,0,0
1748635917238,-18750000,4413485,5150279,6506579,0,0,0,0,0,0,0
1748635917338,-18750000,4446476,5131949,7276376,0,0,0,0,0,0,0
1748635917438,-18750000,4508793,5241922,8137811,0,0,0,0,0,0,0
1748635917538,-18750000,4563778,5278578,8394408,0,0,0,0,0,0,0
1748635917638,-18750000,4626095,5351891,8321096,0,0,0,0,0,0,0
1748635917738,-18750000,4655421,5406877,8009512,0,0,0,0,0,0,0
1748635917838,-18750000,4684747,5461859,7551303,0,0,0,0,0,0,0
1748635917938,-18750000,4710407,5571828,6909806,0,0,0,0,0,0,0
1748635918038,-18750000,4714072,5535172,6286638,0,0,0,0,0,0,0
1748635918138,-18750000,4732400,5388543,5608484,0,0,0,0,0,0,0
1748635918238,-18750000,4717738,5480186,4893674,0,0,0,0,0,0,0
1748635918338,-18750000,4699409,5480186,4087222,0,0,0,0,0,0,0
1748635918438,-18750000,4681081,5443526,3244113,0,0,0,0,0,0,0
1748635918538,-18750000,4637092,5443526,2657602,0,0,0,0,0,0,0
1748635918638,-18750000,4582107,5333557,2199389,0,0,0,0,0,0,0
1748635918738,-18750000,4552781,5351883,1887806,0,0,0,0,0,0,0
1748635918838,-18750000,4512459,5241914,1686191,0,0,0,0,0,0,0
1748635918938,-18750000,4468471,5260244,1539566,0,0,0,0,0,0,0
1748635919038,-18750000,4439146,5223588,1392937,0,0,0,0,0,0,0
1748635919138,-18750000,4391491,5296901,1264638,0,0,0,0,0,0,0
1748635919238,-18750000,4354834,5296901,1154669,0,0,0,0,0,0,0
1748635919338,-18750000,4310846,5260244,1099683,0,0,0,0,0,0,0
1748635919438,-18750000,4248529,5223588,1044700,0,0,0,0,0,0,0
1748635919538,-18750000,4186213,5113619,1337958,0,0,0,0,0,0,0
1748635919638,-18750000,4123896,5113619,1796170,0,0,0,0,0,0,0
1748635919738,-18750000,4083574,5095293,2309369,0,0,0,0,0,0,0
1748635919838,-18750000,4061579,5150279,2932537,0,0,0,0,0,0,0
1748635919938,-18750000,4050582,5003651,3665673,0,0,0,0,0,0,0
1748635920038,-18750000,4024922,4948664,4398813,0,0,0,0,0,0,0
1748635920138,-18750000,4039585,4948664,5205266,0,0,0,0,0,0,0
1748635920238,-18750000,4057913,4948664,6011718,0,0,0,0,0,0,0
1748635920338,-18750000,4083573,4948664,6854827,0,0,0,0,0,0,0
1748635920438,-18750000,4127561,4966994,7697936,0,0,0,0,0,0,0
1748635920538,-18750000,4200875,5076963,8174474,0,0,0,0,0,0,0
1748635920638,-18750000,4296182,5131946,8522714,0,0,0,0,0,0,0
1748635920738,-18750000,4343836,5205258,8889281,0,0,0,0,0,0,0
1748635920838,-18750000,4409819,5223584,9145878,0,0,0,0,0,0,0
1748635920938,-18750000,4475802,5351883,9365819,0,0,0,0,0,0,0
1748635921038,-18750000,4538119,5461852,9549101,0,0,0,0,0,0,0
1748635921138,-18750000,4578442,5516838,9640739,0,0,0,0,0,0,0
1748635921238,-18750000,4644424,5535164,9677396,0,0,0,0,0,0,0
1748635921338,-18750000,4714072,5626807,9714052,0,0,0,0,0,0,0
1748635921438,-18750000,4772723,5663463,9805694,0,0,0,0,0,0,0
1748635921538,-18750000,4816712,5681793,9640739,0,0,0,0,0,0,0
1748635921638,-18750000,4835040,5736779,9237513,0,0,0,0,0,0,0
1748635921738,-18750000,4886360,5755109,8760974,0,0,0,0,0,0,0
1748635921838,-18750000,4897357,5773439,8211123,0,0,0,0,0,0,0
1748635921938,-18750000,4901022,5828426,7514643,0,0,0,0,0,0,0
1748635922038,-18750000,4919351,5828426,6891479,0,0,0,0,0,0,0
1748635922138,-18750000,4926682,5865082,6249985,0,0,0,0,0,0,0
1748635922238,-18750000,4908353,5920068,5626818,0,0,0,0,0,0,0
1748635922338,-18750000,4871696,5920068,5021980,0,0,0,0,0,0,0
1748635922438,-18750000,4842371,5901738,4307170,0,0,0,0,0,0,0
1748635922538,-18750000,4824043,5938394,3830628,0,0,0,0,0,0,0
1748635922638,-18750000,4794718,5883408,3574030,0,0,0,0,0,0,0
1748635922738,-18750000,4765393,5865078,3299103,0,0,0,0,0,0,0
1748635922838,-18750000,4732401,5865078,3079162,0,0,0,0,0,0,0
1748635922938,-18750000,4725070,5736779,2969189,0,0,0,0,0,0,0
1748635923038,-18750000,4703075,5663467,2767574,0,0,0,0,0,0,0
1748635923138,-18750000,4681081,5553498,2620946,0,0,0,0,0,0,0
1748635923238,-18750000,4655421,5498512,2529303,0,0,0,0,0,0,0
1748635923338,-18750000,4626095,5461856,2401004,0,0,0,0,0,0,0
1748635923438,-18750000,4604101,5351887,2364348,0,0,0,0,0,0,0
1748635923538,-18750000,4574775,5315231,2639276,0,0,0,0,0,0,0
1748635923638,-18750000,4567443,5333561,3005846,0,0,0,0,0,0,0
1748635923738,-18750000,4552781,5315231,3500714,0,0,0,0,0,0,0
1748635923838,-18750000,4549115,5278574,4050565,0,0,0,0,0,0,0
1748635923938,-18750000,4523456,5315231,4637077,0,0,0,0,0,0,0
1748635924038,-18750000,4519790,5406873,5278574,0,0,0,0,0,0,0
1748635924138,-18750000,4512458,5461856,6011714,0,0,0,0,0,0,0
1748635924238,-18750000,4552781,5443529,6689868,0,0,0,0,0,0,0
1748635924338,-18750000,4582107,5480186,7368022,0,0,0,0,0,0,0
1748635924438,-18750000,4607767,5590154,7991189,0,0,0,0,0,0,0
1748635924538,-18750000,4644424,5590154,8192804,0,0,0,0,0,0,0
1748635924638,-18750000,4666418,5571824,8119488,0,0,0,0,0,0,0
1748635924738,-18750000,4688412,5498512,7881217,0,0,0,0,0,0,0
1748635924838,-18750000,4714072,5553494,7532977,0,0,0,0,0,0,0
1748635924938,-18750000,4750729,5590151,7074768,0,0,0,0,0,0,0
1748635925038,-18750000,4769057,5553494,6561569,0,0,0,0,0,0,0
1748635925138,-18750000,4791052,5553494,5920072,0,0,0,0,0,0,0
1748635925238,-18750000,4776389,5553494,5333561,0,0,0,0,0,0,0
1748635925338,-18750000,4780054,5571824,4655407,0,0,0,0,0,0,0
1748635925438,-18750000,4783720,5571824,4013909,0,0,0,0,0,0,0
1748635925538,-18750000,4758060,5571824,3519041,0,0,0,0,0,0,0
1748635925638,-18750000,4739731,5425199,3189131,0,0,0,0,0,0,0
1748635925738,-18750000,4721403,5443529,2969189,0,0,0,0,0,0,0
1748635925838,-18750000,4695743,5315231,2749248,0,0,0,0,0,0,0
1748635925938,-18750000,4637092,5186932,2584289,0,0,0,0,0,0,0
1748635926038,-18750000,4622429,5076959,2492647,0,0,0,0,0,0,0
1748635926138,-18750000,4567444,5095289,2382678,0,0,0,0,0,0,0
1748635926238,-18750000,4541784,5058633,2254379,0,0,0,0,0,0,0
1748635926338,-18750000,4494130,5003647,2272706,0,0,0,0,0,0,0
1748635926438,-18750000,4431814,5003647,2199393,0,0,0,0,0,0,0
1748635926538,-18750000,4365831,4985317,2419334,0,0,0,0,0,0,0
1748635926638,-18750000,4318177,5095286,2804230,0,0,0,0,0,0,0
1748635926738,-18750000,4277855,5131942,3262443,0,0,0,0,0,0,0
1748635926838,-18750000,4252195,5205258,3812298,0,0,0,0,0,0,0
1748635926938,-18750000,4266858,5278574,4362153,0,0,0,0,0,0,0
1748635927038,-18750000,4244864,5370217,4948664,0,0,0,0,0,0,0
1748635927138,-18750000,4270523,5278574,5608488,0,0,0,0,0,0,0
1748635927238,-18750000,4270523,5296901,6286638,0,0,0,0,0,0,0
1748635927338,-18750000,4285186,5370213,6909805,0,0,0,0,0,0,0
1748635927438,-18750000,4321843,5260244,7606285,0,0,0,0,0,0,0
1748635927538,-18750000,4373162,5260244,8064498,0,0,0,0,0,0,0
1748635927638,-18750000,4428148,5296901,8302769,0,0,0,0,0,0,0
1748635927738,-18750000,4468470,5370213,8504384,0,0,0,0,0,0,0
1748635927838,-18750000,4519790,5443526,8669339,0,0,0,0,0,0,0
1748635927938,-18750000,4549115,5516838,8834294,0,0,0,0,0,0,0
1748635928038,-18750000,4600435,5590154,8925937,0,0,0,0,0,0,0
1748635928138,-18750000,4648089,5736783,9017579,0,0,0,0,0,0,0
1748635928238,-18750000,4688412,5865082,9090896,0,0,0,0,0,0,0
1748635928338,-18750000,4728735,5846756,9109226,0,0,0,0,0,0,0
1748635928438,-18750000,4769057,5975054,9127556,0,0,0,0,0,0,0
1748635928538,-18750000,4820377,6048371,8907611,0,0,0,0,0,0,0
1748635928638,-18750000,4860700,6048371,8541041,0,0,0,0,0,0,0
1748635928738,-18750000,4908354,5975058,8101154,0,0,0,0,0,0,0
1748635928838,-18750000,4934014,5938402,7569629,0,0,0,0,0,0,0
1748635928938,-18750000,4959674,5956732,7019778,0,0,0,0,0,0,0
1748635929038,-18750000,4948676,5883416,6506583,0,0,0,0,0,0,0
1748635929138,-18750000,4930348,5791773,5846759,0,0,0,0,0,0,0
1748635929238,-18750000,4930348,5700131,5260248,0,0,0,0,0,0,0
1748635929338,-18750000,4941344,5663471,4710393,0,0,0,0,0,0,0
1748635929438,-18750000,4919351,5663471,4068895,0,0,0,0,0,0,0
1748635929538,-18750000,4897357,5535172,3610687,0,0,0,0,0,0,0
1748635929638,-18750000,4864365,5590158,3335759,0,0,0,0,0,0,0
1748635929738,-18750000,4827708,5626814,3170804,0,0,0,0,0,0,0
1748635929838,-18750000,4798382,5700127,3042505,0,0,0,0,0,0,0
1748635929938,-18750000,4776389,5718453,2932533,0,0,0,0,0,0,0
1748635930038,-18750000,4761726,5645141,2804230,0,0,0,0,0,0,0
1748635930138,-18750000,4739732,5681797,2749244,0,0,0,0,0,0,0
1748635930238,-18750000,4699409,5681797,2639272,0,0,0,0,0,0,0
1748635930338,-18750000,4655420,5663471,2529303,0,0,0,0,0,0,0
1748635930438,-18750000,4618763,5626814,2455991,0,0,0,0,0,0,0
1748635930538,-18750000,4578440,5626814,2730918,0,0,0,0,0,0,0
1748635930638,-18750000,4556447,5626814,3170801,0,0,0,0,0,0,0
1748635930738,-18750000,4552781,5535172,3537371,0,0,0,0,0,0,0
1748635930838,-18750000,4538119,5443529,4050566,0,0,0,0,0,0,0
1748635930938,-18750000,4523456,5388543,4618747,0,0,0,0,0,0,0
1748635931038,-18750000,4523456,5516842,5168602,0,0,0,0,0,0,0
1748635931138,-18750000,4549116,5461856,5810096,0,0,0,0,0,0,0
1748635931238,-18750000,4574776,5461856,6414937,0,0,0,0,0,0,0
1748635931338,-18750000,4596770,5443526,7038104,0,0,0,0,0,0,0
1748635931438,-18750000,4633427,5535168,7697928,0,0,0,0,0,0,0
1748635931538,-18750000,4677416,5645137,7826227,0,0,0,0,0,0,0
1748635931638,-18750000,4706742,5535168,7697928,0,0,0,0,0,0,0
1748635931738,-18750000,4721404,5681797,7496313,0,0,0,0,0,0,0
1748635931838,-18750000,4761727,5681797,7166403,0,0,0,0,0,0,0
1748635931938,-18750000,4783720,5718457,6726521,0,0,0,0,0,0,0
1748635932038,-18750000,4802049,5736787,6304968,0,0,0,0,0,0,0
1748635932138,-18750000,4798384,5865086,5773443,0,0,0,0,0,0,0
1748635932238,-18750000,4780055,5865086,5241918,0,0,0,0,0,0,0
1748635932338,-18750000,4780055,5901742,4637077,0,0,0,0,0,0,0
1748635932438,-18750000,4776389,5791769,4105552,0,0,0,0,0,0,0
1748635932538,-18750000,4761726,5736783,3775638,0,0,0,0,0,0,0
1748635932638,-18750000,4747063,5810096,3464054,0,0,0,0,0,0,0
1748635932738,-18750000,4717737,5736779,3244113,0,0,0,0,0,0,0
1748635932838,-18750000,4673749,5718453,3024172,0,0,0,0,0,0,0
1748635932938,-18750000,4637092,5663467,2840887,0,0,0,0,0,0,0
1748635933038,-18750000,4596769,5590151,2712584,0,0,0,0,0,0,0
1748635933138,-18750000,4567443,5480182,2602616,0,0,0,0,0,0,0
1748635933238,-18750000,4549115,5461856,2529299,0,0,0,0,0,0,0
1748635933338,-18750000,4501460,5425199,2474317,0,0,0,0,0,0,0
1748635933438,-18750000,4472135,5443529,2346018,0,0,0,0,0,0,0
1748635933538,-18750000,4428146,5388547,2529303,0,0,0,0,0,0,0
1748635933638,-18750000,4391489,5315234,2932529,0,0,0,0,0,0,0
1748635933738,-18750000,4369495,5260252,3409072,0,0,0,0,0,0,0
1748635933838,-18750000,4354833,5223592,3958923,0,0,0,0,0,0,0
1748635933938,-18750000,4329173,5168606,4490448,0,0,0,0,0,0,0
1748635934038,-18750000,4332839,5131949,5058633,0,0,0,0,0,0,0
1748635934138,-18750000,4340170,5168606,5645144,0,0,0,0,0,0,0
1748635934238,-18750000,4369496,5168606,6231655,0,0,0,0,0,0,0
1748635934338,-18750000,4402487,5168606,6836493,0,0,0,0,0,0,0
1748635934438,-18750000,4420816,5186932,7459660,0,0,0,0,0,0,0
1748635934538,-18750000,4457473,5278574,7587959,0,0,0,0,0,0,0
1748635934638,-18750000,4490464,5296901,7477990,0,0,0,0,0,0,0
1748635934738,-18750000,4527121,5351883,7221389,0,0,0,0,0,0,0
1748635934838,-18750000,4545450,5406869,6836493,0,0,0,0,0,0,0
1748635934938,-18750000,4604101,5480182,6488253,0,0,0,0,0,0,0
1748635935038,-18750000,4607767,5535168,6048371,0,0,0,0,0,0,0
1748635935138,-18750000,4618764,5590154,5535172,0,0,0,0,0,0,0
1748635935238,-18750000,4593104,5608481,5003647,0,0,0,0,0,0,0
1748635935338,-18750000,4582108,5516838,4472122,0,0,0,0,0,0,0
1748635935438,-18750000,4560114,5443526,3940597,0,0,0,0,0,0,0
1748635935538,-18750000,4538119,5406866,3867284,0,0,0,0,0,0,0
1748635935638,-18750000,4519791,5406866,3995583,0,0,0,0,0,0,0
1748635935738,-18750000,4497796,5351883,4233854,0,0,0,0,0,0,0
1748635935838,-18750000,4497796,5278571,4637080,0,0,0,0,0,0,0
1748635935938,-18750000,4450142,5260244,4985320,0,0,0,0,0,0,0
1748635936038,-18750000,4453808,5186928,5406873,0,0,0,0,0,0,0
1748635936138,-18750000,4442811,5131942,5901742,0,0,0,0,0,0,0
1748635936238,-18750000,4457474,5095286,6433267,0,0,0,0,0,0,0
1748635936338,-18750000,4483133,5260244,6983122,0,0,0,0,0,0,0
1748635936438,-18750000,4523456,5333557,7532973,0,0,0,0,0,0,0
1748635936538,-18750000,4560113,5278574,7661272,0,0,0,0,0,0,0
1748635936638,-18750000,4582106,5315231,7551299,0,0,0,0,0,0,0
1748635936738,-18750000,4618763,5370213,7368014,0,0,0,0,0,0,0
1748635936838,-18750000,4626095,5535168,6946462,0,0,0,0,0,0,0
1748635936938,-18750000,4662752,5571824,6561565,0,0,0,0,0,0,0
1748635937038,-18750000,4670083,5663467,6103353,0,0,0,0,0,0,0
1748635937138,-18750000,4688411,5608481,5626814,0,0,0,0,0,0,0
1748635937238,-18750000,4699409,5645137,5058633,0,0,0,0,0,0,0
1748635937338,-18750000,4684745,5626807,4508778,0,0,0,0,0,0,0
1748635937438,-18750000,4666417,5571824,3977253,0,0,0,0,0,0,0
1748635937538,-18750000,4633426,5608481,3592357,0,0,0,0,0,0,0
1748635937638,-18750000,4615097,5571824,3354089,0,0,0,0,0,0,0
1748635937738,-18750000,4578440,5535168,3115822,0,0,0,0,0,0,0
1748635937838,-18750000,4552781,5461856,2987519,0,0,0,0,0,0,0
1748635937938,-18750000,4516124,5370213,2895877,0,0,0,0,0,0,0
1748635938038,-18750000,4508792,5296901,2785908,0,0,0,0,0,0,0
1748635938138,-18750000,4464804,5333557,2675935,0,0,0,0,0,0,0
1748635938238,-18750000,4420816,5260244,2657605,0,0,0,0,0,0,0
1748635938338,-18750000,4402487,5223588,2639275,0,0,0,0,0,0,0
1748635938438,-18750000,4365831,5241914,2529307,0,0,0,0,0,0,0
1748635938538,-18750000,4332840,5205258,2749248,0,0,0,0,0,0,0
1748635938638,-18750000,4292518,5168602,3115814,0,0,0,0,0,0,0
1748635938738,-18750000,4270524,5205258,3482381,0,0,0,0,0,0,0
1748635938838,-18750000,4244864,5186928,3940593,0,0,0,0,0,0,0
1748635938938,-18750000,4237533,5205258,4417132,0,0,0,0,0,0,0
1748635939038,-18750000,4204542,5241914,4966983,0,0,0,0,0,0,0
1748635939138,-18750000,4219204,5205258,5571824,0,0,0,0,0,0,0
1748635939238,-18750000,4241199,5168602,6158336,0,0,0,0,0,0,0
1748635939338,-18750000,4248531,5205258,6781503,0,0,0,0,0,0,0
1748635939438,-18750000,4292519,5241914,7404671,0,0,0,0,0,0,0
1748635939538,-18750000,4340173,5296897,7789567,0,0,0,0,0,0,0
1748635939638,-18750000,4402489,5333553,7936195,0,0,0,0,0,0,0
1748635939738,-18750000,4461140,5296897,8119480,0,0,0,0,0,0,0
1748635939838,-18750000,4519791,5388539,8229453,0,0,0,0,0,0,0
1748635939938,-18750000,4571110,5516838,8302769,0,0,0,0,0,0,0
1748635940038,-18750000,4622430,5571824,8394412,0,0,0,0,0,0,0
1748635940138,-18750000,4673750,5608481,8449394,0,0,0,0,0,0,0
1748635940238,-18750000,4728735,5718449,8522710,0,0,0,0,0,0,0
1748635940338,-18750000,4772723,5681793,8504384,0,0,0,0,0,0,0
1748635940438,-18750000,4813046,5681793,8577697,0,0,0,0,0,0,0
1748635940538,-18750000,4857034,5700123,8321099,0,0,0,0,0,0,0
1748635940638,-18750000,4879028,5755109,8101158,0,0,0,0,0,0,0
1748635940738,-18750000,4886359,5846752,7752918,0,0,0,0,0,0,0
1748635940838,-18750000,4915685,5828426,7331362,0,0,0,0,0,0,0
1748635940938,-18750000,4919351,5810096,6891479,0,0,0,0,0,0,0
1748635941038,-18750000,4930348,5810096,6378284,0,0,0,0,0,0,0
1748635941138,-18750000,4930348,5791769,5810103,0,0,0,0,0,0,0
1748635941238,-18750000,4919351,5791769,5205262,0,0,0,0,0,0,0
1748635941338,-18750000,4886360,5865082,4673737,0,0,0,0,0,0,0
1748635941438,-18750000,4860700,5865082,4068899,0,0,0,0,0,0,0
1748635941538,-18750000,4849703,5883412,3720659,0,0,0,0,0,0,0
1748635941638,-18750000,4816712,5865082,3427406,0,0,0,0,0,0,0
1748635941738,-18750000,4798384,5773439,3170808,0,0,0,0,0,0,0
1748635941838,-18750000,4758061,5755109,3042509,0,0,0,0,0,0,0
1748635941938,-18750000,4739732,5663467,2877551,0,0,0,0,0,0,0
1748635942038,-18750000,4710407,5535168,2804238,0,0,0,0,0,0,0
1748635942138,-18750000,4684747,5626811,2767582,0,0,0,0,0,0,0
1748635942238,-18750000,4644424,5590154,2730925,0,0,0,0,0,0,0
1748635942338,-18750000,4637093,5480186,2639283,0,0,0,0,0,0,0
1748635942438,-18750000,4600436,5461859,2565967,0,0,0,0,0,0,0
1748635942538,-18750000,4549115,5315230,2767578,0,0,0,0,0,0,0
1748635942638,-18750000,4530787,5241918,3170801,0,0,0,0,0,0,0
1748635942738,-18750000,4508793,5205262,3629009,0,0,0,0,0,0,0
1748635942838,-18750000,4497796,5076963,4123878,0,0,0,0,0,0,0
1748635942938,-18750000,4490464,5113619,4673733,0,0,0,0,0,0,0
1748635943038,-18750000,4490464,5095289,5186928,0,0,0,0,0,0,0
1748635943138,-18750000,4486798,5003647,5736783,0,0,0,0,0,0,0
1748635943238,-18750000,4490464,5040303,6323294,0,0,0,0,0,0,0
1748635943338,-18750000,4516124,5095286,6928132,0,0,0,0,0,0,0
1748635943438,-18750000,4545450,5150272,7532973,0,0,0,0,0,0,0
1748635943538,-18750000,4574776,5241914,7624616,0,0,0,0,0,0,0
1748635943638,-18750000,4615099,5333557,7441334,0,0,0,0,0,0,0
1748635943738,-18750000,4659087,5425199,7166411,0,0,0,0,0,0,0
1748635943838,-18750000,4681081,5516842,6781514,0,0,0,0,0,0,0
1748635943938,-18750000,4714073,5406873,6414944,0,0,0,0,0,0,0
1748635944038,-18750000,4728735,5516846,5975062,0,0,0,0,0,0,0
1748635944138,-18750000,4721404,5535172,5516849,0,0,0,0,0,0,0
1748635944238,-18750000,4728735,5535172,4966994,0,0,0,0,0,0,0
1748635944338,-18750000,4695744,5553502,4398813,0,0,0,0,0,0,0
1748635944438,-18750000,4681081,5480186,3867288,0,0,0,0,0,0,0
1748635944538,-18750000,4655421,5461856,3830632,0,0,0,0,0,0,0
1748635944638,-18750000,4618764,5425199,3977257,0,0,0,0,0,0,0
1748635944738,-18750000,4582107,5370213,4270510,0,0,0,0,0,0,0
1748635944838,-18750000,4567445,5351883,4655407,0,0,0,0,0,0,0
1748635944938,-18750000,4530788,5425195,5058633,0,0,0,0,0,0,0
1748635945038,-18750000,4523456,5443522,5516845,0,0,0,0,0,0,0
1748635945138,-18750000,4534453,5443522,6011714,0,0,0,0,0,0,0
1748635945238,-18750000,4538119,5425195,6524913,0,0,0,0,0,0,0
1748635945338,-18750000,4578442,5461852,7129750,0,0,0,0,0,0,0
1748635945438,-18750000,4600437,5498508,7697932,0,0,0,0,0,0,0
1748635945538,-18750000,4648091,5553494,7771244,0,0,0,0,0,0,0
1748635945638,-18750000,4688414,5571821,7606289,0,0,0,0,0,0,0
1748635945738,-18750000,4703076,5608477,7386348,0,0,0,0,0,0,0
1748635945838,-18750000,4725070,5700119,7038108,0,0,0,0,0,0,0
1748635945938,-18750000,4750729,5773436,6634882,0,0,0,0,0,0,0
1748635946038,-18750000,4761727,5810096,6140013,0,0,0,0,0,0,0
1748635946138,-18750000,4772723,5810096,5553502,0,0,0,0,0,0,0
1748635946238,-18750000,4783720,5883408,5058633,0,0,0,0,0,0,0
1748635946338,-18750000,4791051,5883408,4508782,0,0,0,0,0,0,0
1748635946438,-18750000,4783720,5865082,3977257,0,0,0,0,0,0,0
1748635946538,-18750000,4754394,5718453,3629017,0,0,0,0,0,0,0
1748635946638,-18750000,4743397,5663471,3372419,0,0,0,0,0,0,0
1748635946738,-18750000,4721403,5718457,3170808,0,0,0,0,0,0,0
1748635946838,-18750000,4695743,5571828,3024179,0,0,0,0,0,0,0
1748635946938,-18750000,4659086,5535168,2895881,0,0,0,0,0,0,0
1748635947038,-18750000,4622429,5498508,2804238,0,0,0,0,0,0,0
1748635947138,-18750000,4574776,5461852,2749252,0,0,0,0,0,0,0
1748635947238,-18750000,4519791,5333553,2639279,0,0,0,0,0,0,0
1748635947338,-18750000,4442811,5205254,2547637,0,0,0,0,0,0,0
1748635947438,-18750000,4406154,5168598,2455994,0,0,0,0,0,0,0
1748635947538,-18750000,4373163,5278571,2694266,0,0,0,0,0,0,0
1748635947638,-18750000,4310846,5260241,3042506,0,0,0,0,0,0,0
1748635947738,-18750000,4285187,5150272,3445728,0,0,0,0,0,0,0
1748635947838,-18750000,4266858,5186932,3940597,0,0,0,0,0,0,0
1748635947938,-18750000,4274189,5131949,4380479,0,0,0,0,0,0,0
1748635948038,-18750000,4277855,5131949,4930331,0,0,0,0,0,0,0
1748635948138,-18750000,4296183,5131949,5516842,0,0,0,0,0,0,0
1748635948238,-18750000,4318177,5241922,6158339,0,0,0,0,0,0,0
1748635948338,-18750000,4369497,5333564,6744851,0,0,0,0,0,0,0
1748635948438,-18750000,4409819,5333564,7313032,0,0,0,0,0,0,0
1748635948538,-18750000,4457473,5333564,7459657,0,0,0,0,0,0,0
1748635948638,-18750000,4501461,5370221,7386344,0,0,0,0,0,0,0
1748635948738,-18750000,4538117,5388547,7166403,0,0,0,0,0,0,0
1748635948838,-18750000,4571109,5388547,6873146,0,0,0,0,0,0,0
1748635948938,-18750000,4574775,5443529,6524906,0,0,0,0,0,0,0
1748635949038,-18750000,4585772,5425203,6121683,0,0,0,0,0,0,0
1748635949138,-18750000,4585772,5443533,5663471,0,0,0,0,0,0,0
1748635949238,-18750000,4593103,5425203,5113616,0,0,0,0,0,0,0
1748635949338,-18750000,4585771,5388547,4563761,0,0,0,0,0,0,0
1748635949438,-18750000,4563778,5388547,4087222,0,0,0,0,0,0,0
1748635949538,-18750000,4534453,5388547,3702326,0,0,0,0,0,0,0
1748635949638,-18750000,4508793,5315234,3427398,0,0,0,0,0,0,0
1748635949738,-18750000,4479468,5351891,3134144,0,0,0,0,0,0,0
1748635949838,-18750000,4439145,5296904,2877547,0,0,0,0,0,0,0
1748635949938,-18750000,4395157,5241922,2767574,0,0,0,0,0,0,0
1748635950038,-18750000,4358500,5241922,2639272,0,0,0,0,0,0,0
1748635950138,-18750000,4343837,5260248,2492647,0,0,0,0,0,0,0
1748635950238,-18750000,4307180,5186936,2401004,0,0,0,0,0,0,0
1748635950338,-18750000,4263191,5095293,2327692,0,0,0,0,0,0,0
1748635950438,-18750000,4200875,5040307,2199393,0,0,0,0,0,0,0
1748635950538,-18750000,4145889,4985321,2437664,0,0,0,0,0,0,0
1748635950638,-18750000,4112898,5021977,2804234,0,0,0,0,0,0,0
1748635950738,-18750000,4105567,4912008,3354089,0,0,0,0,0,0,0
1748635950838,-18750000,4090904,4930334,3922270,0,0,0,0,0,0,0
1748635950938,-18750000,4087238,4893674,4417139,0,0,0,0,0,0,0
1748635951038,-18750000,4098236,4930331,4912008,0,0,0,0,0,0,0
1748635951138,-18750000,4094570,4857018,5498516,0,0,0,0,0,0,0
1748635951238,-18750000,4116565,4820358,6103357,0,0,0,0,0,0,0
1748635951338,-18750000,4142224,4838684,6763181,0,0,0,0,0,0,0
1748635951438,-18750000,4197210,4930327,7386348,0,0,0,0,0,0,0
1748635951538,-18750000,4252195,5021969,7752914,0,0,0,0,0,0,0
1748635951638,-18750000,4292518,5040299,7936195,0,0,0,0,0,0,0
1748635951738,-18750000,4340171,5095286,8082820,0,0,0,0,0,0,0
1748635951838,-18750000,4384159,5113616,8174463,0,0,0,0,0,0,0
1748635951938,-18750000,4450142,5260244,8357748,0,0,0,0,0,0,0
1748635952038,-18750000,4490465,5296901,8467720,0,0,0,0,0,0,0
1748635952138,-18750000,4527122,5370213,8541037,0,0,0,0,0,0,0
1748635952238,-18750000,4582108,5461856,8596019,0,0,0,0,0,0,0
1748635952338,-18750000,4633428,5608484,8614345,0,0,0,0,0,0,0
1748635952438,-18750000,4666419,5663471,8724314,0,0,0,0,0,0,0
1748635952538,-18750000,4714073,5626814,8522703,0,0,0,0,0,0,0
1748635952638,-18750000,4758062,5718457,8247779,0,0,0,0,0,0,0
1748635952738,-18750000,4783721,5791769,7826227,0,0,0,0,0,0,0
1748635952838,-18750000,4824043,5975054,7386344,0,0,0,0,0,0,0
1748635952938,-18750000,4846037,5938398,6818163,0,0,0,0,0,0,0
1748635953038,-18750000,4846037,5920072,6323294,0,0,0,0,0,0,0
1748635953138,-18750000,4853368,5883416,5755113,0,0,0,0,0,0,0
1748635953238,-18750000,4846037,5975058,5223588,0,0,0,0,0,0,0
1748635953338,-18750000,4831374,5956732,4618750,0,0,0,0,0,0,0
1748635953438,-18750000,4809379,5920072,4032239,0,0,0,0,0,0,0
1748635953538,-18750000,4783720,5956728,3647343,0,0,0,0,0,0,0
1748635953638,-18750000,4761725,5901742,3390742,0,0,0,0,0,0,0
1748635953738,-18750000,4732400,5846756,3189127,0,0,0,0,0,0,0
1748635953838,-18750000,4692078,5736783,3005842,0,0,0,0,0,0,0
1748635953938,-18750000,4644424,5681797,2914199,0,0,0,0,0,0,0
1748635954038,-18750000,4629761,5626811,2822557,0,0,0,0,0,0,0
1748635954138,-18750000,4600435,5626811,2785897,0,0,0,0,0,0,0
1748635954238,-18750000,4552781,5443526,2657598,0,0,0,0,0,0,0
1748635954338,-18750000,4512459,5333553,2602612,0,0,0,0,0,0,0
1748635954438,-18750000,4468471,5351883,2510969,0,0,0,0,0,0,0
1748635954538,-18750000,4442811,5315227,2712580,0,0,0,0,0,0,0
1748635954638,-18750000,4417151,5260241,3079150,0,0,0,0,0,0,0
1748635954738,-18750000,4376828,5278571,3500707,0,0,0,0,0,0,0
1748635954838,-18750000,4358500,5260244,4013906,0,0,0,0,0,0,0
1748635954938,-18750000,4362165,5296901,4472118,0,0,0,0,0,0,0
1748635955038,-18750000,4362165,5241914,5003643,0,0,0,0,0,0,0
1748635955138,-18750000,4369496,5223588,5553498,0,0,0,0,0,0,0
1748635955238,-18750000,4402487,5260248,6158339,0,0,0,0,0,0,0
1748635955338,-18750000,4431813,5351891,6744850,0,0,0,0,0,0,0
1748635955438,-18750000,4497796,5296904,7349692,0,0,0,0,0,0,0
1748635955538,-18750000,4519790,5260248,7459664,0,0,0,0,0,0,0
1748635955638,-18750000,4552781,5296904,7368022,0,0,0,0,0,0,0
1748635955738,-18750000,4596770,5315231,7111424,0,0,0,0,0,0,0
1748635955838,-18750000,4626095,5333557,6726528,0,0,0,0,0,0,0
1748635955938,-18750000,4629761,5388543,6323302,0,0,0,0,0,0,0
1748635956038,-18750000,4637093,5406873,5846763,0,0,0,0,0,0,0
1748635956138,-18750000,4637093,5443529,5406881,0,0,0,0,0,0,0
1748635956238,-18750000,4640759,5516842,4930338,0,0,0,0,0,0,0
1748635956338,-18750000,4629761,5480186,4417143,0,0,0,0,0,0,0
1748635956438,-18750000,4596770,5516842,3903944,0,0,0,0,0,0,0
1748635956538,-18750000,4589438,5553498,3592360,0,0,0,0,0,0,0
1748635956638,-18750000,4574776,5516842,3354093,0,0,0,0,0,0,0
1748635956738,-18750000,4541785,5443529,3134152,0,0,0,0,0,0,0
1748635956838,-18750000,4519790,5425203,2950867,0,0,0,0,0,0,0
1748635956938,-18750000,4494131,5333561,2895880,0,0,0,0,0,0,0
1748635957038,-18750000,4468471,5333561,2730922,0,0,0,0,0,0,0
1748635957138,-18750000,4428149,5333561,2602623,0,0,0,0,0,0,0
1748635957238,-18750000,4365832,5296904,2510980,0,0,0,0,0,0,0
1748635957338,-18750000,4325509,5296904,2437664,0,0,0,0,0,0,0
1748635957438,-18750000,4288852,5186935,2364352,0,0,0,0,0,0,0
1748635957538,-18750000,4226535,5150279,2602619,0,0,0,0,0,0,0
1748635957638,-18750000,4175216,5223592,2914203,0,0,0,0,0,0,0
1748635957738,-18750000,4142225,5223592,3409068,0,0,0,0,0,0,0
1748635957838,-18750000,4109234,5186936,3977249,0,0,0,0,0,0,0
1748635957938,-18750000,4105568,5186936,4508774,0,0,0,0,0,0,0
1748635958038,-18750000,4105568,5131949,5095286,0,0,0,0,0,0,0
1748635958138,-18750000,4131227,5076963,5700123,0,0,0,0,0,0,0
1748635958238,-18750000,4149556,5040307,6323291,0,0,0,0,0,0,0
1748635958338,-18750000,4193544,5021977,7019774,0,0,0,0,0,0,0
1748635958438,-18750000,4222869,5058633,7624612,0,0,0,0,0,0,0
1748635958538,-18750000,4266857,5131946,7716254,0,0,0,0,0,0,0
1748635958638,-18750000,4310845,5113619,7606282,0,0,0,0,0,0,0
1748635958738,-18750000,4362165,5223592,7404671,0,0,0,0,0,0,0
1748635958838,-18750000,4395156,5315234,7074757,0,0,0,0,0,0,0
1748635958938,-18750000,4442810,5315234,6634874,0,0,0,0,0,0,0
1748635959038,-18750000,4475802,5461863,6213322,0,0,0,0,0,0,0
1748635959138,-18750000,4486799,5406877,5700127,0,0,0,0,0,0,0
1748635959238,-18750000,4497796,5425203,5150276,0,0,0,0,0,0,0
1748635959338,-18750000,4475802,5388547,4527108,0,0,0,0,0,0,0
1748635959438,-18750000,4468471,5388547,3940601,0,0,0,0,0,0,0
1748635959538,-18750000,4453808,5315234,3830632,0,0,0,0,0,0,0
1748635959638,-18750000,4428149,5296904,3940604,0,0,0,0,0,0,0
1748635959738,-18750000,4406154,5260244,4197202,0,0,0,0,0,0,0
1748635959838,-18750000,4395157,5186928,4563772,0,0,0,0,0,0,0
1748635959938,-18750000,4373162,5131942,4985324,0,0,0,0,0,0,0
1748635960038,-18750000,4343837,5095282,5461863,0,0,0,0,0,0,0
1748635960138,-18750000,4351168,5223581,5938402,0,0,0,0,0,0,0
1748635960238,-18750000,4373162,5260237,6433270,0,0,0,0,0,0,0
1748635960338,-18750000,4391491,5315223,7038108,0,0,0,0,0,0,0
1748635960438,-18750000,4428148,5388536,7587959,0,0,0,0,0,0,0
1748635960538,-18750000,4468471,5406862,7697928,0,0,0,0,0,0,0
1748635960638,-18750000,4523456,5443518,7606285,0,0,0,0,0,0,0
1748635960738,-18750000,4549115,5516834,7331358,0,0,0,0,0,0,0
1748635960838,-18750000,4571110,5516834,6928132,0,0,0,0,0,0,0
1748635960938,-18750000,4593104,5681793,6543236,0,0,0,0,0,0,0
1748635961038,-18750000,4618764,5626811,6140009,0,0,0,0,0,0,0
1748635961138,-18750000,4607767,5663471,5645141,0,0,0,0,0,0,0
1748635961238,-18750000,4593104,5571828,5095286,0,0,0,0,0,0,0
1748635961338,-18750000,4589438,5516842,4527104,0,0,0,0,0,0,0
1748635961438,-18750000,4563778,5480186,4013909,0,0,0,0,0,0,0
1748635961538,-18750000,4538118,5425199,3940597,0,0,0,0,0,0,0
1748635961638,-18750000,4490464,5388543,4105552,0,0,0,0,0,0,0
1748635961738,-18750000,4468471,5315227,4288837,0,0,0,0,0,0,0
1748635961838,-18750000,4453807,5370213,4637077,0,0,0,0,0,0,0
1748635961938,-18750000,4439144,5351883,5021973,0,0,0,0,0,0,0
1748635962038,-18750000,4439144,5443526,5443529,0,0,0,0,0,0,0
1748635962138,-18750000,4464804,5406866,5975054,0,0,0,0,0,0,0
1748635962238,-18750000,4494129,5553494,6561566,0,0,0,0,0,0,0
1748635962338,-18750000,4519789,5608481,7074761,0,0,0,0,0,0,0
1748635962438,-18750000,4556446,5700123,7606286,0,0,0,0,0,0,0
1748635962538,-18750000,4604100,5810096,7661272,0,0,0,0,0,0,0
1748635962638,-18750000,4651753,5791769,7514643,0,0,0,0,0,0,0
1748635962738,-18750000,4706739,5791769,7313032,0,0,0,0,0,0,0
1748635962838,-18750000,4750728,5773439,6928136,0,0,0,0,0,0,0
1748635962938,-18750000,4780054,5736783,6524913,0,0,0,0,0,0,0
1748635963038,-18750000,4791051,5718453,6011714,0,0,0,0,0,0,0
1748635963138,-18750000,4787386,5626811,5516846,0,0,0,0,0,0,0
1748635963238,-18750000,4776389,5590154,4966991,0,0,0,0,0,0,0
1748635963338,-18750000,4758061,5626811,4453796,0,0,0,0,0,0,0
1748635963438,-18750000,4725070,5626811,3903941,0,0,0,0,0,0,0
1748635963538,-18750000,4692079,5608481,3574027,0,0,0,0,0,0,0
1748635963638,-18750000,4666419,5681793,3354086,0,0,0,0,0,0,0
1748635963738,-18750000,4622431,5608481,3152471,0,0,0,0,0,0,0
1748635963838,-18750000,4585774,5535168,3060828,0,0,0,0,0,0,0
1748635963938,-18750000,4534454,5516838,2914199,0,0,0,0,0,0,0
1748635964038,-18750000,4505128,5461852,2822557,0,0,0,0,0,0,0
1748635964138,-18750000,4468471,5443526,2675932,0,0,0,0,0,0,0
1748635964238,-18750000,4413486,5370213,2620946,0,0,0,0,0,0,0
1748635964338,-18750000,4380495,5315227,2565959,0,0,0,0,0,0,0
1748635964438,-18750000,4354835,5150272,2455990,0,0,0,0,0,0,0
1748635964538,-18750000,4307181,5058629,2639275,0,0,0,0,0,0,0
1748635964638,-18750000,4277856,4985317,2932533,0,0,0,0,0,0,0
1748635964738,-18750000,4259527,4930331,3390745,0,0,0,0,0,0,0
1748635964838,-18750000,4237533,4948661,3885614,0,0,0,0,0,0,0
1748635964938,-18750000,4222870,4893678,4435465,0,0,0,0,0,0,0
1748635965038,-18750000,4226536,4912008,4966990,0,0,0,0,0,0,0
1748635965138,-18750000,4233868,5040307,5590158,0,0,0,0,0,0,0
1748635965238,-18750000,4266859,5058633,6176669,0,0,0,0,0,0,0
1748635965338,-18750000,4288853,5150276,6781507,0,0,0,0,0,0,0
1748635965438,-18750000,4321844,5205262,7404674,0,0,0,0,0,0,0
1748635965538,-18750000,4373164,5241922,7844557,0,0,0,0,0,0,0
1748635965638,-18750000,4424483,5186936,8101154,0,0,0,0,0,0,0
1748635965738,-18750000,4472137,5315234,8247783,0,0,0,0,0,0,0
1748635965838,-18750000,4530788,5388547,8357752,0,0,0,0,0,0,0
1748635965938,-18750000,4589439,5498516,8486054,0,0,0,0,0,0,0
1748635966038,-18750000,4633427,5535172,8596027,0,0,0,0,0,0,0
1748635966138,-18750000,4688413,5571828,8687669,0,0,0,0,0,0,0
1748635966238,-18750000,4732401,5645144,8724325,0,0,0,0,0,0,0
1748635966338,-18750000,4783721,5645144,8724325,0,0,0,0,0,0,0
1748635966438,-18750000,4824043,5681801,8779308,0,0,0,0,0,0,0
1748635966538,-18750000,4868031,5810099,8559367,0,0,0,0,0,0,0
1748635966638,-18750000,4908353,5975054,8229453,0,0,0,0,0,0,0
1748635966738,-18750000,4937679,6011714,7862883,0,0,0,0,0,0,0
1748635966838,-18750000,4952342,6011714,7386344,0,0,0,0,0,0,0
1748635966938,-18750000,4967004,5956728,6854819,0,0,0,0,0,0,0
1748635967038,-18750000,4981667,6048371,6359950,0,0,0,0,0,0,0
1748635967138,-18750000,4978001,5938402,5755109,0,0,0,0,0,0,0
1748635967238,-18750000,4967003,5901742,5168602,0,0,0,0,0,0,0
1748635967338,-18750000,4952341,5828429,4618751,0,0,0,0,0,0,0
1748635967438,-18750000,4934012,5865086,4068899,0,0,0,0,0,0,0
1748635967538,-18750000,4901021,5846756,3684003,0,0,0,0,0,0,0
1748635967638,-18750000,4842371,5828429,3409076,0,0,0,0,0,0,0
1748635967738,-18750000,4805714,5718457,3189134,0,0,0,0,0,0,0
1748635967838,-18750000,4776388,5645144,3005849,0,0,0,0,0,0,0
1748635967938,-18750000,4739731,5663474,2859221,0,0,0,0,0,0,0
1748635968038,-18750000,4699409,5571832,2785908,0,0,0,0,0,0,0
1748635968138,-18750000,4659086,5608488,2712596,0,0,0,0,0,0,0
1748635968238,-18750000,4633427,5535176,2639279,0,0,0,0,0,0,0
1748635968338,-18750000,4596770,5516846,2565963,0,0,0,0,0,0,0
1748635968438,-18750000,4560113,5461859,2492647,0,0,0,0,0,0,0
1748635968538,-18750000,4530787,5406873,2657602,0,0,0,0,0,0,0
1748635968638,-18750000,4519789,5388543,3042502,0,0,0,0,0,0,0
1748635968738,-18750000,4519789,5425199,3445728,0,0,0,0,0,0,0
1748635968838,-18750000,4497796,5443526,3995583,0,0,0,0,0,0,0
1748635968938,-18750000,4494130,5443526,4582094,0,0,0,0,0,0,0
1748635969038,-18750000,4486798,5443526,5095289,0,0,0,0,0,0,0
1748635969138,-18750000,4516123,5461852,5645140,0,0,0,0,0,0,0
1748635969238,-18750000,4519789,5480182,6286638,0,0,0,0,0,0,0
1748635969338,-18750000,4538118,5425196,6891479,0,0,0,0,0,0,0
1748635969438,-18750000,4574775,5425196,7514647,0,0,0,0,0,0,0
1748635969538,-18750000,4622429,5461856,7752914,0,0,0,0,0,0,0
1748635969638,-18750000,4648089,5498512,7624616,0,0,0,0,0,0,0
1748635969738,-18750000,4670084,5571828,7386344,0,0,0,0,0,0,0
1748635969838,-18750000,4699409,5535172,7056430,0,0,0,0,0,0,0
1748635969938,-18750000,4721402,5553502,6579888,0,0,0,0,0,0,0
1748635970038,-18750000,4728734,5516846,6121675,0,0,0,0,0,0,0
1748635970138,-18750000,4714072,5516846,5663467,0,0,0,0,0,0,0
1748635970238,-18750000,4725069,5571828,5113612,0,0,0,0,0,0,0
1748635970338,-18750000,4728734,5626814,4508770,0,0,0,0,0,0,0
1748635970438,-18750000,4699409,5626814,3940589,0,0,0,0,0,0,0
1748635970538,-18750000,4666418,5608484,3519037,0,0,0,0,0,0,0
1748635970638,-18750000,4644424,5535172,3280765,0,0,0,0,0,0,0
1748635970738,-18750000,4596770,5516842,3097480,0,0,0,0,0,0,0
1748635970838,-18750000,4563779,5535172,2932525,0,0,0,0,0,0,0
1748635970938,-18750000,4523457,5498512,2804227,0,0,0,0,0,0,0
1748635971038,-18750000,4494131,5461856,2694258,0,0,0,0,0,0,0
1748635971138,-18750000,4442812,5388543,2565959,0,0,0,0,0,0,0
1748635971238,-18750000,4409820,5333561,2455990,0,0,0,0,0,0,0
1748635971338,-18750000,4365832,5351891,2419334,0,0,0,0,0,0,0
1748635971438,-18750000,4347503,5388547,2309365,0,0,0,0,0,0,0
1748635971538,-18750000,4329175,5351891,2510977,0,0,0,0,0,0,0
1748635971638,-18750000,4288852,5370217,2914203,0,0,0,0,0,0,0
1748635971738,-18750000,4266858,5278574,3390746,0,0,0,0,0,0,0
1748635971838,-18750000,4244864,5315231,3848958,0,0,0,0,0,0,0
1748635971938,-18750000,4252196,5315231,4398813,0,0,0,0,0,0,0
1748635972038,-18750000,4248530,5315231,4966994,0,0,0,0,0,0,0
1748635972138,-18750000,4281521,5388543,5608488,0,0,0,0,0,0,0
1748635972238,-18750000,4296184,5425199,6268312,0,0,0,0,0,0,0
1748635972338,-18750000,4329175,5443526,6928136,0,0,0,0,0,0,0
1748635972438,-18750000,4347503,5498512,7587959,0,0,0,0,0,0,0
1748635972538,-18750000,4376829,5516838,7716262,0,0,0,0,0,0,0
1748635972638,-18750000,4424483,5571824,7569633,0,0,0,0,0,0,0
1748635972738,-18750000,4472137,5663467,7313032,0,0,0,0,0,0,0
1748635972838,-18750000,4512459,5571824,7001448,0,0,0,0,0,0,0
1748635972938,-18750000,4512459,5535168,6634878,0,0,0,0,0,0,0
1748635973038,-18750000,4545451,5553494,6176666,0,0,0,0,0,0,0
1748635973138,-18750000,4541785,5571824,5663471,0,0,0,0,0,0,0
1748635973238,-18750000,4552781,5571824,5076959,0,0,0,0,0,0,0
1748635973338,-18750000,4549116,5571824,4490452,0,0,0,0,0,0,0
1748635973438,-18750000,4538119,5425196,3922271,0,0,0,0,0,0,0
1748635973538,-18750000,4527122,5370213,3555701,0,0,0,0,0,0,0
1748635973638,-18750000,4508793,5315227,3262447,0,0,0,0,0,0,0
1748635973738,-18750000,4472136,5333557,3024179,0,0,0,0,0,0,0
1748635973838,-18750000,4435479,5370213,2840894,0,0,0,0,0,0,0
1748635973938,-18750000,4413485,5370213,2657609,0,0,0,0,0,0,0
1748635974038,-18750000,4362165,5296901,2547641,0,0,0,0,0,0,0
1748635974138,-18750000,4329174,5223588,2419342,0,0,0,0,0,0,0
1748635974238,-18750000,4266857,5186932,2401012,0,0,0,0,0,0,0
1748635974338,-18750000,4219203,5113619,2327696,0,0,0,0,0,0,0
1748635974438,-18750000,4167884,5186936,2309366,0,0,0,0,0,0,0
1748635974538,-18750000,4116564,5168606,2529307,0,0,0,0,0,0,0
1748635974638,-18750000,4068910,5095293,2950859,0,0,0,0,0,0,0
1748635974738,-18750000,4024922,4948664,3409068,0,0,0,0,0,0,0
1748635974838,-18750000,4006593,4838696,3903937,0,0,0,0,0,0,0
1748635974938,-18750000,3991930,4838696,4472118,0,0,0,0,0,0,0
1748635975038,-18750000,3995596,4948664,5040299,0,0,0,0,0,0,0
1748635975138,-18750000,4028587,4985321,5700123,0,0,0,0,0,0,0
1748635975238,-18750000,4065244,5040303,6323290,0,0,0,0,0,0,0
1748635975338,-18750000,4098235,5076959,7019774,0,0,0,0,0,0,0
1748635975438,-18750000,4145888,5095286,7606285,0,0,0,0,0,0,0
1748635975538,-18750000,4204539,5168598,8027838,0,0,0,0,0,0,0
1748635975638,-18750000,4285184,5223584,8192797,0,0,0,0,0,0,0
1748635975738,-18750000,4365830,5315227,8376082,0,0,0,0,0,0,0
1748635975838,-18750000,4435478,5516838,8486050,0,0,0,0,0,0,0
1748635975938,-18750000,4505126,5553494,8614353,0,0,0,0,0,0,0
1748635976038,-18750000,4560111,5571824,8669339,0,0,0,0,0,0,0
1748635976138,-18750000,4585772,5608481,8724325,0,0,0,0,0,0,0
1748635976238,-18750000,4651754,5663467,8797642,0,0,0,0,0,0,0
1748635976338,-18750000,4692077,5681797,8815968,0,0,0,0,0,0,0
1748635976438,-18750000,4761725,5736783,8834294,0,0,0,0,0,0,0
1748635976538,-18750000,4783720,5773443,8614353,0,0,0,0,0,0,0
1748635976638,-18750000,4816711,5846756,8376082,0,0,0,0,0,0,0
1748635976738,-18750000,4816711,5791769,7972856,0,0,0,0,0,0,0
1748635976838,-18750000,4831374,5846756,7587959,0,0,0,0,0,0,0
1748635976938,-18750000,4831374,5865086,7074761,0,0,0,0,0,0,0
1748635977038,-18750000,4853368,5810099,6579892,0,0,0,0,0,0,0
1748635977138,-18750000,4875362,5883412,6011707,0,0,0,0,0,0,0
1748635977238,-18750000,4842371,5865086,5370209,0,0,0,0,0,0,0
1748635977338,-18750000,4835039,5938398,4728716,0,0,0,0,0,0,0
1748635977438,-18750000,4794717,5846756,4142208,0,0,0,0,0,0,0
1748635977538,-18750000,4780054,5828426,3757312,0,0,0,0,0,0,0
1748635977638,-18750000,4732400,5718457,3445728,0,0,0,0,0,0,0
1748635977738,-18750000,4717738,5810099,3207460,0,0,0,0,0,0,0
1748635977838,-18750000,4673750,5718457,3079162,0,0,0,0,0,0,0
1748635977938,-18750000,4673750,5626814,2950863,0,0,0,0,0,0,0
1748635978038,-18750000,4637093,5645144,2840890,0,0,0,0,0,0,0
1748635978138,-18750000,4604102,5516846,2749248,0,0,0,0,0,0,0
1748635978238,-18750000,4578441,5498516,2675935,0,0,0,0,0,0,0
1748635978338,-18750000,4541784,5333561,2657605,0,0,0,0,0,0,0
1748635978438,-18750000,4519790,5315234,2565963,0,0,0,0,0,0,0
1748635978538,-18750000,4472136,5351891,2804234,0,0,0,0,0,0,0
1748635978638,-18750000,4442810,5315231,3134148,0,0,0,0,0,0,0
1748635978738,-18750000,4439144,5260244,3610687,0,0,0,0,0,0,0
1748635978838,-18750000,4420816,5241914,4032239,0,0,0,0,0,0,0
1748635978938,-18750000,4395156,5351887,4545434,0,0,0,0,0,0,0
1748635979038,-18750000,4387825,5296901,5131946,0,0,0,0,0,0,0
1748635979138,-18750000,4380494,5351887,5718457,0,0,0,0,0,0,0
1748635979238,-18750000,4387826,5333557,6323294,0,0,0,0,0,0,0
1748635979338,-18750000,4428148,5370213,6854819,0,0,0,0,0,0,0
1748635979438,-18750000,4461140,5425196,7514643,0,0,0,0,0,0,0
1748635979538,-18750000,4523456,5351883,7697924,0,0,0,0,0,0,0
1748635979638,-18750000,4571111,5388543,7679594,0,0,0,0,0,0,0
1748635979738,-18750000,4578442,5425199,7459653,0,0,0,0,0,0,0
1748635979838,-18750000,4615099,5425199,7111413,0,0,0,0,0,0,0
1748635979938,-18750000,4618765,5406869,6708191,0,0,0,0,0,0,0
1748635980038,-18750000,4626096,5498512,6231652,0,0,0,0,0,0,0
1748635980138,-18750000,4637092,5480182,5700127,0,0,0,0,0,0,0
1748635980238,-18750000,4640758,5406869,5131946,0,0,0,0,0,0,0
1748635980338,-18750000,4611433,5406869,4673733,0,0,0,0,0,0,0
1748635980438,-18750000,4596769,5370213,4087222,0,0,0,0,0,0,0
1748635980538,-18750000,4556446,5388539,3922267,0,0,0,0,0,0,0
1748635980638,-18750000,4545449,5443522,3940597,0,0,0,0,0,0,0
1748635980738,-18750000,4541784,5425196,4105552,0,0,0,0,0,0,0
1748635980838,-18750000,4534452,5461852,4435465,0,0,0,0,0,0,0
1748635980938,-18750000,4552780,5535164,4838688,0,0,0,0,0,0,0
1748635981038,-18750000,4549115,5443522,5315227,0,0,0,0,0,0,0
1748635981138,-18750000,4545450,5443522,5828425,0,0,0,0,0,0,0
1748635981238,-18750000,4563779,5443522,6414937,0,0,0,0,0,0,0
1748635981338,-18750000,4600436,5571821,6983122,0,0,0,0,0,0,0
1748635981438,-18750000,4618764,5571821,7624619,0,0,0,0,0,0,0
1748635981538,-18750000,4651755,5516838,7789574,0,0,0,0,0,0,0
1748635981638,-18750000,4681081,5535168,7697932,0,0,0,0,0,0,0
1748635981738,-18750000,4710407,5590154,7569633,0,0,0,0,0,0,0
1748635981838,-18750000,4728735,5645141,7258049,0,0,0,0,0,0,0
1748635981938,-18750000,4732400,5590158,6873153,0,0,0,0,0,0,0
1748635982038,-18750000,4747063,5663471,6378284,0,0,0,0,0,0,0
1748635982138,-18750000,4765391,5681801,5956728,0,0,0,0,0,0,0
1748635982238,-18750000,4761726,5755113,5388547,0,0,0,0,0,0,0
1748635982338,-18750000,4758060,5700127,4747049,0,0,0,0,0,0,0
1748635982438,-18750000,4747063,5755113,4123882,0,0,0,0,0,0,0
1748635982538,-18750000,4732401,5755113,3702329,0,0,0,0,0,0,0
1748635982638,-18750000,4695744,5718457,3409072,0,0,0,0,0,0,0
1748635982738,-18750000,4670083,5608484,3170804,0,0,0,0,0,0,0
1748635982838,-18750000,4633426,5498516,3024175,0,0,0,0,0,0,0
1748635982938,-18750000,4611433,5406873,2877547,0,0,0,0,0,0,0
1748635983038,-18750000,4582107,5425203,2767578,0,0,0,0,0,0,0
1748635983138,-18750000,4541784,5333561,2565967,0,0,0,0,0,0,0
1748635983238,-18750000,4501461,5223592,2529307,0,0,0,0,0,0,0
1748635983338,-18750000,4442810,5168609,2474320,0,0,0,0,0,0,0
1748635983438,-18750000,4406153,5040311,2382678,0,0,0,0,0,0,0
1748635983538,-18750000,4369496,4985324,2565963,0,0,0,0,0,0,0
1748635983638,-18750000,4347502,4985324,2932533,0,0,0,0,0,0,0
1748635983738,-18750000,4314511,4985324,3354085,0,0,0,0,0,0,0
1748635983838,-18750000,4310846,4966994,3867280,0,0,0,0,0,0,0
1748635983938,-18750000,4288851,4985321,4398805,0,0,0,0,0,0,0
1748635984038,-18750000,4296183,4912008,4985317,0,0,0,0,0,0,0
1748635984138,-18750000,4318178,4912008,5608484,0,0,0,0,0,0,0
1748635984238,-18750000,4354835,5076963,6231652,0,0,0,0,0,0,0
1748635984338,-18750000,4384160,5131946,6836493,0,0,0,0,0,0,0
1748635984438,-18750000,4406153,5278574,7514643,0,0,0,0,0,0,0
1748635984538,-18750000,4446476,5443529,7954525,0,0,0,0,0,0,0
1748635984638,-18750000,4490465,5461856,8266109,0,0,0,0,0,0,0
1748635984738,-18750000,4538119,5535168,8486050,0,0,0,0,0,0,0
1748635984838,-18750000,4571110,5608481,8596023,0,0,0,0,0,0,0
1748635984938,-18750000,4629761,5663467,8724325,0,0,0,0,0,0,0
1748635985038,-18750000,4659086,5718449,8760982,0,0,0,0,0,0,0
1748635985138,-18750000,4703075,5791762,8834294,0,0,0,0,0,0,0
1748635985238,-18750000,4739732,5681793,8834294,0,0,0,0,0,0,0
1748635985338,-18750000,4791051,5718453,8870950,0,0,0,0,0,0,0
1748635985438,-18750000,4838705,5700123,8907610,0,0,0,0,0,0,0
1748635985538,-18750000,4879028,5681797,8687669,0,0,0,0,0,0,0
1748635985638,-18750000,4893691,5700127,8321099,0,0,0,0,0,0,0
1748635985738,-18750000,4930348,5755113,7826230,0,0,0,0,0,0,0
1748635985838,-18750000,4963339,5773443,7349692,0,0,0,0,0,0,0
1748635985938,-18750000,4988999,5810099,6873149,0,0,0,0,0,0,0
1748635986038,-18750000,5021990,5828429,6378280,0,0,0,0,0,0,0
1748635986138,-18750000,5010993,5846759,5828425,0,0,0,0,0,0,0
1748635986238,-18750000,5003662,5901742,5351887,0,0,0,0,0,0,0
1748635986338,-18750000,4985334,5901742,4783705,0,0,0,0,0,0,0
1748635986438,-18750000,4974337,5901742,4197194,0,0,0,0,0,0,0
1748635986538,-18750000,4941346,5920068,3793968,0,0,0,0,0,0,0
1748635986638,-18750000,4923017,5865082,3574027,0,0,0,0,0,0,0
1748635986738,-18750000,4890026,5791769,3409072,0,0,0,0,0,0,0
1748635986838,-18750000,4857035,5773439,3225787,0,0,0,0,0,0,0
1748635986938,-18750000,4820378,5681797,3042502,0,0,0,0,0,0,0
1748635987038,-18750000,4772723,5626811,2914203,0,0,0,0,0,0,0
1748635987138,-18750000,4758061,5608481,2804234,0,0,0,0,0,0,0
1748635987238,-18750000,4714073,5553498,2657606,0,0,0,0,0,0,0
1748635987338,-18750000,4681081,5535168,2602619,0,0,0,0,0,0,0
1748635987438,-18750000,4648090,5461856,2510977,0,0,0,0,0,0,0
1748635987538,-18750000,4611433,5370213,2712588,0,0,0,0,0,0,0
1748635987638,-18750000,4604102,5351887,3060828,0,0,0,0,0,0,0
1748635987738,-18750000,4574777,5296901,3482381,0,0,0,0,0,0,0
1748635987838,-18750000,4563779,5333561,4032232,0,0,0,0,0,0,0
1748635987938,-18750000,4541785,5296904,4563757,0,0,0,0,0,0,0
1748635988038,-18750000,4545451,5333561,5168594,0,0,0,0,0,0,0
1748635988138,-18750000,4541785,5333561,5773432,0,0,0,0,0,0,0
1748635988238,-18750000,4567445,5351887,6359943,0,0,0,0,0,0,0
1748635988338,-18750000,4615099,5278574,7019767,0,0,0,0,0,0,0
1748635988438,-18750000,4648090,5315231,7624604,0,0,0,0,0,0,0
1748635988538,-18750000,4703075,5370217,7807889,0,0,0,0,0,0,0
1748635988638,-18750000,4728735,5443529,7716247,0,0,0,0,0,0,0
1748635988738,-18750000,4787386,5535172,7496306,0,0,0,0,0,0,0
1748635988838,-18750000,4820378,5516842,7129739,0,0,0,0,0,0,0
1748635988938,-18750000,4820378,5608484,6726517,0,0,0,0,0,0,0
1748635989038,-18750000,4849703,5590158,6231648,0,0,0,0,0,0,0
1748635989138,-18750000,4853369,5590158,5700123,0,0,0,0,0,0,0
1748635989238,-18750000,4835041,5645144,5223584,0,0,0,0,0,0,0
1748635989338,-18750000,4805715,5700127,4582087,0,0,0,0,0,0,0
1748635989438,-18750000,4805715,5700127,4032236,0,0,0,0,0,0,0
1748635989538,-18750000,4739732,5791769,3647339,0,0,0,0,0,0,0
1748635989638,-18750000,4739732,5773439,3317429,0,0,0,0,0,0,0
1748635989738,-18750000,4655422,5718453,3097488,0,0,0,0,0,0,0
1748635989838,-18750000,4655422,5645141,2932529,0,0,0,0,0,0,0
1748635989938,-18750000,4611434,5645141,2804227,0,0,0,0,0,0,0
1748635990038,-18750000,4545451,5516842,2675928,0,0,0,0,0,0,0
1748635990138,-18750000,4545451,5516842,2620942,0,0,0,0,0,0,0
1748635990238,-18750000,4501462,5498516,2529299,0,0,0,0,0,0,0
1748635990338,-18750000,4501462,5498516,2529299,0,0,0,0,0,0,0
1748635990438,-18750000,4461140,5406873,2510969,0,0,0,0,0,0,0
1748635990538,-18750000,4453808,5241918,2730910,0,0,0,0,0,0,0
1748635990638,-18750000,4398823,5241918,2730910,0,0,0,0,0,0,0
1748635990738,-18750000,4340171,5205262,3482377,0,0,0,0,0,0,0
1748635990838,-18750000,4340171,5205262,3958919,0,0,0,0,0,0,0
1748635990938,-18750000,4332839,5260244,4527104,0,0,0,0,0,0,0
1748635991038,-18750000,4310845,5370217,5186928,0,0,0,0,0,0,0
1748635991138,-18750000,4314511,5406873,5186928,0,0,0,0,0,0,0
1748635991238,-18750000,4318177,5425199,6304968,0,0,0,0,0,0,0
1748635991338,-18750000,4336505,5425199,6304968,0,0,0,0,0,0,0
1748635991438,-18750000,4365830,5590158,7423004,0,0,0,0,0,0,0
1748635991538,-18750000,4398821,5590158,7423004,0,0,0,0,0,0,0
1748635991638,-18750000,4457473,5571828,7551303,0,0,0,0,0,0,0
1748635991738,-18750000,4519789,5590158,7294705,0,0,0,0,0,0,0
1748635991838,-18750000,4541783,5516846,7294705,0,0,0,0,0,0,0
1748635991938,-18750000,4567444,5516846,6524909,0,0,0,0,0,0,0
1748635992038,-18750000,4611432,5443529,6524909,0,0,0,0,0,0,0
1748635992138,-18750000,4626095,5480186,6048370,0,0,0,0,0,0,0
1748635992238,-18750000,4629761,5480186,5590158,0,0,0,0,0,0,0
1748635992338,-18750000,4633427,5480186,5076959,0,0,0,0,0,0,0
1748635992438,-18750000,4626095,5443526,4545434,0,0,0,0,0,0,0
1748635992538,-18750000,4593104,5461852,3977253,0,0,0,0,0,0,0
1748635992638,-18750000,4571110,5480182,3995583,0,0,0,0,0,0,0
1748635992738,-18750000,4549116,5553494,3995583,0,0,0,0,0,0,0
1748635992838,-18750000,4538119,5590151,4270510,0,0,0,0,0,0,0
1748635992938,-18750000,4523456,5590151,4582094,0,0,0,0,0,0,0
1748635993038,-18750000,4516124,5626807,4966990,0,0,0,0,0,0,0
1748635993138,-18750000,4523455,5590151,5388547,0,0,0,0,0,0,0
1748635993238,-18750000,4556447,5608481,5883415,0,0,0,0,0,0,0
1748635993338,-18750000,4585773,5608481,6378284,0,0,0,0,0,0,0
1748635993438,-18750000,4604101,5553498,6946465,0,0,0,0,0,0,0
1748635993538,-18750000,4651756,5480186,7532977,0,0,0,0,0,0,0
1748635993638,-18750000,4684747,5553498,7679602,0,0,0,0,0,0,0
1748635993738,-18750000,4717738,5553498,7532973,0,0,0,0,0,0,0
1748635993838,-18750000,4732401,5626811,7331362,0,0,0,0,0,0,0
1748635993938,-18750000,4750730,5608484,7074761,0,0,0,0,0,0,0
1748635994038,-18750000,4750730,5571828,6708194,0,0,0,0,0,0,0
1748635994138,-18750000,4765392,5590154,6304968,0,0,0,0,0,0,0
1748635994238,-18750000,4758061,5626811,5718457,0,0,0,0,0,0,0
1748635994338,-18750000,4743398,5608481,5205262,0,0,0,0,0,0,0
1748635994438,-18750000,4739732,5681793,4710393,0,0,0,0,0,0,0
1748635994538,-18750000,4703075,5736779,4087226,0,0,0,0,0,0,0
1748635994638,-18750000,4681082,5663467,3720659,0,0,0,0,0,0,0
1748635994738,-18750000,4662753,5608484,3500718,0,0,0,0,0,0,0
1748635994838,-18750000,4644425,5516842,3244117,0,0,0,0,0,0,0
1748635994938,-18750000,4618765,5516842,3042505,0,0,0,0,0,0,0
1748635995038,-18750000,4589439,5553498,2859220,0,0,0,0,0,0,0
1748635995138,-18750000,4552782,5480186,2675935,0,0,0,0,0,0,0
1748635995238,-18750000,4490465,5388543,2620949,0,0,0,0,0,0,0
1748635995338,-18750000,4453808,5406873,2547633,0,0,0,0,0,0,0
1748635995438,-18750000,4417151,5388543,2455991,0,0,0,0,0,0,0
1748635995538,-18750000,4387826,5333557,2455991,0,0,0,0,0,0,0
1748635995638,-18750000,4358500,5315227,2657602,0,0,0,0,0,0,0
1748635995738,-18750000,4307180,5333553,3042498,0,0,0,0,0,0,0
1748635995838,-18750000,4281520,5296897,3464054,0,0,0,0,0,0,0
1748635995938,-18750000,4277854,5333553,3977249,0,0,0,0,0,0,0
1748635996038,-18750000,4270523,5351883,4563757,0,0,0,0,0,0,0
1748635996138,-18750000,4274189,5425196,5150268,0,0,0,0,0,0,0
1748635996238,-18750000,4307180,5406869,5810092,0,0,0,0,0,0,0
1748635996338,-18750000,4336506,5333557,6433259,0,0,0,0,0,0,0
1748635996438,-18750000,4358500,5278574,7093087,0,0,0,0,0,0,0
1748635996538,-18750000,4395157,5315231,7679598,0,0,0,0,0,0,0
1748635996638,-18750000,4450142,5278574,8009512,0,0,0,0,0,0,0
1748635996738,-18750000,4508793,5370217,8302769,0,0,0,0,0,0,0
1748635996838,-18750000,4545450,5461859,8504380,0,0,0,0,0,0,0
1748635996938,-18750000,4585773,5498516,8632683,0,0,0,0,0,0,0
1748635997038,-18750000,4644424,5535172,8742655,0,0,0,0,0,0,0
1748635997138,-18750000,4684747,5516846,8815968,0,0,0,0,0,0,0
1748635997238,-18750000,4714072,5590158,8889284,0,0,0,0,0,0,0
1748635997338,-18750000,4743398,5755113,8907614,0,0,0,0,0,0,0
1748635997438,-18750000,4798384,5810096,8944271,0,0,0,0,0,0,0
1748635997538,-18750000,4827710,5975051,9054239,0,0,0,0,0,0,0
1748635997638,-18750000,4846038,6103349,8834298,0,0,0,0,0,0,0
1748635997738,-18750000,4893692,6066693,8449398,0,0,0,0,0,0,0
1748635997838,-18750000,4926683,6011707,8027846,0,0,0,0,0,0,0
1748635997938,-18750000,4945012,5993381,7551303,0,0,0,0,0,0,0
1748635998038,-18750000,4956009,5993381,7074764,0,0,0,0,0,0,0
1748635998138,-18750000,4952343,6048367,6488253,0,0,0,0,0,0,0
1748635998238,-18750000,4959674,6030037,5846756,0,0,0,0,0,0,0
1748635998338,-18750000,4959674,5975051,5351887,0,0,0,0,0,0,0
1748635998438,-18750000,4934014,5956724,4673733,0,0,0,0,0,0,0
1748635998538,-18750000,4926683,5883412,4013909,0,0,0,0,0,0,0
1748635998638,-18750000,4897357,5810099,3647339,0,0,0,0,0,0,0
1748635998738,-18750000,4871698,5791769,3317429,0,0,0,0,0,0,0
1748635998838,-18750000,4831375,5846756,3152474,0,0,0,0,0,0,0
1748635998938,-18750000,4805715,5828426,2969189,0,0,0,0,0,0,0
1748635999038,-18750000,4791053,5663471,2785904,0,0,0,0,0,0,0
1748635999138,-18750000,4772724,5663471,2620949,0,0,0,0,0,0,0
1748635999238,-18750000,4743398,5700131,2510980,0,0,0,0,0,0,0
1748635999338,-18750000,4710406,5626818,2309365,0,0,0,0,0,0,0
1748635999438,-18750000,4670083,5553502,2162737,0,0,0,0,0,0,0
1748635999538,-18750000,4626094,5516846,1979452,0,0,0,0,0,0,0
1748635999638,-18750000,4585772,5480189,2144407,0,0,0,0,0,0,0
1748635999738,-18750000,4541784,5388547,2492647,0,0,0,0,0,0,0
1748635999838,-18750000,4530787,5370217,2914199,0,0,0,0,0,0,0
1748635999938,-18750000,4505128,5443529,3372412,0,0,0,0,0,0,0
1748636000038,-18750000,4464805,5480186,3940593,0,0,0,0,0,0,0
1748636000138,-18750000,4472136,5406869,4618747,0,0,0,0,0,0,0
1748636000238,-18750000,4468470,5333553,5223584,0,0,0,0,0,0,0
1748636000338,-18750000,4501462,5351879,5901738,0,0,0,0,0,0,0
1748636000438,-18750000,4534453,5498508,6598222,0,0,0,0,0,0,0
1748636000538,-18750000,4571110,5535164,7386344,0,0,0,0,0,0,0
1748636000638,-18750000,4629761,5553491,7606285,0,0,0,0,0,0,0
1748636000738,-18750000,4662752,5645133,7514643,0,0,0,0,0,0,0
1748636000838,-18750000,4681081,5681793,7258045,0,0,0,0,0,0,0
1748636000938,-18750000,4710406,5571824,6928135,0,0,0,0,0,0,0
1748636001038,-18750000,4743397,5681797,6524909,0,0,0,0,0,0,0
1748636001138,-18750000,4743397,5736783,6048367,0,0,0,0,0,0,0
1748636001238,-18750000,4736066,5791769,5498512,0,0,0,0,0,0,0
1748636001338,-18750000,4717737,5828429,4948660,0,0,0,0,0,0,0
1748636001438,-18750000,4714071,5755117,4380475,0,0,0,0,0,0,0
1748636001538,-18750000,4699409,5700131,3757308,0,0,0,0,0,0,0
1748636001638,-18750000,4673749,5736787,3354082,0,0,0,0,0,0,0
1748636001738,-18750000,4644423,5736787,3097484,0,0,0,0,0,0,0
1748636001838,-18750000,4615097,5755113,2859213,0,0,0,0,0,0,0
1748636001938,-18750000,4574775,5736783,2712584,0,0,0,0,0,0,0
1748636002038,-18750000,4527122,5681797,2529299,0,0,0,0,0,0,0
1748636002138,-18750000,4501462,5553498,2382674,0,0,0,0,0,0,0
1748636002238,-18750000,4490465,5553498,2346018,0,0,0,0,0,0,0
1748636002338,-18750000,4461139,5480182,2217716,0,0,0,0,0,0,0
1748636002438,-18750000,4417150,5443526,2126073,0,0,0,0,0,0,0
1748636002538,-18750000,4384159,5388543,2089417,0,0,0,0,0,0,0
1748636002638,-18750000,4340171,5351887,2346018,0,0,0,0,0,0,0
1748636002738,-18750000,4303514,5223588,2712588,0,0,0,0,0,0,0
1748636002838,-18750000,4285186,5150275,3170801,0,0,0,0,0,0,0
1748636002938,-18750000,4274188,5058633,3665669,0,0,0,0,0,0,0
1748636003038,-18750000,4266857,5040303,4252181,0,0,0,0,0,0,0
1748636003138,-18750000,4255860,5076959,4857018,0,0,0,0,0,0,0
1748636003238,-18750000,4244864,5021973,5498516,0,0,0,0,0,0,0
1748636003338,-18750000,4263192,5113615,6176669,0,0,0,0,0,0,0
1748636003438,-18750000,4292518,5186928,6854823,0,0,0,0,0,0,0
1748636003538,-18750000,4318178,5296897,7496321,0,0,0,0,0,0,0
1748636003638,-18750000,4347503,5296897,7679602,0,0,0,0,0,0,0
1748636003738,-18750000,4391492,5425195,7642942,0,0,0,0,0,0,0
1748636003838,-18750000,4431814,5425195,7404671,0,0,0,0,0,0,0
1748636003938,-18750000,4446476,5516838,7038101,0,0,0,0,0,0,0
1748636004038,-18750000,4490464,5535168,6543232,0,0,0,0,0,0,0
1748636004138,-18750000,4512459,5626810,6085019,0,0,0,0,0,0,0
1748636004238,-18750000,4530787,5626810,5516838,0,0,0,0,0,0,0
1748636004338,-18750000,4497796,5553498,4966987,0,0,0,0,0,0,0
1748636004438,-18750000,4479468,5461855,4398805,0,0,0,0,0,0,0
1748636004538,-18750000,4472137,5406869,3775638,0,0,0,0,0,0,0
1748636004638,-18750000,4457473,5406869,3629013,0,0,0,0,0,0,0
1748636004738,-18750000,4435480,5278570,3702329,0,0,0,0,0,0,0
1748636004838,-18750000,4417151,5351883,3995587,0,0,0,0,0,0,0
1748636004938,-18750000,4417151,5351883,4362157,0,0,0,0,0,0,0
1748636005038,-18750000,4395157,5406869,4838695,0,0,0,0,0,0,0
1748636005138,-18750000,4380493,5388539,5351894,0,0,0,0,0,0,0
1748636005238,-18750000,4387825,5315227,5956732,0,0,0,0,0,0,0
1748636005338,-18750000,4420816,5315227,6506583,0,0,0,0,0,0,0
1748636005438,-18750000,4446475,5406869,7166407,0,0,0,0,0,0,0
1748636005538,-18750000,4486798,5406869,7826230,0,0,0,0,0,0,0
1748636005638,-18750000,4541783,5461856,7826230,0,0,0,0,0,0,0
1748636005738,-18750000,4574774,5553498,7679602,0,0,0,0,0,0,0
1748636005838,-18750000,4596769,5498512,7441331,0,0,0,0,0,0,0
1748636005938,-18750000,4618763,5590154,7074761,0,0,0,0,0,0,0
1748636006038,-18750000,4648089,5571824,6689864,0,0,0,0,0,0,0
1748636006138,-18750000,4662752,5571824,6140009,0,0,0,0,0,0,0
1748636006238,-18750000,4677415,5681793,5535172,0,0,0,0,0,0,0
1748636006338,-18750000,4681081,5590151,4985321,0,0,0,0,0,0,0
1748636006438,-18750000,4681081,5590151,4270511,0,0,0,0,0,0,0
1748636006538,-18750000,4648090,5571824,3647343,0,0,0,0,0,0,0
1748636006638,-18750000,4607768,5425196,3317429,0,0,0,0,0,0,0
1748636006738,-18750000,4585774,5370209,3042502,0,0,0,0,0,0,0
1748636006838,-18750000,4563779,5296897,2712588,0,0,0,0,0,0,0
1748636006938,-18750000,4538120,5205254,2529303,0,0,0,0,0,0,0
1748636007038,-18750000,4497797,5186924,2309362,0,0,0,0,0,0,0
1748636007138,-18750000,4490465,5168598,2126077,0,0,0,0,0,0,0
1748636007238,-18750000,4431814,5113616,1979448,0,0,0,0,0,0,0
1748636007338,-18750000,4384160,5223584,1832819,0,0,0,0,0,0,0
1748636007438,-18750000,4314512,5150272,1777833,0,0,0,0,0,0,0
1748636007538,-18750000,4248529,5113616,1631204,0,0,0,0,0,0,0
1748636007638,-18750000,4200875,5150272,1851146,0,0,0,0,0,0,0
1748636007738,-18750000,4156887,5131946,2199386,0,0,0,0,0,0,0
1748636007838,-18750000,4101902,5150276,2694254,0,0,0,0,0,0,0
1748636007938,-18750000,4076243,5131949,3225779,0,0,0,0,0,0,0
1748636008038,-18750000,4061580,5113623,3775634,0,0,0,0,0,0,0
1748636008138,-18750000,4035920,5021981,4453788,0,0,0,0,0,0,0
1748636008238,-18750000,4057914,5021981,5095282,0,0,0,0,0,0,0
1748636008338,-18750000,4068911,4966998,5791762,0,0,0,0,0,0,0
1748636008438,-18750000,4116565,5003654,6488246,0,0,0,0,0,0,0
1748636008538,-18750000,4178882,5113623,7184729,0,0,0,0,0,0,0
1748636008638,-18750000,4226536,5113623,7606286,0,0,0,0,0,0,0
1748636008738,-18750000,4285187,5150279,7936199,0,0,0,0,0,0,0
1748636008838,-18750000,4365832,5205262,8174470,0,0,0,0,0,0,0
1748636008938,-18750000,4413485,5278574,8321099,0,0,0,0,0,0,0
1748636009038,-18750000,4457473,5333561,8504384,0,0,0,0,0,0,0
1748636009138,-18750000,4523455,5370217,8577697,0,0,0,0,0,0,0
1748636009238,-18750000,4567444,5425199,8705999,0,0,0,0,0,0,0
1748636009338,-18750000,4629760,5480182,8760985,0,0,0,0,0,0,0
1748636009438,-18750000,4673749,5535168,8815972,0,0,0,0,0,0,0
1748636009538,-18750000,4721404,5516842,8944270,0,0,0,0,0,0,0
1748636009638,-18750000,4761726,5645145,8760985,0,0,0,0,0,0,0
1748636009738,-18750000,4805714,5681801,8376089,0,0,0,0,0,0,0
1748636009838,-18750000,4820377,5736787,7954533,0,0,0,0,0,0,0
1748636009938,-18750000,4860700,5700131,7532977,0,0,0,0,0,0,0
1748636010038,-18750000,4882694,5663471,7001452,0,0,0,0,0,0,0
1748636010138,-18750000,4886360,5755113,6506587,0,0,0,0,0,0,0
1748636010238,-18750000,4901024,5828429,5956732,0,0,0,0,0,0,0
1748636010338,-18750000,4879029,5865089,5351894,0,0,0,0,0,0,0
1748636010438,-18750000,4890026,5828429,4710397,0,0,0,0,0,0,0
1748636010538,-18750000,4868031,5810099,4050573,0,0,0,0,0,0,0
1748636010638,-18750000,4838705,5736783,3629017,0,0,0,0,0,0,0
1748636010738,-18750000,4813045,5791769,3372415,0,0,0,0,0,0,0
1748636010838,-18750000,4794717,5700127,3170804,0,0,0,0,0,0,0
1748636010938,-18750000,4750729,5736783,2987519,0,0,0,0,0,0,0
1748636011038,-18750000,4721403,5645141,2877547,0,0,0,0,0,0,0
1748636011138,-18750000,4670083,5626811,2694262,0,0,0,0,0,0,0
1748636011238,-18750000,4626094,5443526,2584289,0,0,0,0,0,0,0
1748636011338,-18750000,4593103,5315223,2510973,0,0,0,0,0,0,0
1748636011438,-18750000,4549115,5333553,2437660,0,0,0,0,0,0,0
1748636011538,-18750000,4497796,5296897,2401000,0,0,0,0,0,0,0
1748636011638,-18750000,4472136,5315227,2694258,0,0,0,0,0,0,0
1748636011738,-18750000,4420817,5260241,3060828,0,0,0,0,0,0,0
1748636011838,-18750000,4402488,5315227,3537367,0,0,0,0,0,0,0
1748636011938,-18750000,4391491,5388539,4105552,0,0,0,0,0,0,0
1748636012038,-18750000,4391491,5516842,4655407,0,0,0,0,0,0,0
1748636012138,-18750000,4413485,5516842,5296900,0,0,0,0,0,0,0
1748636012238,-18750000,4431814,5626811,5828425,0,0,0,0,0,0,0
1748636012338,-18750000,4461139,5700127,6488249,0,0,0,0,0,0,0
1748636012438,-18750000,4475803,5736783,7166399,0,0,0,0,0,0,0
1748636012538,-18750000,4523457,5700127,7826227,0,0,0,0,0,0,0
1748636012638,-18750000,4549117,5718453,7917869,0,0,0,0,0,0,0
1748636012738,-18750000,4589439,5773439,7844557,0,0,0,0,0,0,0
1748636012838,-18750000,4626096,5755109,7551303,0,0,0,0,0,0,0
1748636012938,-18750000,4659087,5736783,7111420,0,0,0,0,0,0,0
1748636013038,-18750000,4666418,5645141,6653208,0,0,0,0,0,0,0
1748636013138,-18750000,4662752,5590158,6176669,0,0,0,0,0,0,0
1748636013238,-18750000,4655420,5516846,5718460,0,0,0,0,0,0,0
1748636013338,-18750000,4655420,5535172,5150279,0,0,0,0,0,0,0
1748636013438,-18750000,4659085,5535172,4563772,0,0,0,0,0,0,0
1748636013538,-18750000,4626094,5571828,3958930,0,0,0,0,0,0,0
1748636013638,-18750000,4604100,5590158,3592360,0,0,0,0,0,0,0
1748636013738,-18750000,4578440,5553502,3207460,0,0,0,0,0,0,0
1748636013838,-18750000,4534452,5535176,3024175,0,0,0,0,0,0,0
1748636013938,-18750000,4512458,5443533,2877547,0,0,0,0,0,0,0
1748636014038,-18750000,4472136,5443533,2712592,0,0,0,0,0,0,0
1748636014138,-18750000,4442811,5443533,2584293,0,0,0,0,0,0,0
1748636014238,-18750000,4398823,5516846,2455994,0,0,0,0,0,0,0
1748636014338,-18750000,4362166,5443533,2346025,0,0,0,0,0,0,0
1748636014438,-18750000,4321844,5388547,2309365,0,0,0,0,0,0,0
1748636014538,-18750000,4292519,5351891,2199397,0,0,0,0,0,0,0
1748636014638,-18750000,4263193,5260248,2419338,0,0,0,0,0,0,0
1748636014738,-18750000,4219205,5260248,2914207,0,0,0,0,0,0,0
1748636014838,-18750000,4208207,5131949,3317433,0,0,0,0,0,0,0
1748636014938,-18750000,4186213,5095293,3830628,0,0,0,0,0,0,0
1748636015038,-18750000,4186213,5150276,4417136,0,0,0,0,0,0,0
1748636015138,-18750000,4204541,5186932,4985317,0,0,0,0,0,0,0
1748636015238,-18750000,4233867,5095289,5645141,0,0,0,0,0,0,0
1748636015338,-18750000,4252195,5113619,6304964,0,0,0,0,0,0,0
1748636015438,-18750000,4270524,5095293,6983118,0,0,0,0,0,0,0
1748636015538,-18750000,4314512,5021977,7642942,0,0,0,0,0,0,0
1748636015638,-18750000,4365832,5058633,8027838,0,0,0,0,0,0,0
1748636015738,-18750000,4417151,4966991,8266109,0,0,0,0,0,0,0
1748636015838,-18750000,4464806,5113616,8541037,0,0,0,0,0,0,0
1748636015938,-18750000,4501463,5186928,8742652,0,0,0,0,0,0,0
1748636016038,-18750000,4545451,5278571,8870954,0,0,0,0,0,0,0
1748636016138,-18750000,4574776,5351883,8962597,0,0,0,0,0,0,0
1748636016238,-18750000,4629761,5516842,9090896,0,0,0,0,0,0,0
1748636016338,-18750000,4681081,5626810,9200864,0,0,0,0,0,0,0
1748636016438,-18750000,4717738,5736779,9164208,0,0,0,0,0,0,0
1748636016538,-18750000,4761726,5920064,9237520,0,0,0,0,0,0,0
1748636016638,-18750000,4798383,5993381,9054235,0,0,0,0,0,0,0
1748636016738,-18750000,4846037,6176666,8687665,0,0,0,0,0,0,0
1748636016838,-18750000,4868031,6231652,8192797,0,0,0,0,0,0,0
1748636016938,-18750000,4886359,6231652,7624615,0,0,0,0,0,0,0
1748636017038,-18750000,4912019,6158339,7074760,0,0,0,0,0,0,0
1748636017138,-18750000,4930348,6158339,6524905,0,0,0,0,0,0,0
1748636017238,-18750000,4923016,6048367,5828425,0,0,0,0,0,0,0
1748636017338,-18750000,4912019,6048367,5186932,0,0,0,0,0,0,0
1748636017438,-18750000,4901022,5975054,4582094,0,0,0,0,0,0,0
1748636017538,-18750000,4875362,6011711,3848958,0,0,0,0,0,0,0
1748636017638,-18750000,4860700,5975051,3354093,0,0,0,0,0,0,0
1748636017738,-18750000,4849703,5846752,3024183,0,0,0,0,0,0,0
1748636017838,-18750000,4820378,5810096,2785912,0,0,0,0,0,0,0
1748636017938,-18750000,4794718,5681797,2565967,0,0,0,0,0,0,0
1748636018038,-18750000,4758061,5681797,2401012,0,0,0,0,0,0,0
1748636018138,-18750000,4721404,5608484,2254387,0,0,0,0,0,0,0
1748636018238,-18750000,4681081,5645141,2089428,0,0,0,0,0,0,0
1748636018338,-18750000,4651755,5553498,1961129,0,0,0,0,0,0,0
1748636018438,-18750000,4622429,5535168,1851157,0,0,0,0,0,0,0
1748636018538,-18750000,4585772,5333557,1832827,0,0,0,0,0,0,0
1748636018638,-18750000,4538118,5351887,2107750,0,0,0,0,0,0,0
1748636018738,-18750000,4475801,5480186,2510977,0,0,0,0,0,0,0
1748636018838,-18750000,4461138,5461856,2987515,0,0,0,0,0,0,0
1748636018938,-18750000,4442810,5516842,3629013,0,0,0,0,0,0,0
1748636019038,-18750000,4435478,5443529,4233850,0,0,0,0,0,0,0
1748636019138,-18750000,4446476,5443529,4838688,0,0,0,0,0,0,0
1748636019238,-18750000,4450142,5443529,5553498,0,0,0,0,0,0,0
1748636019338,-18750000,4453808,5498516,6176665,0,0,0,0,0,0,0
1748636019438,-18750000,4483133,5480189,6873145,0,0,0,0,0,0,0
1748636019538,-18750000,4516124,5590158,7606285,0,0,0,0,0,0,0
1748636019638,-18750000,4549116,5535172,7752914,0,0,0,0,0,0,0
1748636019738,-18750000,4611433,5480186,7661272,0,0,0,0,0,0,0
1748636019838,-18750000,4633427,5516846,7441330,0,0,0,0,0,0,0
1748636019938,-18750000,4670084,5571828,7038104,0,0,0,0,0,0,0
1748636020038,-18750000,4699409,5626811,6598222,0,0,0,0,0,0,0
1748636020138,-18750000,4706741,5571824,6194996,0,0,0,0,0,0,0
1748636020238,-18750000,4725069,5608484,5645144,0,0,0,0,0,0,0
1748636020338,-18750000,4736066,5608484,5131946,0,0,0,0,0,0,0
1748636020438,-18750000,4706741,5571828,4527108,0,0,0,0,0,0,0
1748636020538,-18750000,4706741,5553502,3867281,0,0,0,0,0,0,0
1748636020638,-18750000,4695743,5590158,3683996,0,0,0,0,0,0,0
1748636020738,-18750000,4666418,5516846,3812294,0,0,0,0,0,0,0
1748636020838,-18750000,4655420,5516846,4050565,0,0,0,0,0,0,0
1748636020938,-18750000,4637092,5425203,4398805,0,0,0,0,0,0,0
1748636021038,-18750000,4626095,5443533,4875344,0,0,0,0,0,0,0
1748636021138,-18750000,4604102,5571832,5370213,0,0,0,0,0,0,0
1748636021238,-18750000,4618764,5553502,5956720,0,0,0,0,0,0,0
1748636021338,-18750000,4626095,5571832,6524902,0,0,0,0,0,0,0
1748636021438,-18750000,4666418,5681801,7129739,0,0,0,0,0,0,0
1748636021538,-18750000,4684747,5700127,7789567,0,0,0,0,0,0,0
1748636021638,-18750000,4717738,5700127,7991182,0,0,0,0,0,0,0
1748636021738,-18750000,4736066,5755109,7881209,0,0,0,0,0,0,0
1748636021838,-18750000,4750729,5663467,7661268,0,0,0,0,0,0,0
1748636021938,-18750000,4754395,5755109,7349684,0,0,0,0,0,0,0
1748636022038,-18750000,4758060,5791766,6891475,0,0,0,0,0,0,0
1748636022138,-18750000,4780054,5700123,6378280,0,0,0,0,0,0,0
1748636022238,-18750000,4750728,5736779,5810099,0,0,0,0,0,0,0
1748636022338,-18750000,4747062,5663463,5241918,0,0,0,0,0,0,0
1748636022438,-18750000,4717736,5608477,4710393,0,0,0,0,0,0,0
1748636022538,-18750000,4699408,5608477,4087225,0,0,0,0,0,0,0
1748636022638,-18750000,4681079,5553494,3683999,0,0,0,0,0,0,0
1748636022738,-18750000,4670083,5590154,3427402,0,0,0,0,0,0,0
1748636022838,-18750000,4648089,5645137,3225790,0,0,0,0,0,0,0
1748636022938,-18750000,4622429,5590154,3042505,0,0,0,0,0,0,0
1748636023038,-18750000,4607766,5571828,2877547,0,0,0,0,0,0,0
1748636023138,-18750000,4560113,5480186,2712588,0,0,0,0,0,0,0
1748636023238,-18750000,4541784,5370217,2639276,0,0,0,0,0,0,0
1748636023338,-18750000,4501462,5333561,2547633,0,0,0,0,0,0,0
1748636023438,-18750000,4475802,5278578,2455991,0,0,0,0,0,0,0
1748636023538,-18750000,4431814,5223596,2437661,0,0,0,0,0,0,0
1748636023638,-18750000,4387825,5315238,2675928,0,0,0,0,0,0,0
1748636023738,-18750000,4343837,5260252,3005842,0,0,0,0,0,0,0
1748636023838,-18750000,4303514,5168609,3390738,0,0,0,0,0,0,0
1748636023938,-18750000,4318178,5223592,3885607,0,0,0,0,0,0,0
1748636024038,-18750000,4310846,5205262,4453788,0,0,0,0,0,0,0
1748636024138,-18750000,4325509,5241918,5095286,0,0,0,0,0,0,0
1748636024238,-18750000,4336506,5205258,5718453,0,0,0,0,0,0,0
1748636024338,-18750000,4365832,5296901,6323294,0,0,0,0,0,0,0
1748636024438,-18750000,4402489,5388543,6946462,0,0,0,0,0,0,0
1748636024538,-18750000,4442812,5461856,7532973,0,0,0,0,0,0,0
1748636024638,-18750000,4486800,5370213,7752914,0,0,0,0,0,0,0
1748636024738,-18750000,4527122,5351883,7716254,0,0,0,0,0,0,0
1748636024838,-18750000,4578442,5388543,7514639,0,0,0,0,0,0,0
1748636024938,-18750000,4585774,5406873,7184729,0,0,0,0,0,0,0
1748636025038,-18750000,4600436,5406873,6763177,0,0,0,0,0,0,0
1748636025138,-18750000,4618765,5571832,6268308,0,0,0,0,0,0,0
1748636025238,-18750000,4618765,5645148,5718453,0,0,0,0,0,0,0
1748636025338,-18750000,4611433,5571836,5113612,0,0,0,0,0,0,0
1748636025438,-18750000,4600435,5553506,4490444,0,0,0,0,0,0,0
1748636025538,-18750000,4596769,5461863,3940589,0,0,0,0,0,0,0
1748636025638,-18750000,4563778,5498519,3519037,0,0,0,0,0,0,0
1748636025738,-18750000,4534453,5535176,3152471,0,0,0,0,0,0,0
1748636025838,-18750000,4519790,5571832,2914203,0,0,0,0,0,0,0
1748636025938,-18750000,4483133,5461859,2785904,0,0,0,0,0,0,0
1748636026038,-18750000,4442810,5406873,2620949,0,0,0,0,0,0,0
1748636026138,-18750000,4406153,5296901,2510977,0,0,0,0,0,0,0
1748636026238,-18750000,4365831,5278571,2455990,0,0,0,0,0,0,0
1748636026338,-18750000,4329175,5241911,2492647,0,0,0,0,0,0,0
1748636026438,-18750000,4281521,5150268,2492647,0,0,0,0,0,0,0
1748636026538,-18750000,4222870,5205254,2346018,0,0,0,0,0,0,0
1748636026638,-18750000,4175216,5095282,2547629,0,0,0,0,0,0,0
1748636026738,-18750000,4138559,5003639,2969182,0,0,0,0,0,0,0
1748636026838,-18750000,4087239,4838684,3482377,0,0,0,0,0,0,0
1748636026938,-18750000,4079908,4838684,3977242,0,0,0,0,0,0,0
1748636027038,-18750000,4083573,4783698,4545423,0,0,0,0,0,0,0
1748636027138,-18750000,4083573,4802028,5131934,0,0,0,0,0,0,0
1748636027238,-18750000,4098236,4838684,5718446,0,0,0,0,0,0,0
1748636027338,-18750000,4105567,4930327,6323287,0,0,0,0,0,0,0
1748636027438,-18750000,4138558,4930327,6946454,0,0,0,0,0,0,0
1748636027538,-18750000,4182546,4838684,7697924,0,0,0,0,0,0,0
1748636027638,-18750000,4241197,4966983,8119481,0,0,0,0,0,0,0
1748636027738,-18750000,4307180,4966983,8412738,0,0,0,0,0,0,0
1748636027838,-18750000,4376828,5241907,8559367,0,0,0,0,0,0,0
1748636027938,-18750000,4439145,5241907,8687669,0,0,0,0,0,0,0
1748636028038,-18750000,4497796,5351879,8815968,0,0,0,0,0,0,0
1748636028138,-18750000,4552782,5370206,8907610,0,0,0,0,0,0,0
1748636028238,-18750000,4629761,5425192,8999253,0,0,0,0,0,0,0
1748636028338,-18750000,4706740,5516834,9072565,0,0,0,0,0,0,0
1748636028438,-18750000,4772723,5645133,9109225,0,0,0,0,0,0,0
1748636028538,-18750000,4820377,5773432,9145882,0,0,0,0,0,0,0
1748636028638,-18750000,4864365,5810092,8907611,0,0,0,0,0,0,0
1748636028738,-18750000,4893691,5938394,8541041,0,0,0,0,0,0,0
1748636028838,-18750000,4919351,5901738,8101158,0,0,0,0,0,0,0
1748636028938,-18750000,4930348,6011711,7606289,0,0,0,0,0,0,0
1748636029038,-18750000,4926682,6048367,7056434,0,0,0,0,0,0,0
1748636029138,-18750000,4926682,6048367,6469923,0,0,0,0,0,0,0
1748636029238,-18750000,4912019,5993381,5865086,0,0,0,0,0,0,0
1748636029338,-18750000,4901022,5846756,5205262,0,0,0,0,0,0,0
1748636029438,-18750000,4864365,5828429,4527108,0,0,0,0,0,0,0
1748636029538,-18750000,4835040,5791773,3830624,0,0,0,0,0,0,0
1748636029638,-18750000,4816712,5791773,3427398,0,0,0,0,0,0,0
1748636029738,-18750000,4798383,5773443,3097484,0,0,0,0,0,0,0
1748636029838,-18750000,4758061,5663474,2822557,0,0,0,0,0,0,0
1748636029938,-18750000,4717738,5608488,2675928,0,0,0,0,0,0,0
1748636030038,-18750000,4692078,5498519,2565959,0,0,0,0,0,0,0
1748636030138,-18750000,4670084,5461863,2401004,0,0,0,0,0,0,0
1748636030238,-18750000,4622429,5443537,2309362,0,0,0,0,0,0,0
1748636030338,-18750000,4578441,5461863,2254376,0,0,0,0,0,0,0
1748636030438,-18750000,4538119,5370221,2236046,0,0,0,0,0,0,0
1748636030538,-18750000,4519790,5351891,2199389,0,0,0,0,0,0,0
1748636030638,-18750000,4490465,5278574,2437661,0,0,0,0,0,0,0
1748636030738,-18750000,4457473,5168602,2877543,0,0,0,0,0,0,0
1748636030838,-18750000,4439144,5131942,3427398,0,0,0,0,0,0,0
1748636030938,-18750000,4417150,5131942,3922267,0,0,0,0,0,0,0
1748636031038,-18750000,4402487,5113612,4490448,0,0,0,0,0,0,0
1748636031138,-18750000,4387825,5113612,5168602,0,0,0,0,0,0,0
1748636031238,-18750000,4398822,5113612,5773439,0,0,0,0,0,0,0
1748636031338,-18750000,4391491,5168598,6433263,0,0,0,0,0,0,0
1748636031438,-18750000,4435479,5150268,7074761,0,0,0,0,0,0,0
1748636031538,-18750000,4468470,5241911,7716258,0,0,0,0,0,0,0
1748636031638,-18750000,4497796,5278567,7862887,0,0,0,0,0,0,0
1748636031738,-18750000,4516124,5333553,7716262,0,0,0,0,0,0,0
1748636031838,-18750000,4549115,5388539,7404678,0,0,0,0,0,0,0
1748636031938,-18750000,4596769,5406869,7001452,0,0,0,0,0,0,0
1748636032038,-18750000,4615097,5498512,6579899,0,0,0,0,0,0,0
1748636032138,-18750000,4633426,5535168,6121687,0,0,0,0,0,0,0
1748636032238,-18750000,4640757,5553494,5590162,0,0,0,0,0,0,0
1748636032338,-18750000,4651754,5553494,4912012,0,0,0,0,0,0,0
1748636032438,-18750000,4633426,5626807,4288844,0,0,0,0,0,0,0
1748636032538,-18750000,4589438,5571821,3665677,0,0,0,0,0,0,0
1748636032638,-18750000,4560112,5535164,3225794,0,0,0,0,0,0,0
1748636032738,-18750000,4538118,5553494,2932537,0,0,0,0,0,0,0
1748636032838,-18750000,4519790,5516838,2694266,0,0,0,0,0,0,0
1748636032938,-18750000,4475801,5498508,2547637,0,0,0,0,0,0,0
1748636033038,-18750000,4464805,5498508,2327692,0,0,0,0,0,0,0
1748636033138,-18750000,4428148,5388539,2144407,0,0,0,0,0,0,0
1748636033238,-18750000,4395157,5296897,1997778,0,0,0,0,0,0,0
1748636033338,-18750000,4351169,5186924,1961118,0,0,0,0,0,0,0
1748636033438,-18750000,4325509,5150268,1906132,0,0,0,0,0,0,0
1748636033538,-18750000,4296183,5095286,1869475,0,0,0,0,0,0,0
1748636033638,-18750000,4259526,5113616,2089417,0,0,0,0,0,0,0
1748636033738,-18750000,4222869,5076959,2529299,0,0,0,0,0,0,0
1748636033838,-18750000,4175215,5076959,3005838,0,0,0,0,0,0,0
1748636033938,-18750000,4167884,5003647,3500707,0,0,0,0,0,0,0
1748636034038,-18750000,4138558,4966991,4105548,0,0,0,0,0,0,0
1748636034138,-18750000,4138558,5021977,4710389,0,0,0,0,0,0,0
1748636034238,-18750000,4149556,5095293,5370217,0,0,0,0,0,0,0
1748636034338,-18750000,4175216,5131953,6066701,0,0,0,0,0,0,0
1748636034438,-18750000,4200875,5058641,6744854,0,0,0,0,0,0,0
1748636034538,-18750000,4241198,5131953,7441334,0,0,0,0,0,0,0
1748636034638,-18750000,4288853,5205266,7661276,0,0,0,0,0,0,0
1748636034738,-18750000,4343838,5168606,7459664,0,0,0,0,0,0,0
1748636034838,-18750000,4391492,5186936,7258053,0,0,0,0,0,0,0
1748636034938,-18750000,4420817,5241922,6946469,0,0,0,0,0,0,0
1748636035038,-18750000,4464806,5260248,6543243,0,0,0,0,0,0,0
1748636035138,-18750000,4490465,5315231,6048374,0,0,0,0,0,0,0
1748636035238,-18750000,4494131,5223588,5553506,0,0,0,0,0,0,0
1748636035338,-18750000,4497796,5260244,4966994,0,0,0,0,0,0,0
1748636035438,-18750000,4472136,5315231,4362153,0,0,0,0,0,0,0
1748636035538,-18750000,4461139,5260244,3720655,0,0,0,0,0,0,0
1748636035638,-18750000,4428148,5150276,3574027,0,0,0,0,0,0,0
1748636035738,-18750000,4398822,5186936,3793968,0,0,0,0,0,0,0
1748636035838,-18750000,4380494,5150276,4032236,0,0,0,0,0,0,0
1748636035938,-18750000,4369496,5168602,4435462,0,0,0,0,0,0,0
1748636036038,-18750000,4340171,5150276,4838688,0,0,0,0,0,0,0
1748636036138,-18750000,4329173,5131949,5370213,0,0,0,0,0,0,0
1748636036238,-18750000,4343837,5186936,5883408,0,0,0,0,0,0,0
1748636036338,-18750000,4351169,5296904,6451589,0,0,0,0,0,0,0
1748636036438,-18750000,4384160,5315231,7111417,0,0,0,0,0,0,0
1748636036538,-18750000,4409819,5370217,7789571,0,0,0,0,0,0,0
1748636036638,-18750000,4461139,5461859,7881213,0,0,0,0,0,0,0
1748636036738,-18750000,4519790,5498516,7734584,0,0,0,0,0,0,0
1748636036838,-18750000,4556447,5626818,7514643,0,0,0,0,0,0,0
1748636036938,-18750000,4571110,5681804,7129747,0,0,0,0,0,0,0
1748636037038,-18750000,4607767,5700131,6763177,0,0,0,0,0,0,0
1748636037138,-18750000,4622430,5718457,6249978,0,0,0,0,0,0,0
1748636037238,-18750000,4633427,5791769,5681797,0,0,0,0,0,0,0
1748636037338,-18750000,4629761,5681801,5131946,0,0,0,0,0,0,0
1748636037438,-18750000,4618764,5681801,4490448,0,0,0,0,0,0,0
1748636037538,-18750000,4593104,5645144,3793968,0,0,0,0,0,0,0
1748636037638,-18750000,4578441,5553502,3738982,0,0,0,0,0,0,0
1748636037738,-18750000,4534452,5553502,3867281,0,0,0,0,0,0,0
1748636037838,-18750000,4501461,5480186,4123882,0,0,0,0,0,0,0
1748636037938,-18750000,4494130,5461856,4435465,0,0,0,0,0,0,0
1748636038038,-18750000,4486799,5406873,4783705,0,0,0,0,0,0,0
1748636038138,-18750000,4497796,5406873,5296904,0,0,0,0,0,0,0
1748636038238,-18750000,4486799,5388543,5883416,0,0,0,0,0,0,0
1748636038338,-18750000,4519790,5443529,6433267,0,0,0,0,0,0,0
1748636038438,-18750000,4541784,5461859,7074764,0,0,0,0,0,0,0
1748636038538,-18750000,4585772,5535172,7752918,0,0,0,0,0,0,0
1748636038638,-18750000,4618764,5608484,7862891,0,0,0,0,0,0,0
1748636038738,-18750000,4662753,5681797,7716266,0,0,0,0,0,0,0
1748636038838,-18750000,4699410,5773439,7477994,0,0,0,0,0,0,0
1748636038938,-18750000,4732402,5736783,7129754,0,0,0,0,0,0,0
1748636039038,-18750000,4758062,5846752,6763188,0,0,0,0,0,0,0
1748636039138,-18750000,4776390,5901738,6268319,0,0,0,0,0,0,0
1748636039238,-18750000,4783721,5901738,5718464,0,0,0,0,0,0,0
1748636039338,-18750000,4772725,5883408,5150283,0,0,0,0,0,0,0
1748636039438,-18750000,4754396,5883408,4527115,0,0,0,0,0,0,0
1748636039538,-18750000,4736068,5791765,3885618,0,0,0,0,0,0,0
1748636039638,-18750000,4703076,5736779,3519048,0,0,0,0,0,0,0
1748636039738,-18750000,4662753,5681793,3299107,0,0,0,0,0,0,0
1748636039838,-18750000,4629761,5590150,3097495,0,0,0,0,0,0,0
1748636039938,-18750000,4585772,5571824,3005853,0,0,0,0,0,0,0
1748636040038,-18750000,4538118,5498512,2877550,0,0,0,0,0,0,0
1748636040138,-18750000,4494129,5443526,2730922,0,0,0,0,0,0,0
1748636040238,-18750000,4468469,5443526,2675935,0,0,0,0,0,0,0
1748636040338,-18750000,4417149,5351883,2675935,0,0,0,0,0,0,0
1748636040438,-18750000,4384158,5333553,2657605,0,0,0,0,0,0,0
1748636040538,-18750000,4351167,5333553,2584293,0,0,0,0,0,0,0
1748636040638,-18750000,4310845,5296897,2822564,0,0,0,0,0,0,0
1748636040738,-18750000,4277854,5278571,3152474,0,0,0,0,0,0,0
1748636040838,-18750000,4266857,5241914,3519040,0,0,0,0,0,0,0
1748636040938,-18750000,4255861,5296897,3958923,0,0,0,0,0,0,0
1748636041038,-18750000,4255861,5296897,4563764,0,0,0,0,0,0,0
1748636041138,-18750000,4248530,5278571,5131945,0,0,0,0,0,0,0
1748636041238,-18750000,4259527,5278571,5755113,0,0,0,0,0,0,0
1748636041338,-18750000,4296184,5241914,6396610,0,0,0,0,0,0,0
1748636041438,-18750000,4332840,5260244,7038108,0,0,0,0,0,0,0
1748636041538,-18750000,4380493,5186932,7752918,0,0,0,0,0,0,0
1748636041638,-18750000,4431813,5260244,7917873,0,0,0,0,0,0,0
1748636041738,-18750000,4490464,5315231,7771244,0,0,0,0,0,0,0
1748636041838,-18750000,4516124,5406873,7551303,0,0,0,0,0,0,0
1748636041938,-18750000,4549115,5370217,7166403,0,0,0,0,0,0,0
1748636042038,-18750000,4560112,5406873,6671534,0,0,0,0,0,0,0
1748636042138,-18750000,4593104,5425199,6176669,0,0,0,0,0,0,0
1748636042238,-18750000,4611432,5370217,5553502,0,0,0,0,0,0,0
1748636042338,-18750000,4604101,5443529,4930334,0,0,0,0,0,0,0
1748636042438,-18750000,4604101,5315231,4215524,0,0,0,0,0,0,0
1748636042538,-18750000,4560113,5406873,3500714,0,0,0,0,0,0,0
1748636042638,-18750000,4538119,5388547,3005845,0,0,0,0,0,0,0
1748636042738,-18750000,4490465,5351887,2694262,0,0,0,0,0,0,0
1748636042838,-18750000,4468471,5260244,2419334,0,0,0,0,0,0,0
1748636042938,-18750000,4431814,5186932,2236049,0,0,0,0,0,0,0
1748636043038,-18750000,4398823,5113619,2034434,0,0,0,0,0,0,0
1748636043138,-18750000,4343837,5040307,1869475,0,0,0,0,0,0,0
1748636043238,-18750000,4277855,4948664,1704520,0,0,0,0,0,0,0
1748636043338,-18750000,4230200,4875352,1539562,0,0,0,0,0,0,0
1748636043438,-18750000,4153221,5003651,1484575,0,0,0,0,0,0,0
1748636043538,-18750000,4116564,4912008,1411259,0,0,0,0,0,0,0
1748636043638,-18750000,4061579,4820366,1649531,0,0,0,0,0,0,0
1748636043738,-18750000,4035918,4673741,2071087,0,0,0,0,0,0,0
1748636043838,-18750000,3991930,4673741,2620942,0,0,0,0,0,0,0
1748636043938,-18750000,3951608,4728727,3207453,0,0,0,0,0,0,0
1748636044038,-18750000,3951608,4728727,3848951,0,0,0,0,0,0,0
1748636044138,-18750000,3958939,4857026,4527104,0,0,0,0,0,0,0
1748636044238,-18750000,3977267,5021981,5241914,0,0,0,0,0,0,0
1748636044338,-18750000,4002928,5021981,5956724,0,0,0,0,0,0,0
1748636044438,-18750000,4065245,4985324,6708191,0,0,0,0,0,0,0
1748636044538,-18750000,4105568,5076967,7441331,0,0,0,0,0,0,0
1748636044638,-18750000,4160553,5150279,7972856,0,0,0,0,0,0,0
1748636044738,-18750000,4208207,5278578,8284439,0,0,0,0,0,0,0
1748636044838,-18750000,4277855,5315234,8449394,0,0,0,0,0,0,0
1748636044938,-18750000,4351169,5370217,8577693,0,0,0,0,0,0,0
1748636045038,-18750000,4398823,5406873,8724322,0,0,0,0,0,0,0
1748636045138,-18750000,4442811,5241918,8834294,0,0,0,0,0,0,0
1748636045238,-18750000,4497796,5205262,8980923,0,0,0,0,0,0,0
1748636045338,-18750000,4571110,5315230,9072566,0,0,0,0,0,0,0
1748636045438,-18750000,4589438,5315230,9109222,0,0,0,0,0,0,0
1748636045538,-18750000,4651755,5370217,9164208,0,0,0,0,0,0,0
1748636045638,-18750000,4688412,5351891,8870951,0,0,0,0,0,0,0
1748636045738,-18750000,4739731,5406877,8486054,0,0,0,0,0,0,0
1748636045838,-18750000,4758060,5461863,8027846,0,0,0,0,0,0,0
1748636045938,-18750000,4783720,5425207,7551307,0,0,0,0,0,0,0
1748636046038,-18750000,4798383,5443533,6946466,0,0,0,0,0,0,0
1748636046138,-18750000,4827709,5443533,6359954,0,0,0,0,0,0,0
1748636046238,-18750000,4838706,5461859,5736787,0,0,0,0,0,0,0
1748636046338,-18750000,4827709,5425203,5040307,0,0,0,0,0,0,0
1748636046438,-18750000,4842372,5498516,4435469,0,0,0,0,0,0,0
1748636046538,-18750000,4831375,5516842,3848958,0,0,0,0,0,0,0
1748636046638,-18750000,4813046,5571824,3445732,0,0,0,0,0,0,0
1748636046738,-18750000,4769058,5571824,3152474,0,0,0,0,0,0,0
1748636046838,-18750000,4758061,5553494,3005846,0,0,0,0,0,0,0
1748636046938,-18750000,4728736,5571824,2840891,0,0,0,0,0,0,0
1748636047038,-18750000,4703076,5516842,2712592,0,0,0,0,0,0,0
1748636047138,-18750000,4662753,5626811,2602619,0,0,0,0,0,0,0
1748636047238,-18750000,4618764,5626811,2510977,0,0,0,0,0,0,0
1748636047338,-18750000,4563779,5608484,2437661,0,0,0,0,0,0,0
1748636047438,-18750000,4527122,5590154,2272702,0,0,0,0,0,0,0
1748636047538,-18750000,4453808,5516842,2089417,0,0,0,0,0,0,0
1748636047638,-18750000,4413485,5480186,2346018,0,0,0,0,0,0,0
1748636047738,-18750000,4395156,5425199,2767574,0,0,0,0,0,0,0
1748636047838,-18750000,4365830,5370217,3225787,0,0,0,0,0,0,0
1748636047938,-18750000,4336505,5388543,3757312,0,0,0,0,0,0,0
1748636048038,-18750000,4310845,5425199,4362153,0,0,0,0,0,0,0
1748636048138,-18750000,4318176,5425199,5040307,0,0,0,0,0,0,0
1748636048238,-18750000,4329173,5425199,5718460,0,0,0,0,0,0,0
1748636048338,-18750000,4347502,5425199,6433270,0,0,0,0,0,0,0
1748636048438,-18750000,4387825,5425199,7129754,0,0,0,0,0,0,0
1748636048538,-18750000,4431813,5461856,7881220,0,0,0,0,0,0,0
1748636048638,-18750000,4475801,5516842,8027845,0,0,0,0,0,0,0
1748636048738,-18750000,4527121,5535168,7917873,0,0,0,0,0,0,0
1748636048838,-18750000,4556447,5571824,7661272,0,0,0,0,0,0,0
1748636048938,-18750000,4596770,5626811,7294702,0,0,0,0,0,0,0
1748636049038,-18750000,4622430,5626811,6818159,0,0,0,0,0,0,0
1748636049138,-18750000,4622430,5645141,6249978,0,0,0,0,0,0,0
1748636049238,-18750000,4633427,5571828,5645137,0,0,0,0,0,0,0
1748636049338,-18750000,4633427,5645141,5076956,0,0,0,0,0,0,0
1748636049438,-18750000,4596770,5718457,4490444,0,0,0,0,0,0,0
1748636049538,-18750000,4604102,5700127,3903933,0,0,0,0,0,0,0
1748636049638,-18750000,4582108,5626814,3757308,0,0,0,0,0,0,0
1748636049738,-18750000,4538119,5608488,3830624,0,0,0,0,0,0,0
1748636049838,-18750000,4527122,5626814,4123882,0,0,0,0,0,0,0
1748636049938,-18750000,4508794,5571828,4472122,0,0,0,0,0,0,0
1748636050038,-18750000,4516125,5571828,4930334,0,0,0,0,0,0,0
1748636050138,-18750000,4519791,5571828,5443529,0,0,0,0,0,0,0
1748636050238,-18750000,4516125,5645141,5975054,0,0,0,0,0,0,0
1748636050338,-18750000,4538119,5681797,6561566,0,0,0,0,0,0,0
1748636050438,-18750000,4574776,5608481,7184733,0,0,0,0,0,0,0
1748636050538,-18750000,4600435,5553498,7752914,0,0,0,0,0,0,0
1748636050638,-18750000,4640758,5608481,7972856,0,0,0,0,0,0,0
1748636050738,-18750000,4684747,5736779,7917869,0,0,0,0,0,0,0
1748636050838,-18750000,4710406,5755109,7624612,0,0,0,0,0,0,0
1748636050938,-18750000,4739731,5755109,7276372,0,0,0,0,0,0,0
1748636051038,-18750000,4750729,5755109,6873146,0,0,0,0,0,0,0
1748636051138,-18750000,4765391,5810096,6341621,0,0,0,0,0,0,0
1748636051238,-18750000,4776389,5883412,5846752,0,0,0,0,0,0,0
1748636051338,-18750000,4776389,5828426,5260241,0,0,0,0,0,0,0
1748636051438,-18750000,4765391,5810099,4692059,0,0,0,0,0,0,0
1748636051538,-18750000,4736066,5883412,4105552,0,0,0,0,0,0,0
1748636051638,-18750000,4714072,5938398,3647339,0,0,0,0,0,0,0
1748636051738,-18750000,4673749,5846756,3372412,0,0,0,0,0,0,0
1748636051838,-18750000,4651754,5846756,3170801,0,0,0,0,0,0,0
1748636051938,-18750000,4622429,5901742,2987516,0,0,0,0,0,0,0
1748636052038,-18750000,4589437,5938398,2822561,0,0,0,0,0,0,0
1748636052138,-18750000,4563778,5828426,2749248,0,0,0,0,0,0,0
1748636052238,-18750000,4530787,5755109,2620949,0,0,0,0,0,0,0
1748636052338,-18750000,4475801,5681797,2547637,0,0,0,0,0,0,0
1748636052438,-18750000,4424482,5663467,2382678,0,0,0,0,0,0,0
1748636052538,-18750000,4373162,5571824,2309362,0,0,0,0,0,0,0
1748636052638,-18750000,4340171,5516838,2529303,0,0,0,0,0,0,0
1748636052738,-18750000,4321842,5443526,2840887,0,0,0,0,0,0,0
1748636052838,-18750000,4288851,5425196,3244113,0,0,0,0,0,0,0
1748636052938,-18750000,4277854,5260241,3812294,0,0,0,0,0,0,0
1748636053038,-18750000,4274189,5241911,4417132,0,0,0,0,0,0,0
1748636053138,-18750000,4252195,5205254,5003643,0,0,0,0,0,0,0
1748636053238,-18750000,4277855,5131942,5645141,0,0,0,0,0,0,0
1748636053338,-18750000,4303514,5131942,6304964,0,0,0,0,0,0,0
1748636053438,-18750000,4343836,5186928,7056434,0,0,0,0,0,0,0
1748636053538,-18750000,4387825,5223584,7789574,0,0,0,0,0,0,0
1748636053638,-18750000,4413484,5241914,7972859,0,0,0,0,0,0,0
1748636053738,-18750000,4453807,5260241,7881217,0,0,0,0,0,0,0
1748636053838,-18750000,4494130,5315227,7679602,0,0,0,0,0,0,0
1748636053938,-18750000,4508793,5370213,7203063,0,0,0,0,0,0,0
1748636054038,-18750000,4541784,5370213,6708194,0,0,0,0,0,0,0
1748636054138,-18750000,4571109,5461856,6249982,0,0,0,0,0,0,0
1748636054238,-18750000,4549114,5498512,5626814,0,0,0,0,0,0,0
1748636054338,-18750000,4560112,5498512,5003647,0,0,0,0,0,0,0
1748636054438,-18750000,4534452,5498512,4362149,0,0,0,0,0,0,0
1748636054538,-18750000,4516124,5480186,3629009,0,0,0,0,0,0,0
1748636054638,-18750000,4505127,5406873,3464054,0,0,0,0,0,0,0
1748636054738,-18750000,4472135,5443529,3683996,0,0,0,0,0,0,0
1748636054838,-18750000,4461138,5388543,3922267,0,0,0,0,0,0,0
1748636054938,-18750000,4464804,5443526,4398805,0,0,0,0,0,0,0
1748636055038,-18750000,4431813,5498512,4893674,0,0,0,0,0,0,0
1748636055138,-18750000,4435479,5535168,5333557,0,0,0,0,0,0,0
1748636055238,-18750000,4457474,5516842,5920068,0,0,0,0,0,0,0
1748636055338,-18750000,4486799,5571828,6488249,0,0,0,0,0,0,0
1748636055438,-18750000,4538120,5553498,7129747,0,0,0,0,0,0,0
1748636055538,-18750000,4578442,5608481,7807900,0,0,0,0,0,0,0
1748636055638,-18750000,4618764,5718449,7991182,0,0,0,0,0,0,0
1748636055738,-18750000,4673750,5718449,7844553,0,0,0,0,0,0,0
1748636055838,-18750000,4710407,5718449,7551299,0,0,0,0,0,0,0
1748636055938,-18750000,4721404,5681793,7203059,0,0,0,0,0,0,0
1748636056038,-18750000,4754395,5681793,6726520,0,0,0,0,0,0,0
1748636056138,-18750000,4761726,5535164,6323294,0,0,0,0,0,0,0
1748636056238,-18750000,4754395,5571821,5828426,0,0,0,0,0,0,0
1748636056338,-18750000,4743398,5608477,5223588,0,0,0,0,0,0,0
1748636056438,-18750000,4725069,5608477,4582091,0,0,0,0,0,0,0
1748636056538,-18750000,4714073,5626807,3958923,0,0,0,0,0,0,0
1748636056638,-18750000,4677416,5443522,3500714,0,0,0,0,0,0,0
1748636056738,-18750000,4637093,5351879,3170804,0,0,0,0,0,0,0
1748636056838,-18750000,4585773,5278567,2987519,0,0,0,0,0,0,0
1748636056938,-18750000,4549116,5315223,2840894,0,0,0,0,0,0,0
1748636057038,-18750000,4519790,5241911,2749252,0,0,0,0,0,0,0
1748636057138,-18750000,4490464,5315227,2565967,0,0,0,0,0,0,0
1748636057238,-18750000,4457473,5315227,2474324,0,0,0,0,0,0,0
1748636057338,-18750000,4417151,5223584,2474324,0,0,0,0,0,0,0
1748636057438,-18750000,4373163,5150272,2419338,0,0,0,0,0,0,0
1748636057538,-18750000,4321843,5076959,2364352,0,0,0,0,0,0,0
1748636057638,-18750000,4277854,5113616,2657606,0,0,0,0,0,0,0
1748636057738,-18750000,4252195,5076959,3060832,0,0,0,0,0,0,0
1748636057838,-18750000,4241198,5095289,3537371,0,0,0,0,0,0,0
1748636057938,-18750000,4248530,5076963,4032236,0,0,0,0,0,0,0
1748636058038,-18750000,4237533,4985321,4527104,0,0,0,0,0,0,0
1748636058138,-18750000,4241199,4966991,5168602,0,0,0,0,0,0,0
1748636058238,-18750000,4270524,4966991,5736783,0,0,0,0,0,0,0
1748636058338,-18750000,4292518,4985321,6341621,0,0,0,0,0,0,0
1748636058438,-18750000,4314512,4930334,7019774,0,0,0,0,0,0,0
1748636058538,-18750000,4354835,4985317,7716258,0,0,0,0,0,0,0
1748636058638,-18750000,4398823,5021977,8064498,0,0,0,0,0,0,0
1748636058738,-18750000,4446476,5168606,8357752,0,0,0,0,0,0,0
1748636058838,-18750000,4486799,5260248,8596023,0,0,0,0,0,0,0
1748636058938,-18750000,4534453,5278574,8779308,0,0,0,0,0,0,0
1748636059038,-18750000,4593104,5388543,8925937,0,0,0,0,0,0,0
1748636059138,-18750000,4633427,5425199,8999249,0,0,0,0,0,0,0
1748636059238,-18750000,4677415,5480186,9072562,0,0,0,0,0,0,0
1748636059338,-18750000,4717738,5571828,9182534,0,0,0,0,0,0,0
1748636059438,-18750000,4772723,5773443,9164204,0,0,0,0,0,0,0
1748636059538,-18750000,4809380,5828429,9145874,0,0,0,0,0,0,0
1748636059638,-18750000,4857035,5865086,8962589,0,0,0,0,0,0,0
1748636059738,-18750000,4890026,5901742,8614349,0,0,0,0,0,0,0
1748636059838,-18750000,4937680,5901742,8156137,0,0,0,0,0,0,0
1748636059938,-18750000,4941345,5938402,7679598,0,0,0,0,0,0,0
1748636060038,-18750000,4941345,6011718,7129743,0,0,0,0,0,0,0
1748636060138,-18750000,4948676,6066704,6561562,0,0,0,0,0,0,0
1748636060238,-18750000,4952342,6048374,6066697,0,0,0,0,0,0,0
1748636060338,-18750000,4941345,6158343,5388543,0,0,0,0,0,0,0
1748636060438,-18750000,4919351,6085027,4802035,0,0,0,0,0,0,0
1748636060538,-18750000,4908353,6030041,4197198,0,0,0,0,0,0,0
1748636060638,-18750000,4890025,6103353,3775645,0,0,0,0,0,0,0
1748636060738,-18750000,4871697,5993384,3427405,0,0,0,0,0,0,0
1748636060838,-18750000,4813045,5956724,3170808,0,0,0,0,0,0,0
1748636060938,-18750000,4783720,5920064,2969197,0,0,0,0,0,0,0
1748636061038,-18750000,4772722,5791766,2822568,0,0,0,0,0,0,0
1748636061138,-18750000,4732399,5681797,2675939,0,0,0,0,0,0,0
1748636061238,-18750000,4706740,5590154,2529311,0,0,0,0,0,0,0
1748636061338,-18750000,4677414,5388543,2474324,0,0,0,0,0,0,0
1748636061438,-18750000,4666417,5388543,2437664,0,0,0,0,0,0,0
1748636061538,-18750000,4640758,5351887,2382678,0,0,0,0,0,0,0
1748636061638,-18750000,4607767,5278574,2309366,0,0,0,0,0,0,0
1748636061738,-18750000,4567444,5223588,2291036,0,0,0,0,0,0,0
1748636061838,-18750000,4541784,5168606,2291036,0,0,0,0,0,0,0
1748636061938,-18750000,4512459,5113623,2162733,0,0,0,0,0,0,0
1748636062038,-18750000,4472137,5205266,2181063,0,0,0,0,0,0,0
1748636062138,-18750000,4446477,5168606,2217719,0,0,0,0,0,0,0
1748636062238,-18750000,4395158,5205262,2181063,0,0,0,0,0,0,0
1748636062338,-18750000,4365833,5168602,2162737,0,0,0,0,0,0,0
1748636062438,-18750000,4314512,5131946,2107754,0,0,0,0,0,0,0
1748636062538,-18750000,4259527,5186932,2089424,0,0,0,0,0,0,0
1748636062638,-18750000,4211873,5205258,2401008,0,0,0,0,0,0,0
1748636062738,-18750000,4178882,5168602,2804234,0,0,0,0,0,0,0
1748636062838,-18750000,4178882,5223584,3317429,0,0,0,0,0,0,0
1748636062938,-18750000,4156887,5260241,3903941,0,0,0,0,0,0,0
1748636063038,-18750000,4134893,5186924,4472122,0,0,0,0,0,0,0
1748636063138,-18750000,4164218,5241911,5003647,0,0,0,0,0,0,0
1748636063238,-18750000,4164218,5260241,5626814,0,0,0,0,0,0,0
1748636063338,-18750000,4178881,5370213,6286638,0,0,0,0,0,0,0
1748636063438,-18750000,4204541,5351887,6964788,0,0,0,0,0,0,0
1748636063538,-18750000,4255860,5296901,7661272,0,0,0,0,0,0,0
1748636063638,-18750000,4307180,5278574,8082824,0,0,0,0,0,0,0
1748636063738,-18750000,4347502,5406873,8412738,0,0,0,0,0,0,0
1748636063838,-18750000,4365830,5388547,8614353,0,0,0,0,0,0,0
1748636063938,-18750000,4428147,5406873,8779312,0,0,0,0,0,0,0
1748636064038,-18750000,4490464,5498515,8944267,0,0,0,0,0,0,0
1748636064138,-18750000,4516124,5571832,9054239,0,0,0,0,0,0,0
1748636064238,-18750000,4578440,5608488,9182538,0,0,0,0,0,0,0
1748636064338,-18750000,4637091,5608488,9255851,0,0,0,0,0,0,0
1748636064438,-18750000,4714071,5608488,9329167,0,0,0,0,0,0,0
1748636064538,-18750000,4758059,5626818,9347493,0,0,0,0,0,0,0
1748636064638,-18750000,4816711,5681804,9145882,0,0,0,0,0,0,0
1748636064738,-18750000,4868030,5791773,8760982,0,0,0,0,0,0,0
1748636064838,-18750000,4912018,5828429,8284439,0,0,0,0,0,0,0
1748636064938,-18750000,4937678,5828429,7844553,0,0,0,0,0,0,0
1748636065038,-18750000,4959673,5718461,7276372,0,0,0,0,0,0,0
1748636065138,-18750000,4974335,5773443,6744847,0,0,0,0,0,0,0
1748636065238,-18750000,4970669,5810099,6158336,0,0,0,0,0,0,0
1748636065338,-18750000,4981666,5791769,5516842,0,0,0,0,0,0,0
1748636065438,-18750000,4948675,5865082,4893674,0,0,0,0,0,0,0
1748636065538,-18750000,4934013,5956724,4307163,0,0,0,0,0,0,0
1748636065638,-18750000,4893690,5920064,3830621,0,0,0,0,0,0,0
1748636065738,-18750000,4864365,5828422,3519037,0,0,0,0,0,0,0
1748636065838,-18750000,4842371,5846752,3299095,0,0,0,0,0,0,0
1748636065938,-18750000,4820378,5883412,3079154,0,0,0,0,0,0,0
1748636066038,-18750000,4791052,5956724,2895869,0,0,0,0,0,0,0
1748636066138,-18750000,4758061,5810099,2785897,0,0,0,0,0,0,0
1748636066238,-18750000,4728735,5681801,2675924,0,0,0,0,0,0,0
1748636066338,-18750000,4666418,5663474,2620938,0,0,0,0,0,0,0
1748636066438,-18750000,4618764,5626818,2547622,0,0,0,0,0,0,0
1748636066538,-18750000,4596770,5553502,2419323,0,0,0,0,0,0,0
1748636066638,-18750000,4563779,5498519,2675924,0,0,0,0,0,0,0
1748636066738,-18750000,4519790,5498519,3060824,0,0,0,0,0,0,0
1748636066838,-18750000,4508793,5425203,3574023,0,0,0,0,0,0,0
1748636066938,-18750000,4483133,5351887,4087222,0,0,0,0,0,0,0
1748636067038,-18750000,4461139,5223588,4710389,0,0,0,0,0,0,0
1748636067138,-18750000,4475802,5296901,5315231,0,0,0,0,0,0,0
1748636067238,-18750000,4490465,5425199,5920072,0,0,0,0,0,0,0
1748636067338,-18750000,4530788,5461856,6543239,0,0,0,0,0,0,0
1748636067438,-18750000,4578442,5608481,7184737,0,0,0,0,0,0,0
1748636067538,-18750000,4615099,5645141,7917877,0,0,0,0,0,0,0
1748636067638,-18750000,4662754,5663467,8082832,0,0,0,0,0,0,0
1748636067738,-18750000,4714073,5681797,8009516,0,0,0,0,0,0,0
1748636067838,-18750000,4750730,5791769,7752918,0,0,0,0,0,0,0
1748636067938,-18750000,4794718,5865086,7386348,0,0,0,0,0,0,0
1748636068038,-18750000,4824043,6048371,6909809,0,0,0,0,0,0,0
1748636068138,-18750000,4813047,5993384,6378284,0,0,0,0,0,0,0
1748636068238,-18750000,4824043,5956728,5883416,0,0,0,0,0,0,0
1748636068338,-18750000,4794718,5956728,5351891,0,0,0,0,0,0,0
1748636068438,-18750000,4780054,5846759,4747053,0,0,0,0,0,0,0
1748636068538,-18750000,4743397,5828429,4087229,0,0,0,0,0,0,0
1748636068638,-18750000,4717737,5865086,3647347,0,0,0,0,0,0,0
1748636068738,-18750000,4692077,5846756,3335763,0,0,0,0,0,0,0
1748636068838,-18750000,4651754,5773439,3060836,0,0,0,0,0,0,0
1748636068938,-18750000,4607766,5700123,2914207,0,0,0,0,0,0,0
1748636069038,-18750000,4574775,5626807,2749252,0,0,0,0,0,0,0
1748636069138,-18750000,4556446,5553494,2694265,0,0,0,0,0,0,0
1748636069238,-18750000,4501462,5480182,2565967,0,0,0,0,0,0,0
1748636069338,-18750000,4486798,5461852,2437668,0,0,0,0,0,0,0
1748636069438,-18750000,4446476,5425196,2346025,0,0,0,0,0,0,0
1748636069538,-18750000,4406154,5425196,2254383,0,0,0,0,0,0,0
1748636069638,-18750000,4365832,5425196,2492650,0,0,0,0,0,0,0
1748636069738,-18750000,4325509,5370213,2840894,0,0,0,0,0,0,0
1748636069838,-18750000,4292518,5333557,3299103,0,0,0,0,0,0,0
1748636069938,-18750000,4292518,5370213,3830628,0,0,0,0,0,0,0
1748636070038,-18750000,4274189,5388543,4453795,0,0,0,0,0,0,0
1748636070138,-18750000,4281521,5480186,5003650,0,0,0,0,0,0,0
1748636070238,-18750000,4325509,5516842,5645144,0,0,0,0,0,0,0
1748636070338,-18750000,4325509,5535172,6359954,0,0,0,0,0,0,0
1748636070438,-18750000,4340171,5571828,7074764,0,0,0,0,0,0,0
1748636070538,-18750000,4402488,5535172,7789574,0,0,0,0,0,0,0
1748636070638,-18750000,4453807,5571832,8211130,0,0,0,0,0,0,0
1748636070738,-18750000,4516124,5645144,8522714,0,0,0,0,0,0,0
1748636070838,-18750000,4560112,5663474,8779315,0,0,0,0,0,0,0
1748636070938,-18750000,4604101,5663474,8925944,0,0,0,0,0,0,0
1748636071038,-18750000,4677415,5663474,9054243,0,0,0,0,0,0,0
1748636071138,-18750000,4710406,5755117,9200868,0,0,0,0,0,0,0
1748636071238,-18750000,4747062,5828429,9219198,0,0,0,0,0,0,0
1748636071338,-18750000,4805714,5810099,9237524,0,0,0,0,0,0,0
1748636071438,-18750000,4857033,5810099,9310837,0,0,0,0,0,0,0
1748636071538,-18750000,4890024,5791769,9402476,0,0,0,0,0,0,0
1748636071638,-18750000,4926681,5846752,9219191,0,0,0,0,0,0,0
1748636071738,-18750000,4967004,5956721,8870947,0,0,0,0,0,0,0
1748636071838,-18750000,5003661,6011707,8394404,0,0,0,0,0,0,0
1748636071938,-18750000,5025655,6011707,7899536,0,0,0,0,0,0,0
1748636072038,-18750000,5036652,6066693,7368011,0,0,0,0,0,0,0
1748636072138,-18750000,5043983,6085019,6744843,0,0,0,0,0,0,0
1748636072238,-18750000,5043983,6066693,6213318,0,0,0,0,0,0,0
1748636072338,-18750000,5051315,6085023,5571824,0,0,0,0,0,0,0
1748636072438,-18750000,5051315,6011711,4820358,0,0,0,0,0,0,0
1748636072538,-18750000,5018324,6121683,4105552,0,0,0,0,0,0,0
1748636072638,-18750000,5007326,6048371,3647339,0,0,0,0,0,0,0
1748636072738,-18750000,4974335,5975058,3280773,0,0,0,0,0,0,0
1748636072838,-18750000,4952341,5993384,3060832,0,0,0,0,0,0,0
1748636072938,-18750000,4897356,6011714,2895877,0,0,0,0,0,0,0
1748636073038,-18750000,4853368,5975058,2712592,0,0,0,0,0,0,0
1748636073138,-18750000,4831374,5865089,2602623,0,0,0,0,0,0,0
1748636073238,-18750000,4805714,5718461,2437668,0,0,0,0,0,0,0
1748636073338,-18750000,4765392,5663474,2382682,0,0,0,0,0,0,0
1748636073438,-18750000,4717738,5663474,2419338,0,0,0,0,0,0,0
1748636073538,-18750000,4717738,5553502,2382678,0,0,0,0,0,0,0
1748636073638,-18750000,4644425,5590158,2657605,0,0,0,0,0,0,0
1748636073738,-18750000,4644425,5571832,3152470,0,0,0,0,0,0,0
1748636073838,-18750000,4600436,5480189,3629013,0,0,0,0,0,0,0
1748636073938,-18750000,4596771,5406877,4178868,0,0,0,0,0,0,0
1748636074038,-18750000,4596771,5388547,4783705,0,0,0,0,0,0,0
1748636074138,-18750000,4593105,5461859,5443529,0,0,0,0,0,0,0
1748636074238,-18750000,4593105,5553502,6158339,0,0,0,0,0,0,0
1748636074338,-18750000,4600436,5553502,6836493,0,0,0,0,0,0,0
1748636074438,-18750000,4600436,5681800,7459660,0,0,0,0,0,0,0
1748636074538,-18750000,4626096,5718457,8101158,0,0,0,0,0,0,0
1748636074638,-18750000,4673750,5590158,8229457,0,0,0,0,0,0,0
1748636074738,-18750000,4721403,5590158,8064502,0,0,0,0,0,0,0
1748636074838,-18750000,4809380,5608484,7789574,0,0,0,0,0,0,0
1748636074938,-18750000,4809380,5608484,7386348,0,0,0,0,0,0,0
1748636075038,-18750000,4853368,5663471,6946465,0,0,0,0,0,0,0
1748636075138,-18750000,4871696,5608484,6359954,0,0,0,0,0,0,0
1748636075238,-18750000,4875362,5608484,6359954,0,0,0,0,0,0,0
1748636075338,-18750000,4879028,5663467,5205258,0,0,0,0,0,0,0
1748636075438,-18750000,4882693,5663467,5205258,0,0,0,0,0,0,0
1748636075538,-18750000,4890025,5626811,3885611,0,0,0,0,0,0,0
1748636075638,-18750000,4860700,5626811,3519044,0,0,0,0,0,0,0
1748636075738,-18750000,4842371,5700123,3519044,0,0,0,0,0,0,0
1748636075838,-18750000,4813045,5626811,3079162,0,0,0,0,0,0,0
1748636075938,-18750000,4780054,5681797,3079162,0,0,0,0,0,0,0
1748636076038,-18750000,4743397,5681793,2730918,0,0,0,0,0,0,0
1748636076138,-18750000,4699408,5681793,2730918,0,0,0,0,0,0,0
1748636076238,-18750000,4666417,5663467,2547637,0,0,0,0,0,0,0
1748636076338,-18750000,4633426,5663467,2547637,0,0,0,0,0,0,0
1748636076438,-18750000,4600435,5663467,2419338,0,0,0,0,0,0,0
1748636076538,-18750000,4549115,5700123,2364352,0,0,0,0,0,0,0
1748636076638,-18750000,4512458,5645137,2364352,0,0,0,0,0,0,0
1748636076738,-18750000,4468470,5626811,2950859,0,0,0,0,0,0,0
1748636076838,-18750000,4439144,5535168,2950859,0,0,0,0,0,0,0
1748636076938,-18750000,4398821,5516838,3427402,0,0,0,0,0,0,0
1748636077038,-18750000,4365830,5498508,4050569,0,0,0,0,0,0,0
1748636077138,-18750000,4369496,5535168,4655411,0,0,0,0,0,0,0
1748636077238,-18750000,4380493,5498512,5278578,0,0,0,0,0,0,0
1748636077338,-18750000,4387825,5406869,5901746,0,0,0,0,0,0,0
1748636077438,-18750000,4413485,5315227,7258046,0,0,0,0,0,0,0
1748636077538,-18750000,4453807,5296901,7258046,0,0,0,0,0,0,0
1748636077638,-18750000,4483133,5278571,7954529,0,0,0,0,0,0,0
1748636077738,-18750000,4523456,5351883,8082828,0,0,0,0,0,0,0
1748636077838,-18750000,4545450,5370213,7972859,0,0,0,0,0,0,0
1748636077938,-18750000,4596770,5406869,7716258,0,0,0,0,0,0,0
1748636078038,-18750000,4640759,5351887,7294706,0,0,0,0,0,0,0
1748636078138,-18750000,4670084,5315227,6799837,0,0,0,0,0,0,0
1748636078238,-18750000,4688413,5425196,6286638,0,0,0,0,0,0,0
1748636078338,-18750000,4681082,5516838,5755113,0,0,0,0,0,0,0
1748636078438,-18750000,4692079,5608481,5168605,0,0,0,0,0,0,0
1748636078538,-18750000,4666419,5571824,4508782,0,0,0,0,0,0,0
1748636078638,-18750000,4651756,5553498,3867284,0,0,0,0,0,0,0
1748636078738,-18750000,4633427,5498512,3812298,0,0,0,0,0,0,0
1748636078838,-18750000,4637093,5516838,3958923,0,0,0,0,0,0,0
1748636078938,-18750000,4615099,5516838,4215524,0,0,0,0,0,0,0
1748636079038,-18750000,4600436,5571821,4600420,0,0,0,0,0,0,0
1748636079138,-18750000,4604101,5626807,5040303,0,0,0,0,0,0,0
1748636079238,-18750000,4604101,5608481,5553502,0,0,0,0,0,0,0
1748636079338,-18750000,4644423,5608481,6140013,0,0,0,0,0,0,0
1748636079438,-18750000,4637092,5571824,6689864,0,0,0,0,0,0,0
1748636079538,-18750000,4673749,5681793,7331362,0,0,0,0,0,0,0
1748636079638,-18750000,4695743,5663463,7954529,0,0,0,0,0,0,0
1748636079738,-18750000,4747063,5718449,8046172,0,0,0,0,0,0,0
1748636079838,-18750000,4776388,5663463,7899547,0,0,0,0,0,0,0
1748636079938,-18750000,4802048,5626807,7679606,0,0,0,0,0,0,0
1748636080038,-18750000,4831373,5663467,7294709,0,0,0,0,0,0,0
1748636080138,-18750000,4846037,5571824,6891483,0,0,0,0,0,0,0
1748636080238,-18750000,4864365,5553494,6451601,0,0,0,0,0,0,0
1748636080338,-18750000,4864365,5608480,5846759,0,0,0,0,0,0,0
1748636080438,-18750000,4868030,5645137,5296908,0,0,0,0,0,0,0
1748636080538,-18750000,4853368,5700123,4710397,0,0,0,0,0,0,0
1748636080638,-18750000,4849702,5718453,4123886,0,0,0,0,0,0,0
1748636080738,-18750000,4813045,5681797,3702329,0,0,0,0,0,0,0
1748636080838,-18750000,4772723,5773439,3445732,0,0,0,0,0,0,0
1748636080938,-18750000,4739732,5736783,3207461,0,0,0,0,0,0,0
1748636081038,-18750000,4706741,5645141,3005846,0,0,0,0,0,0,0
1748636081138,-18750000,4659086,5590154,2859217,0,0,0,0,0,0,0
1748636081238,-18750000,4633427,5535168,2712588,0,0,0,0,0,0,0
1748636081338,-18750000,4589438,5443526,2657602,0,0,0,0,0,0,0
1748636081438,-18750000,4545450,5388543,2547629,0,0,0,0,0,0,0
1748636081538,-18750000,4523456,5168602,2474317,0,0,0,0,0,0,0
1748636081638,-18750000,4486799,5205258,2419330,0,0,0,0,0,0,0
1748636081738,-18750000,4453808,5095286,2657602,0,0,0,0,0,0,0
1748636081838,-18750000,4431813,5095286,2987512,0,0,0,0,0,0,0
1748636081938,-18750000,4428147,5113616,3445724,0,0,0,0,0,0,0
1748636082038,-18750000,4409819,5131942,4013905,0,0,0,0,0,0,0
1748636082138,-18750000,4395156,5223584,4582090,0,0,0,0,0,0,0
1748636082238,-18750000,4373162,5205258,5113615,0,0,0,0,0,0,0
1748636082338,-18750000,4395156,5241914,5718457,0,0,0,0,0,0,0
1748636082438,-18750000,4413485,5315227,6414937,0,0,0,0,0,0,0
1748636082538,-18750000,4442810,5498512,7148073,0,0,0,0,0,0,0
1748636082638,-18750000,4464805,5498512,7789570,0,0,0,0,0,0,0
1748636082738,-18750000,4519790,5535172,7991182,0,0,0,0,0,0,0
1748636082838,-18750000,4567445,5608488,7881213,0,0,0,0,0,0,0
1748636082938,-18750000,4578442,5645144,7624612,0,0,0,0,0,0,0
1748636083038,-18750000,4604102,5663474,7239716,0,0,0,0,0,0,0
1748636083138,-18750000,4629761,5626818,6781503,0,0,0,0,0,0,0
1748636083238,-18750000,4640759,5718461,6396607,0,0,0,0,0,0,0
1748636083338,-18750000,4640759,5700134,5883408,0,0,0,0,0,0,0
1748636083438,-18750000,4651756,5645148,5370213,0,0,0,0,0,0,0
1748636083538,-18750000,4637093,5516849,4710389,0,0,0,0,0,0,0
1748636083638,-18750000,4640758,5461863,4068892,0,0,0,0,0,0,0
1748636083738,-18750000,4600435,5498519,3647339,0,0,0,0,0,0,0
1748636083838,-18750000,4563778,5461863,3372412,0,0,0,0,0,0,0
1748636083938,-18750000,4545449,5461863,3134144,0,0,0,0,0,0,0
1748636084038,-18750000,4519790,5443533,2969189,0,0,0,0,0,0,0
1748636084138,-18750000,4483133,5498519,2840891,0,0,0,0,0,0,0
1748636084238,-18750000,4446476,5406877,2620949,0,0,0,0,0,0,0
1748636084338,-18750000,4402487,5425203,2547637,0,0,0,0,0,0,0
1748636084438,-18750000,4362165,5443533,2401008,0,0,0,0,0,0,0
1748636084538,-18750000,4325509,5480189,2346022,0,0,0,0,0,0,0
1748636084638,-18750000,4277855,5590162,2291039,0,0,0,0,0,0,0
1748636084738,-18750000,4252196,5461863,2492651,0,0,0,0,0,0,0
1748636084838,-18750000,4208207,5333561,2950859,0,0,0,0,0,0,0
1748636084938,-18750000,4160554,5241918,3445728,0,0,0,0,0,0,0
1748636085038,-18750000,4149557,5223592,4013909,0,0,0,0,0,0,0
1748636085138,-18750000,4167885,5205262,4563760,0,0,0,0,0,0,0
1748636085238,-18750000,4200877,5186932,5223584,0,0,0,0,0,0,0
1748636085338,-18750000,4219205,5113619,5810096,0,0,0,0,0,0,0
1748636085438,-18750000,4237532,5113619,6451593,0,0,0,0,0,0,0
1748636085538,-18750000,4248529,5150276,7148077,0,0,0,0,0,0,0
1748636085638,-18750000,4288851,4966991,7844557,0,0,0,0,0,0,0
1748636085738,-18750000,4325508,5131946,8284443,0,0,0,0,0,0,0
1748636085838,-18750000,4395156,5278574,8486058,0,0,0,0,0,0,0
1748636085938,-18750000,4475801,5388543,8632683,0,0,0,0,0,0,0
1748636086038,-18750000,4516124,5425199,8815968,0,0,0,0,0,0,0
1748636086138,-18750000,4556446,5480186,8962597,0,0,0,0,0,0,0
1748636086238,-18750000,4585771,5553498,9035909,0,0,0,0,0,0,0
1748636086338,-18750000,4626094,5681797,9145878,0,0,0,0,0,0,0
1748636086438,-18750000,4684746,5663467,9219190,0,0,0,0,0,0,0
1748636086538,-18750000,4758060,5718453,9292503,0,0,0,0,0,0,0
1748636086638,-18750000,4802048,5773439,9365815,0,0,0,0,0,0,0
1748636086738,-18750000,4835039,5883408,9200857,0,0,0,0,0,0,0
1748636086838,-18750000,4882693,5810095,8852617,0,0,0,0,0,0,0
1748636086938,-18750000,4901021,5828425,8394408,0,0,0,0,0,0,0
1748636087038,-18750000,4926681,5883412,7771241,0,0,0,0,0,0,0
1748636087138,-18750000,4941344,5791769,7093087,0,0,0,0,0,0,0
1748636087238,-18750000,4959673,5846755,6396607,0,0,0,0,0,0,0
1748636087338,-18750000,4959673,5791769,5681797,0,0,0,0,0,0,0
1748636087438,-18750000,4963338,5920068,4966987,0,0,0,0,0,0,0
1748636087538,-18750000,4923016,5865082,4105548,0,0,0,0,0,0,0
1748636087638,-18750000,4915685,5901738,3225783,0,0,0,0,0,0,0
1748636087738,-18750000,4879028,5773439,2584289,0,0,0,0,0,0,0
1748636087838,-18750000,4846037,5791766,2162733,0,0,0,0,0,0,0
1748636087938,-18750000,4820377,5773436,1869476,0,0,0,0,0,0,0
1748636088038,-18750000,4791051,5736776,1576222,0,0,0,0,0,0,0
1748636088138,-18750000,4765391,5736776,1502909,0,0,0,0,0,0,0
1748636088238,-18750000,4732400,5608477,1356281,0,0,0,0,0,0,0
1748636088338,-18750000,4714072,5535164,1172999,0,0,0,0,0,0,0
1748636088438,-18750000,4644424,5406866,1044701,0,0,0,0,0,0,0
1748636088538,-18750000,4615098,5388536,1008044,0,0,0,0,0,0,0
1748636088638,-18750000,4574776,5425192,1026374,0,0,0,0,0,0,0
1748636088738,-18750000,4545451,5406866,1392941,0,0,0,0,0,0,0
1748636088838,-18750000,4479468,5333553,1851153,0,0,0,0,0,0,0
1748636088938,-18750000,4446477,5333553,2419334,0,0,0,0,0,0,0
1748636089038,-18750000,4446477,5315227,3115814,0,0,0,0,0,0,0
1748636089138,-18750000,4424482,5370213,3720652,0,0,0,0,0,0,0
1748636089238,-18750000,4402488,5388543,4453792,0,0,0,0,0,0,0
1748636089338,-18750000,4395157,5480186,5241914,0,0,0,0,0,0,0
1748636089438,-18750000,4417151,5553502,6030037,0,0,0,0,0,0,0
1748636089538,-18750000,4439145,5590162,6873146,0,0,0,0,0,0,0
1748636089638,-18750000,4453807,5608492,7716254,0,0,0,0,0,0,0
1748636089738,-18750000,4494130,5535176,7881213,0,0,0,0,0,0,0
1748636089838,-18750000,4549115,5626818,7826227,0,0,0,0,0,0,0
1748636089938,-18750000,4574775,5718461,7569629,0,0,0,0,0,0,0
1748636090038,-18750000,4596770,5736787,7239715,0,0,0,0,0,0,0
1748636090138,-18750000,4615098,5718457,6891475,0,0,0,0,0,0,0
1748636090238,-18750000,4648090,5736783,6396607,0,0,0,0,0,0,0
1748636090338,-18750000,4651755,5608484,5865082,0,0,0,0,0,0,0
1748636090438,-18750000,4655420,5535168,5351887,0,0,0,0,0,0,0
1748636090538,-18750000,4655420,5480182,4655407,0,0,0,0,0,0,0
1748636090638,-18750000,4648089,5406866,4013909,0,0,0,0,0,0,0
1748636090738,-18750000,4615098,5480182,3647339,0,0,0,0,0,0,0
1748636090838,-18750000,4589438,5425195,3354086,0,0,0,0,0,0,0
1748636090938,-18750000,4563778,5315227,3152474,0,0,0,0,0,0,0
1748636091038,-18750000,4501462,5315227,2987519,0,0,0,0,0,0,0
1748636091138,-18750000,4461140,5296900,2822564,0,0,0,0,0,0,0
1748636091238,-18750000,4431814,5260244,2767578,0,0,0,0,0,0,0
1748636091338,-18750000,4395158,5223588,2694262,0,0,0,0,0,0,0
1748636091438,-18750000,4362167,5186932,2547633,0,0,0,0,0,0,0
1748636091538,-18750000,4325510,5150276,2584289,0,0,0,0,0,0,0
1748636091638,-18750000,4263194,5131949,2584289,0,0,0,0,0,0,0
1748636091738,-18750000,4237534,5058633,2822561,0,0,0,0,0,0,0
1748636091838,-18750000,4204542,5095289,3280769,0,0,0,0,0,0,0
1748636091938,-18750000,4189880,5021973,3775638,0,0,0,0,0,0,0
1748636092038,-18750000,4193545,4948661,4288833,0,0,0,0,0,0,0
1748636092138,-18750000,4211872,4930331,4857014,0,0,0,0,0,0,0
1748636092238,-18750000,4197210,4966987,5443526,0,0,0,0,0,0,0
1748636092338,-18750000,4215538,5076956,6030037,0,0,0,0,0,0,0
1748636092438,-18750000,4226535,5113612,6726521,0,0,0,0,0,0,0
1748636092538,-18750000,4248529,5186924,7313032,0,0,0,0,0,0,0
1748636092638,-18750000,4307179,5260237,7936199,0,0,0,0,0,0,0
1748636092738,-18750000,4362165,5333553,8321096,0,0,0,0,0,0,0
1748636092838,-18750000,4409819,5333553,8541041,0,0,0,0,0,0,0
1748636092938,-18750000,4453807,5388539,8724326,0,0,0,0,0,0,0
1748636093038,-18750000,4512459,5516838,8834298,0,0,0,0,0,0,0
1748636093138,-18750000,4567444,5571824,8944271,0,0,0,0,0,0,0
1748636093238,-18750000,4629761,5571824,8999257,0,0,0,0,0,0,0
1748636093338,-18750000,4670084,5681797,9109229,0,0,0,0,0,0,0
1748636093438,-18750000,4728735,5773439,9182542,0,0,0,0,0,0,0
1748636093538,-18750000,4794718,5828425,9347497,0,0,0,0,0,0,0
1748636093638,-18750000,4857034,5865082,9365827,0,0,0,0,0,0,0
1748636093738,-18750000,4893691,5938394,9219198,0,0,0,0,0,0,0
1748636093838,-18750000,4926682,6011710,8889284,0,0,0,0,0,0,0
1748636093938,-18750000,4945010,6030040,8467728,0,0,0,0,0,0,0
1748636094038,-18750000,4952342,6030040,7991189,0,0,0,0,0,0,0
1748636094138,-18750000,4974336,6011710,7477991,0,0,0,0,0,0,0
1748636094238,-18750000,4981667,6103353,6946466,0,0,0,0,0,0,0
1748636094338,-18750000,4999996,6085023,6341624,0,0,0,0,0,0,0
1748636094438,-18750000,5007327,6103353,5626814,0,0,0,0,0,0,0
1748636094538,-18750000,4985333,6030037,4912004,0,0,0,0,0,0,0
1748636094638,-18750000,4956008,5993380,4270507,0,0,0,0,0,0,0
1748636094738,-18750000,4934014,5956724,3793968,0,0,0,0,0,0,0
1748636094838,-18750000,4908354,5901738,3464054,0,0,0,0,0,0,0
1748636094938,-18750000,4901023,5938394,3244113,0,0,0,0,0,0,0
1748636095038,-18750000,4879028,5883408,3152470,0,0,0,0,0,0,0
1748636095138,-18750000,4846037,5883408,3005845,0,0,0,0,0,0,0
1748636095238,-18750000,4816712,5865082,2895873,0,0,0,0,0,0,0
1748636095338,-18750000,4776389,5828426,2785904,0,0,0,0,0,0,0
1748636095438,-18750000,4725069,5718453,2730918,0,0,0,0,0,0,0
1748636095538,-18750000,4695743,5645141,2657606,0,0,0,0,0,0,0
1748636095638,-18750000,4677415,5571828,2584293,0,0,0,0,0,0,0
1748636095738,-18750000,4651755,5553498,2510981,0,0,0,0,0,0,0
1748636095838,-18750000,4618764,5516842,2510981,0,0,0,0,0,0,0
1748636095938,-18750000,4574775,5443529,2437668,0,0,0,0,0,0,0
1748636096038,-18750000,4563778,5443529,2346026,0,0,0,0,0,0,0
1748636096138,-18750000,4505126,5443529,2327696,0,0,0,0,0,0,0
1748636096238,-18750000,4453807,5388543,2272709,0,0,0,0,0,0,0
1748636096338,-18750000,4428147,5296901,2236053,0,0,0,0,0,0,0
1748636096438,-18750000,4398822,5351887,2236053,0,0,0,0,0,0,0
1748636096538,-18750000,4358500,5370217,2236053,0,0,0,0,0,0,0
1748636096638,-18750000,4303514,5370217,2254379,0,0,0,0,0,0,0
1748636096738,-18750000,4277855,5241918,2565963,0,0,0,0,0,0,0
1748636096838,-18750000,4263192,5205262,2987519,0,0,0,0,0,0,0
1748636096938,-18750000,4237532,5186932,3537371,0,0,0,0,0,0,0
1748636097038,-18750000,4197210,5113619,4050566,0,0,0,0,0,0,0
1748636097138,-18750000,4197210,5131949,4582091,0,0,0,0,0,0,0
1748636097238,-18750000,4230201,5113619,5278574,0,0,0,0,0,0,0
1748636097338,-18750000,4248530,5113619,5956724,0,0,0,0,0,0,0
1748636097438,-18750000,4292518,5040307,6598222,0,0,0,0,0,0,0
1748636097538,-18750000,4321844,5113619,7276376,0,0,0,0,0,0,0
1748636097638,-18750000,4354835,5131946,7972859,0,0,0,0,0,0,0
1748636097738,-18750000,4380494,5223588,8412742,0,0,0,0,0,0,0
1748636097838,-18750000,4424483,5205258,8687669,0,0,0,0,0,0,0
1748636097938,-18750000,4501463,5296901,8834298,0,0,0,0,0,0,0
1748636098038,-18750000,4556448,5425199,9017583,0,0,0,0,0,0,0
1748636098138,-18750000,4622431,5443529,9145882,0,0,0,0,0,0,0
1748636098238,-18750000,4659088,5535172,9219194,0,0,0,0,0,0,0
1748636098338,-18750000,4695745,5645144,9310837,0,0,0,0,0,0,0
1748636098438,-18750000,4717739,5700127,9402479,0,0,0,0,0,0,0
1748636098538,-18750000,4776389,5810096,9384149,0,0,0,0,0,0,0
1748636098638,-18750000,4824044,5901738,9329163,0,0,0,0,0,0,0
1748636098738,-18750000,4875363,6011711,9054236,0,0,0,0,0,0,0
1748636098838,-18750000,4904688,6140009,8669336,0,0,0,0,0,0,0
1748636098938,-18750000,4912019,6121679,8321096,0,0,0,0,0,0,0
1748636099038,-18750000,4934013,6213322,7862883,0,0,0,0,0,0,0
1748636099138,-18750000,4937678,6231648,7368014,0,0,0,0,0,0,0
1748636099238,-18750000,4937678,6176662,6763177,0,0,0,0,0,0,0
1748636099338,-18750000,4956007,6268300,6176669,0,0,0,0,0,0,0
1748636099438,-18750000,4959673,6323287,5535172,0,0,0,0,0,0,0
1748636099538,-18750000,4941344,6286630,4948661,0,0,0,0,0,0,0
1748636099638,-18750000,4941344,6213318,4362149,0,0,0,0,0,0,0
1748636099738,-18750000,4915685,6194988,3995579,0,0,0,0,0,0,0
1748636099838,-18750000,4904688,6103345,3720656,0,0,0,0,0,0,0
1748636099938,-18750000,4882694,6158332,3482384,0,0,0,0,0,0,0
1748636100038,-18750000,4864365,5993377,3280773,0,0,0,0,0,0,0
1748636100138,-18750000,4849703,5993377,3060832,0,0,0,0,0,0,0
1748636100238,-18750000,4827709,6011707,3024172,0,0,0,0,0,0,0
1748636100338,-18750000,4791052,5901738,2969186,0,0,0,0,0,0,0
1748636100438,-18750000,4776388,5846752,2932529,0,0,0,0,0,0,0
1748636100538,-18750000,4761726,5700127,2895873,0,0,0,0,0,0,0
1748636100638,-18750000,4728734,5681797,2822561,0,0,0,0,0,0,0
1748636100738,-18750000,4695743,5681797,2804234,0,0,0,0,0,0,0
1748636100838,-18750000,4640758,5681797,2804234,0,0,0,0,0,0,0
1748636100938,-18750000,4611433,5626811,2749248,0,0,0,0,0,0,0
1748636101038,-18750000,4574776,5626811,2730918,0,0,0,0,0,0,0
1748636101138,-18750000,4534453,5590154,2785904,0,0,0,0,0,0,0
1748636101238,-18750000,4501461,5553498,2602619,0,0,0,0,0,0,0
1748636101338,-18750000,4461139,5516842,2474320,0,0,0,0,0,0,0
1748636101438,-18750000,4406154,5480185,2455990,0,0,0,0,0,0,0
1748636101538,-18750000,4343837,5443525,2382678,0,0,0,0,0,0,0
1748636101638,-18750000,4281520,5425199,2364348,0,0,0,0,0,0,0
1748636101738,-18750000,4244863,5333557,2639272,0,0,0,0,0,0,0
1748636101838,-18750000,4219204,5370213,3024168,0,0,0,0,0,0,0
1748636101938,-18750000,4178881,5241914,3537367,0,0,0,0,0,0,0
1748636102038,-18750000,4164218,5241914,4050566,0,0,0,0,0,0,0
1748636102138,-18750000,4153222,5278570,4618747,0,0,0,0,0,0,0
1748636102238,-18750000,4149556,5260240,5370217,0,0,0,0,0,0,0
1748636102338,-18750000,4175216,5241910,6066697,0,0,0,0,0,0,0
1748636102438,-18750000,4204541,5296897,6726524,0,0,0,0,0,0,0
1748636102538,-18750000,4241198,5351883,7477991,0,0,0,0,0,0,0
1748636102638,-18750000,4307181,5425195,8174474,0,0,0,0,0,0,0
1748636102738,-18750000,4358500,5461852,8559374,0,0,0,0,0,0,0
1748636102838,-18750000,4428148,5425195,8870958,0,0,0,0,0,0,0
1748636102938,-18750000,4494131,5535168,9072569,0,0,0,0,0,0,0
1748636103038,-18750000,4541786,5571824,9255854,0,0,0,0,0,0,0
1748636103138,-18750000,4600436,5535168,9420809,0,0,0,0,0,0,0
1748636103238,-18750000,4662753,5663467,9475792,0,0,0,0,0,0,0
1748636103338,-18750000,4699410,5700123,9567434,0,0,0,0,0,0,0
1748636103438,-18750000,4758062,5681793,9604091,0,0,0,0,0,0,0
1748636103538,-18750000,4820378,5718449,9622417,0,0,0,0,0,0,0
1748636103638,-18750000,4868033,5736779,9677399,0,0,0,0,0,0,0
1748636103738,-18750000,4908355,5681797,9475784,0,0,0,0,0,0,0
1748636103838,-18750000,4956009,5791769,9127544,0,0,0,0,0,0,0
1748636103938,-18750000,4981668,5773439,8669336,0,0,0,0,0,0,0
1748636104038,-18750000,5014659,5773439,8192793,0,0,0,0,0,0,0
1748636104138,-18750000,5014659,5810096,7551299,0,0,0,0,0,0,0
1748636104238,-18750000,5018324,5773439,7019774,0,0,0,0,0,0,0
1748636104338,-18750000,5021990,5773439,6396607,0,0,0,0,0,0,0
1748636104438,-18750000,5007326,5901738,5791765,0,0,0,0,0,0,0
1748636104538,-18750000,4981667,5883412,5150272,0,0,0,0,0,0,0
1748636104638,-18750000,4959672,5846752,4527104,0,0,0,0,0,0,0
1748636104738,-18750000,4956007,5901734,4123878,0,0,0,0,0,0,0
1748636104838,-18750000,4915684,5828418,3775638,0,0,0,0,0,0,0
1748636104938,-18750000,4886359,5901734,3610679,0,0,0,0,0,0,0
1748636105038,-18750000,4849702,5920064,3482380,0,0,0,0,0,0,0
1748636105138,-18750000,4820376,5846752,3409068,0,0,0,0,0,0,0
1748636105238,-18750000,4794716,5828426,3280769,0,0,0,0,0,0,0
1748636105338,-18750000,4750728,5828426,3262439,0,0,0,0,0,0,0
1748636105438,-18750000,4717737,5718457,3152470,0,0,0,0,0,0,0
1748636105538,-18750000,4699409,5755113,3134140,0,0,0,0,0,0,0
1748636105638,-18750000,4655420,5791773,2987515,0,0,0,0,0,0,0
1748636105738,-18750000,4618763,5736791,2877547,0,0,0,0,0,0,0
1748636105838,-18750000,4604101,5736791,2785904,0,0,0,0,0,0,0
1748636105938,-18750000,4571110,5700131,2657606,0,0,0,0,0,0,0
1748636106038,-18750000,4534453,5645144,2584293,0,0,0,0,0,0,0
1748636106138,-18750000,4516124,5571828,2547633,0,0,0,0,0,0,0
1748636106238,-18750000,4475802,5443526,2474321,0,0,0,0,0,0,0
1748636106338,-18750000,4446477,5370213,2364352,0,0,0,0,0,0,0
1748636106438,-18750000,4402489,5296901,2401008,0,0,0,0,0,0,0
1748636106538,-18750000,4351169,5186928,2327696,0,0,0,0,0,0,0
1748636106638,-18750000,4318178,4966987,2364352,0,0,0,0,0,0,0
1748636106738,-18750000,4263192,4912001,2657606,0,0,0,0,0,0,0
1748636106838,-18750000,4204541,4875344,3097488,0,0,0,0,0,0,0
1748636106938,-18750000,4189878,4838688,3610687,0,0,0,0,0,0,0
1748636107038,-18750000,4171550,4802032,4160542,0,0,0,0,0,0,0
1748636107138,-18750000,4171550,4857018,4747053,0,0,0,0,0,0,0
1748636107238,-18750000,4175215,4930334,5333564,0,0,0,0,0,0,0
1748636107338,-18750000,4189877,4966990,5975058,0,0,0,0,0,0,0
1748636107438,-18750000,4230200,5003647,6598225,0,0,0,0,0,0,0
1748636107538,-18750000,4266857,5113619,7258049,0,0,0,0,0,0,0
1748636107638,-18750000,4325507,5278574,7936203,0,0,0,0,0,0,0
1748636107738,-18750000,4387824,5388543,8339429,0,0,0,0,0,0,0
1748636107838,-18750000,4446476,5388543,8669339,0,0,0,0,0,0,0
1748636107938,-18750000,4505126,5443529,8870950,0,0,0,0,0,0,0
1748636108038,-18750000,4571109,5535172,8999249,0,0,0,0,0,0,0
1748636108138,-18750000,4622429,5608488,9109222,0,0,0,0,0,0,0
1748636108238,-18750000,4688412,5626814,9237521,0,0,0,0,0,0,0
1748636108338,-18750000,4747063,5718457,9329163,0,0,0,0,0,0,0
1748636108438,-18750000,4809380,5663471,9402476,0,0,0,0,0,0,0
1748636108538,-18750000,4864365,5663471,9475788,0,0,0,0,0,0,0
1748636108638,-18750000,4904688,5718457,9530771,0,0,0,0,0,0,0
1748636108738,-18750000,4952342,5718457,9310829,0,0,0,0,0,0,0
1748636108838,-18750000,4985333,5718457,8852621,0,0,0,0,0,0,0
1748636108938,-18750000,5010993,5718457,8431068,0,0,0,0,0,0,0
1748636109038,-18750000,5047650,5681797,7954526,0,0,0,0,0,0,0
1748636109138,-18750000,5065979,5718453,7404671,0,0,0,0,0,0,0
1748636109238,-18750000,5069644,5718453,6818159,0,0,0,0,0,0,0
1748636109338,-18750000,5073310,5700127,6194992,0,0,0,0,0,0,0
1748636109438,-18750000,5051316,5773439,5590154,0,0,0,0,0,0,0
1748636109538,-18750000,5029322,5755109,4985317,0,0,0,0,0,0,0
1748636109638,-18750000,4999996,5663467,4362149,0,0,0,0,0,0,0
1748636109738,-18750000,4970671,5571824,3995579,0,0,0,0,0,0,0
1748636109838,-18750000,4956008,5681797,3720652,0,0,0,0,0,0,0
1748636109938,-18750000,4923017,5700127,3482380,0,0,0,0,0,0,0
1748636110038,-18750000,4901023,5681801,3299099,0,0,0,0,0,0,0
1748636110138,-18750000,4868031,5590158,3189130,0,0,0,0,0,0,0
1748636110238,-18750000,4842371,5663474,3115818,0,0,0,0,0,0,0
1748636110338,-18750000,4813045,5645144,3042505,0,0,0,0,0,0,0
1748636110438,-18750000,4776388,5590162,2932533,0,0,0,0,0,0,0
1748636110538,-18750000,4754394,5608492,2822560,0,0,0,0,0,0,0
1748636110638,-18750000,4743397,5663474,2730918,0,0,0,0,0,0,0
1748636110738,-18750000,4706740,5718461,2675935,0,0,0,0,0,0,0
1748636110838,-18750000,4670083,5645144,2712592,0,0,0,0,0,0,0
1748636110938,-18750000,4648088,5590158,2712592,0,0,0,0,0,0,0
1748636111038,-18750000,4596769,5608484,2620949,0,0,0,0,0,0,0
1748636111138,-18750000,4556447,5571828,2602619,0,0,0,0,0,0,0
1748636111238,-18750000,4519790,5480186,2565959,0,0,0,0,0,0,0
1748636111338,-18750000,4486799,5315231,2529303,0,0,0,0,0,0,0
1748636111438,-18750000,4439144,5296901,2492647,0,0,0,0,0,0,0
1748636111538,-18750000,4391490,5150272,2437664,0,0,0,0,0,0,0
1748636111638,-18750000,4332839,5113616,2419338,0,0,0,0,0,0,0
1748636111738,-18750000,4296182,5150272,2675935,0,0,0,0,0,0,0
1748636111838,-18750000,4252194,5095289,3097488,0,0,0,0,0,0,0
1748636111938,-18750000,4230200,5076959,3555700,0,0,0,0,0,0,0
1748636112038,-18750000,4204541,5021977,4105552,0,0,0,0,0,0,0
1748636112138,-18750000,4208206,4985317,4710389,0,0,0,0,0,0,0
1748636112238,-18750000,4215538,5003643,5296901,0,0,0,0,0,0,0
1748636112338,-18750000,4226535,5076956,5993381,0,0,0,0,0,0,0
1748636112438,-18750000,4266858,5168598,6653204,0,0,0,0,0,0,0
1748636112538,-18750000,4310846,5241914,7386341,0,0,0,0,0,0,0
1748636112638,-18750000,4365832,5223588,8064494,0,0,0,0,0,0,0
1748636112738,-18750000,4417152,5223588,8156137,0,0,0,0,0,0,0
1748636112838,-18750000,4479469,5296901,7991182,0,0,0,0,0,0,0
1748636112938,-18750000,4512460,5333557,7697924,0,0,0,0,0,0,0
1748636113038,-18750000,4549117,5388540,7386340,0,0,0,0,0,0,0
1748636113138,-18750000,4567445,5370213,6891475,0,0,0,0,0,0,0
1748636113238,-18750000,4574776,5370213,6396607,0,0,0,0,0,0,0
1748636113338,-18750000,4578442,5516842,5791769,0,0,0,0,0,0,0
1748636113438,-18750000,4578442,5480186,5278574,0,0,0,0,0,0,0
1748636113538,-18750000,4563779,5516842,4600420,0,0,0,0,0,0,0
1748636113638,-18750000,4549116,5535168,3977253,0,0,0,0,0,0,0
1748636113738,-18750000,4527122,5571828,3885610,0,0,0,0,0,0,0
1748636113838,-18750000,4505127,5535172,4032239,0,0,0,0,0,0,0
1748636113938,-18750000,4483133,5498515,4362153,0,0,0,0,0,0,0
1748636114038,-18750000,4486798,5516845,4710393,0,0,0,0,0,0,0
1748636114138,-18750000,4497795,5663474,5205258,0,0,0,0,0,0,0
1748636114238,-18750000,4512458,5571832,5736783,0,0,0,0,0,0,0
1748636114338,-18750000,4541783,5516846,6268308,0,0,0,0,0,0,0
1748636114438,-18750000,4563777,5553502,6818163,0,0,0,0,0,0,0
1748636114538,-18750000,4596768,5571828,7477990,0,0,0,0,0,0,0
1748636114638,-18750000,4626094,5645144,8082828,0,0,0,0,0,0,0
1748636114738,-18750000,4673748,5590158,8174470,0,0,0,0,0,0,0
1748636114838,-18750000,4721402,5571828,8046172,0,0,0,0,0,0,0
1748636114938,-18750000,4769057,5553502,7789574,0,0,0,0,0,0,0
1748636115038,-18750000,4791051,5553502,7404678,0,0,0,0,0,0,0
1748636115138,-18750000,4813046,5571828,6928139,0,0,0,0,0,0,0
1748636115238,-18750000,4813046,5681801,6396614,0,0,0,0,0,0,0
1748636115338,-18750000,4794717,5681801,5938402,0,0,0,0,0,0,0
1748636115438,-18750000,4787386,5718457,5406877,0,0,0,0,0,0,0
1748636115538,-18750000,4772723,5755117,4765379,0,0,0,0,0,0,0
1748636115638,-18750000,4761726,5736787,4123882,0,0,0,0,0,0,0
1748636115738,-18750000,4743398,5755113,3812298,0,0,0,0,0,0,0
1748636115838,-18750000,4721403,5681801,3500714,0,0,0,0,0,0,0
1748636115938,-18750000,4684746,5718457,3262443,0,0,0,0,0,0,0
1748636116038,-18750000,4659086,5736787,3152474,0,0,0,0,0,0,0
1748636116138,-18750000,4629761,5645144,2969189,0,0,0,0,0,0,0
1748636116238,-18750000,4604101,5645144,2895877,0,0,0,0,0,0,0
1748636116338,-18750000,4585772,5608488,2785908,0,0,0,0,0,0,0
1748636116438,-18750000,4571110,5480189,2639279,0,0,0,0,0,0,0
1748636116538,-18750000,4530788,5406873,2602623,0,0,0,0,0,0,0
1748636116638,-18750000,4505128,5388543,2620953,0,0,0,0,0,0,0
1748636116738,-18750000,4468471,5351887,2804238,0,0,0,0,0,0,0
1748636116838,-18750000,4420817,5443529,3225791,0,0,0,0,0,0,0
1748636116938,-18750000,4398824,5406873,3665673,0,0,0,0,0,0,0
1748636117038,-18750000,4376829,5351887,4160538,0,0,0,0,0,0,0
1748636117138,-18750000,4351169,5406873,4783706,0,0,0,0,0,0,0
1748636117238,-18750000,4362167,5370217,5388543,0,0,0,0,0,0,0
1748636117338,-18750000,4384161,5406873,6011711,0,0,0,0,0,0,0
1748636117438,-18750000,4398824,5443529,6634878,0,0,0,0,0,0,0
1748636117538,-18750000,4450143,5443529,7313032,0,0,0,0,0,0,0
1748636117638,-18750000,4472138,5461859,7991186,0,0,0,0,0,0,0
1748636117738,-18750000,4516126,5480189,8211127,0,0,0,0,0,0,0
1748636117838,-18750000,4571111,5425203,8064502,0,0,0,0,0,0,0
1748636117938,-18750000,4626096,5425203,7844561,0,0,0,0,0,0,0
1748636118038,-18750000,4666419,5516846,7496321,0,0,0,0,0,0,0
1748636118138,-18750000,4699410,5480189,7038112,0,0,0,0,0,0,0
1748636118238,-18750000,4703075,5480189,6469931,0,0,0,0,0,0,0
1748636118338,-18750000,4703075,5406877,5920076,0,0,0,0,0,0,0
1748636118438,-18750000,4699410,5480193,5388551,0,0,0,0,0,0,0
1748636118538,-18750000,4684747,5535179,4802039,0,0,0,0,0,0,0
1748636118638,-18750000,4666418,5516849,4178872,0,0,0,0,0,0,0
1748636118738,-18750000,4651756,5516849,3757316,0,0,0,0,0,0,0
1748636118838,-18750000,4615099,5498519,3464058,0,0,0,0,0,0,0
1748636118938,-18750000,4578442,5535176,3244117,0,0,0,0,0,0,0
1748636119038,-18750000,4538119,5425203,3079162,0,0,0,0,0,0,0
1748636119138,-18750000,4497796,5425203,2969189,0,0,0,0,0,0,0
1748636119238,-18750000,4461140,5461859,2895877,0,0,0,0,0,0,0
1748636119338,-18750000,4435480,5516842,2785904,0,0,0,0,0,0,0
1748636119438,-18750000,4391491,5425199,2749248,0,0,0,0,0,0,0
1748636119538,-18750000,4340172,5333557,2675932,0,0,0,0,0,0,0
1748636119638,-18750000,4299849,5296901,2565959,0,0,0,0,0,0,0
1748636119738,-18750000,4252195,5186928,2749244,0,0,0,0,0,0,0
1748636119838,-18750000,4226535,5205258,3170800,0,0,0,0,0,0,0
1748636119938,-18750000,4200875,5205258,3647339,0,0,0,0,0,0,0
1748636120038,-18750000,4186213,5296901,4123878,0,0,0,0,0,0,0
1748636120138,-18750000,4208207,5260244,4692059,0,0,0,0,0,0,0
1748636120238,-18750000,4219203,5223588,5351883,0,0,0,0,0,0,0
1748636120338,-18750000,4211872,5205262,5956724,0,0,0,0,0,0,0
1748636120438,-18750000,4233866,5260244,6561562,0,0,0,0,0,0,0
1748636120538,-18750000,4277854,5260244,7239716,0,0,0,0,0,0,0
1748636120638,-18750000,4336505,5186932,7954526,0,0,0,0,0,0,0
1748636120738,-18750000,4398822,5370217,8394408,0,0,0,0,0,0,0
1748636120838,-18750000,4450142,5461859,8651006,0,0,0,0,0,0,0
1748636120938,-18750000,4490465,5535172,8870947,0,0,0,0,0,0,0
1748636121038,-18750000,4560113,5480186,9017576,0,0,0,0,0,0,0
1748636121138,-18750000,4596770,5590154,9145874,0,0,0,0,0,0,0
1748636121238,-18750000,4666418,5571824,9219187,0,0,0,0,0,0,0
1748636121338,-18750000,4728734,5535168,9310829,0,0,0,0,0,0,0
1748636121438,-18750000,4787385,5608484,9384142,0,0,0,0,0,0,0
1748636121538,-18750000,4838705,5700127,9365815,0,0,0,0,0,0,0
1748636121638,-18750000,4882693,5846756,9420802,0,0,0,0,0,0,0
1748636121738,-18750000,4897355,5791769,9182530,0,0,0,0,0,0,0
1748636121838,-18750000,4941344,5810099,8815960,0,0,0,0,0,0,0
1748636121938,-18750000,4988998,5736787,8357752,0,0,0,0,0,0,0
1748636122038,-18750000,5018324,5718461,7936195,0,0,0,0,0,0,0
1748636122138,-18750000,5047649,5718461,7404670,0,0,0,0,0,0,0
1748636122238,-18750000,5043984,5755117,6836489,0,0,0,0,0,0,0
1748636122338,-18750000,5043984,5736787,6249978,0,0,0,0,0,0,0
1748636122438,-18750000,5047650,5718457,5590154,0,0,0,0,0,0,0
1748636122538,-18750000,5040319,5736787,4966987,0,0,0,0,0,0,0
1748636122638,-18750000,5018324,5718457,4288833,0,0,0,0,0,0,0
1748636122738,-18750000,5021990,5718457,3922267,0,0,0,0,0,0,0
1748636122838,-18750000,5003662,5681797,3665669,0,0,0,0,0,0,0
1748636122938,-18750000,4952341,5663467,3390742,0,0,0,0,0,0,0
1748636123038,-18750000,4893690,5718453,3207461,0,0,0,0,0,0,0
1748636123138,-18750000,4849702,5681797,2987519,0,0,0,0,0,0,0
1748636123238,-18750000,4809379,5736783,2877551,0,0,0,0,0,0,0
1748636123338,-18750000,4769057,5828426,2767578,0,0,0,0,0,0,0
1748636123438,-18750000,4728734,5773439,2730922,0,0,0,0,0,0,0
1748636123538,-18750000,4684746,5810096,2675936,0,0,0,0,0,0,0
1748636123638,-18750000,4644424,5828426,2620949,0,0,0,0,0,0,0
1748636123738,-18750000,4596770,5828426,2822560,0,0,0,0,0,0,0
1748636123838,-18750000,4552781,5828426,3244113,0,0,0,0,0,0,0
1748636123938,-18750000,4552781,5865082,3775638,0,0,0,0,0,0,0
1748636124038,-18750000,4563779,5773439,4270503,0,0,0,0,0,0,0
1748636124138,-18750000,4560113,5755109,4930327,0,0,0,0,0,0,0
1748636124238,-18750000,4582107,5736783,5480178,0,0,0,0,0,0,0
1748636124338,-18750000,4600436,5700127,6103345,0,0,0,0,0,0,0
1748636124438,-18750000,4622429,5791769,6763169,0,0,0,0,0,0,0
1748636124538,-18750000,4659086,5718453,7422993,0,0,0,0,0,0,0
1748636124638,-18750000,4710406,5681793,8101147,0,0,0,0,0,0,0
1748636124738,-18750000,4761725,5663467,8321088,0,0,0,0,0,0,0
1748636124838,-18750000,4813045,5700127,8192789,0,0,0,0,0,0,0
1748636124938,-18750000,4853368,5626814,7862876,0,0,0,0,0,0,0
1748636125038,-18750000,4871696,5681797,7514636,0,0,0,0,0,0,0
1748636125138,-18750000,4912019,5736783,6983111,0,0,0,0,0,0,0
1748636125238,-18750000,4915685,5718453,6506572,0,0,0,0,0,0,0
1748636125338,-18750000,4926683,5755109,5993377,0,0,0,0,0,0,0
1748636125438,-18750000,4912020,5663467,5406865,0,0,0,0,0,0,0
1748636125538,-18750000,4915686,5700127,4820354,0,0,0,0,0,0,0
1748636125638,-18750000,4882695,5700127,4233843,0,0,0,0,0,0,0
1748636125738,-18750000,4849704,5718453,3812290,0,0,0,0,0,0,0
1748636125838,-18750000,4827710,5663467,3537367,0,0,0,0,0,0,0
1748636125938,-18750000,4802050,5736779,3354082,0,0,0,0,0,0,0
1748636126038,-18750000,4776390,5681797,3189127,0,0,0,0,0,0,0
1748636126138,-18750000,4725070,5645141,3134144,0,0,0,0,0,0,0
1748636126238,-18750000,4688413,5553498,3024172,0,0,0,0,0,0,0
1748636126338,-18750000,4662752,5480186,2932529,0,0,0,0,0,0,0
1748636126438,-18750000,4644424,5425203,2804230,0,0,0,0,0,0,0
1748636126538,-18750000,4604101,5315231,2694262,0,0,0,0,0,0,0
1748636126638,-18750000,4574775,5241918,2565963,0,0,0,0,0,0,0
1748636126738,-18750000,4541784,5260248,2785904,0,0,0,0,0,0,0
1748636126838,-18750000,4512459,5205262,3134144,0,0,0,0,0,0,0
1748636126938,-18750000,4494131,5076963,3629013,0,0,0,0,0,0,0
1748636127038,-18750000,4475802,5150276,4142208,0,0,0,0,0,0,0
1748636127138,-18750000,4464806,5150276,4673733,0,0,0,0,0,0,0
1748636127238,-18750000,4479468,5150276,5333560,0,0,0,0,0,0,0
1748636127338,-18750000,4479468,5241918,5920072,0,0,0,0,0,0,0
1748636127438,-18750000,4501462,5315231,6579895,0,0,0,0,0,0,0
1748636127538,-18750000,4523456,5370217,7294705,0,0,0,0,0,0,0
1748636127638,-18750000,4578442,5425203,8082828,0,0,0,0,0,0,0
1748636127738,-18750000,4615099,5461859,8229453,0,0,0,0,0,0,0
1748636127838,-18750000,4651756,5590158,8082824,0,0,0,0,0,0,0
1748636127938,-18750000,4666418,5828429,7789570,0,0,0,0,0,0,0
1748636128038,-18750000,4703075,5828429,7477987,0,0,0,0,0,0,0
1748636128138,-18750000,4721404,5901742,7111417,0,0,0,0,0,0,0
1748636128238,-18750000,4736066,5993384,6543232,0,0,0,0,0,0,0
1748636128338,-18750000,4747064,6011711,5993377,0,0,0,0,0,0,0
1748636128438,-18750000,4736067,5993381,5388539,0,0,0,0,0,0,0
1748636128538,-18750000,4732401,6066693,4802028,0,0,0,0,0,0,0
1748636128638,-18750000,4710407,6048363,4050562,0,0,0,0,0,0,0
1748636128738,-18750000,4684747,5901734,3683996,0,0,0,0,0,0,0
1748636128838,-18750000,4655421,5773436,3464054,0,0,0,0,0,0,0
1748636128938,-18750000,4648090,5626807,3262439,0,0,0,0,0,0,0
1748636129038,-18750000,4607767,5571821,3042498,0,0,0,0,0,0,0
1748636129138,-18750000,4596770,5461852,2804227,0,0,0,0,0,0,0
1748636129238,-18750000,4563779,5406865,2694258,0,0,0,0,0,0,0
1748636129338,-18750000,4538119,5333553,2657602,0,0,0,0,0,0,0
1748636129438,-18750000,4501462,5260240,2639272,0,0,0,0,0,0,0
1748636129538,-18750000,4446476,5223584,2529299,0,0,0,0,0,0,0
1748636129638,-18750000,4398823,5260241,2547629,0,0,0,0,0,0,0
1748636129738,-18750000,4373163,5278571,2749240,0,0,0,0,0,0,0
1748636129838,-18750000,4351169,5315227,3152467,0,0,0,0,0,0,0
1748636129938,-18750000,4307180,5223584,3647336,0,0,0,0,0,0,0
1748636130038,-18750000,4281521,5150272,4197191,0,0,0,0,0,0,0
1748636130138,-18750000,4270523,5113616,4802032,0,0,0,0,0,0,0
1748636130238,-18750000,4263192,5150272,5443525,0,0,0,0,0,0,0
1748636130338,-18750000,4277855,5168598,6030037,0,0,0,0,0,0,0
1748636130438,-18750000,4299848,5168598,6671534,0,0,0,0,0,0,0
1748636130538,-18750000,4347503,5241911,7404674,0,0,0,0,0,0,0
1748636130638,-18750000,4395156,5260241,8082828,0,0,0,0,0,0,0
1748636130738,-18750000,4450141,5333553,8211127,0,0,0,0,0,0,0
1748636130838,-18750000,4490464,5333553,8064498,0,0,0,0,0,0,0
1748636130938,-18750000,4545449,5388539,7789571,0,0,0,0,0,0,0
1748636131038,-18750000,4596770,5480182,7423001,0,0,0,0,0,0,0
1748636131138,-18750000,4629761,5461852,7019774,0,0,0,0,0,0,0
1748636131238,-18750000,4659086,5406869,6488249,0,0,0,0,0,0,0
1748636131338,-18750000,4662752,5406869,5956724,0,0,0,0,0,0,0
1748636131438,-18750000,4684747,5535168,5351887,0,0,0,0,0,0,0
1748636131538,-18750000,4670084,5406869,4618747,0,0,0,0,0,0,0
1748636131638,-18750000,4640758,5370213,3958923,0,0,0,0,0,0,0
1748636131738,-18750000,4604101,5278571,3830624,0,0,0,0,0,0,0
1748636131838,-18750000,4574776,5241914,3958923,0,0,0,0,0,0,0
1748636131938,-18750000,4560112,5296901,4197194,0,0,0,0,0,0,0
1748636132038,-18750000,4552780,5315227,4545434,0,0,0,0,0,0,0
1748636132138,-18750000,4527121,5388539,4985317,0,0,0,0,0,0,0
1748636132238,-18750000,4541783,5498508,5498516,0,0,0,0,0,0,0
1748636132338,-18750000,4549114,5480182,6048367,0,0,0,0,0,0,0
1748636132438,-18750000,4560112,5425196,6671534,0,0,0,0,0,0,0
1748636132538,-18750000,4589437,5480182,7404674,0,0,0,0,0,0,0
1748636132638,-18750000,4629760,5498508,8046168,0,0,0,0,0,0,0
1748636132738,-18750000,4670083,5681793,8229453,0,0,0,0,0,0,0
1748636132838,-18750000,4717737,5736779,8156141,0,0,0,0,0,0,0
1748636132938,-18750000,4758060,5810092,7991186,0,0,0,0,0,0,0
1748636133038,-18750000,4787386,5736779,7624619,0,0,0,0,0,0,0
1748636133138,-18750000,4824043,5755109,7148081,0,0,0,0,0,0,0
1748636133238,-18750000,4831374,5700123,6634882,0,0,0,0,0,0,0
1748636133338,-18750000,4835040,5773436,6121687,0,0,0,0,0,0,0
1748636133438,-18750000,4827708,5810096,5480189,0,0,0,0,0,0,0
1748636133538,-18750000,4835040,5791766,4838692,0,0,0,0,0,0,0
1748636133638,-18750000,4831374,5736783,4252180,0,0,0,0,0,0,0
1748636133738,-18750000,4802048,5645141,3793968,0,0,0,0,0,0,0
1748636133838,-18750000,4776389,5645141,3482384,0,0,0,0,0,0,0
1748636133938,-18750000,4728734,5516842,3170800,0,0,0,0,0,0,0
1748636134038,-18750000,4692077,5590154,3005842,0,0,0,0,0,0,0
1748636134138,-18750000,4655420,5553498,2859213,0,0,0,0,0,0,0
1748636134238,-18750000,4615098,5553498,2785900,0,0,0,0,0,0,0
1748636134338,-18750000,4585772,5443529,2749244,0,0,0,0,0,0,0
1748636134438,-18750000,4549115,5351887,2730914,0,0,0,0,0,0,0
1748636134538,-18750000,4490464,5296904,2657602,0,0,0,0,0,0,0
1748636134638,-18750000,4446476,5315231,2602619,0,0,0,0,0,0,0
1748636134738,-18750000,4431813,5205262,2859221,0,0,0,0,0,0,0
1748636134838,-18750000,4409819,5150276,3262447,0,0,0,0,0,0,0
1748636134938,-18750000,4391490,5260248,3738986,0,0,0,0,0,0,0
1748636135038,-18750000,4395156,5205266,4325497,0,0,0,0,0,0,0
1748636135138,-18750000,4395156,5168609,4948664,0,0,0,0,0,0,0
1748636135238,-18750000,4398821,5150283,5553502,0,0,0,0,0,0,0
1748636135338,-18750000,4417150,5131953,6085027,0,0,0,0,0,0,0
1748636135438,-18750000,4446476,5131953,6744854,0,0,0,0,0,0,0
1748636135538,-18750000,4490464,5205266,7404678,0,0,0,0,0,0,0
1748636135638,-18750000,4541784,5278582,8027846,0,0,0,0,0,0,0
1748636135738,-18750000,4589438,5370224,8192801,0,0,0,0,0,0,0
1748636135838,-18750000,4611433,5498523,8064502,0,0,0,0,0,0,0
1748636135938,-18750000,4659087,5443537,7862891,0,0,0,0,0,0,0
1748636136038,-18750000,4673750,5516849,7441338,0,0,0,0,0,0,0
1748636136138,-18750000,4699409,5663474,6983126,0,0,0,0,0,0,0
1748636136238,-18750000,4706740,5663474,6469931,0,0,0,0,0,0,0
1748636136338,-18750000,4710406,5736787,6011718,0,0,0,0,0,0,0
1748636136438,-18750000,4688413,5791769,5443533,0,0,0,0,0,0,0
1748636136538,-18750000,4677415,5773439,4838696,0,0,0,0,0,0,0
1748636136638,-18750000,4659087,5663467,4197198,0,0,0,0,0,0,0
1748636136738,-18750000,4626095,5681793,3848958,0,0,0,0,0,0,0
1748636136838,-18750000,4600435,5516838,3592361,0,0,0,0,0,0,0
1748636136938,-18750000,4574775,5480182,3372419,0,0,0,0,0,0,0
1748636137038,-18750000,4545449,5425196,3225790,0,0,0,0,0,0,0
1748636137138,-18750000,4512458,5278571,3115822,0,0,0,0,0,0,0
1748636137238,-18750000,4490464,5241914,2987523,0,0,0,0,0,0,0
1748636137338,-18750000,4457473,5113616,2785912,0,0,0,0,0,0,0
1748636137438,-18750000,4450141,5131946,2694269,0,0,0,0,0,0,0
1748636137538,-18750000,4413485,5003647,2675939,0,0,0,0,0,0,0
1748636137638,-18750000,4347502,5095289,2602627,0,0,0,0,0,0,0
1748636137738,-18750000,4318177,5095289,2859224,0,0,0,0,0,0,0
1748636137838,-18750000,4285186,5205258,3170808,0,0,0,0,0,0,0
1748636137938,-18750000,4255860,5131942,3610690,0,0,0,0,0,0,0
1748636138038,-18750000,4241198,5095286,4123885,0,0,0,0,0,0,0
1748636138138,-18750000,4226535,5205254,4637080,0,0,0,0,0,0,0
1748636138238,-18750000,4219204,5223581,5296904,0,0,0,0,0,0,0
1748636138338,-18750000,4230201,5351879,5956728,0,0,0,0,0,0,0
1748636138438,-18750000,4244864,5260237,6634882,0,0,0,0,0,0,0
1748636138538,-18750000,4274189,5315223,7258049,0,0,0,0,0,0,0
1748636138638,-18750000,4332840,5260237,8009516,0,0,0,0,0,0,0
1748636138738,-18750000,4362165,5315223,8376086,0,0,0,0,0,0,0
1748636138838,-18750000,4435479,5315223,8760982,0,0,0,0,0,0,0
1748636138938,-18750000,4490464,5461852,8999249,0,0,0,0,0,0,0
1748636139038,-18750000,4560112,5498508,9182534,0,0,0,0,0,0,0
1748636139138,-18750000,4633426,5461852,9439132,0,0,0,0,0,0,0
1748636139238,-18750000,4699408,5461852,9530774,0,0,0,0,0,0,0
1748636139338,-18750000,4754393,5425196,9677399,0,0,0,0,0,0,0
1748636139438,-18750000,4794715,5498508,9732385,0,0,0,0,0,0,0
1748636139538,-18750000,4846035,5590151,9842354,0,0,0,0,0,0,0
1748636139638,-18750000,4912018,5681793,9897337,0,0,0,0,0,0,0
1748636139738,-18750000,4967003,5700123,9695722,0,0,0,0,0,0,0
1748636139838,-18750000,4985332,5700123,9292496,0,0,0,0,0,0,0
1748636139938,-18750000,5007326,5773436,8779301,0,0,0,0,0,0,0
1748636140038,-18750000,5014657,5846752,8284432,0,0,0,0,0,0,0
1748636140138,-18750000,5007326,5846752,7624608,0,0,0,0,0,0,0
1748636140238,-18750000,5018323,5828426,7038097,0,0,0,0,0,0,0
1748636140338,-18750000,5014657,5883412,6378273,0,0,0,0,0,0,0
1748636140438,-18750000,5014657,5901742,5700119,0,0,0,0,0,0,0
1748636140538,-18750000,4992663,5920072,5003639,0,0,0,0,0,0,0
1748636140638,-18750000,4970669,5865086,4325489,0,0,0,0,0,0,0
1748636140738,-18750000,4945009,5846756,3848951,0,0,0,0,0,0,0
1748636140838,-18750000,4926680,5883416,3537367,0,0,0,0,0,0,0
1748636140938,-18750000,4915684,5883416,3354082,0,0,0,0,0,0,0
1748636141038,-18750000,4886359,5901742,3115814,0,0,0,0,0,0,0
1748636141138,-18750000,4886359,5901742,3060828,0,0,0,0,0,0,0
1748636141238,-18750000,4849702,5993384,2895873,0,0,0,0,0,0,0
1748636141338,-18750000,4827708,5993384,2822561,0,0,0,0,0,0,0
1748636141438,-18750000,4820377,5901742,2730918,0,0,0,0,0,0,0
1748636141538,-18750000,4791051,5810099,2694262,0,0,0,0,0,0,0
1748636141638,-18750000,4754395,5755117,2584289,0,0,0,0,0,0,0
1748636141738,-18750000,4721404,5663474,2877543,0,0,0,0,0,0,0
1748636141838,-18750000,4695744,5663474,3280769,0,0,0,0,0,0,0
1748636141938,-18750000,4666418,5608492,3793964,0,0,0,0,0,0,0
1748636142038,-18750000,4666418,5516849,4362146,0,0,0,0,0,0,0
1748636142138,-18750000,4640759,5480193,4930331,0,0,0,0,0,0,0
1748636142238,-18750000,4651756,5461863,5626811,0,0,0,0,0,0,0
1748636142338,-18750000,4651756,5443533,6249978,0,0,0,0,0,0,0
1748636142438,-18750000,4648091,5516846,6891476,0,0,0,0,0,0,0
1748636142538,-18750000,4684748,5571828,7551299,0,0,0,0,0,0,0
1748636142638,-18750000,4717739,5608484,8247783,0,0,0,0,0,0,0
1748636142738,-18750000,4772723,5626814,8412742,0,0,0,0,0,0,0
1748636142838,-18750000,4805714,5553498,8284443,0,0,0,0,0,0,0
1748636142938,-18750000,4831374,5590154,8009519,0,0,0,0,0,0,0
1748636143038,-18750000,4849703,5626811,7642949,0,0,0,0,0,0,0
1748636143138,-18750000,4857034,5571824,7111424,0,0,0,0,0,0,0
1748636143238,-18750000,4864365,5553494,6561573,0,0,0,0,0,0,0
1748636143338,-18750000,4886359,5571824,6030048,0,0,0,0,0,0,0
1748636143438,-18750000,4897355,5626811,5516849,0,0,0,0,0,0,0
1748636143538,-18750000,4893690,5626811,4857025,0,0,0,0,0,0,0
1748636143638,-18750000,4860699,5718453,4233858,0,0,0,0,0,0,0
1748636143738,-18750000,4827708,5755109,3830632,0,0,0,0,0,0,0
1748636143838,-18750000,4802048,5810096,3592360,0,0,0,0,0,0,0
1748636143938,-18750000,4791051,5791766,3372419,0,0,0,0,0,0,0
1748636144038,-18750000,4754394,5736783,3189134,0,0,0,0,0,0,0
1748636144138,-18750000,4747063,5810096,3097492,0,0,0,0,0,0,0
1748636144238,-18750000,4721403,5828426,2987519,0,0,0,0,0,0,0
1748636144338,-18750000,4666417,5700127,2932533,0,0,0,0,0,0,0
1748636144438,-18750000,4629760,5645141,2822564,0,0,0,0,0,0,0
1748636144538,-18750000,4611432,5736783,2767578,0,0,0,0,0,0,0
1748636144638,-18750000,4574775,5608484,2730918,0,0,0,0,0,0,0
1748636144738,-18750000,4556446,5553498,2584289,0,0,0,0,0,0,0
1748636144838,-18750000,4534452,5480186,2529303,0,0,0,0,0,0,0
1748636144938,-18750000,4483132,5370217,2437660,0,0,0,0,0,0,0
1748636145038,-18750000,4450141,5351887,2419334,0,0,0,0,0,0,0
1748636145138,-18750000,4409819,5370217,2382674,0,0,0,0,0,0,0
1748636145238,-18750000,4373162,5260244,2291032,0,0,0,0,0,0,0
1748636145338,-18750000,4332840,5351887,2236045,0,0,0,0,0,0,0
1748636145438,-18750000,4292518,5296904,2236045,0,0,0,0,0,0,0
1748636145538,-18750000,4222869,5150279,2272702,0,0,0,0,0,0,0
1748636145638,-18750000,4197209,5113619,2272702,0,0,0,0,0,0,0
1748636145738,-18750000,4149556,5095293,2602615,0,0,0,0,0,0,0
1748636145838,-18750000,4101902,5076963,3005842,0,0,0,0,0,0,0
1748636145938,-18750000,4079909,5058633,3574023,0,0,0,0,0,0,0
1748636146038,-18750000,4079909,4985321,4087218,0,0,0,0,0,0,0
1748636146138,-18750000,4076243,4930334,4563761,0,0,0,0,0,0,0
1748636146238,-18750000,4065245,4966994,5260241,0,0,0,0,0,0,0
1748636146338,-18750000,4090905,4930338,5865082,0,0,0,0,0,0,0
1748636146438,-18750000,4112899,4930338,6506576,0,0,0,0,0,0,0
1748636146538,-18750000,4145891,4985321,7074761,0,0,0,0,0,0,0
1748636146638,-18750000,4197210,4948664,7716258,0,0,0,0,0,0,0
1748636146738,-18750000,4252195,4930334,8064498,0,0,0,0,0,0,0
1748636146838,-18750000,4332840,4985321,8357756,0,0,0,0,0,0,0
1748636146938,-18750000,4384160,5021977,8504384,0,0,0,0,0,0,0
1748636147038,-18750000,4428148,5168602,8651013,0,0,0,0,0,0,0
1748636147138,-18750000,4464805,5260244,8852624,0,0,0,0,0,0,0
1748636147238,-18750000,4541785,5351887,8925941,0,0,0,0,0,0,0
1748636147338,-18750000,4600436,5370213,8980927,0,0,0,0,0,0,0
1748636147438,-18750000,4662753,5498512,8999257,0,0,0,0,0,0,0
1748636147538,-18750000,4721404,5590154,9109226,0,0,0,0,0,0,0
1748636147638,-18750000,4758061,5755113,9145882,0,0,0,0,0,0,0
1748636147738,-18750000,4802049,5828426,9035909,0,0,0,0,0,0,0
1748636147838,-18750000,4809380,5883412,8596027,0,0,0,0,0,0,0
1748636147938,-18750000,4857034,5975054,8247783,0,0,0,0,0,0,0
1748636148038,-18750000,4886359,6030041,7771244,0,0,0,0,0,0,0
1748636148138,-18750000,4919350,6011714,7276376,0,0,0,0,0,0,0
1748636148238,-18750000,4912019,5993384,6689864,0,0,0,0,0,0,0
1748636148338,-18750000,4904687,6048371,6103353,0,0,0,0,0,0,0
1748636148438,-18750000,4890024,6103353,5535172,0,0,0,0,0,0,0
1748636148538,-18750000,4882693,6011711,4930334,0,0,0,0,0,0,0
1748636148638,-18750000,4871695,6011711,4270511,0,0,0,0,0,0,0
1748636148738,-18750000,4838704,6030041,3793972,0,0,0,0,0,0,0
1748636148838,-18750000,4816710,6011711,3555701,0,0,0,0,0,0,0
1748636148938,-18750000,4772722,6011711,3207461,0,0,0,0,0,0,0
1748636149038,-18750000,4739731,5993384,3024176,0,0,0,0,0,0,0
1748636149138,-18750000,4692077,5956724,2895877,0,0,0,0,0,0,0
1748636149238,-18750000,4659085,5975054,2822564,0,0,0,0,0,0,0
1748636149338,-18750000,4637092,5938398,2730922,0,0,0,0,0,0,0
1748636149438,-18750000,4607766,5828429,2639279,0,0,0,0,0,0,0
1748636149538,-18750000,4585771,5828429,2602623,0,0,0,0,0,0,0
1748636149638,-18750000,4560112,5736787,2584293,0,0,0,0,0,0,0
1748636149738,-18750000,4530786,5645144,2510981,0,0,0,0,0,0,0
1748636149838,-18750000,4490464,5498516,2492651,0,0,0,0,0,0,0
1748636149938,-18750000,4472135,5425203,2492651,0,0,0,0,0,0,0
1748636150038,-18750000,4431813,5351887,2510977,0,0,0,0,0,0,0
1748636150138,-18750000,4420816,5333561,2419334,0,0,0,0,0,0,0
1748636150238,-18750000,4391491,5241918,2382674,0,0,0,0,0,0,0
1748636150338,-18750000,4336505,5150276,2437660,0,0,0,0,0,0,0
1748636150438,-18750000,4292517,5076963,2455987,0,0,0,0,0,0,0
1748636150538,-18750000,4226535,4966994,2327684,0,0,0,0,0,0,0
1748636150638,-18750000,4145890,4948664,2309358,0,0,0,0,0,0,0
1748636150738,-18750000,4101902,4966994,2639268,0,0,0,0,0,0,0
1748636150838,-18750000,4076242,5021981,3042494,0,0,0,0,0,0,0
1748636150938,-18750000,4035920,5040307,3500707,0,0,0,0,0,0,0
1748636151038,-18750000,4035920,5040307,4013906,0,0,0,0,0,0,0
1748636151138,-18750000,4028588,5003651,4563761,0,0,0,0,0,0,0
1748636151238,-18750000,4024922,5021977,5076959,0,0,0,0,0,0,0
1748636151338,-18750000,4061579,5131946,5608484,0,0,0,0,0,0,0
1748636151438,-18750000,4083574,5205258,6194996,0,0,0,0,0,0,0
1748636151538,-18750000,4116565,5315227,6891479,0,0,0,0,0,0,0
1748636151638,-18750000,4182547,5351883,7496317,0,0,0,0,0,0,0
1748636151738,-18750000,4233867,5315223,7807901,0,0,0,0,0,0,0
1748636151838,-18750000,4292518,5333553,7991186,0,0,0,0,0,0,0
1748636151938,-18750000,4369497,5278571,8192797,0,0,0,0,0,0,0
1748636152038,-18750000,4409819,5260244,8284439,0,0,0,0,0,0,0
1748636152138,-18750000,4450142,5370213,8376082,0,0,0,0,0,0,0
1748636152238,-18750000,4501461,5370213,8467724,0,0,0,0,0,0,0
1748636152338,-18750000,4549115,5370213,8504381,0,0,0,0,0,0,0
1748636152438,-18750000,4596769,5333557,8541037,0,0,0,0,0,0,0
1748636152538,-18750000,4666417,5351887,8577693,0,0,0,0,0,0,0
1748636152638,-18750000,4717738,5443529,8632679,0,0,0,0,0,0,0
1748636152738,-18750000,4772723,5535172,8449394,0,0,0,0,0,0,0
1748636152838,-18750000,4813046,5663471,8156141,0,0,0,0,0,0,0
1748636152938,-18750000,4835040,5663471,7716258,0,0,0,0,0,0,0
1748636153038,-18750000,4853369,5736783,7294702,0,0,0,0,0,0,0
1748636153138,-18750000,4868032,5663471,6873145,0,0,0,0,0,0,0
1748636153238,-18750000,4875363,5755113,6378277,0,0,0,0,0,0,0
1748636153338,-18750000,4860700,5773443,5828422,0,0,0,0,0,0,0
1748636153438,-18750000,4849703,5773443,5296897,0,0,0,0,0,0,0
1748636153538,-18750000,4838706,5791773,4710385,0,0,0,0,0,0,0
1748636153638,-18750000,4802049,5645144,4087218,0,0,0,0,0,0,0
1748636153738,-18750000,4754396,5590162,3702322,0,0,0,0,0,0,0
1748636153838,-18750000,4717739,5516846,3482380,0,0,0,0,0,0,0
1748636153938,-18750000,4673750,5571828,3299095,0,0,0,0,0,0,0
1748636154038,-18750000,4662753,5535172,3134140,0,0,0,0,0,0,0
1748636154138,-18750000,4629761,5626814,2895873,0,0,0,0,0,0,0
1748636154238,-18750000,4604102,5535172,2840887,0,0,0,0,0,0,0
1748636154338,-18750000,4585773,5480186,2804230,0,0,0,0,0,0,0
1748636154438,-18750000,4549116,5480186,2730918,0,0,0,0,0,0,0
1748636154538,-18750000,4501462,5443526,2657605,0,0,0,0,0,0,0
1748636154638,-18750000,4479468,5480186,2584293,0,0,0,0,0,0,0
1748636154738,-18750000,4446477,5516842,2804234,0,0,0,0,0,0,0
1748636154838,-18750000,4439145,5535172,3079162,0,0,0,0,0,0,0
1748636154938,-18750000,4428148,5498515,3519044,0,0,0,0,0,0,0
1748636155038,-18750000,4402488,5370217,3977257,0,0,0,0,0,0,0
1748636155138,-18750000,4406154,5278574,4582094,0,0,0,0,0,0,0
1748636155238,-18750000,4402489,5296904,5040307,0,0,0,0,0,0,0
1748636155338,-18750000,4406155,5333561,5553502,0,0,0,0,0,0,0
1748636155438,-18750000,4446477,5351887,6121683,0,0,0,0,0,0,0
1748636155538,-18750000,4461140,5333561,6763177,0,0,0,0,0,0,0
1748636155638,-18750000,4494131,5388543,7368014,0,0,0,0,0,0,0
1748636155738,-18750000,4545451,5406869,7679598,0,0,0,0,0,0,0
1748636155838,-18750000,4578442,5461856,7936195,0,0,0,0,0,0,0
1748636155938,-18750000,4607768,5498512,8082824,0,0,0,0,0,0,0
1748636156038,-18750000,4655422,5681797,8211123,0,0,0,0,0,0,0
1748636156138,-18750000,4688413,5755109,8266109,0,0,0,0,0,0,0
1748636156238,-18750000,4739732,5773436,8357752,0,0,0,0,0,0,0
1748636156338,-18750000,4783721,5773436,8412738,0,0,0,0,0,0,0
1748636156438,-18750000,4805715,5791766,8449394,0,0,0,0,0,0,0
1748636156538,-18750000,4849703,5828422,8431068,0,0,0,0,0,0,0
1748636156638,-18750000,4886360,5846752,8412738,0,0,0,0,0,0,0
1748636156738,-18750000,4912019,5938394,8266109,0,0,0,0,0,0,0
1748636156838,-18750000,4934013,5865078,7917869,0,0,0,0,0,0,0
1748636156938,-18750000,4959673,5956721,7551299,0,0,0,0,0,0,0
1748636157038,-18750000,4970669,5993377,7166399,0,0,0,0,0,0,0
1748636157138,-18750000,4974335,6030033,6708187,0,0,0,0,0,0,0
1748636157238,-18750000,4967004,6103349,6268304,0,0,0,0,0,0,0
1748636157338,-18750000,4959673,6103349,5791766,0,0,0,0,0,0,0
1748636157438,-18750000,4948676,6011707,5241914,0,0,0,0,0,0,0
1748636157538,-18750000,4941344,5956721,4655403,0,0,0,0,0,0,0
1748636157638,-18750000,4937679,5901734,4197194,0,0,0,0,0,0,0
1748636157738,-18750000,4915685,5773436,3848954,0,0,0,0,0,0,0
1748636157838,-18750000,4901022,5846752,3610683,0,0,0,0,0,0,0
1748636157938,-18750000,4890025,5700127,3409072,0,0,0,0,0,0,0
1748636158038,-18750000,4853369,5681797,3207461,0,0,0,0,0,0,0
1748636158138,-18750000,4831374,5590154,3079162,0,0,0,0,0,0,0
1748636158238,-18750000,4798382,5553498,2895877,0,0,0,0,0,0,0
1748636158338,-18750000,4798382,5553498,2785904,0,0,0,0,0,0,0
1748636158438,-18750000,4732400,5516842,2730918,0,0,0,0,0,0,0
1748636158538,-18750000,4732400,5498516,2749248,0,0,0,0,0,0,0
1748636158638,-18750000,4651754,5553502,2657605,0,0,0,0,0,0,0
1748636158738,-18750000,4611432,5553502,2602619,0,0,0,0,0,0,0
1748636158838,-18750000,4611432,5461859,2620949,0,0,0,0,0,0,0
1748636158938,-18750000,4527121,5498516,2584293,0,0,0,0,0,0,0
1748636159038,-18750000,4527121,5406873,2547637,0,0,0,0,0,0,0
1748636159138,-18750000,4475801,5351891,2492651,0,0,0,0,0,0,0
1748636159238,-18750000,4475801,5278574,2437664,0,0,0,0,0,0,0
1748636159338,-18750000,4453807,5278574,2401008,0,0,0,0,0,0,0
1748636159438,-18750000,4391491,5168602,2327696,0,0,0,0,0,0,0
1748636159538,-18750000,4391491,5168602,2254379,0,0,0,0,0,0,0
1748636159638,-18750000,4351168,5076959,2254379,0,0,0,0,0,0,0
1748636159738,-18750000,4321843,5076959,2492651,0,0,0,0,0,0,0
1748636159838,-18750000,4299848,4930334,2785904,0,0,0,0,0,0,0
1748636159938,-18750000,4285186,4948661,3225787,0,0,0,0,0,0,0
1748636160038,-18750000,4255861,4948661,3225787,0,0,0,0,0,0,0
1748636160138,-18750000,4226536,4930331,4215521,0,0,0,0,0,0,0
1748636160238,-18750000,4222870,4930331,4215521,0,0,0,0,0,0,0
1748636160338,-18750000,4204541,5058633,5260244,0,0,0,0,0,0,0
1748636160438,-18750000,4222869,5058633,5773439,0,0,0,0,0,0,0
1748636160538,-18750000,4233866,5095293,5773439,0,0,0,0,0,0,0
1748636160638,-18750000,4263191,5131949,6964788,0,0,0,0,0,0,0
1748636160738,-18750000,4307179,5241918,6964788,0,0,0,0,0,0,0
1748636160838,-18750000,4354834,5535172,7514643,0,0,0,0,0,0,0
1748636160938,-18750000,4406153,5535172,7514643,0,0,0,0,0,0,0
1748636161038,-18750000,4453807,5461859,7679598,0,0,0,0,0,0,0
1748636161138,-18750000,4497795,5626814,7807897,0,0,0,0,0,0,0
1748636161238,-18750000,4534452,5645144,7844557,0,0,0,0,0,0,0
1748636161338,-18750000,4607766,5718457,8082824,0,0,0,0,0,0,0
1748636161438,-18750000,4648089,5791769,8082824,0,0,0,0,0,0,0
1748636161538,-18750000,4677415,5846752,8229453,0,0,0,0,0,0,0
1748636161638,-18750000,4714072,5773439,8229453,0,0,0,0,0,0,0
1748636161738,-18750000,4743397,5773439,8156141,0,0,0,0,0,0,0
1748636161838,-18750000,4783719,5681797,7954526,0,0,0,0,0,0,0
1748636161938,-18750000,4805714,5736779,7697928,0,0,0,0,0,0,0
1748636162038,-18750000,4827708,5865078,6946466,0,0,0,0,0,0,0
1748636162138,-18750000,4857034,5791766,6946466,0,0,0,0,0,0,0
1748636162238,-18750000,4864366,5773436,6469923,0,0,0,0,0,0,0
1748636162338,-18750000,4853368,5718449,5993384,0,0,0,0,0,0,0
1748636162438,-18750000,4842371,5718449,5498515,0,0,0,0,0,0,0
1748636162538,-18750000,4849702,5718449,5040303,0,0,0,0,0,0,0
1748636162638,-18750000,4864365,5791762,4490448,0,0,0,0,0,0,0
1748636162738,-18750000,4838705,5828422,4013909,0,0,0,0,0,0,0
1748636162838,-18750000,4791052,5920064,3665669,0,0,0,0,0,0,0
1748636162938,-18750000,4743398,5828422,3372412,0,0,0,0,0,0,0
1748636163038,-18750000,4706741,5773436,3189127,0,0,0,0,0,0,0
1748636163138,-18750000,4677415,5810092,3060828,0,0,0,0,0,0,0
1748636163238,-18750000,4666418,5828422,2987515,0,0,0,0,0,0,0
1748636163338,-18750000,4622429,5810096,2877543,0,0,0,0,0,0,0
1748636163438,-18750000,4589438,5773439,2749244,0,0,0,0,0,0,0
1748636163538,-18750000,4549116,5718457,2657602,0,0,0,0,0,0,0
1748636163638,-18750000,4497797,5681801,2620945,0,0,0,0,0,0,0
1748636163738,-18750000,4439146,5535172,2547629,0,0,0,0,0,0,0
1748636163838,-18750000,4409820,5388543,2749240,0,0,0,0,0,0,0
1748636163938,-18750000,4406155,5278574,3115810,0,0,0,0,0,0,0
1748636164038,-18750000,4391492,5205262,3500707,0,0,0,0,0,0,0
1748636164138,-18750000,4373163,5131949,3922259,0,0,0,0,0,0,0
1748636164238,-18750000,4347503,5076963,4398798,0,0,0,0,0,0,0
1748636164338,-18750000,4358500,5076963,4948653,0,0,0,0,0,0,0
1748636164438,-18750000,4373163,5076963,5480178,0,0,0,0,0,0,0
1748636164538,-18750000,4398823,5150276,5975047,0,0,0,0,0,0,0
1748636164638,-18750000,4395157,5168602,6451586,0,0,0,0,0,0,0
1748636164738,-18750000,4442810,5278571,7019767,0,0,0,0,0,0,0
1748636164838,-18750000,4479467,5388543,7349681,0,0,0,0,0,0,0
1748636164938,-18750000,4505127,5516842,7551296,0,0,0,0,0,0,0
1748636165038,-18750000,4534453,5590154,7734581,0,0,0,0,0,0,0
1748636165138,-18750000,4589438,5535168,7771237,0,0,0,0,0,0,0
1748636165238,-18750000,4622429,5626811,7807893,0,0,0,0,0,0,0
1748636165338,-18750000,4673749,5700123,7807893,0,0,0,0,0,0,0
1748636165438,-18750000,4725068,5681793,7844549,0,0,0,0,0,0,0
1748636165538,-18750000,4754394,5700123,7899535,0,0,0,0,0,0,0
1748636165638,-18750000,4824043,5773439,7936192,0,0,0,0,0,0,0
1748636165738,-18750000,4860700,5755113,8009508,0,0,0,0,0,0,0
1748636165838,-18750000,4908354,5883412,7789567,0,0,0,0,0,0,0
1748636165938,-18750000,4926683,5865082,7477983,0,0,0,0,0,0,0
1748636166038,-18750000,4956008,5828425,7148073,0,0,0,0,0,0,0
1748636166138,-18750000,4963340,6011710,6781507,0,0,0,0,0,0,0
1748636166238,-18750000,4974337,5938398,6378284,0,0,0,0,0,0,0
1748636166338,-18750000,4967006,5938398,5956732,0,0,0,0,0,0,0
1748636166438,-18750000,4937681,5975058,5480193,0,0,0,0,0,0,0
1748636166538,-18750000,4934015,5993384,5021981,0,0,0,0,0,0,0
1748636166638,-18750000,4901023,5901742,4527116,0,0,0,0,0,0,0
1748636166738,-18750000,4875363,5920068,3940604,0,0,0,0,0,0,0
1748636166838,-18750000,4824043,5791769,3592364,0,0,0,0,0,0,0
1748636166938,-18750000,4805714,5736787,3317437,0,0,0,0,0,0,0
1748636167038,-18750000,4772723,5791773,3042509,0,0,0,0,0,0,0
1748636167138,-18750000,4736066,5718457,2914207,0,0,0,0,0,0,0
1748636167238,-18750000,4695743,5663471,2749248,0,0,0,0,0,0,0
1748636167338,-18750000,4662752,5645144,2584289,0,0,0,0,0,0,0
1748636167438,-18750000,4633426,5590158,2492647,0,0,0,0,0,0,0
1748636167538,-18750000,4589437,5516846,2419334,0,0,0,0,0,0,0
1748636167638,-18750000,4549115,5516846,2346018,0,0,0,0,0,0,0
1748636167738,-18750000,4523455,5425203,2291032,0,0,0,0,0,0,0
1748636167838,-18750000,4512459,5351891,2602616,0,0,0,0,0,0,0
1748636167938,-18750000,4494130,5370217,2932526,0,0,0,0,0,0,0
1748636168038,-18750000,4461139,5351887,3372408,0,0,0,0,0,0,0
1748636168138,-18750000,4442810,5296904,3793964,0,0,0,0,0,0,0
1748636168238,-18750000,4446476,5333561,4343819,0,0,0,0,0,0,0
1748636168338,-18750000,4428148,5260244,4820358,0,0,0,0,0,0,0
1748636168438,-18750000,4435479,5260244,5370213,0,0,0,0,0,0,0
1748636168538,-18750000,4453808,5278571,5865082,0,0,0,0,0,0,0
1748636168638,-18750000,4483133,5351883,6433263,0,0,0,0,0,0,0
1748636168738,-18750000,4508793,5443526,6964788,0,0,0,0,0,0,0
1748636168838,-18750000,4538118,5553494,7001444,0,0,0,0,0,0,0
1748636168938,-18750000,4545449,5571824,6909802,0,0,0,0,0,0,0
1748636169038,-18750000,4563778,5498512,6653204,0,0,0,0,0,0,0
1748636169138,-18750000,4571109,5553494,6359951,0,0,0,0,0,0,0
1748636169238,-18750000,4567443,5590151,5938394,0,0,0,0,0,0,0
1748636169338,-18750000,4593104,5608481,5535172,0,0,0,0,0,0,0
1748636169438,-18750000,4589438,5645137,5095289,0,0,0,0,0,0,0
1748636169538,-18750000,4574776,5608481,4637077,0,0,0,0,0,0,0
1748636169638,-18750000,4545450,5516838,4142212,0,0,0,0,0,0,0
1748636169738,-18750000,4541785,5461856,3684003,0,0,0,0,0,0,0
1748636169838,-18750000,4512460,5351887,3592361,0,0,0,0,0,0,0
1748636169938,-18750000,4505129,5370213,3738989,0,0,0,0,0,0,0
1748636170038,-18750000,4490466,5461856,3958930,0,0,0,0,0,0,0
1748636170138,-18750000,4505129,5388543,4325497,0,0,0,0,0,0,0
1748636170238,-18750000,4516126,5388543,4747053,0,0,0,0,0,0,0
1748636170338,-18750000,4519792,5388543,5241918,0,0,0,0,0,0,0
1748636170438,-18750000,4516126,5406873,5700127,0,0,0,0,0,0,0
1748636170538,-18750000,4534454,5425203,6194995,0,0,0,0,0,0,0
1748636170638,-18750000,4567445,5443533,6653204,0,0,0,0,0,0,0
1748636170738,-18750000,4589439,5498516,7184729,0,0,0,0,0,0,0
1748636170838,-18750000,4615099,5571828,7294702,0,0,0,0,0,0,0
1748636170938,-18750000,4637093,5571828,7148073,0,0,0,0,0,0,0
1748636171038,-18750000,4670084,5535172,6946458,0,0,0,0,0,0,0
1748636171138,-18750000,4666418,5626814,6579892,0,0,0,0,0,0,0
1748636171238,-18750000,4681080,5645144,6194995,0,0,0,0,0,0,0
1748636171338,-18750000,4699409,5663471,5755113,0,0,0,0,0,0,0
1748636171438,-18750000,4732400,5645141,5296904,0,0,0,0,0,0,0
1748636171538,-18750000,4721402,5700127,4820366,0,0,0,0,0,0,0
1748636171638,-18750000,4695743,5681797,4398813,0,0,0,0,0,0,0
1748636171738,-18750000,4651754,5626814,3867288,0,0,0,0,0,0,0
1748636171838,-18750000,4618762,5590158,3812302,0,0,0,0,0,0,0
1748636171938,-18750000,4582105,5626818,3977260,0,0,0,0,0,0,0
1748636172038,-18750000,4556446,5626818,4197202,0,0,0,0,0,0,0
1748636172138,-18750000,4556446,5645148,4490456,0,0,0,0,0,0,0
1748636172238,-18750000,4556446,5681804,4838696,0,0,0,0,0,0,0
1748636172338,-18750000,4534452,5718464,5223596,0,0,0,0,0,0,0
1748636172438,-18750000,4530787,5718464,5736791,0,0,0,0,0,0,0
1748636172538,-18750000,4545449,5700134,6158343,0,0,0,0,0,0,0
1748636172638,-18750000,4582106,5736791,6598226,0,0,0,0,0,0,0
1748636172738,-18750000,4629760,5681804,7074764,0,0,0,0,0,0,0
1748636172838,-18750000,4659086,5645148,7148077,0,0,0,0,0,0,0
1748636172938,-18750000,4706741,5645148,7038104,0,0,0,0,0,0,0
1748636173038,-18750000,4743398,5736791,6799837,0,0,0,0,0,0,0
1748636173138,-18750000,4761726,5626818,6524909,0,0,0,0,0,0,0
1748636173238,-18750000,4765392,5626818,6158339,0,0,0,0,0,0,0
1748636173338,-18750000,4772723,5590158,5791769,0,0,0,0,0,0,0
1748636173438,-18750000,4754395,5516846,5241918,0,0,0,0,0,0,0
1748636173538,-18750000,4747064,5461859,4802036,0,0,0,0,0,0,0
1748636173638,-18750000,4747064,5480189,4362153,0,0,0,0,0,0,0
1748636173738,-18750000,4725069,5608488,3922271,0,0,0,0,0,0,0
1748636173838,-18750000,4725069,5663471,3574031,0,0,0,0,0,0,0
1748636173938,-18750000,4681081,5571828,3299103,0,0,0,0,0,0,0
1748636174038,-18750000,4662752,5461856,3152474,0,0,0,0,0,0,0
1748636174138,-18750000,4640758,5516842,3005845,0,0,0,0,0,0,0
1748636174238,-18750000,4615098,5425199,2895873,0,0,0,0,0,0,0
1748636174338,-18750000,4574775,5388543,2767574,0,0,0,0,0,0,0
1748636174438,-18750000,4549115,5406869,2712588,0,0,0,0,0,0,0
1748636174538,-18750000,4508793,5406869,2675932,0,0,0,0,0,0,0
1748636174638,-18750000,4450142,5278570,2547633,0,0,0,0,0,0,0
1748636174738,-18750000,4395157,5223584,2437660,0,0,0,0,0,0,0
1748636174838,-18750000,4340171,5186928,2675932,0,0,0,0,0,0,0
1748636174938,-18750000,4318178,5205254,3005846,0,0,0,0,0,0,0
1748636175038,-18750000,4277855,5296897,3335759,0,0,0,0,0,0,0
1748636175138,-18750000,4244864,5315223,3793972,0,0,0,0,0,0,0
1748636175238,-18750000,4208207,5260237,4252184,0,0,0,0,0,0,0
1748636175338,-18750000,4200876,5296893,4765379,0,0,0,0,0,0,0
1748636175438,-18750000,4222870,5260237,5296904,0,0,0,0,0,0,0
1748636175538,-18750000,4252195,5278567,5810099,0,0,0,0,0,0,0
1748636175638,-18750000,4285186,5351879,6359951,0,0,0,0,0,0,0
1748636175738,-18750000,4332840,5388536,6946462,0,0,0,0,0,0,0
1748636175838,-18750000,4402489,5480178,6964788,0,0,0,0,0,0,0
1748636175938,-18750000,4446477,5571821,6891476,0,0,0,0,0,0,0
1748636176038,-18750000,4475802,5461852,6763173,0,0,0,0,0,0,0
1748636176138,-18750000,4490465,5388539,6451589,0,0,0,0,0,0,0
1748636176238,-18750000,4523456,5480182,6121679,0,0,0,0,0,0,0
1748636176338,-18750000,4549115,5443526,5700127,0,0,0,0,0,0,0
1748636176438,-18750000,4538118,5498512,5260244,0,0,0,0,0,0,0
1748636176538,-18750000,4519790,5498512,4765379,0,0,0,0,0,0,0
1748636176638,-18750000,4505126,5480186,4307171,0,0,0,0,0,0,0
1748636176738,-18750000,4479467,5443529,3775646,0,0,0,0,0,0,0
1748636176838,-18750000,4435478,5370217,3757319,0,0,0,0,0,0,0
1748636176938,-18750000,4402486,5241918,3830632,0,0,0,0,0,0,0
1748636177038,-18750000,4387823,5260244,3995591,0,0,0,0,0,0,0
1748636177138,-18750000,4376827,5315230,4325504,0,0,0,0,0,0,0
1748636177238,-18750000,4369496,5296904,4710401,0,0,0,0,0,0,0
1748636177338,-18750000,4362164,5351890,5095297,0,0,0,0,0,0,0
1748636177438,-18750000,4373162,5351890,5553505,0,0,0,0,0,0,0
1748636177538,-18750000,4391490,5241918,6011714,0,0,0,0,0,0,0
1748636177638,-18750000,4402487,5278574,6488253,0,0,0,0,0,0,0
1748636177738,-18750000,4428147,5333560,7001448,0,0,0,0,0,0,0
1748636177838,-18750000,4457473,5315230,7349688,0,0,0,0,0,0,0
1748636177938,-18750000,4512458,5406873,7569629,0,0,0,0,0,0,0
1748636178038,-18750000,4549115,5498515,7752914,0,0,0,0,0,0,0
1748636178138,-18750000,4604101,5535172,7807897,0,0,0,0,0,0,0
1748636178238,-18750000,4644424,5571828,7862883,0,0,0,0,0,0,0
1748636178338,-18750000,4688412,5608484,7972855,0,0,0,0,0,0,0
1748636178438,-18750000,4732400,5681797,7991185,0,0,0,0,0,0,0
1748636178538,-18750000,4772723,5736783,8064502,0,0,0,0,0,0,0
1748636178638,-18750000,4835040,5810096,8137814,0,0,0,0,0,0,0
1748636178738,-18750000,4879028,5828426,8211130,0,0,0,0,0,0,0
1748636178838,-18750000,4897357,5938398,7936203,0,0,0,0,0,0,0
1748636178938,-18750000,4904688,5975054,7624619,0,0,0,0,0,0,0
1748636179038,-18750000,4945010,6011711,7294706,0,0,0,0,0,0,0
1748636179138,-18750000,4959673,6030041,6946466,0,0,0,0,0,0,0
1748636179238,-18750000,4970669,6103353,6543239,0,0,0,0,0,0,0
1748636179338,-18750000,4963338,6140009,6048371,0,0,0,0,0,0,0
1748636179438,-18750000,4941344,6103353,5608488,0,0,0,0,0,0,0
1748636179538,-18750000,4941344,6176666,5095289,0,0,0,0,0,0,0
1748636179638,-18750000,4904687,6121679,4545438,0,0,0,0,0,0,0
1748636179738,-18750000,4882693,6103349,3958927,0,0,0,0,0,0,0
1748636179838,-18750000,4860700,6030033,3647343,0,0,0,0,0,0,0
1748636179938,-18750000,4835040,5920065,3445732,0,0,0,0,0,0,0
1748636180038,-18750000,4783720,5828422,3244120,0,0,0,0,0,0,0
1748636180138,-18750000,4761726,5791762,3024179,0,0,0,0,0,0,0
1748636180238,-18750000,4717738,5681793,2895880,0,0,0,0,0,0,0
1748636180338,-18750000,4684747,5608481,2804238,0,0,0,0,0,0,0
1748636180438,-18750000,4662752,5535168,2675939,0,0,0,0,0,0,0
1748636180538,-18750000,4611432,5480186,2565970,0,0,0,0,0,0,0
1748636180638,-18750000,4582107,5425203,2529310,0,0,0,0,0,0,0
1748636180738,-18750000,4545450,5388547,2547640,0,0,0,0,0,0,0
1748636180838,-18750000,4523455,5315234,2822568,0,0,0,0,0,0,0
1748636180938,-18750000,4501462,5241918,3152478,0,0,0,0,0,0,0
1748636181038,-18750000,4479467,5241918,3519044,0,0,0,0,0,0,0
1748636181138,-18750000,4439145,5186936,4013913,0,0,0,0,0,0,0
1748636181238,-18750000,4439145,5223592,4490452,0,0,0,0,0,0,0
1748636181338,-18750000,4457473,5186936,5003647,0,0,0,0,0,0,0
1748636181438,-18750000,4457473,5241918,5571828,0,0,0,0,0,0,0
1748636181538,-18750000,4472137,5278574,6176665,0,0,0,0,0,0,0
1748636181638,-18750000,4494131,5370217,6671534,0,0,0,0,0,0,0
1748636181738,-18750000,4527122,5370217,7166399,0,0,0,0,0,0,0
1748636181838,-18750000,4552781,5443529,7148069,0,0,0,0,0,0,0
1748636181938,-18750000,4578441,5608488,7019771,0,0,0,0,0,0,0
1748636182038,-18750000,4615098,5626818,6836486,0,0,0,0,0,0,0
1748636182138,-18750000,4659086,5700131,6524902,0,0,0,0,0,0,0
1748636182238,-18750000,4677415,5681801,6121676,0,0,0,0,0,0,0
1748636182338,-18750000,4677415,5700127,5791766,0,0,0,0,0,0,0
1748636182438,-18750000,4681081,5718457,5315227,0,0,0,0,0,0,0
1748636182538,-18750000,4684746,5810099,4857014,0,0,0,0,0,0,0
1748636182638,-18750000,4662752,5736783,4453788,0,0,0,0,0,0,0
1748636182738,-18750000,4633427,5791769,3958923,0,0,0,0,0,0,0
1748636182838,-18750000,4604101,5755113,3922267,0,0,0,0,0,0,0
1748636182938,-18750000,4578441,5810096,4050566,0,0,0,0,0,0,0
1748636183038,-18750000,4541784,5773439,4307167,0,0,0,0,0,0,0
1748636183138,-18750000,4512458,5755109,4618750,0,0,0,0,0,0,0
1748636183238,-18750000,4512458,5700127,5021977,0,0,0,0,0,0,0
1748636183338,-18750000,4512458,5718457,5333560,0,0,0,0,0,0,0
1748636183438,-18750000,4512458,5755113,5755113,0,0,0,0,0,0,0
1748636183538,-18750000,4512458,5700127,6194995,0,0,0,0,0,0,0
1748636183638,-18750000,4534452,5663471,6653208,0,0,0,0,0,0,0
1748636183738,-18750000,4571109,5663471,7203059,0,0,0,0,0,0,0
1748636183838,-18750000,4622429,5736787,7313032,0,0,0,0,0,0,0
1748636183938,-18750000,4673749,5718461,7148077,0,0,0,0,0,0,0
1748636184038,-18750000,4717738,5791773,6836493,0,0,0,0,0,0,0
1748636184138,-18750000,4739732,5773447,6543239,0,0,0,0,0,0,0
1748636184238,-18750000,4743398,5883416,6213326,0,0,0,0,0,0,0
1748636184338,-18750000,4765392,5810103,5846756,0,0,0,0,0,0,0
1748636184438,-18750000,4772723,5791777,5425203,0,0,0,0,0,0,0
1748636184538,-18750000,4780055,5700134,4948664,0,0,0,0,0,0,0
1748636184638,-18750000,4769058,5755121,4435469,0,0,0,0,0,0,0
1748636184738,-18750000,4739732,5736791,3885618,0,0,0,0,0,0,0
1748636184838,-18750000,4699409,5663474,3555704,0,0,0,0,0,0,0
1748636184938,-18750000,4662752,5571832,3354089,0,0,0,0,0,0,0
1748636185038,-18750000,4637092,5516846,3170804,0,0,0,0,0,0,0
1748636185138,-18750000,4607766,5535172,2987519,0,0,0,0,0,0,0
1748636185238,-18750000,4574774,5406873,2785908,0,0,0,0,0,0,0
1748636185338,-18750000,4508792,5370213,2694266,0,0,0,0,0,0,0
1748636185438,-18750000,4486798,5333553,2602623,0,0,0,0,0,0,0
1748636185538,-18750000,4446475,5315223,2547637,0,0,0,0,0,0,0
1748636185638,-18750000,4413484,5278567,2492651,0,0,0,0,0,0,0
1748636185738,-18750000,4384159,5205254,2455991,0,0,0,0,0,0,0
1748636185838,-18750000,4358499,5131942,2694262,0,0,0,0,0,0,0
1748636185938,-18750000,4314511,5113612,3060832,0,0,0,0,0,0,0
1748636186038,-18750000,4270522,5076956,3519041,0,0,0,0,0,0,0
1748636186138,-18750000,4255860,5003643,3977249,0,0,0,0,0,0,0
1748636186238,-18750000,4248529,5021973,4472118,0,0,0,0,0,0,0
1748636186338,-18750000,4255860,5113616,4912000,0,0,0,0,0,0,0
1748636186438,-18750000,4263192,5095289,5498512,0,0,0,0,0,0,0
1748636186538,-18750000,4274189,5131949,6048367,0,0,0,0,0,0,0
1748636186638,-18750000,4292518,5186932,6561562,0,0,0,0,0,0,0
1748636186738,-18750000,4310846,5223588,7111417,0,0,0,0,0,0,0
1748636186838,-18750000,4358501,5333557,7423000,0,0,0,0,0,0,0
1748636186938,-18750000,4398823,5315231,7587955,0,0,0,0,0,0,0
1748636187038,-18750000,4439146,5333561,7679598,0,0,0,0,0,0,0
1748636187138,-18750000,4486799,5406873,7807900,0,0,0,0,0,0,0
1748636187238,-18750000,4523456,5480186,7917869,0,0,0,0,0,0,0
1748636187338,-18750000,4571110,5571828,8009512,0,0,0,0,0,0,0
1748636187438,-18750000,4593104,5571828,8027838,0,0,0,0,0,0,0
1748636187538,-18750000,4644423,5681797,8046168,0,0,0,0,0,0,0
1748636187638,-18750000,4695743,5663471,8174467,0,0,0,0,0,0,0
1748636187738,-18750000,4743396,5736783,8229453,0,0,0,0,0,0,0
1748636187838,-18750000,4754393,5791769,7991182,0,0,0,0,0,0,0
1748636187938,-18750000,4787385,5865082,7661272,0,0,0,0,0,0,0
1748636188038,-18750000,4842371,5883408,7313032,0,0,0,0,0,0,0
1748636188138,-18750000,4860699,5883408,6946462,0,0,0,0,0,0,0
1748636188238,-18750000,4893690,5865078,6488253,0,0,0,0,0,0,0
1748636188338,-18750000,4886359,5828422,6048370,0,0,0,0,0,0,0
1748636188438,-18750000,4912019,5773436,5535175,0,0,0,0,0,0,0
1748636188538,-18750000,4893690,5736779,5076963,0,0,0,0,0,0,0
1748636188638,-18750000,4871696,5755106,4490455,0,0,0,0,0,0,0
1748636188738,-18750000,4846037,5718449,3885614,0,0,0,0,0,0,0
1748636188838,-18750000,4827708,5663463,3610687,0,0,0,0,0,0,0
1748636188938,-18750000,4827708,5681793,3409072,0,0,0,0,0,0,0
1748636189038,-18750000,4780054,5608481,3225787,0,0,0,0,0,0,0
1748636189138,-18750000,4739732,5571824,3005845,0,0,0,0,0,0,0
1748636189238,-18750000,4692078,5663467,2877543,0,0,0,0,0,0,0
1748636189338,-18750000,4662752,5681797,2804230,0,0,0,0,0,0,0
1748636189438,-18750000,4615099,5718453,2694258,0,0,0,0,0,0,0
1748636189538,-18750000,4582108,5608481,2529303,0,0,0,0,0,0,0
1748636189638,-18750000,4552782,5553498,2492643,0,0,0,0,0,0,0
1748636189738,-18750000,4512460,5480186,2492643,0,0,0,0,0,0,0
1748636189838,-18750000,4468472,5388543,2639272,0,0,0,0,0,0,0
1748636189938,-18750000,4424483,5333557,3024172,0,0,0,0,0,0,0
1748636190038,-18750000,4384161,5388543,3482384,0,0,0,0,0,0,0
1748636190138,-18750000,4376830,5425199,3940593,0,0,0,0,0,0,0
1748636190238,-18750000,4365832,5370217,4398805,0,0,0,0,0,0,0
1748636190338,-18750000,4373164,5205258,4838688,0,0,0,0,0,0,0
1748636190438,-18750000,4384161,5131946,5425199,0,0,0,0,0,0,0
1748636190538,-18750000,4406155,5131946,5993380,0,0,0,0,0,0,0
1748636190638,-18750000,4409821,5168602,6543235,0,0,0,0,0,0,0
1748636190738,-18750000,4464806,5260244,7129747,0,0,0,0,0,0,0
1748636190838,-18750000,4516126,5370217,7514643,0,0,0,0,0,0,0
1748636190938,-18750000,4552783,5443529,7697928,0,0,0,0,0,0,0
1748636191038,-18750000,4615099,5516842,7771240,0,0,0,0,0,0,0
1748636191138,-18750000,4648090,5516842,7899543,0,0,0,0,0,0,0
1748636191238,-18750000,4688413,5443526,8027842,0,0,0,0,0,0,0
1748636191338,-18750000,4732402,5590154,8156141,0,0,0,0,0,0,0
1748636191438,-18750000,4772725,5718453,8174471,0,0,0,0,0,0,0
1748636191538,-18750000,4813048,5846756,8247783,0,0,0,0,0,0,0
1748636191638,-18750000,4864367,5920068,8302769,0,0,0,0,0,0,0
1748636191738,-18750000,4879030,5920068,8357756,0,0,0,0,0,0,0
1748636191838,-18750000,4908355,5920068,8119488,0,0,0,0,0,0,0
1748636191938,-18750000,4937680,5883412,7771244,0,0,0,0,0,0,0
1748636192038,-18750000,4963339,5883412,7441334,0,0,0,0,0,0,0
1748636192138,-18750000,4981668,5920072,7001452,0,0,0,0,0,0,0
1748636192238,-18750000,5007328,6030044,6561569,0,0,0,0,0,0,0
1748636192338,-18750000,5014659,6085031,6066701,0,0,0,0,0,0,0
1748636192438,-18750000,5014659,6030044,5553502,0,0,0,0,0,0,0
1748636192538,-18750000,5007328,6011714,5040307,0,0,0,0,0,0,0
1748636192638,-18750000,5003662,6011714,4527108,0,0,0,0,0,0,0
1748636192738,-18750000,4988999,6011714,3922271,0,0,0,0,0,0,0
1748636192838,-18750000,4974337,5956728,3574027,0,0,0,0,0,0,0
1748636192938,-18750000,4934015,5901742,3390745,0,0,0,0,0,0,0
1748636193038,-18750000,4893692,5828429,3189130,0,0,0,0,0,0,0
1748636193138,-18750000,4871697,5736787,3097488,0,0,0,0,0,0,0
1748636193238,-18750000,4838705,5681801,2969189,0,0,0,0,0,0,0
1748636193338,-18750000,4820377,5663471,2877547,0,0,0,0,0,0,0
1748636193438,-18750000,4772723,5663471,2840890,0,0,0,0,0,0,0
1748636193538,-18750000,4721402,5663471,2730918,0,0,0,0,0,0,0
1748636193638,-18750000,4684745,5553502,2620949,0,0,0,0,0,0,0
1748636193738,-18750000,4644422,5461859,2584289,0,0,0,0,0,0,0
1748636193838,-18750000,4593103,5480189,2547633,0,0,0,0,0,0,0
1748636193938,-18750000,4560111,5535176,2474317,0,0,0,0,0,0,0
1748636194038,-18750000,4523454,5516846,2437661,0,0,0,0,0,0,0
1748636194138,-18750000,4475800,5516846,2346018,0,0,0,0,0,0,0
1748636194238,-18750000,4417150,5480189,2291032,0,0,0,0,0,0,0
1748636194338,-18750000,4358499,5370221,2199389,0,0,0,0,0,0,0
1748636194438,-18750000,4325508,5296908,2126077,0,0,0,0,0,0,0
1748636194538,-18750000,4292517,5168609,2107751,0,0,0,0,0,0,0
1748636194638,-18750000,4230200,5205265,2034434,0,0,0,0,0,0,0
1748636194738,-18750000,4178881,5205265,1997778,0,0,0,0,0,0,0
1748636194838,-18750000,4160552,5205265,2199393,0,0,0,0,0,0,0
1748636194938,-18750000,4131227,5168609,2565963,0,0,0,0,0,0,0
1748636195038,-18750000,4109234,5131953,3024176,0,0,0,0,0,0,0
1748636195138,-18750000,4094570,5205265,3537371,0,0,0,0,0,0,0
1748636195238,-18750000,4098236,5205265,4050569,0,0,0,0,0,0,0
1748636195338,-18750000,4101902,5205265,4618751,0,0,0,0,0,0,0
1748636195438,-18750000,4120230,5205265,5168602,0,0,0,0,0,0,0
1748636195538,-18750000,4145890,5260252,5718453,0,0,0,0,0,0,0
1748636195638,-18750000,4189878,5241922,6378281,0,0,0,0,0,0,0
1748636195738,-18750000,4241198,5296904,6964792,0,0,0,0,0,0,0
1748636195838,-18750000,4266857,5333561,7331358,0,0,0,0,0,0,0
1748636195938,-18750000,4321843,5351887,7551299,0,0,0,0,0,0,0
1748636196038,-18750000,4365831,5443529,7716254,0,0,0,0,0,0,0
1748636196138,-18750000,4424483,5480186,7844553,0,0,0,0,0,0,0
1748636196238,-18750000,4475802,5480186,7991178,0,0,0,0,0,0,0
1748636196338,-18750000,4527122,5553498,8101151,0,0,0,0,0,0,0
1748636196438,-18750000,4563779,5681797,8211123,0,0,0,0,0,0,0
1748636196538,-18750000,4607767,5755109,8266109,0,0,0,0,0,0,0
1748636196638,-18750000,4640759,5810096,8247779,0,0,0,0,0,0,0
1748636196738,-18750000,4703075,5828426,8266109,0,0,0,0,0,0,0
1748636196838,-18750000,4739732,5810096,8119484,0,0,0,0,0,0,0
1748636196938,-18750000,4761726,5865082,7826231,0,0,0,0,0,0,0
1748636197038,-18750000,4794717,5773439,7423004,0,0,0,0,0,0,0
1748636197138,-18750000,4820377,5755113,7019778,0,0,0,0,0,0,0
1748636197238,-18750000,4824042,5736783,6561569,0,0,0,0,0,0,0
1748636197338,-18750000,4816711,5681797,6030044,0,0,0,0,0,0,0
1748636197438,-18750000,4820376,5608484,5461863,0,0,0,0,0,0,0
1748636197538,-18750000,4809380,5663471,4930338,0,0,0,0,0,0,0
1748636197638,-18750000,4794716,5590158,4417143,0,0,0,0,0,0,0
1748636197738,-18750000,4765390,5553502,3830632,0,0,0,0,0,0,0
1748636197838,-18750000,4736065,5443533,3464062,0,0,0,0,0,0,0
1748636197938,-18750000,4717736,5333564,3225790,0,0,0,0,0,0,0
1748636198038,-18750000,4673748,5461863,3097492,0,0,0,0,0,0,0
1748636198138,-18750000,4633425,5388547,2877551,0,0,0,0,0,0,0
1748636198238,-18750000,4596768,5333561,2730922,0,0,0,0,0,0,0
1748636198338,-18750000,4571108,5296904,2675935,0,0,0,0,0,0,0
1748636198438,-18750000,4545448,5370217,2620949,0,0,0,0,0,0,0
1748636198538,-18750000,4519788,5278574,2565963,0,0,0,0,0,0,0
1748636198638,-18750000,4508791,5315230,2584289,0,0,0,0,0,0,0
1748636198738,-18750000,4453807,5241914,2602616,0,0,0,0,0,0,0
1748636198838,-18750000,4420816,5315227,2804227,0,0,0,0,0,0,0
1748636198938,-18750000,4384159,5333553,3134141,0,0,0,0,0,0,0
1748636199038,-18750000,4380493,5205254,3500711,0,0,0,0,0,0,0
1748636199138,-18750000,4354833,5150268,3977249,0,0,0,0,0,0,0
1748636199238,-18750000,4347502,5186928,4435462,0,0,0,0,0,0,0
1748636199338,-18750000,4351168,5168602,4948657,0,0,0,0,0,0,0
1748636199438,-18750000,4336505,5131946,5480182,0,0,0,0,0,0,0
1748636199538,-18750000,4332840,5150272,6085023,0,0,0,0,0,0,0
1748636199638,-18750000,4329174,5168598,6616548,0,0,0,0,0,0,0
1748636199738,-18750000,4395156,5260241,7203059,0,0,0,0,0,0,0
1748636199838,-18750000,4446476,5260241,7569629,0,0,0,0,0,0,0
1748636199938,-18750000,4486799,5406869,7789571,0,0,0,0,0,0,0
1748636200038,-18750000,4519790,5535168,7972856,0,0,0,0,0,0,0
1748636200138,-18750000,4556447,5571828,8119484,0,0,0,0,0,0,0
1748636200238,-18750000,4604102,5681797,8229453,0,0,0,0,0,0,0
1748636200338,-18750000,4644424,5810096,8266113,0,0,0,0,0,0,0
1748636200438,-18750000,4703075,5865082,8339426,0,0,0,0,0,0,0
1748636200538,-18750000,4750729,5883412,8339426,0,0,0,0,0,0,0
1748636200638,-18750000,4816712,5883412,8339426,0,0,0,0,0,0,0
1748636200738,-18750000,4838706,5828429,8357756,0,0,0,0,0,0,0
1748636200838,-18750000,4882694,5901746,8137814,0,0,0,0,0,0,0
1748636200938,-18750000,4908354,5810103,7826231,0,0,0,0,0,0,0
1748636201038,-18750000,4941345,5718461,7404674,0,0,0,0,0,0,0
1748636201138,-18750000,4959674,5773443,7001448,0,0,0,0,0,0,0
1748636201238,-18750000,4967005,5755117,6524909,0,0,0,0,0,0,0
1748636201338,-18750000,4952342,5663474,6030041,0,0,0,0,0,0,0
1748636201438,-18750000,4937680,5681801,5571832,0,0,0,0,0,0,0
1748636201538,-18750000,4941345,5626814,5040307,0,0,0,0,0,0,0
1748636201638,-18750000,4904688,5718457,4472125,0,0,0,0,0,0,0
1748636201738,-18750000,4879028,5773439,3830628,0,0,0,0,0,0,0
1748636201838,-18750000,4838706,5773439,3519044,0,0,0,0,0,0,0
1748636201938,-18750000,4802049,5755109,3207460,0,0,0,0,0,0,0
1748636202038,-18750000,4758061,5736783,3005849,0,0,0,0,0,0,0
1748636202138,-18750000,4728735,5736783,2804238,0,0,0,0,0,0,0
1748636202238,-18750000,4695744,5791766,2639283,0,0,0,0,0,0,0
1748636202338,-18750000,4688413,5828422,2529311,0,0,0,0,0,0,0
1748636202438,-18750000,4644425,5810096,2327696,0,0,0,0,0,0,0
1748636202538,-18750000,4600436,5846752,2254379,0,0,0,0,0,0,0
1748636202638,-18750000,4582108,5700127,2199393,0,0,0,0,0,0,0
1748636202738,-18750000,4538119,5645145,2181067,0,0,0,0,0,0,0
1748636202838,-18750000,4486799,5608485,2071098,0,0,0,0,0,0,0
1748636202938,-18750000,4439145,5553502,2071098,0,0,0,0,0,0,0
1748636203038,-18750000,4384160,5553502,2052768,0,0,0,0,0,0,0
1748636203138,-18750000,4351169,5443533,2034438,0,0,0,0,0,0,0
1748636203238,-18750000,4321843,5296908,2034438,0,0,0,0,0,0,0
1748636203338,-18750000,4277855,5205266,2034438,0,0,0,0,0,0,0
1748636203438,-18750000,4241198,5113623,2052768,0,0,0,0,0,0,0
1748636203538,-18750000,4211872,5095297,1979456,0,0,0,0,0,0,0
1748636203638,-18750000,4167884,5076967,1961129,0,0,0,0,0,0,0
1748636203738,-18750000,4131227,5095293,1942799,0,0,0,0,0,0,0
1748636203838,-18750000,4083573,5076967,2254383,0,0,0,0,0,0,0
1748636203938,-18750000,4054248,5021981,2639279,0,0,0,0,0,0,0
1748636204038,-18750000,4035920,4985321,3060836,0,0,0,0,0,0,0
1748636204138,-18750000,4021257,4948664,3537374,0,0,0,0,0,0,0
1748636204238,-18750000,3995597,4966991,4123882,0,0,0,0,0,0,0
1748636204338,-18750000,4006594,4948661,4673737,0,0,0,0,0,0,0
1748636204438,-18750000,4039585,4948661,5260244,0,0,0,0,0,0,0
1748636204538,-18750000,4050582,4912004,5883412,0,0,0,0,0,0,0
1748636204638,-18750000,4065245,4930334,6433263,0,0,0,0,0,0,0
1748636204738,-18750000,4101901,4948664,7038101,0,0,0,0,0,0,0
1748636204838,-18750000,4182546,4948664,7331354,0,0,0,0,0,0,0
1748636204938,-18750000,4237531,5058633,7569625,0,0,0,0,0,0,0
1748636205038,-18750000,4307179,5150276,7807893,0,0,0,0,0,0,0
1748636205138,-18750000,4351167,5241918,7954522,0,0,0,0,0,0,0
1748636205238,-18750000,4409818,5333561,8046164,0,0,0,0,0,0,0
1748636205338,-18750000,4446475,5498519,8101150,0,0,0,0,0,0,0
1748636205438,-18750000,4475800,5516846,8156137,0,0,0,0,0,0,0
1748636205538,-18750000,4530786,5535172,8211123,0,0,0,0,0,0,0
1748636205638,-18750000,4589437,5590154,8339422,0,0,0,0,0,0,0
1748636205738,-18750000,4626094,5645141,8394408,0,0,0,0,0,0,0
1748636205838,-18750000,4651754,5700127,8211123,0,0,0,0,0,0,0
1748636205938,-18750000,4692077,5810099,7844553,0,0,0,0,0,0,0
1748636206038,-18750000,4714072,5828429,7404670,0,0,0,0,0,0,0
1748636206138,-18750000,4736065,5901742,6909802,0,0,0,0,0,0,0
1748636206238,-18750000,4754394,5883416,6341620,0,0,0,0,0,0,0
1748636206338,-18750000,4747063,5700131,5791765,0,0,0,0,0,0,0
1748636206438,-18750000,4743397,5755117,5205254,0,0,0,0,0,0,0
1748636206538,-18750000,4725068,5810103,4600413,0,0,0,0,0,0,0
1748636206638,-18750000,4714071,5828433,3958919,0,0,0,0,0,0,0
1748636206738,-18750000,4681080,5773447,3335752,0,0,0,0,0,0,0
1748636206838,-18750000,4651754,5791773,2950856,0,0,0,0,0,0,0
1748636206938,-18750000,4611431,5718461,2749241,0,0,0,0,0,0,0
1748636207038,-18750000,4593103,5700131,2529299,0,0,0,0,0,0,0
1748636207138,-18750000,4556446,5645144,2364344,0,0,0,0,0,0,0
1748636207238,-18750000,4519789,5608484,2236046,0,0,0,0,0,0,0
1748636207338,-18750000,4479466,5718453,2162733,0,0,0,0,0,0,0
1748636207438,-18750000,4457473,5681797,2034434,0,0,0,0,0,0,0
1748636207538,-18750000,4420816,5700127,2034434,0,0,0,0,0,0,0
1748636207638,-18750000,4380493,5608484,1997778,0,0,0,0,0,0,0
1748636207738,-18750000,4362164,5535168,1961122,0,0,0,0,0,0,0
1748636207838,-18750000,4307179,5406869,2144407,0,0,0,0,0,0,0
1748636207938,-18750000,4281519,5278567,2455991,0,0,0,0,0,0,0
1748636208038,-18750000,4237531,5223584,2895873,0,0,0,0,0,0,0
1748636208138,-18750000,4226534,5241914,3390742,0,0,0,0,0,0,0
1748636208238,-18750000,4233866,5168602,3903937,0,0,0,0,0,0,0
1748636208338,-18750000,4241198,5150276,4453788,0,0,0,0,0,0,0
1748636208438,-18750000,4237532,5113619,5058629,0,0,0,0,0,0,0
1748636208538,-18750000,4255860,5076959,5608484,0,0,0,0,0,0,0
1748636208638,-18750000,4277855,5168602,6213322,0,0,0,0,0,0,0
1748636208738,-18750000,4321843,5241918,6909802,0,0,0,0,0,0,0
1748636208838,-18750000,4373163,5315231,7148069,0,0,0,0,0,0,0
1748636208938,-18750000,4409820,5406873,7074757,0,0,0,0,0,0,0
1748636209038,-18750000,4439146,5535172,6818159,0,0,0,0,0,0,0
1748636209138,-18750000,4457474,5516842,6488246,0,0,0,0,0,0,0
1748636209238,-18750000,4446477,5553498,6103349,0,0,0,0,0,0,0
1748636209338,-18750000,4446477,5498512,5663467,0,0,0,0,0,0,0
1748636209438,-18750000,4439146,5553494,5223584,0,0,0,0,0,0,0
1748636209538,-18750000,4435480,5498512,4728716,0,0,0,0,0,0,0
1748636209638,-18750000,4409820,5425199,4197191,0,0,0,0,0,0,0
1748636209738,-18750000,4362166,5425199,3574023,0,0,0,0,0,0,0
1748636209838,-18750000,4336507,5406873,3427398,0,0,0,0,0,0,0
1748636209938,-18750000,4310847,5333561,3519041,0,0,0,0,0,0,0
1748636210038,-18750000,4303515,5260244,3775638,0,0,0,0,0,0,0
1748636210138,-18750000,4299849,5260244,4105552,0,0,0,0,0,0,0
1748636210238,-18750000,4285186,5260244,4527108,0,0,0,0,0,0,0
1748636210338,-18750000,4296183,5296901,4930334,0,0,0,0,0,0,0
1748636210438,-18750000,4329174,5260244,5388543,0,0,0,0,0,0,0
1748636210538,-18750000,4332840,5223584,5938398,0,0,0,0,0,0,0
1748636210638,-18750000,4365831,5296897,6506579,0,0,0,0,0,0,0
1748636210738,-18750000,4413484,5278567,7074764,0,0,0,0,0,0,0
1748636210838,-18750000,4450141,5278567,7129747,0,0,0,0,0,0,0
1748636210938,-18750000,4494129,5351879,7019774,0,0,0,0,0,0,0
1748636211038,-18750000,4516123,5333553,6781507,0,0,0,0,0,0,0
1748636211138,-18750000,4530786,5370209,6451593,0,0,0,0,0,0,0
1748636211238,-18750000,4563777,5461852,6121679,0,0,0,0,0,0,0
1748636211338,-18750000,4585771,5516838,5700127,0,0,0,0,0,0,0
1748636211438,-18750000,4578440,5516838,5260244,0,0,0,0,0,0,0
1748636211538,-18750000,4571109,5553498,4747046,0,0,0,0,0,0,0
1748636211638,-18750000,4552781,5516842,4178864,0,0,0,0,0,0,0
1748636211738,-18750000,4534452,5480186,3574023,0,0,0,0,0,0,0
1748636211838,-18750000,4512458,5480186,3482381,0,0,0,0,0,0,0
1748636211938,-18750000,4479467,5406873,3610683,0,0,0,0,0,0,0
1748636212038,-18750000,4475801,5388543,3848951,0,0,0,0,0,0,0
1748636212138,-18750000,4453808,5315231,4252177,0,0,0,0,0,0,0
1748636212238,-18750000,4453808,5241918,4600417,0,0,0,0,0,0,0
1748636212338,-18750000,4450142,5131946,5076956,0,0,0,0,0,0,0
1748636212438,-18750000,4464805,5186932,5553494,0,0,0,0,0,0,0
1748636212538,-18750000,4501462,5241914,6048363,0,0,0,0,0,0,0
1748636212638,-18750000,4534453,5241914,6616544,0,0,0,0,0,0,0
1748636212738,-18750000,4545450,5351887,7203056,0,0,0,0,0,0,0
1748636212838,-18750000,4589438,5425199,7294698,0,0,0,0,0,0,0
1748636212938,-18750000,4622429,5516842,7129739,0,0,0,0,0,0,0
1748636213038,-18750000,4640758,5498516,6854816,0,0,0,0,0,0,0
1748636213138,-18750000,4655420,5553502,6469919,0,0,0,0,0,0,0
1748636213238,-18750000,4662751,5590158,6066693,0,0,0,0,0,0,0
1748636213338,-18750000,4655420,5663474,5645137,0,0,0,0,0,0,0
1748636213438,-18750000,4651754,5571832,5131942,0,0,0,0,0,0,0
1748636213538,-18750000,4637091,5498519,4600417,0,0,0,0,0,0,0
1748636213638,-18750000,4596769,5535176,4013905,0,0,0,0,0,0,0
1748636213738,-18750000,4578440,5425203,3445724,0,0,0,0,0,0,0
1748636213838,-18750000,4545449,5296904,3317425,0,0,0,0,0,0,0
1748636213938,-18750000,4530787,5241918,3574023,0,0,0,0,0,0,0
1748636214038,-18750000,4512458,5370217,3848947,0,0,0,0,0,0,0
1748636214138,-18750000,4516124,5370217,4160530,0,0,0,0,0,0,0
1748636214238,-18750000,4512458,5351887,4563757,0,0,0,0,0,0,0
1748636214338,-18750000,4508793,5351887,5058626,0,0,0,0,0,0,0
1748636214438,-18750000,4508793,5388543,5590151,0,0,0,0,0,0,0
1748636214538,-18750000,4516125,5498516,6158332,0,0,0,0,0,0,0
1748636214638,-18750000,4545451,5443529,6726517,0,0,0,0,0,0,0
1748636214738,-18750000,4574776,5516842,7276368,0,0,0,0,0,0,0
1748636214838,-18750000,4615099,5590154,7441327,0,0,0,0,0,0,0
1748636214938,-18750000,4629761,5626811,7203059,0,0,0,0,0,0,0
1748636215038,-18750000,4659087,5553494,6928136,0,0,0,0,0,0,0
1748636215138,-18750000,4677416,5590151,6616552,0,0,0,0,0,0,0
1748636215238,-18750000,4699410,5590151,6231655,0,0,0,0,0,0,0
1748636215338,-18750000,4736067,5626807,5736787,0,0,0,0,0,0,0
1748636215438,-18750000,4736067,5681793,5223592,0,0,0,0,0,0,0
1748636215538,-18750000,4732401,5663463,4692067,0,0,0,0,0,0,0
1748636215638,-18750000,4717738,5590151,4123882,0,0,0,0,0,0,0
1748636215738,-18750000,4688412,5626811,3592357,0,0,0,0,0,0,0
1748636215838,-18750000,4648090,5553498,3482384,0,0,0,0,0,0,0
1748636215938,-18750000,4622430,5626814,3720652,0,0,0,0,0,0,0
1748636216038,-18750000,4589439,5663474,3977249,0,0,0,0,0,0,0
1748636216138,-18750000,4571110,5590162,4343819,0,0,0,0,0,0,0
1748636216238,-18750000,4556448,5608492,4728715,0,0,0,0,0,0,0
1748636216338,-18750000,4541785,5553506,5205258,0,0,0,0,0,0,0
1748636216438,-18750000,4541785,5553506,5755109,0,0,0,0,0,0,0
1748636216538,-18750000,4549116,5516849,6249978,0,0,0,0,0,0,0
1748636216638,-18750000,4596770,5608492,6799833,0,0,0,0,0,0,0
1748636216738,-18750000,4637093,5626818,7368018,0,0,0,0,0,0,0
1748636216838,-18750000,4670084,5626818,7514647,0,0,0,0,0,0,0
1748636216938,-18750000,4706741,5553502,7313035,0,0,0,0,0,0,0
1748636217038,-18750000,4736067,5553502,7129750,0,0,0,0,0,0,0
1748636217138,-18750000,4750729,5608484,6799837,0,0,0,0,0,0,0
1748636217238,-18750000,4754395,5553498,6396610,0,0,0,0,0,0,0
1748636217338,-18750000,4747063,5663471,5920068,0,0,0,0,0,0,0
1748636217438,-18750000,4761726,5608484,5351887,0,0,0,0,0,0,0
1748636217538,-18750000,4769057,5571828,4857018,0,0,0,0,0,0,0
1748636217638,-18750000,4728734,5608484,4307163,0,0,0,0,0,0,0
1748636217738,-18750000,4688411,5571828,3757308,0,0,0,0,0,0,0
1748636217838,-18750000,4666417,5608484,3354082,0,0,0,0,0,0,0
1748636217938,-18750000,4640757,5498516,3152470,0,0,0,0,0,0,0
1748636218038,-18750000,4607765,5425199,2932529,0,0,0,0,0,0,0
1748636218138,-18750000,4582105,5351887,2730918,0,0,0,0,0,0,0
1748636218238,-18750000,4574774,5278574,2657605,0,0,0,0,0,0,0
1748636218338,-18750000,4552780,5186932,2565963,0,0,0,0,0,0,0
1748636218438,-18750000,4512457,5223588,2529307,0,0,0,0,0,0,0
1748636218538,-18750000,4468469,5278571,2455994,0,0,0,0,0,0,0
1748636218638,-18750000,4431813,5241914,2419338,0,0,0,0,0,0,0
1748636218738,-18750000,4413485,5150272,2437668,0,0,0,0,0,0,0
1748636218838,-18750000,4380494,5150272,2675936,0,0,0,0,0,0,0
1748636218938,-18750000,4347503,5241914,3005846,0,0,0,0,0,0,0
1748636219038,-18750000,4321843,5168602,3464054,0,0,0,0,0,0,0
1748636219138,-18750000,4292517,5260244,3977249,0,0,0,0,0,0,0
1748636219238,-18750000,4263191,5296901,4508774,0,0,0,0,0,0,0
1748636219338,-18750000,4248529,5260244,5021973,0,0,0,0,0,0,0
1748636219438,-18750000,4255860,5260244,5571824,0,0,0,0,0,0,0
1748636219538,-18750000,4252195,5296904,6121675,0,0,0,0,0,0,0
1748636219638,-18750000,4274188,5278574,6763173,0,0,0,0,0,0,0
1748636219738,-18750000,4292517,5296904,7276368,0,0,0,0,0,0,0
1748636219838,-18750000,4314511,5241918,7606282,0,0,0,0,0,0,0
1748636219938,-18750000,4354834,5223588,7826223,0,0,0,0,0,0,0
1748636220038,-18750000,4395157,5425199,7936195,0,0,0,0,0,0,0
1748636220138,-18750000,4464805,5370213,8064494,0,0,0,0,0,0,0
1748636220238,-18750000,4505128,5406869,8119481,0,0,0,0,0,0,0
1748636220338,-18750000,4563780,5370209,8247779,0,0,0,0,0,0,0
1748636220438,-18750000,4600437,5443526,8321096,0,0,0,0,0,0,0
1748636220538,-18750000,4655422,5461852,8357756,0,0,0,0,0,0,0
1748636220638,-18750000,4695745,5590151,8321099,0,0,0,0,0,0,0
1748636220738,-18750000,4732402,5645133,8394412,0,0,0,0,0,0,0
1748636220838,-18750000,4765393,5663463,8211127,0,0,0,0,0,0,0
1748636220938,-18750000,4802050,5755106,7826230,0,0,0,0,0,0,0
1748636221038,-18750000,4824044,5736779,7477990,0,0,0,0,0,0,0
1748636221138,-18750000,4831375,5736779,7019782,0,0,0,0,0,0,0
1748636221238,-18750000,4842373,5791766,6524913,0,0,0,0,0,0,0
1748636221338,-18750000,4849704,5883408,5993388,0,0,0,0,0,0,0
1748636221438,-18750000,4879030,5865078,5443533,0,0,0,0,0,0,0
1748636221538,-18750000,4879030,5865078,4912008,0,0,0,0,0,0,0
1748636221638,-18750000,4871698,5791766,4380483,0,0,0,0,0,0,0
1748636221738,-18750000,4857035,5846752,3812302,0,0,0,0,0,0,0
1748636221838,-18750000,4849704,5846752,3445732,0,0,0,0,0,0,0
1748636221938,-18750000,4794719,5773439,3262447,0,0,0,0,0,0,0
1748636222038,-18750000,4765393,5700123,3097492,0,0,0,0,0,0,0
1748636222138,-18750000,4736067,5681797,2932533,0,0,0,0,0,0,0
1748636222238,-18750000,4699410,5645141,2749248,0,0,0,0,0,0,0
1748636222338,-18750000,4648090,5681801,2602619,0,0,0,0,0,0,0
1748636222438,-18750000,4582107,5608488,2510977,0,0,0,0,0,0,0
1748636222538,-18750000,4545450,5553502,2437661,0,0,0,0,0,0,0
1748636222638,-18750000,4505128,5535172,2401001,0,0,0,0,0,0,0
1748636222738,-18750000,4486799,5443529,2309358,0,0,0,0,0,0,0
1748636222838,-18750000,4439145,5461859,2547629,0,0,0,0,0,0,0
1748636222938,-18750000,4442811,5351887,2877543,0,0,0,0,0,0,0
1748636223038,-18750000,4424482,5296904,3262439,0,0,0,0,0,0,0
1748636223138,-18750000,4398823,5315231,3812294,0,0,0,0,0,0,0
1748636223238,-18750000,4398823,5241914,4398806,0,0,0,0,0,0,0
1748636223338,-18750000,4413486,5095286,4966987,0,0,0,0,0,0,0
1748636223438,-18750000,4431814,5131942,5553498,0,0,0,0,0,0,0
1748636223538,-18750000,4446477,5150272,6140009,0,0,0,0,0,0,0
1748636223638,-18750000,4461139,5076959,6744851,0,0,0,0,0,0,0
1748636223738,-18750000,4479468,5168602,7313032,0,0,0,0,0,0,0
1748636223838,-18750000,4519791,5223584,7606286,0,0,0,0,0,0,0
1748636223938,-18750000,4552782,5443526,7826227,0,0,0,0,0,0,0
1748636224038,-18750000,4600436,5480182,7991182,0,0,0,0,0,0,0
1748636224138,-18750000,4659087,5516838,8046168,0,0,0,0,0,0,0
1748636224238,-18750000,4699409,5553498,8174467,0,0,0,0,0,0,0
1748636224338,-18750000,4736066,5700127,8247783,0,0,0,0,0,0,0
1748636224438,-18750000,4772723,5663471,8247783,0,0,0,0,0,0,0
1748636224538,-18750000,4809380,5645141,8229453,0,0,0,0,0,0,0
1748636224638,-18750000,4868032,5681797,8284439,0,0,0,0,0,0,0
1748636224738,-18750000,4897357,5700127,8394412,0,0,0,0,0,0,0
1748636224838,-18750000,4930348,5755113,8229457,0,0,0,0,0,0,0
1748636224938,-18750000,4967005,5700131,7936199,0,0,0,0,0,0,0
1748636225038,-18750000,4981667,5773443,7624615,0,0,0,0,0,0,0
1748636225138,-18750000,4992665,5846759,7258045,0,0,0,0,0,0,0
1748636225238,-18750000,5003662,5920072,6744850,0,0,0,0,0,0,0
1748636225338,-18750000,4999996,5901742,6268312,0,0,0,0,0,0,0
1748636225438,-18750000,4992665,5956728,5773443,0,0,0,0,0,0,0
1748636225538,-18750000,4981667,5938402,5296904,0,0,0,0,0,0,0
1748636225638,-18750000,4985333,5975058,4710393,0,0,0,0,0,0,0
1748636225738,-18750000,4967004,5993384,4087225,0,0,0,0,0,0,0
1748636225838,-18750000,4952342,5901742,3757315,0,0,0,0,0,0,0
1748636225938,-18750000,4912019,5901742,3464062,0,0,0,0,0,0,0
1748636226038,-18750000,4893691,5791773,3244121,0,0,0,0,0,0,0
1748636226138,-18750000,4879028,5736787,3042506,0,0,0,0,0,0,0
1748636226238,-18750000,4849703,5718457,2895877,0,0,0,0,0,0,0
1748636226338,-18750000,4827709,5608484,2675932,0,0,0,0,0,0,0
1748636226438,-18750000,4794717,5535168,2602619,0,0,0,0,0,0,0
1748636226538,-18750000,4758060,5535168,2547633,0,0,0,0,0,0,0
1748636226638,-18750000,4703074,5516842,2455991,0,0,0,0,0,0,0
1748636226738,-18750000,4677415,5461859,2455991,0,0,0,0,0,0,0
1748636226838,-18750000,4644423,5535176,2437661,0,0,0,0,0,0,0
1748636226938,-18750000,4626095,5516846,2364344,0,0,0,0,0,0,0
1748636227038,-18750000,4563778,5590158,2291032,0,0,0,0,0,0,0
1748636227138,-18750000,4501461,5553502,2327692,0,0,0,0,0,0,0
1748636227238,-18750000,4472135,5443533,2272705,0,0,0,0,0,0,0
1748636227338,-18750000,4435478,5498519,2291035,0,0,0,0,0,0,0
1748636227438,-18750000,4398822,5351894,2272705,0,0,0,0,0,0,0
1748636227538,-18750000,4354834,5351894,2217723,0,0,0,0,0,0,0
1748636227638,-18750000,4336505,5351894,2181067,0,0,0,0,0,0,0
1748636227738,-18750000,4292517,5278578,2126080,0,0,0,0,0,0,0
1748636227838,-18750000,4233866,5205262,2291035,0,0,0,0,0,0,0
1748636227938,-18750000,4186213,5113619,2749248,0,0,0,0,0,0,0
1748636228038,-18750000,4175215,4985320,3170800,0,0,0,0,0,0,0
1748636228138,-18750000,4182547,4985320,3610683,0,0,0,0,0,0,0
1748636228238,-18750000,4189879,5058633,4233850,0,0,0,0,0,0,0
1748636228338,-18750000,4189879,4985320,4893674,0,0,0,0,0,0,0
1748636228438,-18750000,4219204,5150275,5461855,0,0,0,0,0,0,0
1748636228538,-18750000,4259527,5113619,6103349,0,0,0,0,0,0,0
1748636228638,-18750000,4274190,5058633,6653201,0,0,0,0,0,0,0
1748636228738,-18750000,4310847,5095289,7221382,0,0,0,0,0,0,0
1748636228838,-18750000,4391492,5168606,7386341,0,0,0,0,0,0,0
1748636228938,-18750000,4431815,5241918,7239712,0,0,0,0,0,0,0
1748636229038,-18750000,4483134,5333561,7056427,0,0,0,0,0,0,0
1748636229138,-18750000,4490465,5351887,6763169,0,0,0,0,0,0,0
1748636229238,-18750000,4497797,5370217,6268301,0,0,0,0,0,0,0
1748636229338,-18750000,4508793,5498516,5755106,0,0,0,0,0,0,0
1748636229438,-18750000,4483133,5480186,5260241,0,0,0,0,0,0,0
1748636229538,-18750000,4472136,5553498,4710389,0,0,0,0,0,0,0
1748636229638,-18750000,4446476,5590154,4270507,0,0,0,0,0,0,0
1748636229738,-18750000,4431814,5535172,3738982,0,0,0,0,0,0,0
1748636229838,-18750000,4391491,5388543,3647339,0,0,0,0,0,0,0
1748636229938,-18750000,4362166,5333561,3793968,0,0,0,0,0,0,0
1748636230038,-18750000,4347503,5315231,3995583,0,0,0,0,0,0,0
1748636230138,-18750000,4340172,5223588,4288841,0,0,0,0,0,0,0
1748636230238,-18750000,4332841,5241914,4747053,0,0,0,0,0,0,0
1748636230338,-18750000,4340173,5205258,5223592,0,0,0,0,0,0,0
1748636230438,-18750000,4373164,5241914,5718457,0,0,0,0,0,0,0
1748636230538,-18750000,4395157,5168602,6213322,0,0,0,0,0,0,0
1748636230638,-18750000,4420817,5205258,6653204,0,0,0,0,0,0,0
1748636230738,-18750000,4446477,5278571,7221389,0,0,0,0,0,0,0
1748636230838,-18750000,4472137,5406869,7331358,0,0,0,0,0,0,0
1748636230938,-18750000,4516125,5480182,7221389,0,0,0,0,0,0,0
1748636231038,-18750000,4538119,5516838,6928135,0,0,0,0,0,0,0
1748636231138,-18750000,4556447,5590154,6598222,0,0,0,0,0,0,0
1748636231238,-18750000,4574776,5626814,6249982,0,0,0,0,0,0,0
1748636231338,-18750000,4593104,5663471,5773443,0,0,0,0,0,0,0
1748636231438,-18750000,4593104,5663471,5278578,0,0,0,0,0,0,0
1748636231538,-18750000,4578442,5700127,4802039,0,0,0,0,0,0,0
1748636231638,-18750000,4560113,5718457,4325501,0,0,0,0,0,0,0
1748636231738,-18750000,4549116,5626814,3757316,0,0,0,0,0,0,0
1748636231838,-18750000,4519791,5590158,3592361,0,0,0,0,0,0,0
1748636231938,-18750000,4494130,5571828,3702329,0,0,0,0,0,0,0
1748636232038,-18750000,4479468,5480186,3995583,0,0,0,0,0,0,0
1748636232138,-18750000,4486799,5461856,4362153,0,0,0,0,0,0,0
1748636232238,-18750000,4486799,5388539,4692063,0,0,0,0,0,0,0
1748636232338,-18750000,4468471,5260241,5205258,0,0,0,0,0,0,0
1748636232438,-18750000,4479468,5296901,5663467,0,0,0,0,0,0,0
1748636232538,-18750000,4508794,5315227,6140006,0,0,0,0,0,0,0
1748636232638,-18750000,4541785,5351883,6708187,0,0,0,0,0,0,0
1748636232738,-18750000,4571111,5406869,7294698,0,0,0,0,0,0,0
1748636232838,-18750000,4611433,5388539,7422997,0,0,0,0,0,0,0
1748636232938,-18750000,4651756,5406869,7331354,0,0,0,0,0,0,0
1748636233038,-18750000,4673750,5553498,7074757,0,0,0,0,0,0,0
1748636233138,-18750000,4666418,5516842,6671531,0,0,0,0,0,0,0
1748636233238,-18750000,4684747,5535172,6268304,0,0,0,0,0,0,0
1748636233338,-18750000,4692078,5608484,5755109,0,0,0,0,0,0,0
1748636233438,-18750000,4670084,5590154,5315227,0,0,0,0,0,0,0
1748636233538,-18750000,4673750,5571828,4857018,0,0,0,0,0,0,0
1748636233638,-18750000,4662752,5461859,4270507,0,0,0,0,0,0,0
1748636233738,-18750000,4637092,5516846,3702326,0,0,0,0,0,0,0
1748636233838,-18750000,4611433,5535176,3372412,0,0,0,0,0,0,0
1748636233938,-18750000,4585773,5406877,3115814,0,0,0,0,0,0,0
1748636234038,-18750000,4541785,5351891,2969185,0,0,0,0,0,0,0
1748636234138,-18750000,4541785,5333561,2840887,0,0,0,0,0,0,0
1748636234238,-18750000,4490465,5296904,2730918,0,0,0,0,0,0,0
1748636234338,-18750000,4486799,5333561,2639276,0,0,0,0,0,0,0
1748636234438,-18750000,4457473,5278574,2584289,0,0,0,0,0,0,0
1748636234538,-18750000,4391491,5260244,2529303,0,0,0,0,0,0,0
1748636234638,-18750000,4343837,5241914,2437660,0,0,0,0,0,0,0
1748636234738,-18750000,4299849,5113612,2364348,0,0,0,0,0,0,0
1748636234838,-18750000,4281521,5150268,2602619,0,0,0,0,0,0,0
1748636234938,-18750000,4241198,5150268,2950859,0,0,0,0,0,0,0
1748636235038,-18750000,4222869,5040299,3390742,0,0,0,0,0,0,0
1748636235138,-18750000,4189878,5076959,3903937,0,0,0,0,0,0,0
1748636235238,-18750000,4182547,5021973,4435462,0,0,0,0,0,0,0
1748636235338,-18750000,4149556,5003647,4985313,0,0,0,0,0,0,0
1748636235438,-18750000,4171550,5003647,5516838,0,0,0,0,0,0,0
1748636235538,-18750000,4197209,5003647,6048363,0,0,0,0,0,0,0
1748636235638,-18750000,4255860,5003647,6671530,0,0,0,0,0,0,0
1748636235738,-18750000,4299848,5113619,7349680,0,0,0,0,0,0,0
1748636235838,-18750000,4329174,5076963,7477979,0,0,0,0,0,0,0
1748636235938,-18750000,4358500,5131949,7349680,0,0,0,0,0,0,0
1748636236038,-18750000,4384160,5205262,7019770,0,0,0,0,0,0,0
1748636236138,-18750000,4424482,5260244,6616544,0,0,0,0,0,0,0
1748636236238,-18750000,4446476,5296901,6158332,0,0,0,0,0,0,0
1748636236338,-18750000,4483133,5260244,5681793,0,0,0,0,0,0,0
1748636236438,-18750000,4479468,5186932,5168598,0,0,0,0,0,0,0
1748636236538,-18750000,4479468,5168606,4655403,0,0,0,0,0,0,0
1748636236638,-18750000,4431815,5113619,4197194,0,0,0,0,0,0,0
1748636236738,-18750000,4420817,5095289,3610687,0,0,0,0,0,0,0
1748636236838,-18750000,4395158,5113616,3555701,0,0,0,0,0,0,0
1748636236938,-18750000,4376829,5168598,3683999,0,0,0,0,0,0,0
1748636237038,-18750000,4362167,5131942,4032239,0,0,0,0,0,0,0
1748636237138,-18750000,4340172,4985317,4398809,0,0,0,0,0,0,0
1748636237238,-18750000,4332840,4985317,4802035,0,0,0,0,0,0,0
1748636237338,-18750000,4329174,5021973,5351890,0,0,0,0,0,0,0
1748636237438,-18750000,4347503,5113616,5846759,0,0,0,0,0,0,0
1748636237538,-18750000,4373162,5131942,6378284,0,0,0,0,0,0,0
1748636237638,-18750000,4406153,5315227,6873153,0,0,0,0,0,0,0
1748636237738,-18750000,4431813,5315227,7423004,0,0,0,0,0,0,0
1748636237838,-18750000,4457473,5296901,7423004,0,0,0,0,0,0,0
1748636237938,-18750000,4501461,5351887,7313036,0,0,0,0,0,0,0
1748636238038,-18750000,4538118,5480185,7001452,0,0,0,0,0,0,0
1748636238138,-18750000,4578441,5553498,6689868,0,0,0,0,0,0,0
1748636238238,-18750000,4600436,5590154,6359958,0,0,0,0,0,0,0
1748636238338,-18750000,4593104,5663467,5846759,0,0,0,0,0,0,0
1748636238438,-18750000,4611433,5645137,5351891,0,0,0,0,0,0,0
1748636238538,-18750000,4600436,5681793,4820366,0,0,0,0,0,0,0
1748636238638,-18750000,4600436,5590150,4325497,0,0,0,0,0,0,0
1748636238738,-18750000,4578441,5535168,3775646,0,0,0,0,0,0,0
1748636238838,-18750000,4549115,5535168,3464062,0,0,0,0,0,0,0
1748636238938,-18750000,4508793,5443525,3170804,0,0,0,0,0,0,0
1748636239038,-18750000,4483133,5388539,2950863,0,0,0,0,0,0,0
1748636239138,-18750000,4428148,5461852,2767578,0,0,0,0,0,0,0
1748636239238,-18750000,4391491,5480182,2657605,0,0,0,0,0,0,0
1748636239338,-18750000,4384160,5370213,2510980,0,0,0,0,0,0,0
1748636239438,-18750000,4329174,5388543,2492650,0,0,0,0,0,0,0
1748636239538,-18750000,4281521,5370217,2455990,0,0,0,0,0,0,0
1748636239638,-18750000,4211873,5296904,2382674,0,0,0,0,0,0,0
1748636239738,-18750000,4182548,5241918,2254372,0,0,0,0,0,0,0
1748636239838,-18750000,4131228,5278574,2474313,0,0,0,0,0,0,0
1748636239938,-18750000,4109234,5223588,2859213,0,0,0,0,0,0,0
1748636240038,-18750000,4061579,5150276,3317422,0,0,0,0,0,0,0
1748636240138,-18750000,4043251,5168606,3830620,0,0,0,0,0,0,0
1748636240238,-18750000,4035920,5241918,4307159,0,0,0,0,0,0,0
1748636240338,-18750000,4021257,5278574,4857011,0,0,0,0,0,0,0
1748636240438,-18750000,4043251,5223588,5425196,0,0,0,0,0,0,0
1748636240538,-18750000,4079907,5113616,5975051,0,0,0,0,0,0,0
1748636240638,-18750000,4131226,5168602,6506576,0,0,0,0,0,0,0
1748636240738,-18750000,4156886,5278571,7129743,0,0,0,0,0,0,0
1748636240838,-18750000,4230200,5186928,7496313,0,0,0,0,0,0,0
1748636240938,-18750000,4274189,5278571,7734581,0,0,0,0,0,0,0
1748636241038,-18750000,4347503,5388543,7899539,0,0,0,0,0,0,0
1748636241138,-18750000,4395157,5260244,7991182,0,0,0,0,0,0,0
1748636241238,-18750000,4435479,5168602,8046168,0,0,0,0,0,0,0
1748636241338,-18750000,4486799,5205258,8137810,0,0,0,0,0,0,0
1748636241438,-18750000,4519790,5260244,8156137,0,0,0,0,0,0,0
1748636241538,-18750000,4563779,5425203,8211123,0,0,0,0,0,0,0
1748636241638,-18750000,4611434,5516846,8284439,0,0,0,0,0,0,0
1748636241738,-18750000,4659088,5443533,8302769,0,0,0,0,0,0,0
1748636241838,-18750000,4692079,5516846,8101158,0,0,0,0,0,0,0
1748636241938,-18750000,4725070,5516846,7771248,0,0,0,0,0,0,0
1748636242038,-18750000,4750730,5480186,7423004,0,0,0,0,0,0,0
1748636242138,-18750000,4783721,5626814,6983122,0,0,0,0,0,0,0
1748636242238,-18750000,4820378,5645144,6561569,0,0,0,0,0,0,0
1748636242338,-18750000,4827709,5608488,6121687,0,0,0,0,0,0,0
1748636242438,-18750000,4827709,5571832,5663478,0,0,0,0,0,0,0
1748636242538,-18750000,4813046,5571832,5076967,0,0,0,0,0,0,0
1748636242638,-18750000,4798383,5498516,4490455,0,0,0,0,0,0,0
1748636242738,-18750000,4769057,5553502,3977260,0,0,0,0,0,0,0
1748636242838,-18750000,4747063,5590162,3592360,0,0,0,0,0,0,0
1748636242938,-18750000,4747063,5516849,3372419,0,0,0,0,0,0,0
1748636243038,-18750000,4699408,5516849,3134152,0,0,0,0,0,0,0
1748636243138,-18750000,4699408,5370221,3005849,0,0,0,0,0,0,0
1748636243238,-18750000,4622429,5370221,2895877,0,0,0,0,0,0,0
1748636243338,-18750000,4622429,5351891,2730922,0,0,0,0,0,0,0
1748636243438,-18750000,4596770,5388547,2620949,0,0,0,0,0,0,0
1748636243538,-18750000,4567445,5388547,2620949,0,0,0,0,0,0,0
1748636243638,-18750000,4545450,5351887,2510980,0,0,0,0,0,0,0
1748636243738,-18750000,4486799,5315227,2455994,0,0,0,0,0,0,0
1748636243838,-18750000,4486799,5260241,2657609,0,0,0,0,0,0,0
1748636243938,-18750000,4450143,5278571,2969193,0,0,0,0,0,0,0
1748636244038,-18750000,4402489,5223588,3464062,0,0,0,0,0,0,0
1748636244138,-18750000,4376829,5223588,3977261,0,0,0,0,0,0,0
1748636244238,-18750000,4347503,5205258,4490456,0,0,0,0,0,0,0
1748636244338,-18750000,4325510,5205258,5021981,0,0,0,0,0,0,0
1748636244438,-18750000,4299850,5241914,5498519,0,0,0,0,0,0,0
1748636244538,-18750000,4307181,5241914,6085031,0,0,0,0,0,0,0
1748636244638,-18750000,4321844,5205258,6085031,0,0,0,0,0,0,0
1748636244738,-18750000,4362166,5278574,7313036,0,0,0,0,0,0,0
1748636244838,-18750000,4395157,5278574,7313036,0,0,0,0,0,0,0
1748636244938,-18750000,4442810,5296900,7368022,0,0,0,0,0,0,0
1748636245038,-18750000,4486798,5296900,7368022,0,0,0,0,0,0,0
1748636245138,-18750000,4516124,5333557,6708198,0,0,0,0,0,0,0
1748636245238,-18750000,4549115,5425199,6341632,0,0,0,0,0,0,0
1748636245338,-18750000,4585772,5571828,6341632,0,0,0,0,0,0,0
1748636245438,-18750000,4611432,5590154,5425211,0,0,0,0,0,0,0
1748636245538,-18750000,4600435,5535172,5425211,0,0,0,0,0,0,0
1748636245638,-18750000,4585772,5571828,4875356,0,0,0,0,0,0,0
1748636245738,-18750000,4552781,5535172,4325504,0,0,0,0,0,0,0
1748636245838,-18750000,4545450,5535172,3793979,0,0,0,0,0,0,0
1748636245938,-18750000,4505128,5480186,3647350,0,0,0,0,0,0,0
1748636246038,-18750000,4475802,5480186,3757319,0,0,0,0,0,0,0
1748636246138,-18750000,4479468,5480186,4362157,0,0,0,0,0,0,0
1748636246238,-18750000,4468471,5443529,4362157,0,0,0,0,0,0,0
1748636246338,-18750000,4453808,5406869,4692067,0,0,0,0,0,0,0
1748636246438,-18750000,4450142,5425199,5186935,0,0,0,0,0,0,0
1748636246538,-18750000,4464805,5480182,5718460,0,0,0,0,0,0,0
1748636246638,-18750000,4497796,5425199,6268315,0,0,0,0,0,0,0
1748636246738,-18750000,4512458,5498512,6763180,0,0,0,0,0,0,0
1748636246838,-18750000,4530787,5498512,7349688,0,0,0,0,0,0,0
1748636246938,-18750000,4582106,5571824,7514643,0,0,0,0,0,0,0
1748636247038,-18750000,4640758,5608481,7368014,0,0,0,0,0,0,0
1748636247138,-18750000,4637092,5571824,7111417,0,0,0,0,0,0,0
1748636247238,-18750000,4659086,5480182,6763177,0,0,0,0,0,0,0
1748636247338,-18750000,4666417,5461856,6378280,0,0,0,0,0,0,0
1748636247438,-18750000,4677414,5443526,5920068,0,0,0,0,0,0,0
1748636247538,-18750000,4688411,5461856,5443525,0,0,0,0,0,0,0
1748636247638,-18750000,4688411,5516838,4857014,0,0,0,0,0,0,0
1748636247738,-18750000,4695743,5480182,4362149,0,0,0,0,0,0,0
1748636247838,-18750000,4681080,5498512,3775642,0,0,0,0,0,0,0
1748636247938,-18750000,4633426,5498512,3409072,0,0,0,0,0,0,0
1748636248038,-18750000,4582105,5516842,3189130,0,0,0,0,0,0,0
1748636248138,-18750000,4571108,5590154,2987515,0,0,0,0,0,0,0
1748636248238,-18750000,4549114,5608484,2822557,0,0,0,0,0,0,0
1748636248338,-18750000,4530786,5553498,2694258,0,0,0,0,0,0,0
1748636248438,-18750000,4494129,5535172,2584289,0,0,0,0,0,0,0
1748636248538,-18750000,4453807,5480186,2492647,0,0,0,0,0,0,0
1748636248638,-18750000,4384159,5406873,2492647,0,0,0,0,0,0,0
1748636248738,-18750000,4336504,5333561,2437661,0,0,0,0,0,0,0
1748636248838,-18750000,4292516,5168606,2364344,0,0,0,0,0,0,0
1748636248938,-18750000,4277854,5131949,2547629,0,0,0,0,0,0,0
1748636249038,-18750000,4252194,5040307,2895873,0,0,0,0,0,0,0
1748636249138,-18750000,4208206,4985321,3372416,0,0,0,0,0,0,0
1748636249238,-18750000,4175214,5040303,3885614,0,0,0,0,0,0,0
1748636249338,-18750000,4186211,5076959,4380483,0,0,0,0,0,0,0
1748636249438,-18750000,4204540,5076959,4930334,0,0,0,0,0,0,0
1748636249538,-18750000,4219202,5095289,5498519,0,0,0,0,0,0,0
1748636249638,-18750000,4237531,5150275,6066700,0,0,0,0,0,0,0
1748636249738,-18750000,4266857,5223588,6598225,0,0,0,0,0,0,0
1748636249838,-18750000,4303514,5406869,7166407,0,0,0,0,0,0,0
1748636249938,-18750000,4340171,5461856,7569633,0,0,0,0,0,0,0
1748636250038,-18750000,4380494,5480186,7789574,0,0,0,0,0,0,0
1748636250138,-18750000,4439145,5516842,7899543,0,0,0,0,0,0,0
1748636250238,-18750000,4512459,5498516,8046168,0,0,0,0,0,0,0
1748636250338,-18750000,4545451,5498516,8156137,0,0,0,0,0,0,0
1748636250438,-18750000,4582108,5535172,8284439,0,0,0,0,0,0,0
1748636250538,-18750000,4626096,5590158,8302766,0,0,0,0,0,0,0
1748636250638,-18750000,4684748,5663471,8376078,0,0,0,0,0,0,0
1748636250738,-18750000,4732401,5700127,8467721,0,0,0,0,0,0,0
1748636250838,-18750000,4769058,5736787,8577693,0,0,0,0,0,0,0
1748636250938,-18750000,4805715,5718457,8394408,0,0,0,0,0,0,0
1748636251038,-18750000,4868032,5773439,8082824,0,0,0,0,0,0,0
1748636251138,-18750000,4890026,5791769,7679598,0,0,0,0,0,0,0
1748636251238,-18750000,4886360,5828426,7221389,0,0,0,0,0,0,0
1748636251338,-18750000,4897357,5865082,6744851,0,0,0,0,0,0,0
1748636251438,-18750000,4915685,5865082,6213326,0,0,0,0,0,0,0
1748636251538,-18750000,4908354,5865082,5718457,0,0,0,0,0,0,0
1748636251638,-18750000,4897357,5755113,5186932,0,0,0,0,0,0,0
1748636251738,-18750000,4882694,5700127,4655407,0,0,0,0,0,0,0
1748636251838,-18750000,4882694,5755110,4050569,0,0,0,0,0,0,0
1748636251938,-18750000,4868031,5828426,3665673,0,0,0,0,0,0,0
1748636252038,-18750000,4816711,5846756,3427402,0,0,0,0,0,0,0
1748636252138,-18750000,4798383,5920068,3262447,0,0,0,0,0,0,0
1748636252238,-18750000,4761726,5883412,3079162,0,0,0,0,0,0,0
1748636252338,-18750000,4721404,5901742,2969189,0,0,0,0,0,0,0
1748636252438,-18750000,4688413,5883412,2840887,0,0,0,0,0,0,0
1748636252538,-18750000,4666418,5791769,2712588,0,0,0,0,0,0,0
1748636252638,-18750000,4651755,5828426,2620945,0,0,0,0,0,0,0
1748636252738,-18750000,4615098,5700127,2529303,0,0,0,0,0,0,0
1748636252838,-18750000,4552781,5645144,2419330,0,0,0,0,0,0,0
1748636252938,-18750000,4512459,5516846,2639272,0,0,0,0,0,0,0
1748636253038,-18750000,4483133,5498516,2969186,0,0,0,0,0,0,0
1748636253138,-18750000,4446476,5370217,3299099,0,0,0,0,0,0,0
1748636253238,-18750000,4439144,5351887,3793968,0,0,0,0,0,0,0
1748636253338,-18750000,4428147,5333557,4307167,0,0,0,0,0,0,0
1748636253438,-18750000,4398821,5315231,4893678,0,0,0,0,0,0,0
1748636253538,-18750000,4384159,5296901,5461859,0,0,0,0,0,0,0
1748636253638,-18750000,4384159,5241914,5993384,0,0,0,0,0,0,0
1748636253738,-18750000,4406153,5370213,6561566,0,0,0,0,0,0,0
1748636253838,-18750000,4442810,5278571,7203063,0,0,0,0,0,0,0
1748636253938,-18750000,4497796,5333553,7331362,0,0,0,0,0,0,0
1748636254038,-18750000,4523455,5351883,7203059,0,0,0,0,0,0,0
1748636254138,-18750000,4571110,5296897,7019774,0,0,0,0,0,0,0
1748636254238,-18750000,4607767,5333553,6653204,0,0,0,0,0,0,0
1748636254338,-18750000,4644424,5333553,6268308,0,0,0,0,0,0,0
1748636254438,-18750000,4688412,5333553,5736783,0,0,0,0,0,0,0
1748636254538,-18750000,4695743,5406866,5315230,0,0,0,0,0,0,0
1748636254638,-18750000,4699409,5535164,4820365,0,0,0,0,0,0,0
1748636254738,-18750000,4684746,5535164,4325497,0,0,0,0,0,0,0
1748636254838,-18750000,4673749,5535164,3702329,0,0,0,0,0,0,0
1748636254938,-18750000,4640757,5626807,3592361,0,0,0,0,0,0,0
1748636255038,-18750000,4618762,5590151,3757319,0,0,0,0,0,0,0
1748636255138,-18750000,4600434,5590151,4050573,0,0,0,0,0,0,0
1748636255238,-18750000,4582105,5626811,4398813,0,0,0,0,0,0,0
1748636255338,-18750000,4560111,5663471,4802035,0,0,0,0,0,0,0
1748636255438,-18750000,4560111,5736783,5278574,0,0,0,0,0,0,0
1748636255538,-18750000,4574774,5736783,5791769,0,0,0,0,0,0,0
1748636255638,-18750000,4582105,5718457,6378277,0,0,0,0,0,0,0
1748636255738,-18750000,4600434,5755117,6946458,0,0,0,0,0,0,0
1748636255838,-18750000,4648088,5773443,7551295,0,0,0,0,0,0,0
1748636255938,-18750000,4670083,5755117,7661264,0,0,0,0,0,0,0
1748636256038,-18750000,4714072,5791773,7551292,0,0,0,0,0,0,0
1748636256138,-18750000,4747063,5938402,7294694,0,0,0,0,0,0,0
1748636256238,-18750000,4772723,5901742,7056423,0,0,0,0,0,0,0
1748636256338,-18750000,4798384,5901742,6708183,0,0,0,0,0,0,0
1748636256438,-18750000,4783721,5810099,6286630,0,0,0,0,0,0,0
1748636256538,-18750000,4791052,5828429,5736779,0,0,0,0,0,0,0
1748636256638,-18750000,4791052,5810099,5131942,0,0,0,0,0,0,0
1748636256738,-18750000,4798384,5773439,4582090,0,0,0,0,0,0,0
1748636256838,-18750000,4761727,5736783,4032235,0,0,0,0,0,0,0
1748636256938,-18750000,4747064,5663467,3702325,0,0,0,0,0,0,0
1748636257038,-18750000,4725070,5590154,3409072,0,0,0,0,0,0,0
1748636257138,-18750000,4688413,5443526,3207457,0,0,0,0,0,0,0
1748636257238,-18750000,4666418,5406869,3005845,0,0,0,0,0,0,0
1748636257338,-18750000,4629761,5296897,2840890,0,0,0,0,0,0,0
1748636257438,-18750000,4604101,5278571,2730918,0,0,0,0,0,0,0
1748636257538,-18750000,4563778,5150272,2639275,0,0,0,0,0,0,0
1748636257638,-18750000,4508792,5040299,2602619,0,0,0,0,0,0,0
1748636257738,-18750000,4457473,4985317,2510977,0,0,0,0,0,0,0
1748636257838,-18750000,4428147,5003647,2474321,0,0,0,0,0,0,0
1748636257938,-18750000,4365830,4893678,2602619,0,0,0,0,0,0,0
1748636258038,-18750000,4325508,4893678,2987516,0,0,0,0,0,0,0
1748636258138,-18750000,4299848,4875352,3445728,0,0,0,0,0,0,0
1748636258238,-18750000,4277854,4912008,3903941,0,0,0,0,0,0,0
1748636258338,-18750000,4266857,4966994,4417136,0,0,0,0,0,0,0
1748636258438,-18750000,4270523,5021977,4948661,0,0,0,0,0,0,0
1748636258538,-18750000,4277854,5021977,5553498,0,0,0,0,0,0,0
1748636258638,-18750000,4318177,5131949,6158336,0,0,0,0,0,0,0
1748636258738,-18750000,4362165,5168606,6726517,0,0,0,0,0,0,0
1748636258838,-18750000,4398822,5278574,7331358,0,0,0,0,0,0,0
1748636258938,-18750000,4446476,5406873,7514643,0,0,0,0,0,0,0
1748636259038,-18750000,4494129,5461856,7331358,0,0,0,0,0,0,0
1748636259138,-18750000,4534452,5590154,7093087,0,0,0,0,0,0,0
1748636259238,-18750000,4552781,5608484,6781503,0,0,0,0,0,0,0
1748636259338,-18750000,4567443,5626811,6378281,0,0,0,0,0,0,0
1748636259438,-18750000,4578440,5626811,5901742,0,0,0,0,0,0,0
1748636259538,-18750000,4574775,5681797,5370217,0,0,0,0,0,0,0
1748636259638,-18750000,4571109,5645141,4838692,0,0,0,0,0,0,0
1748636259738,-18750000,4556447,5608484,4307167,0,0,0,0,0,0,0
1748636259838,-18750000,4534453,5535172,3757312,0,0,0,0,0,0,0
1748636259938,-18750000,4523456,5535172,3390742,0,0,0,0,0,0,0
1748636260038,-18750000,4486799,5553502,3170801,0,0,0,0,0,0,0
1748636260138,-18750000,4435479,5535172,2950859,0,0,0,0,0,0,0
1748636260238,-18750000,4391491,5461859,2785901,0,0,0,0,0,0,0
1748636260338,-18750000,4354834,5406877,2657598,0,0,0,0,0,0,0
1748636260438,-18750000,4318177,5296908,2565956,0,0,0,0,0,0,0
1748636260538,-18750000,4288851,5296908,2492643,0,0,0,0,0,0,0
1748636260638,-18750000,4233866,5260252,2382674,0,0,0,0,0,0,0
1748636260738,-18750000,4167883,5168609,2327688,0,0,0,0,0,0,0
1748636260838,-18750000,4109231,5076967,2272702,0,0,0,0,0,0,0
1748636260938,-18750000,4046915,4912012,2529299,0,0,0,0,0,0,0
1748636261038,-18750000,3995596,4838699,2932526,0,0,0,0,0,0,0
1748636261138,-18750000,3973601,4802043,3372408,0,0,0,0,0,0,0
1748636261238,-18750000,3958939,4875356,3848951,0,0,0,0,0,0,0
1748636261338,-18750000,3940610,4857026,4380476,0,0,0,0,0,0,0
1748636261438,-18750000,3955273,4912012,4966987,0,0,0,0,0,0,0
1748636261538,-18750000,3969936,4966994,5498512,0,0,0,0,0,0,0
1748636261638,-18750000,4013924,5003651,6140006,0,0,0,0,0,0,0
1748636261738,-18750000,4061579,5168606,6781503,0,0,0,0,0,0,0
1748636261838,-18750000,4120230,5260248,7386344,0,0,0,0,0,0,0
1748636261938,-18750000,4178881,5370217,7679598,0,0,0,0,0,0,0
1748636262038,-18750000,4248529,5425199,7936195,0,0,0,0,0,0,0
1748636262138,-18750000,4314512,5443529,8119480,0,0,0,0,0,0,0
1748636262238,-18750000,4369497,5333557,8211123,0,0,0,0,0,0,0
1748636262338,-18750000,4442811,5406869,8321095,0,0,0,0,0,0,0
1748636262438,-18750000,4494131,5406869,8339425,0,0,0,0,0,0,0
1748636262538,-18750000,4549116,5461856,8431068,0,0,0,0,0,0,0
1748636262638,-18750000,4600436,5480182,8467724,0,0,0,0,0,0,0
1748636262738,-18750000,4637093,5571824,8486050,0,0,0,0,0,0,0
1748636262838,-18750000,4673750,5626811,8504377,0,0,0,0,0,0,0
1748636262938,-18750000,4725070,5663467,8394408,0,0,0,0,0,0,0
1748636263038,-18750000,4769058,5681797,8064498,0,0,0,0,0,0,0
1748636263138,-18750000,4791052,5626811,7642945,0,0,0,0,0,0,0
1748636263238,-18750000,4809380,5700127,7258045,0,0,0,0,0,0,0
1748636263338,-18750000,4827709,5718457,6708190,0,0,0,0,0,0,0
1748636263438,-18750000,4831374,5718457,6194992,0,0,0,0,0,0,0
1748636263538,-18750000,4831374,5700131,5608480,0,0,0,0,0,0,0
1748636263638,-18750000,4809380,5681804,5021973,0,0,0,0,0,0,0
1748636263738,-18750000,4805714,5535176,4417135,0,0,0,0,0,0,0
1748636263838,-18750000,4791050,5425203,3903940,0,0,0,0,0,0,0
1748636263938,-18750000,4769057,5406877,3482384,0,0,0,0,0,0,0
1748636264038,-18750000,4728734,5370221,3207457,0,0,0,0,0,0,0
1748636264138,-18750000,4706741,5406877,3005842,0,0,0,0,0,0,0
1748636264238,-18750000,4695743,5388547,2822557,0,0,0,0,0,0,0
1748636264338,-18750000,4651755,5333560,2694258,0,0,0,0,0,0,0
1748636264438,-18750000,4622429,5388543,2620945,0,0,0,0,0,0,0
1748636264538,-18750000,4578441,5315227,2565959,0,0,0,0,0,0,0
1748636264638,-18750000,4549115,5315227,2510973,0,0,0,0,0,0,0
1748636264738,-18750000,4519789,5351883,2510973,0,0,0,0,0,0,0
1748636264838,-18750000,4475801,5370213,2419331,0,0,0,0,0,0,0
1748636264938,-18750000,4431813,5333557,2657602,0,0,0,0,0,0,0
1748636265038,-18750000,4398822,5278571,3024172,0,0,0,0,0,0,0
1748636265138,-18750000,4362165,5315227,3390742,0,0,0,0,0,0,0
1748636265238,-18750000,4351168,5315227,3867284,0,0,0,0,0,0,0
1748636265338,-18750000,4343837,5296901,4472126,0,0,0,0,0,0,0
1748636265438,-18750000,4325508,5223588,5021977,0,0,0,0,0,0,0
1748636265538,-18750000,4351168,5260244,5645144,0,0,0,0,0,0,0
1748636265638,-18750000,4380494,5296901,6249982,0,0,0,0,0,0,0
1748636265738,-18750000,4402488,5296901,6799837,0,0,0,0,0,0,0
1748636265838,-18750000,4457474,5333557,7404674,0,0,0,0,0,0,0
1748636265938,-18750000,4508793,5425199,7532973,0,0,0,0,0,0,0
1748636266038,-18750000,4552781,5535172,7423000,0,0,0,0,0,0,0
1748636266138,-18750000,4574775,5498516,7239715,0,0,0,0,0,0,0
1748636266238,-18750000,4585772,5553502,6909802,0,0,0,0,0,0,0
1748636266338,-18750000,4615098,5571828,6433259,0,0,0,0,0,0,0
1748636266438,-18750000,4629761,5608484,6011707,0,0,0,0,0,0,0
1748636266538,-18750000,4637093,5645144,5480182,0,0,0,0,0,0,0
1748636266638,-18750000,4607767,5590158,4966987,0,0,0,0,0,0,0
1748636266738,-18750000,4593105,5608488,4398802,0,0,0,0,0,0,0
1748636266838,-18750000,4571110,5663474,3793964,0,0,0,0,0,0,0
1748636266938,-18750000,4534453,5645144,3720652,0,0,0,0,0,0,0
1748636267038,-18750000,4505128,5626814,3793968,0,0,0,0,0,0,0
1748636267138,-18750000,4508794,5608488,4032239,0,0,0,0,0,0,0
1748636267238,-18750000,4505128,5571832,4398809,0,0,0,0,0,0,0
1748636267338,-18750000,4505128,5590162,4802036,0,0,0,0,0,0,0
1748636267438,-18750000,4512459,5608492,5241918,0,0,0,0,0,0,0
1748636267538,-18750000,4516124,5461863,5773443,0,0,0,0,0,0,0
1748636267638,-18750000,4556447,5461863,6286638,0,0,0,0,0,0,0
1748636267738,-18750000,4571110,5498519,6873149,0,0,0,0,0,0,0
1748636267838,-18750000,4585773,5443533,7496317,0,0,0,0,0,0,0
1748636267938,-18750000,4644424,5443533,7532973,0,0,0,0,0,0,0
1748636268038,-18750000,4684746,5406877,7496313,0,0,0,0,0,0,0
1748636268138,-18750000,4695743,5406877,7294698,0,0,0,0,0,0,0
1748636268238,-18750000,4717738,5370220,6928128,0,0,0,0,0,0,0
1748636268338,-18750000,4717738,5425207,6579888,0,0,0,0,0,0,0
1748636268438,-18750000,4714072,5480193,6121676,0,0,0,0,0,0,0
1748636268538,-18750000,4717738,5571836,5590151,0,0,0,0,0,0,0
1748636268638,-18750000,4703075,5626822,5076956,0,0,0,0,0,0,0
1748636268738,-18750000,4692078,5608496,4472118,0,0,0,0,0,0,0
1748636268838,-18750000,4684747,5645152,3903937,0,0,0,0,0,0,0
1748636268938,-18750000,4655422,5590166,3903937,0,0,0,0,0,0,0
1748636269038,-18750000,4648090,5663478,3977253,0,0,0,0,0,0,0
1748636269138,-18750000,4637093,5736791,4233854,0,0,0,0,0,0,0
1748636269238,-18750000,4615099,5755117,4582094,0,0,0,0,0,0,0
1748636269338,-18750000,4615099,5663474,4912008,0,0,0,0,0,0,0
1748636269438,-18750000,4637093,5590158,5370221,0,0,0,0,0,0,0
1748636269538,-18750000,4644424,5608484,5883419,0,0,0,0,0,0,0
1748636269638,-18750000,4655421,5535172,6433270,0,0,0,0,0,0,0
1748636269738,-18750000,4677415,5516842,6983122,0,0,0,0,0,0,0
1748636269838,-18750000,4703075,5461856,7606289,0,0,0,0,0,0,0
1748636269938,-18750000,4743398,5425199,7661275,0,0,0,0,0,0,0
1748636270038,-18750000,4772723,5370213,7532977,0,0,0,0,0,0,0
1748636270138,-18750000,4805714,5406869,7276375,0,0,0,0,0,0,0
1748636270238,-18750000,4842371,5425199,6946465,0,0,0,0,0,0,0
1748636270338,-18750000,4875362,5406869,6598225,0,0,0,0,0,0,0
1748636270438,-18750000,4875362,5516842,6103357,0,0,0,0,0,0,0
1748636270538,-18750000,4882694,5498516,5645144,0,0,0,0,0,0,0
1748636270638,-18750000,4879028,5571828,5095293,0,0,0,0,0,0,0
1748636270738,-18750000,4879028,5498516,4600428,0,0,0,0,0,0,0
1748636270838,-18750000,4860700,5516846,4032243,0,0,0,0,0,0,0
1748636270938,-18750000,4842371,5553502,3665673,0,0,0,0,0,0,0
1748636271038,-18750000,4813046,5590162,3445732,0,0,0,0,0,0,0
1748636271138,-18750000,4776389,5480193,3207464,0,0,0,0,0,0,0
1748636271238,-18750000,4736066,5498519,3042505,0,0,0,0,0,0,0
1748636271338,-18750000,4710407,5590162,2914203,0,0,0,0,0,0,0
1748636271438,-18750000,4681081,5443533,2840890,0,0,0,0,0,0,0
1748636271538,-18750000,4640759,5516846,2712592,0,0,0,0,0,0,0
1748636271638,-18750000,4604102,5498516,2657605,0,0,0,0,0,0,0
1748636271738,-18750000,4571110,5498516,2584289,0,0,0,0,0,0,0
1748636271838,-18750000,4541784,5480186,2492647,0,0,0,0,0,0,0
1748636271938,-18750000,4483133,5516842,2675932,0,0,0,0,0,0,0
1748636272038,-18750000,4450142,5461856,3024172,0,0,0,0,0,0,0
1748636272138,-18750000,4446477,5516838,3427398,0,0,0,0,0,0,0
1748636272238,-18750000,4431814,5516838,3903940,0,0,0,0,0,0,0
1748636272338,-18750000,4406154,5443526,4453795,0,0,0,0,0,0,0
1748636272438,-18750000,4413485,5443526,5058633,0,0,0,0,0,0,0
1748636272538,-18750000,4420816,5296897,5645144,0,0,0,0,0,0,0
1748636272638,-18750000,4450142,5205254,6194999,0,0,0,0,0,0,0
1748636272738,-18750000,4475803,5278567,6781510,0,0,0,0,0,0,0
1748636272838,-18750000,4494131,5333553,7386352,0,0,0,0,0,0,0
1748636272938,-18750000,4549117,5278571,7569637,0,0,0,0,0,0,0
1748636273038,-18750000,4589439,5296897,7496320,0,0,0,0,0,0,0
1748636273138,-18750000,4611433,5333557,7313035,0,0,0,0,0,0,0
1748636273238,-18750000,4637093,5315231,6983122,0,0,0,0,0,0,0
1748636273338,-18750000,4659087,5388543,6598226,0,0,0,0,0,0,0
1748636273438,-18750000,4659087,5425199,6066701,0,0,0,0,0,0,0
1748636273538,-18750000,4670084,5480186,5608488,0,0,0,0,0,0,0
1748636273638,-18750000,4659087,5590158,5095289,0,0,0,0,0,0,0
1748636273738,-18750000,4648090,5571828,4618751,0,0,0,0,0,0,0
1748636273838,-18750000,4637093,5461856,4032239,0,0,0,0,0,0,0
1748636273938,-18750000,4596770,5461856,3665669,0,0,0,0,0,0,0
1748636274038,-18750000,4567445,5406873,3335759,0,0,0,0,0,0,0
1748636274138,-18750000,4519791,5315231,3207461,0,0,0,0,0,0,0
1748636274238,-18750000,4479468,5296901,3079162,0,0,0,0,0,0,0
1748636274338,-18750000,4431815,5241914,2914203,0,0,0,0,0,0,0
1748636274438,-18750000,4402490,5205258,2859217,0,0,0,0,0,0,0
1748636274538,-18750000,4362167,5113616,2712588,0,0,0,0,0,0,0
1748636274638,-18750000,4325510,5021973,2657602,0,0,0,0,0,0,0
1748636274738,-18750000,4274190,4930331,2565959,0,0,0,0,0,0,0
1748636274838,-18750000,4241199,4948661,2529303,0,0,0,0,0,0,0
1748636274938,-18750000,4208208,4966987,2767574,0,0,0,0,0,0,0
1748636275038,-18750000,4167885,4966987,3134144,0,0,0,0,0,0,0
1748636275138,-18750000,4167885,4966987,3555697,0,0,0,0,0,0,0
1748636275238,-18750000,4178882,4875344,4087222,0,0,0,0,0,0,0
1748636275338,-18750000,4186214,4893674,4582091,0,0,0,0,0,0,0
1748636275438,-18750000,4186214,4930331,5131946,0,0,0,0,0,0,0
1748636275538,-18750000,4197211,5003647,5700127,0,0,0,0,0,0,0
1748636275638,-18750000,4222871,5095289,6323294,0,0,0,0,0,0,0
1748636275738,-18750000,4259527,5168606,6909806,0,0,0,0,0,0,0
1748636275838,-18750000,4299849,5241918,7514643,0,0,0,0,0,0,0
1748636275938,-18750000,4336506,5241918,7881209,0,0,0,0,0,0,0
1748636276038,-18750000,4395157,5333561,8192793,0,0,0,0,0,0,0
1748636276138,-18750000,4457474,5461859,8357752,0,0,0,0,0,0,0
1748636276238,-18750000,4497796,5645144,8431064,0,0,0,0,0,0,0
1748636276338,-18750000,4534453,5718457,8504380,0,0,0,0,0,0,0
1748636276438,-18750000,4571110,5755113,8614353,0,0,0,0,0,0,0
1748636276538,-18750000,4622430,5791769,8779312,0,0,0,0,0,0,0
1748636276638,-18750000,4662753,5846755,8797642,0,0,0,0,0,0,0
1748636276738,-18750000,4736067,5865082,8889284,0,0,0,0,0,0,0
1748636276838,-18750000,4772724,5920068,8962600,0,0,0,0,0,0,0
1748636276938,-18750000,4820377,5993384,8760989,0,0,0,0,0,0,0
1748636277038,-18750000,4842371,5993384,8357763,0,0,0,0,0,0,0
1748636277138,-18750000,4857034,5956728,7917877,0,0,0,0,0,0,0
1748636277238,-18750000,4871697,5865086,7459668,0,0,0,0,0,0,0
1748636277338,-18750000,4897357,5828429,7074768,0,0,0,0,0,0,0
1748636277438,-18750000,4926682,5883416,6506583,0,0,0,0,0,0,0
1748636277538,-18750000,4930348,5920072,5920072,0,0,0,0,0,0,0
1748636277638,-18750000,4919351,5810099,5370217,0,0,0,0,0,0,0
1748636277738,-18750000,4882694,5828429,4728719,0,0,0,0,0,0,0
1748636277838,-18750000,4853369,5773443,4142208,0,0,0,0,0,0,0
1748636277938,-18750000,4838706,5718457,3738982,0,0,0,0,0,0,0
1748636278038,-18750000,4820378,5663471,3519040,0,0,0,0,0,0,0
1748636278138,-18750000,4802049,5516842,3280773,0,0,0,0,0,0,0
1748636278238,-18750000,4769057,5553498,3097488,0,0,0,0,0,0,0
1748636278338,-18750000,4743397,5590154,2932533,0,0,0,0,0,0,0
1748636278438,-18750000,4717738,5425199,2859220,0,0,0,0,0,0,0
1748636278538,-18750000,4677415,5351887,2785908,0,0,0,0,0,0,0
1748636278638,-18750000,4644423,5406873,2639283,0,0,0,0,0,0,0
1748636278738,-18750000,4622429,5278574,2675939,0,0,0,0,0,0,0
1748636278838,-18750000,4604101,5241918,2620953,0,0,0,0,0,0,0
1748636278938,-18750000,4560113,5278574,2565967,0,0,0,0,0,0,0
1748636279038,-18750000,4519790,5205258,2455994,0,0,0,0,0,0,0
1748636279138,-18750000,4468471,5223584,2346022,0,0,0,0,0,0,0
1748636279238,-18750000,4450142,5205258,2181067,0,0,0,0,0,0,0
1748636279338,-18750000,4402488,5076959,2016112,0,0,0,0,0,0,0
1748636279438,-18750000,4354835,5168602,1869483,0,0,0,0,0,0,0
1748636279538,-18750000,4318178,5150272,1704524,0,0,0,0,0,0,0
1748636279638,-18750000,4277855,5003643,1594552,0,0,0,0,0,0,0
1748636279738,-18750000,4226536,4948657,1392941,0,0,0,0,0,0,0
1748636279838,-18750000,4175216,4948657,1136343,0,0,0,0,0,0,0
1748636279938,-18750000,4112899,4820358,1301302,0,0,0,0,0,0,0
1748636280038,-18750000,4068911,4838688,1759514,0,0,0,0,0,0,0
1748636280138,-18750000,4024922,4838688,2254383,0,0,0,0,0,0,0
1748636280238,-18750000,3977269,4838688,2804234,0,0,0,0,0,0,0
1748636280338,-18750000,3962606,4802032,3152474,0,0,0,0,0,0,0
1748636280438,-18750000,3936946,4747046,3427402,0,0,0,0,0,0,0
1748636280538,-18750000,3914952,4673733,3610687,0,0,0,0,0,0,0
1748636280638,-18750000,3918618,4765376,3793972,0,0,0,0,0,0,0
1748636280738,-18750000,3896624,4783706,3940597,0,0,0,0,0,0,0
1748636280838,-18750000,3881961,4728719,4105552,0,0,0,0,0,0,0
1748636280938,-18750000,3885627,4655407,3903937,0,0,0,0,0,0,0
1748636281038,-18750000,3867299,4582094,3445724,0,0,0,0,0,0,0
1748636281138,-18750000,3848970,4545438,3005842,0,0,0,0,0,0,0
1748636281238,-18750000,3812313,4472122,2492647,0,0,0,0,0,0,0
1748636281338,-18750000,3768325,4508778,2162733,0,0,0,0,0,0,0
1748636281438,-18750000,3713340,4453792,1887805,0,0,0,0,0,0,0
1748636281538,-18750000,3669352,4453792,1722850,0,0,0,0,0,0,0
1748636281638,-18750000,3607035,4343823,1539565,0,0,0,0,0,0,0
1748636281738,-18750000,3570378,4288837,1374610,0,0,0,0,0,0,0
1748636281838,-18750000,3504396,4233854,1301298,0,0,0,0,0,0,0
1748636281938,-18750000,3453076,4325493,1227985,0,0,0,0,0,0,0
1748636282038,-18750000,3412753,4307163,1118017,0,0,0,0,0,0,0
1748636282138,-18750000,3354101,4252181,1008048,0,0,0,0,0,0,0
1748636282238,-18750000,3284453,4178868,971392,0,0,0,0,0,0,0
1748636282338,-18750000,3233133,4032239,916409,0,0,0,0,0,0,0
1748636282438,-18750000,3192810,4013913,898083,0,0,0,0,0,0,0
1748636282538,-18750000,3123162,3958927,879753,0,0,0,0,0,0,0
1748636282638,-18750000,3071842,3848954,843097,0,0,0,0,0,0,0
1748636282738,-18750000,2994863,3848954,843097,0,0,0,0,0,0,0
1748636282838,-18750000,2925214,3812298,788111,0,0,0,0,0,0,0
1748636282938,-18750000,2866563,3683999,788111,0,0,0,0,0,0,0
1748636283038,-18750000,2793250,3665673,769781,0,0,0,0,0,0,0
1748636283138,-18750000,2719936,3665673,769781,0,0,0,0,0,0,0
1748636283238,-18750000,2668617,3610687,714794,0,0,0,0,0,0,0
1748636283338,-18750000,2602635,3610687,769777,0,0,0,0,0,0,0
1748636283438,-18750000,2521990,3482388,678134,0,0,0,0,0,0,0
1748636283538,-18750000,2452342,3427402,623152,0,0,0,0,0,0,0
1748636283638,-18750000,2368031,3390745,623152,0,0,0,0,0,0,0
1748636283738,-18750000,2305715,3354089,623152,0,0,0,0,0,0,0
1748636283838,-18750000,2258061,3262447,623152,0,0,0,0,0,0,0
1748636283938,-18750000,2188413,3225790,586496,0,0,0,0,0,0,0
1748636284038,-18750000,2115099,3024175,549839,0,0,0,0,0,0,0
1748636284138,-18750000,2060114,2859217,586496,0,0,0,0,0,0,0
1748636284238,-18750000,1997797,2822561,641482,0,0,0,0,0,0,0
1748636284338,-18750000,1928149,2767578,549839,0,0,0,0,0,0,0
1748636284438,-18750000,1873164,2804234,623152,0,0,0,0,0,0,0
1748636284538,-18750000,1829176,2785908,604822,0,0,0,0,0,0,0
1748636284638,-18750000,1829176,2785908,604822,0,0,0,0,0,0,0
1748636284738,-18750000,1829176,2785908,604822,0,0,0,0,0,0,0
1748636284838,-18750000,1829176,2785908,604822,0,0,0,0,0,0,0
1748636284938,-18750000,1829176,2785908,604822,0,0,0,0,0,0,0
1748636285038,-18750000,1829176,2785908,604822,0,0,0,0,0,0,0
1748636285138,-18750000,1829176,2785908,604822,0,0,0,0,0,0,0
1748636285238,-18750000,1829176,2785908,604822,0,0,0,0,0,0,0
1748636285338,-18750000,1829176,2785908,604822,0,0,0,0,0,0,0
1748636285438,-18750000,1829176,2785908,604822,0,0,0,0,0,0,0
1748636285538,-18750000,1829176,2785908,604822,0,0,0,0,0,0,0
1748636285638,-18750000,1722871,2712596,641478,0,0,0,0,0,0,0
1748636285738,-18750000,1616566,2529311,604822,0,0,0,0,0,0,0
1748636285838,-18750000,1495598,2419338,604822,0,0,0,0,0,0,0
1748636285938,-18750000,1367299,2309369,513179,0,0,0,0,0,0,0
1748636286038,-18750000,1260994,2401012,513179,0,0,0,0,0,0,0
1748636286138,-18750000,1151023,2364355,421537,0,0,0,0,0,0,0
1748636286238,-18750000,1044718,2217727,384877,0,0,0,0,0,0,0
1748636286338,-18750000,923749,2052768,329894,0,0,0,0,0,0,0
1748636286438,-18750000,810112,1887809,219926,0,0,0,0,0,0,0
1748636286538,-18750000,692810,1722850,201596,0,0,0,0,0,0,0
1748636286638,-18750000,630493,1704520,91627,0,0,0,0,0,0,0
1748636286738,-18750000,582839,1759507,109957,0,0,0,0,0,0,0
1748636286838,-18750000,546182,1704520,73301,0,0,0,0,0,0,0
1748636286938,-18750000,494863,1594548,91627,0,0,0,0,0,0,0
1748636287038,-18750000,436212,1447919,109953,0,0,0,0,0,0,0
1748636287138,-18750000,395890,1447919,128280,0,0,0,0,0,0,0
1748636287238,-18750000,348235,1356281,128280,0,0,0,0,0,0,0
1748636287338,-18750000,296916,1337954,201592,0,0,0,0,0,0,0
1748636287438,-18750000,256594,1282972,274905,0,0,0,0,0,0,0
1748636287538,-18750000,256594,1282972,274905,0,0,0,0,0,0,0
1748636287638,-18750000,256594,1282972,274905,0,0,0,0,0,0,0
1748636287738,-18750000,256594,1282972,274905,0,0,0,0,0,0,0
1748636287838,-18750000,256594,1282972,274905,0,0,0,0,0,0,0
1748636287938,-18750000,256594,1282972,274905,0,0,0,0,0,0,0
1748636288038,-18750000,256594,1282972,274905,0,0,0,0,0,0,0
1748636288138,-18750000,256594,1282972,274905,0,0,0,0,0,0,0
1748636288238,-18750000,256594,1282972,274905,0,0,0,0,0,0,0
1748636288338,-18750000,256594,1282972,274905,0,0,0,0,0,0,0
1748636288438,-18750000,256594,1282972,274905,0,0,0,0,0,0,0
1748636288538,-18750000,124629,1099691,293231,0,0,0,0,0,0,0
1748636288638,-18750000,32988,898076,219915,0,0,0,0,0,0,0
1748636288738,-18750000,-36659,733121,201585,0,0,0,0,0,0,0
1748636288838,-18750000,-106307,659808,201585,0,0,0,0,0,0,0
1748636288938,-18750000,-153962,549839,201585,0,0,0,0,0,0,0
1748636289038,-18750000,-219944,366554,146602,0,0,0,0,0,0,0
1748636289138,-18750000,-271264,348224,91620,0,0,0,0,0,0,0
1748636289238,-18750000,-318917,256582,73290,0,0,0,0,0,0,0
1748636289338,-18750000,-370237,164939,-22,0,0,0,0,0,0,0
1748636289438,-18750000,-392231,73297,36633,0,0,0,0,0,0,0
1748636289538,-18750000,-432553,-15,18307,0,0,0,0,0,0,0
1748636289638,-18750000,-450882,146613,54963,0,0,0,0,0,0,0
1748636289738,-18750000,-480208,201599,54963,0,0,0,0,0,0,0
1748636289838,-18750000,-491205,274912,-22,0,0,0,0,0,0,0
1748636289938,-18750000,-524196,274912,18307,0,0,0,0,0,0,0
1748636290038,-18750000,-546190,238256,-22,0,0,0,0,0,0,0
1748636290138,-18750000,-557187,256586,18303,0,0,0,0,0,0,0
1748636290238,-18750000,-571850,311572,-36678,0,0,0,0,0,0,0
1748636290338,-18750000,-590179,348228,-18352,0,0,0,0,0,0,0
1748636290438,-18750000,-586513,421541,-55008,0,0,0,0,0,0,0
1748636290538,-18750000,-593844,458197,-91664,0,0,0,0,0,0,0
1748636290638,-18750000,-604841,293242,-91664,0,0,0,0,0,0,0
1748636290738,-18750000,-604841,311568,-146651,0,0,0,0,0,0,0
1748636290838,-18750000,-601175,256582,-109991,0,0,0,0,0,0,0
1748636290938,-18750000,-615839,274908,-109991,0,0,0,0,0,0,0
1748636291038,-18750000,-626836,256578,-109991,0,0,0,0,0,0,0
1748636291138,-18750000,-659827,146606,-91661,0,0,0,0,0,0,0
1748636291238,-18750000,-648830,54963,-73334,0,0,0,0,0,0,0
1748636541830,-18750000,-648830,54963,-73334,0,0,0,0,0,0,0
1748636541930,-18750000,-648830,54963,-73334,0,0,0,0,0,0,0
1748636542030,-18750000,-648830,54963,-73334,0,0,0,0,0,0,0
1748636542130,-18750000,-648830,54963,-73334,0,0,0,0,0,0,0
1748636542230,-18750000,-648830,54963,-73334,0,0,0,0,0,0,0
1748636542330,-18750000,-648830,54963,-73334,0,0,0,0,0,0,0
1748636542430,-18750000,-648830,54963,-73334,0,0,0,0,0,0,0
1748636542530,-18750000,-648830,54963,-73334,0,0,0,0,0,0,0
1748636542630,-18750000,-648830,54963,-73334,0,0,0,0,0,0,0
1748636542730,-18750000,-648830,54963,-73334,0,0,0,0,0,0,0
1748636542830,-18750000,-648830,54963,-73334,0,0,0,0,0,0,0
1748636542930,-18750000,223603,898072,934732,0,0,0,0,0,0,0
1748636543030,-18750000,678148,1337954,1502913,0,0,0,0,0,0,0
1748636543130,-18750000,1125363,1869479,2016112,0,0,0,0,0,0,0
1748636543230,-18750000,1568911,2254379,2565967,0,0,0,0,0,0,0
1748636543330,-18750000,2008794,2694262,3097492,0,0,0,0,0,0,0
1748636543430,-18750000,2481668,3097488,3592361,0,0,0,0,0,0,0
1748636543530,-18750000,2939879,3592357,4087229,0,0,0,0,0,0,0
1748636543630,-18750000,3401756,4050569,4600424,0,0,0,0,0,0,0
1748636543730,-18750000,3830642,4417136,5058637,0,0,0,0,0,0,0
1748636543830,-18750000,3837973,4380479,5021977,0,0,0,0,0,0,0
1748636543930,-18750000,3837973,4417136,4985320,0,0,0,0,0,0,0
1748636544030,-18750000,3834308,4472122,4893678,0,0,0,0,0,0,0
1748636544130,-18750000,3848970,4398806,4893678,0,0,0,0,0,0,0
1748636544230,-18750000,3867299,4435462,4948664,0,0,0,0,0,0,0
1748636544330,-18750000,3867299,4435462,4948664,0,0,0,0,0,0,0
1748636544430,-18750000,3867299,4435462,4948664,0,0,0,0,0,0,0
1748636544530,-18750000,3867299,4435462,4948664,0,0,0,0,0,0,0
1748636544630,-18750000,3867299,4435462,4948664,0,0,0,0,0,0,0
1748636544730,-18750000,3867299,4435462,4948664,0,0,0,0,0,0,0
1748636544830,-18750000,3867299,4435462,4948664,0,0,0,0,0,0,0
1748636544930,-18750000,3867299,4435462,4948664,0,0,0,0,0,0,0
1748636545030,-18750000,3867299,4435462,4948664,0,0,0,0,0,0,0
1748636545130,-18750000,3867299,4435462,4948664,0,0,0,0,0,0,0
1748636545230,-18750000,3867299,4435462,4948664,0,0,0,0,0,0,0
1748636545330,-18750000,3944278,4527108,5003647,0,0,0,0,0,0,0
1748636545430,-18750000,3977270,4600424,5113615,0,0,0,0,0,0,0
1748636545530,-18750000,4010261,4747049,5095289,0,0,0,0,0,0,0
1748636545630,-18750000,4046917,4875348,5150276,0,0,0,0,0,0,0
1748636545730,-18750000,4083574,4875348,5223592,0,0,0,0,0,0,0
1748636545830,-18750000,4112899,4930334,5296904,0,0,0,0,0,0,0
1748636545930,-18750000,4164218,4966991,5443533,0,0,0,0,0,0,0
1748636546030,-18750000,4222869,5040307,5498519,0,0,0,0,0,0,0
1748636546130,-18750000,4274189,5131949,5571832,0,0,0,0,0,0,0
1748636546230,-18750000,4292517,5113619,5498519,0,0,0,0,0,0,0
1748636546330,-18750000,4292517,5168602,5315234,0,0,0,0,0,0,0
1748636546430,-18750000,4310845,5150272,5113623,0,0,0,0,0,0,0
1748636546530,-18750000,4310845,5150272,4912008,0,0,0,0,0,0,0
1748636546630,-18750000,4321842,5131946,4692067,0,0,0,0,0,0,0
1748636546730,-18750000,4325508,5223588,4417139,0,0,0,0,0,0,0
1748636546830,-18750000,4329174,5205258,4160542,0,0,0,0,0,0,0
1748636546930,-18750000,4285186,5223584,3830628,0,0,0,0,0,0,0
1748636547030,-18750000,4215538,5168598,3427402,0,0,0,0,0,0,0
1748636547130,-18750000,4142224,5131942,3060832,0,0,0,0,0,0,0
1748636547230,-18750000,4076242,5150272,2767578,0,0,0,0,0,0,0
1748636547330,-18750000,4032254,4985317,2639279,0,0,0,0,0,0,0
1748636547430,-18750000,3951609,5003647,2455994,0,0,0,0,0,0,0
1748636547530,-18750000,3889292,4838692,2236053,0,0,0,0,0,0,0
1748636547630,-18750000,3826976,4838692,2052768,0,0,0,0,0,0,0
1748636547730,-18750000,3738999,4710393,1887813,0,0,0,0,0,0,0
1748636547830,-18750000,3676682,4655407,1722858,0,0,0,0,0,0,0
1748636547930,-18750000,3621697,4453796,1576229,0,0,0,0,0,0,0
1748636548030,-18750000,3570377,4417139,1539569,0,0,0,0,0,0,0
1748636548130,-18750000,3511726,4325497,1374614,0,0,0,0,0,0,0
1748636548230,-18750000,3449410,4178868,1264642,0,0,0,0,0,0,0
1748636548330,-18750000,3383428,4215524,1081357,0,0,0,0,0,0,0
1748636548430,-18750000,3317445,4123882,989714,0,0,0,0,0,0,0
1748636548530,-18750000,3251462,4142212,916402,0,0,0,0,0,0,0
1748636548630,-18750000,3170817,4032239,916402,0,0,0,0,0,0,0
1748636548730,-18750000,3170817,4032239,916402,0,0,0,0,0,0,0
1748636548830,-18750000,3170817,4032239,916402,0,0,0,0,0,0,0
1748636548930,-18750000,3170817,4032239,916402,0,0,0,0,0,0,0
1748636549030,-18750000,3170817,4032239,916402,0,0,0,0,0,0,0
1748636549130,-18750000,3170817,4032239,916402,0,0,0,0,0,0,0
1748636549230,-18750000,3170817,4032239,916402,0,0,0,0,0,0,0
1748636549330,-18750000,3170817,4032239,916402,0,0,0,0,0,0,0
1748636549430,-18750000,3170817,4032239,916402,0,0,0,0,0,0,0
1748636549530,-18750000,3170817,4032239,916402,0,0,0,0,0,0,0
1748636549630,-18750000,3170817,4032239,916402,0,0,0,0,0,0,0
1748636549730,-18750000,3145157,3977253,1521239,0,0,0,0,0,0,0
1748636549830,-18750000,3093838,3958927,2254375,0,0,0,0,0,0,0
1748636549930,-18750000,3086507,3977257,2950859,0,0,0,0,0,0,0
1748636550030,-18750000,3090173,4032239,3665669,0,0,0,0,0,0,0
1748636550130,-18750000,3115832,4160538,4435465,0,0,0,0,0,0,0
1748636550230,-18750000,3141492,4233854,5186932,0,0,0,0,0,0,0
1748636550330,-18750000,3207474,4215528,6085027,0,0,0,0,0,0,0
1748636550430,-18750000,3284453,4178872,6818167,0,0,0,0,0,0,0
1748636550530,-18750000,3383427,4215528,7734588,0,0,0,0,0,0,0
1748636550630,-18750000,3500729,4380487,8541041,0,0,0,0,0,0,0
1748636550730,-18750000,3610700,4472129,8705996,0,0,0,0,0,0,0
1748636550830,-18750000,3728002,4508786,8815968,0,0,0,0,0,0,0
1748636550930,-18750000,3841638,4655411,8870951,0,0,0,0,0,0,0
1748636551030,-18750000,3933280,4692071,8907611,0,0,0,0,0,0,0
1748636551130,-18750000,4039585,4728727,8870954,0,0,0,0,0,0,0
1748636551230,-18750000,4149555,4783709,8724325,0,0,0,0,0,0,0
1748636551330,-18750000,4208206,4912008,8321099,0,0,0,0,0,0,0
1748636551430,-18750000,4303514,5003647,7991185,0,0,0,0,0,0,0
1748636551530,-18750000,4376828,5095289,7459660,0,0,0,0,0,0,0
1748636551630,-18750000,4413485,5150272,6946462,0,0,0,0,0,0,0
1748636551730,-18750000,4431814,5223584,6433267,0,0,0,0,0,0,0
1748636551830,-18750000,4439145,5278571,5846755,0,0,0,0,0,0,0
1748636551930,-18750000,4442811,5315227,5333560,0,0,0,0,0,0,0
1748636552030,-18750000,4424482,5260241,4692063,0,0,0,0,0,0,0
1748636552130,-18750000,4398823,5186928,4160538,0,0,0,0,0,0,0
1748636552230,-18750000,4354834,5260244,3793972,0,0,0,0,0,0,0
1748636552330,-18750000,4332841,5186928,3482388,0,0,0,0,0,0,0
1748636552430,-18750000,4270524,5186928,3317433,0,0,0,0,0,0,0
1748636552530,-18750000,4211873,5150272,3170804,0,0,0,0,0,0,0
1748636552630,-18750000,4153222,5076959,3042505,0,0,0,0,0,0,0
1748636552730,-18750000,4094572,5021973,2914207,0,0,0,0,0,0,0
1748636552830,-18750000,4032255,4966987,2804234,0,0,0,0,0,0,0
1748636552930,-18750000,3969938,4838688,2620949,0,0,0,0,0,0,0
1748636553030,-18750000,3911288,4820358,2547637,0,0,0,0,0,0,0
1748636553130,-18750000,3856302,4692059,2437664,0,0,0,0,0,0,0
1748636553230,-18750000,3812314,4600417,2547633,0,0,0,0,0,0,0
1748636553330,-18750000,3749997,4637077,2950859,0,0,0,0,0,0,0
1748636553430,-18750000,3709674,4637077,3335755,0,0,0,0,0,0,0
1748636553530,-18750000,3680348,4673733,3757312,0,0,0,0,0,0,0
1748636553630,-18750000,3695011,4655403,4215524,0,0,0,0,0,0,0
1748636553730,-18750000,3709673,4728719,4783705,0,0,0,0,0,0,0
1748636553830,-18750000,3731667,4728719,5296904,0,0,0,0,0,0,0
1748636553930,-18750000,3749996,4747049,5975058,0,0,0,0,0,0,0
1748636554030,-18750000,3826975,4820366,6634882,0,0,0,0,0,0,0
1748636554130,-18750000,3889292,5003647,7331362,0,0,0,0,0,0,0
1748636554230,-18750000,3966271,5058633,7532977,0,0,0,0,0,0,0
1748636554330,-18750000,4039585,5003647,7368018,0,0,0,0,0,0,0
1748636554430,-18750000,4105567,5076963,7129747,0,0,0,0,0,0,0
1748636554530,-18750000,4164218,5003647,6854819,0,0,0,0,0,0,0
1748636554630,-18750000,4186212,5040307,6543236,0,0,0,0,0,0,0
1748636554730,-18750000,4200875,4985321,6048367,0,0,0,0,0,0,0
1748636554830,-18750000,4244863,4985321,5553498,0,0,0,0,0,0,0
1748636554930,-18750000,4248528,5058633,4930331,0,0,0,0,0,0,0
1748636555030,-18750000,4226534,5021973,4307163,0,0,0,0,0,0,0
1748636555130,-18750000,4197209,4948661,3702326,0,0,0,0,0,0,0
1748636555230,-18750000,4149555,4948661,3354086,0,0,0,0,0,0,0
1748636555330,-18750000,4101901,5003647,3170804,0,0,0,0,0,0,0
1748636555430,-18750000,4043249,4948661,2895881,0,0,0,0,0,0,0
1748636555530,-18750000,3980933,5021977,2694269,0,0,0,0,0,0,0
1748636555630,-18750000,3947942,5040303,2474328,0,0,0,0,0,0,0
1748636555730,-18750000,3929613,5095289,2382685,0,0,0,0,0,0,0
1748636555830,-18750000,3900288,5076959,2309373,0,0,0,0,0,0,0
1748636555930,-18750000,3918617,5021973,2272717,0,0,0,0,0,0,0
1748636556030,-18750000,3933279,5021973,2199400,0,0,0,0,0,0,0
1748636556130,-18750000,3951608,5040303,2144414,0,0,0,0,0,0,0
1748636556230,-18750000,3984599,5040303,2034442,0,0,0,0,0,0,0
1748636556330,-18750000,3929613,4985317,1869483,0,0,0,0,0,0,0
1748636556430,-18750000,3881960,4857018,1832823,0,0,0,0,0,0,0
1748636556530,-18750000,3823309,4637077,1759507,0,0,0,0,0,0,0
1748636556630,-18750000,3749995,4472122,1704521,0,0,0,0,0,0,0
1748636556730,-18750000,3643690,4252181,1631208,0,0,0,0,0,0,0
1748636556830,-18750000,3526388,4197198,1612878,0,0,0,0,0,0,0
1748636556930,-18750000,3379760,4142216,1576218,0,0,0,0,0,0,0
1748636557030,-18750000,3240464,4032247,1631204,0,0,0,0,0,0,0
1748636557130,-18750000,3097502,3867288,1686191,0,0,0,0,0,0,0
1748636557230,-18750000,2947209,3738989,1997774,0,0,0,0,0,0,0
1748636557330,-18750000,2895890,3665677,2492643,0,0,0,0,0,0,0
1748636557430,-18750000,2859233,3684007,3024168,0,0,0,0,0,0,0
1748636557530,-18750000,2848235,3830632,3610679,0,0,0,0,0,0,0
1748636557630,-18750000,2837239,3903944,4178860,0,0,0,0,0,0,0
1748636557730,-18750000,2862899,3958930,4802028,0,0,0,0,0,0,0
1748636557830,-18750000,2910554,3995587,5370209,0,0,0,0,0,0,0
1748636557930,-18750000,2972870,3940600,5975051,0,0,0,0,0,0,0
1748636558030,-18750000,3035187,3995587,6524906,0,0,0,0,0,0,0
1748636558130,-18750000,3115832,4032247,7093087,0,0,0,0,0,0,0
1748636558230,-18750000,3218472,4087229,7404671,0,0,0,0,0,0,0
1748636558330,-18750000,3321112,4160542,7569626,0,0,0,0,0,0,0
1748636558430,-18750000,3445745,4325497,7734584,0,0,0,0,0,0,0
1748636558530,-18750000,3541053,4325497,7844557,0,0,0,0,0,0,0
1748636558630,-18750000,3654689,4307170,7991186,0,0,0,0,0,0,0
1748636558730,-18750000,3749997,4472125,8082828,0,0,0,0,0,0,0
1748636558830,-18750000,3848970,4472125,8137814,0,0,0,0,0,0,0
1748636558930,-18750000,3922283,4600424,8229457,0,0,0,0,0,0,0
1748636559030,-18750000,4017591,4692067,8302769,0,0,0,0,0,0,0
1748636559130,-18750000,4090905,4857022,8321099,0,0,0,0,0,0,0
1748636559230,-18750000,4164218,4893678,8174471,0,0,0,0,0,0,0
1748636559330,-18750000,4241198,4985321,7972859,0,0,0,0,0,0,0
1748636559430,-18750000,4270523,4948664,7606289,0,0,0,0,0,0,0
1748636559530,-18750000,4329174,5058637,7368018,0,0,0,0,0,0,0
1748636559630,-18750000,4376828,5150279,7019778,0,0,0,0,0,0,0
1748636559730,-18750000,4409819,5168606,6634878,0,0,0,0,0,0,0
1748636559830,-18750000,4424482,5241918,6304965,0,0,0,0,0,0,0
1748636559930,-18750000,4468470,5296904,5938395,0,0,0,0,0,0,0
1748636560030,-18750000,4483133,5241918,5535168,0,0,0,0,0,0,0
1748636560130,-18750000,4483133,5205262,5131942,0,0,0,0,0,0,0
1748636560230,-18750000,4483133,5296904,4930331,0,0,0,0,0,0,0
1748636560330,-18750000,4464804,5241918,4802032,0,0,0,0,0,0,0
1748636560430,-18750000,4468470,5278574,4783702,0,0,0,0,0,0,0
1748636560530,-18750000,4442810,5241918,4673729,0,0,0,0,0,0,0
1748636560630,-18750000,4439145,5260244,4600413,0,0,0,0,0,0,0
1748636560730,-18750000,4420817,5223588,4600413,0,0,0,0,0,0,0
1748636560830,-18750000,4402488,5150275,4563757,0,0,0,0,0,0,0
1748636560930,-18750000,4391492,5131945,4490444,0,0,0,0,0,0,0
1748636561030,-18750000,4365832,5150272,4435462,0,0,0,0,0,0,0
1748636561130,-18750000,4365832,5168598,4398806,0,0,0,0,0,0,0
1748636561230,-18750000,4336507,5150272,4398806,0,0,0,0,0,0,0
1748636561330,-18750000,4329175,5205258,4362149,0,0,0,0,0,0,0
1748636561430,-18750000,4314513,5186928,4380479,0,0,0,0,0,0,0
1748636561530,-18750000,4310847,5168598,4343823,0,0,0,0,0,0,0
1748636561630,-18750000,4274190,5150272,4343823,0,0,0,0,0,0,0
1748636561730,-18750000,4259527,5186928,4307167,0,0,0,0,0,0,0
1748636561830,-18750000,4241199,5260240,4325497,0,0,0,0,0,0,0
1748636561930,-18750000,4204542,5168598,4325497,0,0,0,0,0,0,0
1748636562030,-18750000,4197211,5205258,4343823,0,0,0,0,0,0,0
1748636562130,-18750000,4171551,5131945,4362149,0,0,0,0,0,0,0
1748636562230,-18750000,4156888,5076959,4288837,0,0,0,0,0,0,0
1748636562330,-18750000,4112899,5058629,4215520,0,0,0,0,0,0,0
1748636562430,-18750000,4072576,5113616,4123878,0,0,0,0,0,0,0
1748636562530,-18750000,4032254,5003647,4087222,0,0,0,0,0,0,0
1748636562630,-18750000,3984600,4966987,4013909,0,0,0,0,0,0,0
1748636562730,-18750000,3958940,4820362,3958927,0,0,0,0,0,0,0
1748636562830,-18750000,3936946,4747049,3848954,0,0,0,0,0,0,0
1748636562930,-18750000,3896623,4783706,3848954,0,0,0,0,0,0,0
1748636563030,-18750000,3856300,4765376,3793968,0,0,0,0,0,0,0
1748636563130,-18750000,3808646,4765376,3665669,0,0,0,0,0,0,0
1748636563230,-18750000,3775655,4783706,3922267,0,0,0,0,0,0,0
1748636563330,-18750000,3771989,4637081,4270507,0,0,0,0,0,0,0
1748636563430,-18750000,3771989,4527108,4582090,0,0,0,0,0,0,0
1748636563530,-18750000,3779320,4545434,4966987,0,0,0,0,0,0,0
1748636563630,-18750000,3819643,4563764,5388539,0,0,0,0,0,0,0
1748636563730,-18750000,3852634,4600421,5773435,0,0,0,0,0,0,0
1748636563830,-18750000,3896623,4582091,6213318,0,0,0,0,0,0,0
1748636563930,-18750000,3958940,4545434,6634870,0,0,0,0,0,0,0
1748636564030,-18750000,4013924,4600420,7129739,0,0,0,0,0,0,0
1748636564130,-18750000,4079907,4710389,7661264,0,0,0,0,0,0,0
1748636564230,-18750000,4167884,4692059,7661264,0,0,0,0,0,0,0
1748636564330,-18750000,4255860,4875341,7514639,0,0,0,0,0,0,0
1748636564430,-18750000,4329174,4912001,7276368,0,0,0,0,0,0,0
1748636564530,-18750000,4376828,5058629,6964784,0,0,0,0,0,0,0
1748636564630,-18750000,4406153,5095286,6653201,0,0,0,0,0,0,0
1748636564730,-18750000,4446475,5150272,6396603,0,0,0,0,0,0,0
1748636564830,-18750000,4457472,5278571,6030037,0,0,0,0,0,0,0
1748636564930,-18750000,4472135,5388543,5608484,0,0,0,0,0,0,0
1748636565030,-18750000,4472135,5333557,5186932,0,0,0,0,0,0,0
1748636565130,-18750000,4479466,5260244,4692063,0,0,0,0,0,0,0
1748636565230,-18750000,4439144,5223588,4435466,0,0,0,0,0,0,0
1748636565330,-18750000,4398822,5150276,4307167,0,0,0,0,0,0,0
1748636565430,-18750000,4354834,5186932,4233854,0,0,0,0,0,0,0
1748636565530,-18750000,4329174,5131946,4142216,0,0,0,0,0,0,0
1748636565630,-18750000,4303514,5058633,4087233,0,0,0,0,0,0,0
1748636565730,-18750000,4241198,5040303,3958934,0,0,0,0,0,0,0
1748636565830,-18750000,4193543,4985321,3940604,0,0,0,0,0,0,0
1748636565930,-18750000,4142223,4948664,3830632,0,0,0,0,0,0,0
1748636566030,-18750000,4105566,4948664,3720659,0,0,0,0,0,0,0
1748636566130,-18750000,4076240,5021977,3720659,0,0,0,0,0,0,0
1748636566230,-18750000,4035917,5021977,3903941,0,0,0,0,0,0,0
1748636566330,-18750000,4002926,5003647,4178864,0,0,0,0,0,0,0
1748636566430,-18750000,3991928,4966991,4527104,0,0,0,0,0,0,0
1748636566530,-18750000,3995594,4930334,4875344,0,0,0,0,0,0,0
1748636566630,-18750000,4006592,4966991,5186928,0,0,0,0,0,0,0
1748636566730,-18750000,4046915,5040303,5553494,0,0,0,0,0,0,0
1748636566830,-18750000,4072575,5076959,5956721,0,0,0,0,0,0,0
1748636566930,-18750000,4112898,5095286,6396603,0,0,0,0,0,0,0
1748636567030,-18750000,4175215,5150272,6873142,0,0,0,0,0,0,0
1748636567130,-18750000,4211872,5113616,7349684,0,0,0,0,0,0,0
1748636567230,-18750000,4285186,5205258,7404670,0,0,0,0,0,0,0
1748636567330,-18750000,4336506,5296901,7203059,0,0,0,0,0,0,0
1748636567430,-18750000,4398823,5425199,6946462,0,0,0,0,0,0,0
1748636567530,-18750000,4446477,5388543,6763177,0,0,0,0,0,0,0
1748636567630,-18750000,4468472,5480185,6433263,0,0,0,0,0,0,0
1748636567730,-18750000,4472137,5425203,6158336,0,0,0,0,0,0,0
1748636567830,-18750000,4497796,5516845,5791766,0,0,0,0,0,0,0
1748636567930,-18750000,4516125,5461859,5461856,0,0,0,0,0,0,0
1748636568030,-18750000,4519791,5425203,5131946,0,0,0,0,0,0,0
1748636568130,-18750000,4512460,5480189,4710389,0,0,0,0,0,0,0
1748636568230,-18750000,4497796,5498516,4508778,0,0,0,0,0,0,0
1748636568330,-18750000,4483133,5425203,4417136,0,0,0,0,0,0,0
1748636568430,-18750000,4464805,5333561,4325493,0,0,0,0,0,0,0
1748636568530,-18750000,4420817,5425203,4142208,0,0,0,0,0,0,0
1748636568630,-18750000,4391491,5333561,4160538,0,0,0,0,0,0,0
1748636568730,-18750000,4365831,5351887,4105556,0,0,0,0,0,0,0
1748636568830,-18750000,4340171,5205258,4013913,0,0,0,0,0,0,0
1748636568930,-18750000,4307180,5241918,3995583,0,0,0,0,0,0,0
1748636569030,-18750000,4252195,5241918,3922271,0,0,0,0,0,0,0
1748636569130,-18750000,4226535,5076963,3830628,0,0,0,0,0,0,0
1748636569230,-18750000,4193544,5040307,3757312,0,0,0,0,0,0,0
1748636569330,-18750000,4156887,5076963,3683999,0,0,0,0,0,0,0
1748636569430,-18750000,4090905,4985321,3665673,0,0,0,0,0,0,0
1748636569530,-18750000,4054248,4948664,3684003,0,0,0,0,0,0,0
1748636569630,-18750000,4021257,4912008,3610687,0,0,0,0,0,0,0
1748636569730,-18750000,3999263,4893682,3574030,0,0,0,0,0,0,0
1748636569830,-18750000,3958940,4912012,3537374,0,0,0,0,0,0,0
1748636569930,-18750000,3911286,4912012,3445732,0,0,0,0,0,0,0
1748636570030,-18750000,3867298,4838696,3335759,0,0,0,0,0,0,0
1748636570130,-18750000,3834307,4783709,3354089,0,0,0,0,0,0,0
1748636570230,-18750000,3815978,4747053,3610691,0,0,0,0,0,0,0
1748636570330,-18750000,3790319,4692067,3977257,0,0,0,0,0,0,0
1748636570430,-18750000,3790319,4747053,4307167,0,0,0,0,0,0,0
1748636570530,-18750000,3819644,4747053,4637077,0,0,0,0,0,0,0
1748636570630,-18750000,3826975,4765379,5076959,0,0,0,0,0,0,0
1748636570730,-18750000,3848969,4747049,5406869,0,0,0,0,0,0,0
1748636570830,-18750000,3881960,4710389,5846752,0,0,0,0,0,0,0
1748636570930,-18750000,3925948,4618747,6323290,0,0,0,0,0,0,0
1748636571030,-18750000,4006593,4692063,6836485,0,0,0,0,0,0,0
1748636571130,-18750000,4076241,4893675,7313024,0,0,0,0,0,0,0
1748636571230,-18750000,4138558,4893675,7331350,0,0,0,0,0,0,0
1748636571330,-18750000,4215538,4875348,7184725,0,0,0,0,0,0,0
1748636571430,-18750000,4259526,4930331,6928128,0,0,0,0,0,0,0
1748636571530,-18750000,4292518,4912001,6726517,0,0,0,0,0,0,0
1748636571630,-18750000,4340171,4985317,6359950,0,0,0,0,0,0,0
1748636571730,-18750000,4373163,4948661,6066697,0,0,0,0,0,0,0
1748636571830,-18750000,4387826,5040303,5755113,0,0,0,0,0,0,0
1748636571930,-18750000,4402489,5150272,5388547,0,0,0,0,0,0,0
1748636572030,-18750000,4398823,5186928,5021981,0,0,0,0,0,0,0
1748636572130,-18750000,4376828,5113616,4673741,0,0,0,0,0,0,0
1748636572230,-18750000,4351168,5131946,4472129,0,0,0,0,0,0,0
1748636572330,-18750000,4332840,5223588,4288844,0,0,0,0,0,0,0
1748636572430,-18750000,4310845,5241918,4178872,0,0,0,0,0,0,0
1748636572530,-18750000,4281520,5278574,4050573,0,0,0,0,0,0,0
1748636572630,-18750000,4263192,5223588,4050573,0,0,0,0,0,0,0
1748636572730,-18750000,4211872,5241914,4032243,0,0,0,0,0,0,0
1748636572830,-18750000,4200875,5205258,3940601,0,0,0,0,0,0,0
1748636572930,-18750000,4167884,5040303,3922271,0,0,0,0,0,0,0
1748636573030,-18750000,4120230,5021973,3812298,0,0,0,0,0,0,0
1748636573130,-18750000,4083573,5040303,3720656,0,0,0,0,0,0,0
1748636573230,-18750000,4046916,5021973,3867281,0,0,0,0,0,0,0
1748636573330,-18750000,4017590,4893674,4160534,0,0,0,0,0,0,0
1748636573430,-18750000,4010259,4857018,4508774,0,0,0,0,0,0,0
1748636573530,-18750000,3999262,4802032,4893671,0,0,0,0,0,0,0
1748636573630,-18750000,4002927,4838688,5186924,0,0,0,0,0,0,0
1748636573730,-18750000,4002927,4802032,5516838,0,0,0,0,0,0,0
1748636573830,-18750000,4039584,4857018,5883408,0,0,0,0,0,0,0
1748636573930,-18750000,4079906,4948661,6231648,0,0,0,0,0,0,0
1748636574030,-18750000,4138557,4966991,6763173,0,0,0,0,0,0,0
1748636574130,-18750000,4197209,5003647,7148069,0,0,0,0,0,0,0
1748636574230,-18750000,4197209,5076959,7184729,0,0,0,0,0,0,0
1748636574330,-18750000,4307180,5205258,6983118,0,0,0,0,0,0,0
1748636574430,-18750000,4307180,5168602,6744851,0,0,0,0,0,0,0
1748636574530,-18750000,4354834,5150275,6488253,0,0,0,0,0,0,0
1748636574630,-18750000,4398822,5131949,6268312,0,0,0,0,0,0,0
1748636574730,-18750000,4439145,5131949,5956728,0,0,0,0,0,0,0
1748636574830,-18750000,4494131,5131953,5663474,0,0,0,0,0,0,0
1748636574930,-18750000,4494131,5131953,5370221,0,0,0,0,0,0,0
1748636575030,-18750000,4508794,5260252,4912012,0,0,0,0,0,0,0
1748636575130,-18750000,4490465,5260252,4600428,0,0,0,0,0,0,0
1748636575230,-18750000,4479468,5278578,4380487,0,0,0,0,0,0,0
1748636575330,-18750000,4457474,5113623,4270514,0,0,0,0,0,0,0
1748636575430,-18750000,4431814,5113623,4270514,0,0,0,0,0,0,0
1748636575530,-18750000,4417151,5241918,4050569,0,0,0,0,0,0,0
1748636575630,-18750000,4387826,5241918,4050569,0,0,0,0,0,0,0
1748636575730,-18750000,4332840,5241918,3958927,0,0,0,0,0,0,0
1748636575830,-18750000,4318178,5260244,3958927,0,0,0,0,0,0,0
1748636575930,-18750000,4318178,5260244,3958927,0,0,0,0,0,0,0
1748636576030,-18750000,4318178,5260244,3958927,0,0,0,0,0,0,0
1748636576130,-18750000,4318178,5260244,3958927,0,0,0,0,0,0,0
1748636576230,-18750000,4318178,5260244,3958927,0,0,0,0,0,0,0
1748636576330,-18750000,4318178,5260244,3958927,0,0,0,0,0,0,0
1748636576430,-18750000,4318178,5260244,3958927,0,0,0,0,0,0,0
1748636576530,-18750000,4318178,5260244,3958927,0,0,0,0,0,0,0
1748636576630,-18750000,4318178,5260244,3958927,0,0,0,0,0,0,0
1748636576730,-18750000,4318178,5260244,3958927,0,0,0,0,0,0,0
1748636576830,-18750000,4241198,5186928,3885610,0,0,0,0,0,0,0
1748636576930,-18750000,4164219,5003643,3738982,0,0,0,0,0,0,0
1748636577030,-18750000,4083574,4912001,3702322,0,0,0,0,0,0,0
1748636577130,-18750000,4024923,4820358,3610679,0,0,0,0,0,0,0
1748636577230,-18750000,3969937,4857014,3537363,0,0,0,0,0,0,0
1748636577330,-18750000,3914952,4747042,3720648,0,0,0,0,0,0,0
1748636577430,-18750000,3845304,4673729,4343815,0,0,0,0,0,0,0
1748636577530,-18750000,3801316,4582087,4343815,0,0,0,0,0,0,0
1748636577630,-18750000,3782987,4490444,4655395,0,0,0,0,0,0,0
1748636577730,-18750000,3742664,4343819,4985309,0,0,0,0,0,0,0
1748636577830,-18750000,3753661,4362149,5406866,0,0,0,0,0,0,0
1748636577930,-18750000,3790317,4435462,5865078,0,0,0,0,0,0,0
1748636578030,-18750000,3856300,4435462,6268304,0,0,0,0,0,0,0
1748636578130,-18750000,3896622,4490448,6689861,0,0,0,0,0,0,0
1748636578230,-18750000,3947942,4582091,7148073,0,0,0,0,0,0,0
1748636578330,-18750000,4006594,4710389,7423001,0,0,0,0,0,0,0
1748636578430,-18750000,4094570,4765375,7569629,0,0,0,0,0,0,0
1748636578530,-18750000,4153221,4875348,7624616,0,0,0,0,0,0,0
1748636578630,-18750000,4200875,5021973,7734588,0,0,0,0,0,0,0
1748636578730,-18750000,4259526,5205254,7771244,0,0,0,0,0,0,0
1748636578830,-18750000,4354835,5296897,7789571,0,0,0,0,0,0,0
1748636578930,-18750000,4406155,5388539,7844557,0,0,0,0,0,0,0
1748636579030,-18750000,4453809,5480182,7899543,0,0,0,0,0,0,0
1748636579130,-18750000,4512460,5443526,7991185,0,0,0,0,0,0,0
1748636579230,-18750000,4574776,5351883,8027842,0,0,0,0,0,0,0
1748636579330,-18750000,4618765,5425199,7972855,0,0,0,0,0,0,0
1748636579430,-18750000,4651756,5443526,7972855,0,0,0,0,0,0,0
1748636579530,-18750000,4717738,5516838,8046168,0,0,0,0,0,0,0
1748636579630,-18750000,4769059,5571824,8064498,0,0,0,0,0,0,0
1748636579730,-18750000,4809381,5590154,8064498,0,0,0,0,0,0,0
1748636579830,-18750000,4831375,5663467,8119484,0,0,0,0,0,0,0
1748636579930,-18750000,4875363,5736783,8156141,0,0,0,0,0,0,0
1748636580030,-18750000,4915685,5791769,8174471,0,0,0,0,0,0,0
1748636580130,-18750000,4970671,5865082,8174471,0,0,0,0,0,0,0
1748636580230,-18750000,4999996,5956724,8211127,0,0,0,0,0,0,0
1748636580330,-18750000,5047649,5956724,8302769,0,0,0,0,0,0,0
1748636580430,-18750000,5080640,5993384,8339426,0,0,0,0,0,0,0
1748636580530,-18750000,5113632,6011714,8284439,0,0,0,0,0,0,0
1748636580630,-18750000,5146623,5938402,8302766,0,0,0,0,0,0,0
1748636580730,-18750000,5168618,5956732,8321096,0,0,0,0,0,0,0
1748636580830,-18750000,5194277,5993388,8339426,0,0,0,0,0,0,0
1748636580930,-18750000,5208940,5993388,8321096,0,0,0,0,0,0,0
1748636581030,-18750000,5241931,6066701,8321096,0,0,0,0,0,0,0
1748636581130,-18750000,5252928,6176673,8302766,0,0,0,0,0,0,0
1748636581230,-18750000,5293251,6249989,8357752,0,0,0,0,0,0,0
1748636581330,-18750000,5315246,6286646,8339426,0,0,0,0,0,0,0
1748636581430,-18750000,5337239,6323302,8339426,0,0,0,0,0,0,0
1748636581530,-18750000,5348236,6304972,8376086,0,0,0,0,0,0,0
1748636581630,-18750000,5384893,6396614,8394416,0,0,0,0,0,0,0
1748636581730,-18750000,5425215,6524913,8394416,0,0,0,0,0,0,0
1748636581830,-18750000,5454541,6524913,8394416,0,0,0,0,0,0,0
1748636581930,-18750000,5502195,6524913,8357759,0,0,0,0,0,0,0
1748636582030,-18750000,5524190,6488257,8412742,0,0,0,0,0,0,0
1748636582130,-18750000,5535187,6469927,8431072,0,0,0,0,0,0,0
1748636582230,-18750000,5538852,6561569,8376086,0,0,0,0,0,0,0
1748636582330,-18750000,5542517,6543239,8376086,0,0,0,0,0,0,0
1748636582430,-18750000,5535186,6598222,8394416,0,0,0,0,0,0,0
1748636582530,-18750000,5531521,6561565,8412742,0,0,0,0,0,0,0
1748636582630,-18750000,5524190,6561565,8412742,0,0,0,0,0,0,0
1748636582730,-18750000,5505861,6488249,8449398,0,0,0,0,0,0,0
1748636582830,-18750000,5491198,6469923,8412742,0,0,0,0,0,0,0
1748636582930,-18750000,5472869,6378280,8467728,0,0,0,0,0,0,0
1748636583030,-18750000,5465538,6341624,8412746,0,0,0,0,0,0,0
1748636583130,-18750000,5469203,6323298,8412746,0,0,0,0,0,0,0
1748636583230,-18750000,5461872,6231655,8412746,0,0,0,0,0,0,0
1748636583330,-18750000,5465538,6304968,8394416,0,0,0,0,0,0,0
1748636583430,-18750000,5487532,6304968,8376086,0,0,0,0,0,0,0
1748636583530,-18750000,5505861,6341624,8394416,0,0,0,0,0,0,0
1748636583630,-18750000,5516857,6341624,8394416,0,0,0,0,0,0,0
1748636583730,-18750000,5553514,6323298,8394416,0,0,0,0,0,0,0
1748636583830,-18750000,5568178,6323298,8376086,0,0,0,0,0,0,0
1748636583930,-18750000,5575509,6469923,8357756,0,0,0,0,0,0,0
1748636584030,-18750000,5586506,6543235,8394412,0,0,0,0,0,0,0
1748636584130,-18750000,5593837,6433263,8412738,0,0,0,0,0,0,0
1748636584230,-18750000,5608499,6433263,8394412,0,0,0,0,0,0,0
1748636584330,-18750000,5619497,6414937,8394412,0,0,0,0,0,0,0
1748636584430,-18750000,5615831,6359954,8376086,0,0,0,0,0,0,0
1748636584530,-18750000,5623162,6378284,8339429,0,0,0,0,0,0,0
1748636584630,-18750000,5634159,6414940,8284443,0,0,0,0,0,0,0
1748636584730,-18750000,5612165,6488253,8284443,0,0,0,0,0,0,0
1748636584830,-18750000,5615830,6488253,8321099,0,0,0,0,0,0,0
1748636584930,-18750000,5619496,6414940,8284443,0,0,0,0,0,0,0
1748636585030,-18750000,5615830,6359954,8266113,0,0,0,0,0,0,0
1748636585130,-18750000,5604834,6524909,8266113,0,0,0,0,0,0,0
1748636585230,-18750000,5601169,6561565,8339425,0,0,0,0,0,0,0
1748636585330,-18750000,5601169,6506579,8412738,0,0,0,0,0,0,0
1748636585430,-18750000,5597503,6506579,8467720,0,0,0,0,0,0,0
1748636585530,-18750000,5590172,6506579,8504377,0,0,0,0,0,0,0
1748636585630,-18750000,5575509,6488249,8559363,0,0,0,0,0,0,0
1748636585730,-18750000,5579174,6396607,8541033,0,0,0,0,0,0,0
1748636585830,-18750000,5571843,6469919,8541033,0,0,0,0,0,0,0
1748636585930,-18750000,5553515,6451593,8541033,0,0,0,0,0,0,0
1748636586030,-18750000,5553515,6469923,8486047,0,0,0,0,0,0,0
1748636586130,-18750000,5560846,6359954,8431064,0,0,0,0,0,0,0
1748636586230,-18750000,5564511,6323298,8376078,0,0,0,0,0,0,0
1748636586330,-18750000,5564511,6341628,8302766,0,0,0,0,0,0,0
1748636586430,-18750000,5575508,6378284,8247783,0,0,0,0,0,0,0
1748636586530,-18750000,5557180,6304968,8211127,0,0,0,0,0,0,0
1748636586630,-18750000,5535185,6304968,8174470,0,0,0,0,0,0,0
1748636586730,-18750000,5527854,6304968,8174470,0,0,0,0,0,0,0
1748636586830,-18750000,5509526,6231656,8211127,0,0,0,0,0,0,0
1748636586930,-18750000,5527854,6304968,8247783,0,0,0,0,0,0,0
1748636587030,-18750000,5520523,6323294,8339425,0,0,0,0,0,0,0
1748636587130,-18750000,5509526,6323294,8321095,0,0,0,0,0,0,0
1748636587230,-18750000,5494863,6323294,8357752,0,0,0,0,0,0,0
1748636587330,-18750000,5487532,6286638,8394408,0,0,0,0,0,0,0
1748636587430,-18750000,5480200,6176666,8449390,0,0,0,0,0,0,0
1748636587530,-18750000,5487532,6213326,8467717,0,0,0,0,0,0,0
1748636587630,-18750000,5498529,6194999,8504373,0,0,0,0,0,0,0
1748636587730,-18750000,5491198,6213329,8522703,0,0,0,0,0,0,0
1748636587830,-18750000,5502195,6304972,8431061,0,0,0,0,0,0,0
1748636587930,-18750000,5483866,6286642,8467717,0,0,0,0,0,0,0
1748636588030,-18750000,5502195,6249986,8431061,0,0,0,0,0,0,0
1748636588130,-18750000,5494864,6323298,8412731,0,0,0,0,0,0,0
1748636588230,-18750000,5502195,6359954,8339418,0,0,0,0,0,0,0
1748636588330,-18750000,5491198,6359954,8321092,0,0,0,0,0,0,0
1748636588430,-18750000,5502195,6433271,8266109,0,0,0,0,0,0,0
1748636588530,-18750000,5483867,6488253,8229453,0,0,0,0,0,0,0
1748636588630,-18750000,5469204,6524909,8192797,0,0,0,0,0,0,0
1748636588730,-18750000,5487533,6524909,8119480,0,0,0,0,0,0,0
1748636588830,-18750000,5487533,6414937,8156140,0,0,0,0,0,0,0
1748636588930,-18750000,5491199,6323294,8137814,0,0,0,0,0,0,0
1748636589030,-18750000,5480201,6268308,8101158,0,0,0,0,0,0,0
1748636589130,-18750000,5483867,6249982,8119488,0,0,0,0,0,0,0
1748636589230,-18750000,5480201,6213326,8119488,0,0,0,0,0,0,0
1748636589330,-18750000,5491198,6286638,8137814,0,0,0,0,0,0,0
1748636589430,-18750000,5465539,6231652,8137814,0,0,0,0,0,0,0
1748636589530,-18750000,5461873,6231652,8174470,0,0,0,0,0,0,0
1748636589630,-18750000,5472870,6213322,8137810,0,0,0,0,0,0,0
1748636589730,-18750000,5447210,6194992,8137810,0,0,0,0,0,0,0
1748636589830,-18750000,5450876,6194992,8137810,0,0,0,0,0,0,0
1748636589930,-18750000,5447210,6268308,8119480,0,0,0,0,0,0,0
1748636590030,-18750000,5432547,6378281,8119480,0,0,0,0,0,0,0
1748636590130,-18750000,5439879,6359951,8192793,0,0,0,0,0,0,0
1748636590230,-18750000,5403222,6341621,8229449,0,0,0,0,0,0,0
1748636590330,-18750000,5392225,6323291,8174463,0,0,0,0,0,0,0
1748636590430,-18750000,5399556,6323291,8156133,0,0,0,0,0,0,0
1748636590530,-18750000,5414218,6286634,8174463,0,0,0,0,0,0,0
1748636590630,-18750000,5395891,6268308,8229449,0,0,0,0,0,0,0
1748636590730,-18750000,5399556,6213322,8229449,0,0,0,0,0,0,0
1748636590830,-18750000,5392224,6231652,8229449,0,0,0,0,0,0,0
1748636590930,-18750000,5377562,6249978,8192793,0,0,0,0,0,0,0
1748636591030,-18750000,5366565,6176666,8174463,0,0,0,0,0,0,0
1748636591130,-18750000,5333573,6176666,8082820,0,0,0,0,0,0,0
1748636591230,-18750000,5340905,6194996,8046164,0,0,0,0,0,0,0
1748636591330,-18750000,5322576,6140013,8046164,0,0,0,0,0,0,0
1748636591430,-18750000,5304248,6213326,8082820,0,0,0,0,0,0,0
1748636591530,-18750000,5278588,6158339,8027834,0,0,0,0,0,0,0
1748636591630,-18750000,5285919,6140009,7972848,0,0,0,0,0,0,0
1748636591730,-18750000,5260259,6231652,8009508,0,0,0,0,0,0,0
1748636591830,-18750000,5238266,6194996,8009508,0,0,0,0,0,0,0
1748636591930,-18750000,5219937,6140013,8027838,0,0,0,0,0,0,0
1748636592030,-18750000,5197943,6194996,8046168,0,0,0,0,0,0,0
1748636592130,-18750000,5197943,6194996,8046168,0,0,0,0,0,0,0
1748636592230,-18750000,5197943,6194996,8046168,0,0,0,0,0,0,0
1748636592330,-18750000,5197943,6194996,8046168,0,0,0,0,0,0,0
1748636592430,-18750000,5197943,6194996,8046168,0,0,0,0,0,0,0
1748636592530,-18750000,5197943,6194996,8046168,0,0,0,0,0,0,0
1748636592630,-18750000,5197943,6194996,8046168,0,0,0,0,0,0,0
1748636592730,-18750000,5197943,6194996,8046168,0,0,0,0,0,0,0
1748636592830,-18750000,5197943,6194996,8046168,0,0,0,0,0,0,0
1748636592930,-18750000,5197943,6194996,8046168,0,0,0,0,0,0,0
1748636593030,-18750000,5197943,6194996,8046168,0,0,0,0,0,0,0
1748636593130,-18750000,5164952,6176669,7991182,0,0,0,0,0,0,0
1748636593230,-18750000,5164952,6213326,8046168,0,0,0,0,0,0,0
1748636593330,-18750000,5157620,6176669,7844557,0,0,0,0,0,0,0
1748636593430,-18750000,5168618,6140013,7587959,0,0,0,0,0,0,0
1748636593530,-18750000,5150289,6194999,7368018,0,0,0,0,0,0,0
1748636593630,-18750000,5153955,6121687,7074760,0,0,0,0,0,0,0
1748636593730,-18750000,5164952,6103357,6689860,0,0,0,0,0,0,0
1748636593830,-18750000,5179616,6121683,6341617,0,0,0,0,0,0,0
1748636593930,-18750000,5183282,5975058,5956721,0,0,0,0,0,0,0
1748636594030,-18750000,5212607,5920072,5571824,0,0,0,0,0,0,0
1748636594130,-18750000,5219938,5846756,5150272,0,0,0,0,0,0,0
1748636594230,-18750000,5212607,5846756,4618747,0,0,0,0,0,0,0
1748636594330,-18750000,5223604,5791769,4307163,0,0,0,0,0,0,0
1748636594430,-18750000,5216272,5846756,4142208,0,0,0,0,0,0,0
1748636594530,-18750000,5219938,5791769,3977253,0,0,0,0,0,0,0
1748636594630,-18750000,5223603,5791769,3793968,0,0,0,0,0,0,0
1748636594730,-18750000,5183280,5865082,3720656,0,0,0,0,0,0,0
1748636594830,-18750000,5186945,5938394,3592357,0,0,0,0,0,0,0
1748636594930,-18750000,5183279,6011707,3610683,0,0,0,0,0,0,0
1748636595030,-18750000,5142956,5993377,3647339,0,0,0,0,0,0,0
1748636595130,-18750000,5131959,6121676,3665669,0,0,0,0,0,0,0
1748636595230,-18750000,5120962,6048359,3793968,0,0,0,0,0,0,0
1748636595330,-18750000,5106299,6140002,3885610,0,0,0,0,0,0,0
1748636595430,-18750000,5106299,6176658,3995579,0,0,0,0,0,0,0
1748636595530,-18750000,5084305,6176658,4032235,0,0,0,0,0,0,0
1748636595630,-18750000,5087971,6213314,4087222,0,0,0,0,0,0,0
1748636595730,-18750000,5098968,6231644,4123878,0,0,0,0,0,0,0
1748636595830,-18750000,5058646,6066689,4160538,0,0,0,0,0,0,0
1748636595930,-18750000,5043983,6048359,4178868,0,0,0,0,0,0,0
1748636596030,-18750000,5054981,6066689,4252181,0,0,0,0,0,0,0
1748636596130,-18750000,5058647,6030033,4307163,0,0,0,0,0,0,0
1748636596230,-18750000,5054981,6011707,4380479,0,0,0,0,0,0,0
1748636596330,-18750000,5040318,5883408,4380479,0,0,0,0,0,0,0
1748636596430,-18750000,5014658,5865082,4252181,0,0,0,0,0,0,0
1748636596530,-18750000,5025656,5865082,4178868,0,0,0,0,0,0,0
1748636596630,-18750000,5014658,5773439,4050569,0,0,0,0,0,0,0
1748636596730,-18750000,5003661,5681797,3995583,0,0,0,0,0,0,0
1748636596830,-18750000,5025655,5755113,3940597,0,0,0,0,0,0,0
1748636596930,-18750000,5032986,5810099,3903941,0,0,0,0,0,0,0
1748636597030,-18750000,5025655,5773443,3885614,0,0,0,0,0,0,0
1748636597130,-18750000,5025655,5773443,3830632,0,0,0,0,0,0,0
1748636597230,-18750000,5021989,5828429,3793972,0,0,0,0,0,0,0
1748636597330,-18750000,5010992,5846759,3885614,0,0,0,0,0,0,0
1748636597430,-18750000,5014658,5828429,3922271,0,0,0,0,0,0,0
1748636597530,-18750000,4999995,5846759,3977257,0,0,0,0,0,0,0
1748636597630,-18750000,4988998,5975058,4123886,0,0,0,0,0,0,0
1748636597730,-18750000,4999995,6011714,4160546,0,0,0,0,0,0,0
1748636597830,-18750000,4985333,6103353,4197202,0,0,0,0,0,0,0
1748636597930,-18750000,4988999,6121683,4215528,0,0,0,0,0,0,0
1748636598030,-18750000,4992664,6158339,4123886,0,0,0,0,0,0,0
1748636598130,-18750000,5010992,6158339,4105556,0,0,0,0,0,0,0
1748636598230,-18750000,5014658,6121679,4050573,0,0,0,0,0,0,0
1748636598330,-18750000,5025655,6103349,3903944,0,0,0,0,0,0,0
1748636598430,-18750000,5021989,6121679,3830632,0,0,0,0,0,0,0
1748636598530,-18750000,5029320,6048363,3848958,0,0,0,0,0,0,0
1748636598630,-18750000,5032986,5975051,3793972,0,0,0,0,0,0,0
1748636598730,-18750000,5025655,5993381,3793972,0,0,0,0,0,0,0
1748636598830,-18750000,5040317,5901742,3793972,0,0,0,0,0,0,0
1748636598930,-18750000,5051314,5975054,3720659,0,0,0,0,0,0,0
1748636599030,-18750000,5062311,6030041,3738989,0,0,0,0,0,0,0
1748636599130,-18750000,5043983,6030041,3738989,0,0,0,0,0,0,0
1748636599230,-18750000,5047649,6085027,3629017,0,0,0,0,0,0,0
1748636599330,-18750000,5036651,6121683,3610687,0,0,0,0,0,0,0
1748636599430,-18750000,5062311,6121683,3574030,0,0,0,0,0,0,0
1748636599530,-18750000,5069643,6158343,3482388,0,0,0,0,0,0,0
1748636599630,-18750000,5069643,6158343,3482388,0,0,0,0,0,0,0
1748636599730,-18750000,5069643,6158343,3482388,0,0,0,0,0,0,0
1748636599830,-18750000,5069643,6158343,3482388,0,0,0,0,0,0,0
1748636599930,-18750000,5069643,6158343,3482388,0,0,0,0,0,0,0
1748636600030,-18750000,5069643,6158343,3482388,0,0,0,0,0,0,0
1748636600130,-18750000,5069643,6158343,3482388,0,0,0,0,0,0,0
1748636600230,-18750000,5069643,6158343,3482388,0,0,0,0,0,0,0
1748636600330,-18750000,5069643,6158343,3482388,0,0,0,0,0,0,0
1748636600430,-18750000,5069643,6158343,3482388,0,0,0,0,0,0,0
1748636600530,-18750000,5069643,6158343,3482388,0,0,0,0,0,0,0
1748636600630,-18750000,5054981,6231656,3445732,0,0,0,0,0,0,0
1748636600730,-18750000,5069643,6085027,3372415,0,0,0,0,0,0,0
1748636600830,-18750000,5051315,5993384,3317429,0,0,0,0,0,0,0
1748636600930,-18750000,5043983,5828429,3244117,0,0,0,0,0,0,0
1748636601030,-18750000,5043983,5810099,3189131,0,0,0,0,0,0,0
1748636601130,-18750000,5043983,5755113,3170801,0,0,0,0,0,0,0
1748636601230,-18750000,5036652,5736787,3207457,0,0,0,0,0,0,0
1748636601330,-18750000,5058647,5736787,3170801,0,0,0,0,0,0,0
1748636601430,-18750000,5021990,5773443,3189127,0,0,0,0,0,0,0
1748636601530,-18750000,5003662,5828426,3152471,0,0,0,0,0,0,0
1748636601630,-18750000,5018324,5810099,3170797,0,0,0,0,0,0,0
1748636601730,-18750000,5003662,5920072,3134141,0,0,0,0,0,0,0
1748636601830,-18750000,5003662,6085027,3097484,0,0,0,0,0,0,0
1748636601930,-18750000,4985333,6194996,3134141,0,0,0,0,0,0,0
1748636602030,-18750000,4970671,6176669,3134141,0,0,0,0,0,0,0
1748636602130,-18750000,4967005,6176669,3079158,0,0,0,0,0,0,0
1748636602230,-18750000,4963339,6085027,3042502,0,0,0,0,0,0,0
1748636602330,-18750000,4959673,6158343,3024176,0,0,0,0,0,0,0
1748636602430,-18750000,4974335,6066701,3024176,0,0,0,0,0,0,0
1748636602530,-18750000,4978000,6066701,3005849,0,0,0,0,0,0,0
1748636602630,-18750000,4978000,5993384,3024179,0,0,0,0,0,0,0
1748636602730,-18750000,4974334,5956724,3115822,0,0,0,0,0,0,0
1748636602830,-18750000,4963338,5901738,3134152,0,0,0,0,0,0,0
1748636602930,-18750000,4974335,5828426,3134152,0,0,0,0,0,0,0
1748636603030,-18750000,4956007,5828426,3097495,0,0,0,0,0,0,0
1748636603130,-18750000,4945010,5865086,3079165,0,0,0,0,0,0,0
1748636603230,-18750000,4941345,5938398,3134152,0,0,0,0,0,0,0
1748636603330,-18750000,4919351,5883412,3445735,0,0,0,0,0,0,0
1748636603430,-18750000,4915685,5901738,3830632,0,0,0,0,0,0,0
1748636603530,-18750000,4915685,5956724,4252184,0,0,0,0,0,0,0
1748636603630,-18750000,4915685,5975054,4655410,0,0,0,0,0,0,0
1748636603730,-18750000,4926683,5993384,5040307,0,0,0,0,0,0,0
1748636603830,-18750000,4952342,5938398,5553502,0,0,0,0,0,0,0
1748636603930,-18750000,4959674,5956728,6030040,0,0,0,0,0,0,0
1748636604030,-18750000,4988999,5975054,6524905,0,0,0,0,0,0,0
1748636604130,-18750000,5007328,5975054,7038100,0,0,0,0,0,0,0
1748636604230,-18750000,5014659,5920068,7496313,0,0,0,0,0,0,0
1748636604330,-18750000,5047650,5901738,7459653,0,0,0,0,0,0,0
1748636604430,-18750000,5065979,5920068,7276372,0,0,0,0,0,0,0
1748636604530,-18750000,5062313,5846756,7056431,0,0,0,0,0,0,0
1748636604630,-18750000,5058647,5773443,6763173,0,0,0,0,0,0,0
1748636604730,-18750000,5054981,5773443,6378277,0,0,0,0,0,0,0
1748636604830,-18750000,5036653,5791773,5938394,0,0,0,0,0,0,0
1748636604930,-18750000,5025656,5773443,5425199,0,0,0,0,0,0,0
1748636605030,-18750000,5007327,5773443,5021977,0,0,0,0,0,0,0
1748636605130,-18750000,5003661,5736783,4508782,0,0,0,0,0,0,0
1748636605230,-18750000,5014658,5773439,3958927,0,0,0,0,0,0,0
1748636605330,-18750000,5007327,5828426,3720659,0,0,0,0,0,0,0
1748636605430,-18750000,4974336,5828426,3500718,0,0,0,0,0,0,0
1748636605530,-18750000,4970670,5773439,3280777,0,0,0,0,0,0,0
1748636605630,-18750000,4974336,5846752,3097495,0,0,0,0,0,0,0
1748636605730,-18750000,4974336,5755109,2969197,0,0,0,0,0,0,0
1748636605830,-18750000,4967005,5700123,2859224,0,0,0,0,0,0,0
1748636605930,-18750000,4945011,5681793,2749252,0,0,0,0,0,0,0
1748636606030,-18750000,4945011,5626807,2639279,0,0,0,0,0,0,0
1748636606130,-18750000,4948677,5663467,2639279,0,0,0,0,0,0,0
1748636606230,-18750000,4926683,5718453,2602623,0,0,0,0,0,0,0
1748636606330,-18750000,4904688,5681797,2547637,0,0,0,0,0,0,0
1748636606430,-18750000,4908354,5681797,2547637,0,0,0,0,0,0,0
1748636606530,-18750000,4908354,5681797,2529307,0,0,0,0,0,0,0
1748636606630,-18750000,4893692,5700127,2474320,0,0,0,0,0,0,0
1748636606730,-18750000,4886360,5773439,2510977,0,0,0,0,0,0,0
1748636606830,-18750000,4893692,5865082,2565963,0,0,0,0,0,0,0
1748636606930,-18750000,4908354,5901742,2620949,0,0,0,0,0,0,0
1748636607030,-18750000,4893691,5901742,2620949,0,0,0,0,0,0,0
1748636607130,-18750000,4868031,5920068,2620949,0,0,0,0,0,0,0
1748636607230,-18750000,4849703,5865082,2657605,0,0,0,0,0,0,0
1748636607330,-18750000,4842371,5883412,2969189,0,0,0,0,0,0,0
1748636607430,-18750000,4831374,5865082,3335756,0,0,0,0,0,0,0
1748636607530,-18750000,4816712,5846752,3793968,0,0,0,0,0,0,0
1748636607630,-18750000,4820377,5828422,4325493,0,0,0,0,0,0,0
1748636607730,-18750000,4809380,5883408,4783706,0,0,0,0,0,0,0
1748636607830,-18750000,4820377,5773439,5205262,0,0,0,0,0,0,0
1748636607930,-18750000,4802048,5736779,5791773,0,0,0,0,0,0,0
1748636608030,-18750000,4816712,5736779,6304968,0,0,0,0,0,0,0
1748636608130,-18750000,4835039,5626811,6799837,0,0,0,0,0,0,0
1748636608230,-18750000,4860699,5645141,7294706,0,0,0,0,0,0,0
1748636608330,-18750000,4875362,5626811,7368018,0,0,0,0,0,0,0
1748636608430,-18750000,4912019,5681797,7276376,0,0,0,0,0,0,0
1748636608530,-18750000,4948676,5700127,6946466,0,0,0,0,0,0,0
1748636608630,-18750000,4948676,5663471,6598226,0,0,0,0,0,0,0
1748636608730,-18750000,4970669,5590158,6249986,0,0,0,0,0,0,0
1748636608830,-18750000,4967004,5700127,5865086,0,0,0,0,0,0,0
1748636608930,-18750000,4981667,5718457,5370217,0,0,0,0,0,0,0
1748636609030,-18750000,4985333,5791773,4893678,0,0,0,0,0,0,0
1748636609130,-18750000,4988999,5901742,4435466,0,0,0,0,0,0,0
1748636609230,-18750000,4988999,5901742,3940597,0,0,0,0,0,0,0
1748636609330,-18750000,4981667,5938398,3555701,0,0,0,0,0,0,0
1748636609430,-18750000,4945010,5901742,3225791,0,0,0,0,0,0,0
1748636609530,-18750000,4915685,5883412,3060832,0,0,0,0,0,0,0
1748636609630,-18750000,4919351,5975054,2914203,0,0,0,0,0,0,0
1748636609730,-18750000,4904688,5993381,2785901,0,0,0,0,0,0,0
1748636609830,-18750000,4879028,5901738,2675932,0,0,0,0,0,0,0
1748636609930,-18750000,4879028,5920068,2584289,0,0,0,0,0,0,0
1748636610030,-18750000,4853369,5791769,2565963,0,0,0,0,0,0,0
1748636610130,-18750000,4820378,5736783,2492651,0,0,0,0,0,0,0
1748636610230,-18750000,4794718,5718453,2510981,0,0,0,0,0,0,0
1748636610330,-18750000,4783721,5626811,2730922,0,0,0,0,0,0,0
1748636610430,-18750000,4802049,5553498,3134148,0,0,0,0,0,0,0
1748636610530,-18750000,4798383,5535172,3610687,0,0,0,0,0,0,0
1748636610630,-18750000,4787386,5425199,4050569,0,0,0,0,0,0,0
1748636610730,-18750000,4798382,5443529,4527112,0,0,0,0,0,0,0
1748636610830,-18750000,4783719,5498516,5058637,0,0,0,0,0,0,0
1748636610930,-18750000,4780053,5461856,5571832,0,0,0,0,0,0,0
1748636611030,-18750000,4794716,5516838,6048371,0,0,0,0,0,0,0
1748636611130,-18750000,4820376,5571824,6579896,0,0,0,0,0,0,0
1748636611230,-18750000,4849702,5626811,7129747,0,0,0,0,0,0,0
1748636611330,-18750000,4864365,5736783,7459661,0,0,0,0,0,0,0
1748636611430,-18750000,4857034,5773439,7642946,0,0,0,0,0,0,0
1748636611530,-18750000,4886360,5828426,7752918,0,0,0,0,0,0,0
1748636611630,-18750000,4897357,5865082,7862891,0,0,0,0,0,0,0
1748636611730,-18750000,4875363,5883412,7917873,0,0,0,0,0,0,0
1748636611830,-18750000,4908355,5846756,7954529,0,0,0,0,0,0,0
1748636611930,-18750000,4930349,5828429,7954529,0,0,0,0,0,0,0
1748636612030,-18750000,4948677,5865089,7972855,0,0,0,0,0,0,0
1748636612130,-18750000,4956008,5810103,7991182,0,0,0,0,0,0,0
1748636612230,-18750000,4959674,5791777,7954525,0,0,0,0,0,0,0
1748636612330,-18750000,4981667,5828433,7716254,0,0,0,0,0,0,0
1748636612430,-18750000,5007327,5791777,7422997,0,0,0,0,0,0,0
1748636612530,-18750000,5010993,5810103,7148069,0,0,0,0,0,0,0
1748636612630,-18750000,5010993,5810103,6891468,0,0,0,0,0,0,0
1748636612730,-18750000,5040319,5828429,6598214,0,0,0,0,0,0,0
1748636612830,-18750000,5069644,5828429,6249974,0,0,0,0,0,0,0
1748636612930,-18750000,5054981,5846756,5938390,0,0,0,0,0,0,0
1748636613030,-18750000,5058647,5828426,5571824,0,0,0,0,0,0,0
1748636613130,-18750000,5062313,5810099,5186928,0,0,0,0,0,0,0
1748636613230,-18750000,5058647,5828426,4747046,0,0,0,0,0,0,0
1748636613330,-18750000,5054982,5718453,4508774,0,0,0,0,0,0,0
1748636613430,-18750000,5058647,5828422,4343819,0,0,0,0,0,0,0
1748636613530,-18750000,5043984,5810096,4215521,0,0,0,0,0,0,0
1748636613630,-18750000,5025656,5865082,4087222,0,0,0,0,0,0,0
1748636613730,-18750000,5007327,5846756,4013909,0,0,0,0,0,0,0
1748636613830,-18750000,4967005,5865082,4013909,0,0,0,0,0,0,0
1748636613930,-18750000,4963340,5901742,4032239,0,0,0,0,0,0,0
1748636614030,-18750000,4952342,5920072,3995583,0,0,0,0,0,0,0
1748636614130,-18750000,4952342,5956728,4105555,0,0,0,0,0,0,0
1748636614230,-18750000,4945011,5956728,4215524,0,0,0,0,0,0,0
1748636614330,-18750000,4926683,5938402,4380483,0,0,0,0,0,0,0
1748636614430,-18750000,4893692,5975058,4527112,0,0,0,0,0,0,0
1748636614530,-18750000,4890026,5920072,4637084,0,0,0,0,0,0,0
1748636614630,-18750000,4901024,5901746,4655414,0,0,0,0,0,0,0
1748636614730,-18750000,4893692,5938402,4783713,0,0,0,0,0,0,0
1748636614830,-18750000,4886361,5920076,4820369,0,0,0,0,0,0,0
1748636614930,-18750000,4890026,5956732,4857026,0,0,0,0,0,0,0
1748636615030,-18750000,4897358,5920072,4966994,0,0,0,0,0,0,0
1748636615130,-18750000,4875363,5901742,5003651,0,0,0,0,0,0,0
1748636615230,-18750000,4860700,5865086,5021981,0,0,0,0,0,0,0
1748636615330,-18750000,4842371,5883412,5150279,0,0,0,0,0,0,0
1748636615430,-18750000,4842371,5810099,5351891,0,0,0,0,0,0,0
1748636615530,-18750000,4827708,5773443,5608488,0,0,0,0,0,0,0
1748636615630,-18750000,4831373,5736783,5901742,0,0,0,0,0,0,0
1748636615730,-18750000,4842370,5681797,6158339,0,0,0,0,0,0,0
1748636615830,-18750000,4864363,5700123,6451593,0,0,0,0,0,0,0
1748636615930,-18750000,4864363,5645137,6763177,0,0,0,0,0,0,0
1748636616030,-18750000,4864363,5590155,7111417,0,0,0,0,0,0,0
1748636616130,-18750000,4879026,5645141,7349684,0,0,0,0,0,0,0
1748636616230,-18750000,4901020,5663471,7661268,0,0,0,0,0,0,0
1748636616330,-18750000,4948674,5700131,7606282,0,0,0,0,0,0,0
1748636616430,-18750000,4970668,5663474,7404671,0,0,0,0,0,0,0
1748636616530,-18750000,4985331,5755117,7221386,0,0,0,0,0,0,0
1748636616630,-18750000,5014657,5700134,6983118,0,0,0,0,0,0,0
1748636616730,-18750000,5018323,5681804,6726521,0,0,0,0,0,0,0
1748636616830,-18750000,5025654,5663478,6488253,0,0,0,0,0,0,0
1748636616930,-18750000,5029320,5736791,6231656,0,0,0,0,0,0,0
1748636617030,-18750000,5010992,5846759,5883416,0,0,0,0,0,0,0
1748636617130,-18750000,4996330,5846759,5608492,0,0,0,0,0,0,0
1748636617230,-18750000,4992664,5901742,5370221,0,0,0,0,0,0,0
1748636617330,-18750000,4974335,5846756,5461863,0,0,0,0,0,0,0
1748636617430,-18750000,4970670,5938398,5681804,0,0,0,0,0,0,0
1748636617530,-18750000,4992664,5920068,5810103,0,0,0,0,0,0,0
1748636617630,-18750000,4959673,6011711,6048371,0,0,0,0,0,0,0
1748636617730,-18750000,4970670,5975054,6268312,0,0,0,0,0,0,0
1748636617830,-18750000,4970670,6011711,6543239,0,0,0,0,0,0,0
1748636617930,-18750000,4981667,5938398,6726524,0,0,0,0,0,0,0
1748636618030,-18750000,4992664,5810099,7001452,0,0,0,0,0,0,0
1748636618130,-18750000,5010992,5846756,7276376,0,0,0,0,0,0,0
1748636618230,-18750000,5018324,5755113,7459661,0,0,0,0,0,0,0
1748636618330,-18750000,5021990,5773439,7441331,0,0,0,0,0,0,0
1748636618430,-18750000,5032987,5773439,7294702,0,0,0,0,0,0,0
1748636618530,-18750000,5032987,5810096,7166403,0,0,0,0,0,0,0
1748636618630,-18750000,5051315,5791766,7001448,0,0,0,0,0,0,0
1748636618730,-18750000,5062312,5901738,6799833,0,0,0,0,0,0,0
1748636618830,-18750000,5062312,5901738,6506576,0,0,0,0,0,0,0
1748636618930,-18750000,5058646,5920068,6323291,0,0,0,0,0,0,0
1748636619030,-18750000,5076974,6011711,6121676,0,0,0,0,0,0,0
1748636619130,-18750000,5065977,5920068,5865078,0,0,0,0,0,0,0
1748636619230,-18750000,5062312,5938398,5681793,0,0,0,0,0,0,0
1748636619330,-18750000,5054981,5956728,5718449,0,0,0,0,0,0,0
1748636619430,-18750000,5047649,5846756,5865078,0,0,0,0,0,0,0
1748636619530,-18750000,5054980,5791769,6030033,0,0,0,0,0,0,0
1748636619630,-18750000,5047648,5828426,6213318,0,0,0,0,0,0,0
1748636619730,-18750000,5051314,5810096,6414933,0,0,0,0,0,0,0
1748636619830,-18750000,5065977,5846752,6653204,0,0,0,0,0,0,0
1748636619930,-18750000,5065977,5901734,6891472,0,0,0,0,0,0,0
1748636620030,-18750000,5054980,5865078,7111413,0,0,0,0,0,0,0
1748636620130,-18750000,5073308,5956721,7368011,0,0,0,0,0,0,0
1748636620230,-18750000,5095302,6030033,7606282,0,0,0,0,0,0,0
1748636620330,-18750000,5109965,6011703,7496313,0,0,0,0,0,0,0
1748636620430,-18750000,5120962,6066689,7331354,0,0,0,0,0,0,0
1748636620530,-18750000,5113631,6066689,7184729,0,0,0,0,0,0,0
1748636620630,-18750000,5135625,6011703,6983114,0,0,0,0,0,0,0
1748636620730,-18750000,5120963,6011703,6781499,0,0,0,0,0,0,0
1748636620830,-18750000,5113631,5993377,6579884,0,0,0,0,0,0,0
1748636620930,-18750000,5120963,5993377,6323287,0,0,0,0,0,0,0
1748636621030,-18750000,5139291,6030033,6085019,0,0,0,0,0,0,0
1748636621130,-18750000,5135626,5975051,5846752,0,0,0,0,0,0,0
1748636621230,-18750000,5113632,5920068,5590154,0,0,0,0,0,0,0
1748636621330,-18750000,5117298,6011711,5535168,0,0,0,0,0,0,0
1748636621430,-18750000,5113633,6066697,5480186,0,0,0,0,0,0,0
1748636621530,-18750000,5120964,6085027,5406869,0,0,0,0,0,0,0
1748636621630,-18750000,5091638,6140013,5388543,0,0,0,0,0,0,0
1748636621730,-18750000,5098970,6085027,5370217,0,0,0,0,0,0,0
1748636621830,-18750000,5084306,6121683,5333560,0,0,0,0,0,0,0
1748636621930,-18750000,5069644,5975058,5315234,0,0,0,0,0,0,0
1748636622030,-18750000,5069644,5993388,5260248,0,0,0,0,0,0,0
1748636622130,-18750000,5076975,5993388,5223592,0,0,0,0,0,0,0
1748636622230,-18750000,5076975,5901746,5186936,0,0,0,0,0,0,0
1748636622330,-18750000,5065978,5938402,5168609,0,0,0,0,0,0,0
1748636622430,-18750000,5062312,5883416,5168609,0,0,0,0,0,0,0
1748636622530,-18750000,5051315,5901746,5186939,0,0,0,0,0,0,0
1748636622630,-18750000,5058647,5883419,5150283,0,0,0,0,0,0,0
1748636622730,-18750000,5054981,5956736,5168609,0,0,0,0,0,0,0
1748636622830,-18750000,5076975,5846763,5131953,0,0,0,0,0,0,0
1748636622930,-18750000,5076975,5920076,5113623,0,0,0,0,0,0,0
1748636623030,-18750000,5051315,5975058,5113623,0,0,0,0,0,0,0
1748636623130,-18750000,5029321,5901742,5095293,0,0,0,0,0,0,0
1748636623230,-18750000,5021990,6085023,5131949,0,0,0,0,0,0,0
1748636623330,-18750000,5018324,5956724,5333561,0,0,0,0,0,0,0
1748636623430,-18750000,5007326,6011711,5571828,0,0,0,0,0,0,0
1748636623530,-18750000,5010991,5956724,5791769,0,0,0,0,0,0,0
1748636623630,-18750000,5007326,5975050,6048367,0,0,0,0,0,0,0
1748636623730,-18750000,4996329,5828422,6323294,0,0,0,0,0,0,0
1748636623830,-18750000,4988998,5828422,6634878,0,0,0,0,0,0,0
1748636623930,-18750000,4988998,5846752,6946462,0,0,0,0,0,0,0
1748636624030,-18750000,4996329,5810095,7239716,0,0,0,0,0,0,0
1748636624130,-18750000,5007326,5865082,7532969,0,0,0,0,0,0,0
1748636624230,-18750000,5029320,5828426,7771237,0,0,0,0,0,0,0
1748636624330,-18750000,5036652,5865086,7661268,0,0,0,0,0,0,0
1748636624430,-18750000,5073309,5791769,7459657,0,0,0,0,0,0,0
1748636624530,-18750000,5065978,5883412,7258042,0,0,0,0,0,0,0
1748636624630,-18750000,5080640,5828426,7038100,0,0,0,0,0,0,0
1748636624730,-18750000,5091638,5956724,6726517,0,0,0,0,0,0,0
1748636624830,-18750000,5095303,6011711,6451589,0,0,0,0,0,0,0
1748636624930,-18750000,5098968,5975051,6194992,0,0,0,0,0,0,0
1748636625030,-18750000,5098968,5975051,5956724,0,0,0,0,0,0,0
1748636625130,-18750000,5106299,5956721,5700127,0,0,0,0,0,0,0
1748636625230,-18750000,5102634,5883408,5443529,0,0,0,0,0,0,0
1748636625330,-18750000,5106299,5846748,5406869,0,0,0,0,0,0,0
1748636625430,-18750000,5102634,5865078,5406869,0,0,0,0,0,0,0
1748636625530,-18750000,5098968,5828422,5406869,0,0,0,0,0,0,0
1748636625630,-18750000,5106299,5883408,5425195,0,0,0,0,0,0,0
1748636625730,-18750000,5106299,5846752,5461852,0,0,0,0,0,0,0
1748636625830,-18750000,5095302,5773439,5461852,0,0,0,0,0,0,0
1748636625930,-18750000,5098968,5828426,5461852,0,0,0,0,0,0,0
1748636626030,-18750000,5120963,5828426,5461852,0,0,0,0,0,0,0
1748636626130,-18750000,5098969,5846756,5443526,0,0,0,0,0,0,0
1748636626230,-18750000,5098969,5883412,5425199,0,0,0,0,0,0,0
1748636626330,-18750000,5080640,5883412,5571828,0,0,0,0,0,0,0
1748636626430,-18750000,5058646,5901742,5810096,0,0,0,0,0,0,0
1748636626530,-18750000,5073309,5883412,5975054,0,0,0,0,0,0,0
1748636626630,-18750000,5065978,5920068,6158339,0,0,0,0,0,0,0
1748636626730,-18750000,5058647,5920068,6304968,0,0,0,0,0,0,0
1748636626830,-18750000,5080641,5993381,6579895,0,0,0,0,0,0,0
1748636626930,-18750000,5095304,6011711,6836493,0,0,0,0,0,0,0
1748636627030,-18750000,5076975,6048367,7001448,0,0,0,0,0,0,0
1748636627130,-18750000,5098969,6066697,7258045,0,0,0,0,0,0,0
1748636627230,-18750000,5098969,6011711,7569629,0,0,0,0,0,0,0
1748636627330,-18750000,5106300,6011711,7477987,0,0,0,0,0,0,0
1748636627430,-18750000,5113631,5993381,7276375,0,0,0,0,0,0,0
1748636627530,-18750000,5109965,6011711,7093090,0,0,0,0,0,0,0
1748636627630,-18750000,5102634,5975054,6873149,0,0,0,0,0,0,0
1748636627730,-18750000,5106300,5956724,6726520,0,0,0,0,0,0,0
1748636627830,-18750000,5102634,6011711,6469923,0,0,0,0,0,0,0
1748636627930,-18750000,5106300,6011711,6194995,0,0,0,0,0,0,0
1748636628030,-18750000,5113631,5975054,6048367,0,0,0,0,0,0,0
1748636628130,-18750000,5109966,5975054,5791769,0,0,0,0,0,0,0
1748636628230,-18750000,5113631,6048371,5535168,0,0,0,0,0,0,0
1748636628330,-18750000,5113631,6085031,5443526,0,0,0,0,0,0,0
1748636628430,-18750000,5113631,6066701,5388539,0,0,0,0,0,0,0
1748636628530,-18750000,5113631,6121683,5388539,0,0,0,0,0,0,0
1748636628630,-18750000,5109965,6103357,5370213,0,0,0,0,0,0,0
1748636628730,-18750000,5106299,6121687,5370213,0,0,0,0,0,0,0
1748636628830,-18750000,5109965,6140013,5370213,0,0,0,0,0,0,0
1748636628930,-18750000,5091637,6121683,5388543,0,0,0,0,0,0,0
1748636629030,-18750000,5098968,6121683,5351887,0,0,0,0,0,0,0
1748636629130,-18750000,5095302,6066697,5388543,0,0,0,0,0,0,0
1748636629230,-18750000,5080640,5975054,5370217,0,0,0,0,0,0,0
1748636629330,-18750000,5091637,5975054,5388547,0,0,0,0,0,0,0
1748636629430,-18750000,5080640,6066697,5406877,0,0,0,0,0,0,0
1748636629530,-18750000,5080640,5993384,5370220,0,0,0,0,0,0,0
1748636629630,-18750000,5076974,6048367,5406877,0,0,0,0,0,0,0
1748636629730,-18750000,5084306,6048367,5351894,0,0,0,0,0,0,0
1748636629830,-18750000,5058646,5920068,5351894,0,0,0,0,0,0,0
1748636629930,-18750000,5058646,5883412,5370220,0,0,0,0,0,0,0
1748636630030,-18750000,5036652,5883412,5333564,0,0,0,0,0,0,0
1748636630130,-18750000,5032986,5956724,5351891,0,0,0,0,0,0,0
1748636630230,-18750000,5032986,6066693,5351891,0,0,0,0,0,0,0
1748636630330,-18750000,5018323,6066693,5351891,0,0,0,0,0,0,0
1748636630430,-18750000,5014658,6011711,5333561,0,0,0,0,0,0,0
1748636630530,-18750000,4988998,6085023,5370217,0,0,0,0,0,0,0
1748636630630,-18750000,4999996,6103353,5315231,0,0,0,0,0,0,0
1748636630730,-18750000,5010993,6121683,5315231,0,0,0,0,0,0,0
1748636630830,-18750000,5010993,6176669,5260244,0,0,0,0,0,0,0
1748636630930,-18750000,5007327,6194999,5205262,0,0,0,0,0,0,0
1748636631030,-18750000,4999996,6085031,5241918,0,0,0,0,0,0,0
1748636631130,-18750000,4985333,5993388,5186936,0,0,0,0,0,0,0
1748636631230,-18750000,4985333,5993388,5150279,0,0,0,0,0,0,0
1748636631330,-18750000,4988999,5956728,5296904,0,0,0,0,0,0,0
1748636631430,-18750000,5003661,5920068,5535176,0,0,0,0,0,0,0
1748636631530,-18750000,5018324,5883412,5736787,0,0,0,0,0,0,0
1748636631630,-18750000,5021989,5846756,6011714,0,0,0,0,0,0,0
1748636631730,-18750000,4996329,5865082,6286638,0,0,0,0,0,0,0
1748636631830,-18750000,5003660,5865082,6561566,0,0,0,0,0,0,0
1748636631930,-18750000,5007326,5846752,6781507,0,0,0,0,0,0,0
1748636632030,-18750000,5029320,5938394,6964792,0,0,0,0,0,0,0
1748636632130,-18750000,5054980,5975051,7221389,0,0,0,0,0,0,0
1748636632230,-18750000,5065977,5883408,7441331,0,0,0,0,0,0,0
1748636632330,-18750000,5076974,5938394,7313032,0,0,0,0,0,0,0
1748636632430,-18750000,5091638,5993381,7056434,0,0,0,0,0,0,0
1748636632530,-18750000,5102635,5956724,6891479,0,0,0,0,0,0,0
1748636632630,-18750000,5091638,5901738,6653208,0,0,0,0,0,0,0
1748636632730,-18750000,5106300,5883412,6433267,0,0,0,0,0,0,0
1748636632830,-18750000,5113631,5791769,6249982,0,0,0,0,0,0,0
1748636632930,-18750000,5113631,5828426,6066697,0,0,0,0,0,0,0
1748636633030,-18750000,5102634,5883408,5901742,0,0,0,0,0,0,0
1748636633130,-18750000,5095303,5938394,5626814,0,0,0,0,0,0,0
1748636633230,-18750000,5095303,5901738,5498516,0,0,0,0,0,0,0
1748636633330,-18750000,5095303,5865082,5498516,0,0,0,0,0,0,0
1748636633430,-18750000,5084306,5791769,5443529,0,0,0,0,0,0,0
1748636633530,-18750000,5080640,5773439,5406873,0,0,0,0,0,0,0
1748636633630,-18750000,5084306,5810096,5443529,0,0,0,0,0,0,0
1748636633730,-18750000,5084306,5736779,5443529,0,0,0,0,0,0,0
1748636633830,-18750000,5080641,5810092,5406873,0,0,0,0,0,0,0
1748636633930,-18750000,5091638,5773436,5388543,0,0,0,0,0,0,0
1748636634030,-18750000,5113633,5736779,5333557,0,0,0,0,0,0,0
1748636634130,-18750000,5117299,5700123,5351887,0,0,0,0,0,0,0
1748636634230,-18750000,5113633,5791766,5296901,0,0,0,0,0,0,0
1748636634330,-18750000,5117299,5846752,5278574,0,0,0,0,0,0,0
1748636634430,-18750000,5106302,5865078,5315231,0,0,0,0,0,0,0
1748636634530,-18750000,5087973,5920064,5315231,0,0,0,0,0,0,0
1748636634630,-18750000,5076976,5920064,5315231,0,0,0,0,0,0,0
1748636634730,-18750000,5073311,5938394,5260248,0,0,0,0,0,0,0
1748636634830,-18750000,5062313,5993380,5260248,0,0,0,0,0,0,0
1748636634930,-18750000,5051316,5956724,5223592,0,0,0,0,0,0,0
1748636635030,-18750000,5029322,6030037,5241922,0,0,0,0,0,0,0
1748636635130,-18750000,5029322,5993380,5260248,0,0,0,0,0,0,0
1748636635230,-18750000,5036653,5920068,5223592,0,0,0,0,0,0,0
1748636635330,-18750000,5029322,5883412,5186936,0,0,0,0,0,0,0
1748636635430,-18750000,5032988,5901742,5205266,0,0,0,0,0,0,0
1748636635530,-18750000,5040319,5791773,5241922,0,0,0,0,0,0,0
1748636635630,-18750000,5051316,5773447,5205266,0,0,0,0,0,0,0
1748636635730,-18750000,5043984,5846759,5223592,0,0,0,0,0,0,0
1748636635830,-18750000,5025656,5773447,5260248,0,0,0,0,0,0,0
1748636635930,-18750000,5010993,5810103,5278578,0,0,0,0,0,0,0
1748636636030,-18750000,5010993,5736791,5260248,0,0,0,0,0,0,0
1748636636130,-18750000,5010993,5755117,5241922,0,0,0,0,0,0,0
1748636636230,-18750000,4985333,5773443,5241922,0,0,0,0,0,0,0
1748636636330,-18750000,4970670,5773443,5205262,0,0,0,0,0,0,0
1748636636430,-18750000,4956007,5736787,5205262,0,0,0,0,0,0,0
1748636636530,-18750000,4948676,5846756,5168606,0,0,0,0,0,0,0
1748636636630,-18750000,4937678,5865082,5205262,0,0,0,0,0,0,0
1748636636730,-18750000,4930347,5810096,5205262,0,0,0,0,0,0,0
1748636636830,-18750000,4941344,5865082,5186932,0,0,0,0,0,0,0
1748636636930,-18750000,4945010,5865082,5223588,0,0,0,0,0,0,0
1748636637030,-18750000,4934013,5865082,5260244,0,0,0,0,0,0,0
1748636637130,-18750000,4926681,5846756,5278571,0,0,0,0,0,0,0
1748636637230,-18750000,4919350,5865086,5315227,0,0,0,0,0,0,0
1748636637330,-18750000,4926681,5865086,5351887,0,0,0,0,0,0,0
1748636637430,-18750000,4919350,5883412,5351887,0,0,0,0,0,0,0
1748636637530,-18750000,4912019,5901742,5333557,0,0,0,0,0,0,0
1748636637630,-18750000,4923016,5846756,5278574,0,0,0,0,0,0,0
1748636637730,-18750000,4904687,5920072,5278574,0,0,0,0,0,0,0
1748636637830,-18750000,4904687,5901742,5241918,0,0,0,0,0,0,0
1748636637930,-18750000,4904687,5938398,5186932,0,0,0,0,0,0,0
1748636638030,-18750000,4901021,5883412,5150276,0,0,0,0,0,0,0
1748636638130,-18750000,4897356,5975054,5095289,0,0,0,0,0,0,0
1748636638230,-18750000,4904687,6011711,5113616,0,0,0,0,0,0,0
1748636638330,-18750000,4882694,5956724,5315227,0,0,0,0,0,0,0
1748636638430,-18750000,4868031,5993384,5535168,0,0,0,0,0,0,0
1748636638530,-18750000,4875362,5883412,5736783,0,0,0,0,0,0,0
1748636638630,-18750000,4868031,5938398,5993381,0,0,0,0,0,0,0
1748636638730,-18750000,4893691,5920068,6194996,0,0,0,0,0,0,0
1748636638830,-18750000,4897356,5938398,6433267,0,0,0,0,0,0,0
1748636638930,-18750000,4901022,5865085,6671538,0,0,0,0,0,0,0
1748636639030,-18750000,4930348,5883415,6928136,0,0,0,0,0,0,0
1748636639130,-18750000,4941345,5736787,7203063,0,0,0,0,0,0,0
1748636639230,-18750000,4959674,5700131,7331362,0,0,0,0,0,0,0
1748636639330,-18750000,4988999,5791773,7203063,0,0,0,0,0,0,0
1748636639430,-18750000,5029322,5755113,7019778,0,0,0,0,0,0,0
1748636639530,-18750000,5032987,5828429,6854819,0,0,0,0,0,0,0
1748636639630,-18750000,5047649,5773443,6616548,0,0,0,0,0,0,0
1748636639730,-18750000,5040318,5736787,6433263,0,0,0,0,0,0,0
1748636639830,-18750000,5043984,5755113,6213322,0,0,0,0,0,0,0
1748636639930,-18750000,5036653,5791769,5975051,0,0,0,0,0,0,0
1748636640030,-18750000,5032987,5828426,5718453,0,0,0,0,0,0,0
1748636640130,-18750000,5018323,5938398,5553498,0,0,0,0,0,0,0
1748636640230,-18750000,5007326,5865086,5351887,0,0,0,0,0,0,0
1748636640330,-18750000,5018323,5828429,5461856,0,0,0,0,0,0,0
1748636640430,-18750000,4999994,5883416,5571824,0,0,0,0,0,0,0
1748636640530,-18750000,4999994,5865086,5663467,0,0,0,0,0,0,0
1748636640630,-18750000,4985332,5883416,5828422,0,0,0,0,0,0,0
1748636640730,-18750000,4996329,5901746,5901734,0,0,0,0,0,0,0
1748636640830,-18750000,4988998,5846759,6030033,0,0,0,0,0,0,0
1748636640930,-18750000,5003660,5883416,6213318,0,0,0,0,0,0,0
1748636641030,-18750000,4999995,5846759,6396603,0,0,0,0,0,0,0
1748636641130,-18750000,5018324,5883416,6469916,0,0,0,0,0,0,0
1748636641230,-18750000,5021990,6030041,6634871,0,0,0,0,0,0,0
1748636641330,-18750000,4999996,6030041,6524902,0,0,0,0,0,0,0
1748636641430,-18750000,4999996,6030041,6359947,0,0,0,0,0,0,0
1748636641530,-18750000,5003662,6066697,6249978,0,0,0,0,0,0,0
1748636641630,-18750000,5003662,6103353,6048367,0,0,0,0,0,0,0
1748636641730,-18750000,4978002,6121679,5920068,0,0,0,0,0,0,0
1748636641830,-18750000,4992664,6121679,5791769,0,0,0,0,0,0,0
1748636641930,-18750000,4996330,6085023,5571828,0,0,0,0,0,0,0
1748636642030,-18750000,4974336,6121679,5315231,0,0,0,0,0,0,0
1748636642130,-18750000,4959673,5993381,5058633,0,0,0,0,0,0,0
1748636642230,-18750000,4948676,5883412,4783709,0,0,0,0,0,0,0
1748636642330,-18750000,4948676,5828425,4747053,0,0,0,0,0,0,0
1748636642430,-18750000,4959674,5828425,4875352,0,0,0,0,0,0,0
1748636642530,-18750000,4967005,5773439,4930338,0,0,0,0,0,0,0
1748636642630,-18750000,4974336,5773439,5095293,0,0,0,0,0,0,0
1748636642730,-18750000,4992665,5810096,5205266,0,0,0,0,0,0,0
1748636642830,-18750000,4992665,5828426,5315234,0,0,0,0,0,0,0
1748636642930,-18750000,4985333,5791769,5498519,0,0,0,0,0,0,0
1748636643030,-18750000,5003661,5736783,5773443,0,0,0,0,0,0,0
1748636643130,-18750000,5010992,5846752,5975058,0,0,0,0,0,0,0
1748636643230,-18750000,5036652,5901738,6268312,0,0,0,0,0,0,0
1748636643330,-18750000,5040317,5975051,6213326,0,0,0,0,0,0,0
1748636643430,-18750000,5032986,5993381,6066697,0,0,0,0,0,0,0
1748636643530,-18750000,5036652,6011711,5920068,0,0,0,0,0,0,0
1748636643630,-18750000,5032986,5993384,5700127,0,0,0,0,0,0,0
1748636643730,-18750000,5043983,5956728,5498512,0,0,0,0,0,0,0
1748636643830,-18750000,5029321,5956728,5296901,0,0,0,0,0,0,0
1748636643930,-18750000,5014658,6011714,5076959,0,0,0,0,0,0,0
1748636644030,-18750000,5003661,6030044,4747049,0,0,0,0,0,0,0
1748636644130,-18750000,4988999,5938402,4545434,0,0,0,0,0,0,0
1748636644230,-18750000,4974336,5865086,4233851,0,0,0,0,0,0,0
1748636644330,-18750000,4956008,5846759,4362149,0,0,0,0,0,0,0
1748636644430,-18750000,4945011,5773443,4453792,0,0,0,0,0,0,0
1748636644530,-18750000,4930348,5773443,4600421,0,0,0,0,0,0,0
1748636644630,-18750000,4926683,5663471,4765379,0,0,0,0,0,0,0
1748636644730,-18750000,4919351,5571828,4966994,0,0,0,0,0,0,0
1748636644830,-18750000,4930347,5571828,5168606,0,0,0,0,0,0,0
1748636644930,-18750000,4945010,5535168,5388547,0,0,0,0,0,0,0
1748636645030,-18750000,4948676,5571824,5626818,0,0,0,0,0,0,0
1748636645130,-18750000,4956007,5681797,5883416,0,0,0,0,0,0,0
1748636645230,-18750000,4959672,5736783,6176669,0,0,0,0,0,0,0
1748636645330,-18750000,4970669,5700123,6213326,0,0,0,0,0,0,0
1748636645430,-18750000,4967003,5681797,6286642,0,0,0,0,0,0,0
1748636645530,-18750000,4985332,5663467,6359954,0,0,0,0,0,0,0
1748636645630,-18750000,4988997,5700123,6433267,0,0,0,0,0,0,0
1748636645730,-18750000,4985332,5755109,6469923,0,0,0,0,0,0,0
1748636645830,-18750000,4992664,5791766,6506579,0,0,0,0,0,0,0
1748636645930,-18750000,4988998,5810096,6524906,0,0,0,0,0,0,0
1748636646030,-18750000,4988998,5810096,6598218,0,0,0,0,0,0,0
1748636646130,-18750000,4999996,5791766,6561562,0,0,0,0,0,0,0
1748636646230,-18750000,5010993,5828422,6598218,0,0,0,0,0,0,0
1748636646330,-18750000,5029321,5846752,6506576,0,0,0,0,0,0,0
1748636646430,-18750000,5043984,5920064,6304961,0,0,0,0,0,0,0
1748636646530,-18750000,5054981,5938394,6103346,0,0,0,0,0,0,0
1748636646630,-18750000,5058647,6048367,5846748,0,0,0,0,0,0,0
1748636646730,-18750000,5073310,6121679,5626807,0,0,0,0,0,0,0
1748636646830,-18750000,5062312,6140009,5296897,0,0,0,0,0,0,0
1748636646930,-18750000,5073310,6066697,5040299,0,0,0,0,0,0,0
1748636647030,-18750000,5073310,6048371,4728716,0,0,0,0,0,0,0
1748636647130,-18750000,5058646,6011714,4490448,0,0,0,0,0,0,0
1748636647230,-18750000,5040318,5956728,4142208,0,0,0,0,0,0,0
1748636647330,-18750000,5025655,5938398,4105552,0,0,0,0,0,0,0
1748636647430,-18750000,5021989,5938398,4288837,0,0,0,0,0,0,0
1748636647530,-18750000,4988998,6011711,4417139,0,0,0,0,0,0,0
1748636647630,-18750000,4992664,5975054,4600424,0,0,0,0,0,0,0
1748636647730,-18750000,4985333,5865086,4747049,0,0,0,0,0,0,0
1748636647830,-18750000,4985333,5810099,4985321,0,0,0,0,0,0,0
1748636647930,-18750000,4974336,5956724,5186936,0,0,0,0,0,0,0
1748636648030,-18750000,4970670,5938394,5498519,0,0,0,0,0,0,0
1748636648130,-18750000,4974336,5975051,5791773,0,0,0,0,0,0,0
1748636648230,-18750000,4981667,6030037,6103357,0,0,0,0,0,0,0
1748636648330,-18750000,4985333,6085023,6249986,0,0,0,0,0,0,0
1748636648430,-18750000,4988999,6011711,6286642,0,0,0,0,0,0,0
1748636648530,-18750000,5007327,6048367,6341625,0,0,0,0,0,0,0
1748636648630,-18750000,5010992,6066693,6451593,0,0,0,0,0,0,0
1748636648730,-18750000,5018323,6085019,6524909,0,0,0,0,0,0,0
1748636648830,-18750000,5014657,6066689,6579892,0,0,0,0,0,0,0
1748636648930,-18750000,5018323,6030033,6671531,0,0,0,0,0,0,0
1748636649030,-18750000,5018323,5956720,6616544,0,0,0,0,0,0,0
1748636649130,-18750000,5010992,6011707,6634871,0,0,0,0,0,0,0
1748636649230,-18750000,5014658,6085019,6634871,0,0,0,0,0,0,0
1748636649330,-18750000,5007326,6140006,6598214,0,0,0,0,0,0,0
1748636649430,-18750000,4996329,6249974,6634870,0,0,0,0,0,0,0
1748636649530,-18750000,4999994,6158336,6671527,0,0,0,0,0,0,0
1748636649630,-18750000,4988997,6121679,6616540,0,0,0,0,0,0,0
1748636649730,-18750000,5003660,6121679,6634867,0,0,0,0,0,0,0
1748636649830,-18750000,5025655,6194996,6653197,0,0,0,0,0,0,0
1748636649930,-18750000,5018324,6140009,6616541,0,0,0,0,0,0,0
1748636650030,-18750000,5021990,6213322,6671527,0,0,0,0,0,0,0
1748636650130,-18750000,5047649,6103349,6653201,0,0,0,0,0,0,0
1748636650230,-18750000,5047649,6048367,6653201,0,0,0,0,0,0,0
1748636650330,-18750000,5073309,6011711,6524902,0,0,0,0,0,0,0
1748636650430,-18750000,5084306,5975054,6286634,0,0,0,0,0,0,0
1748636650530,-18750000,5069644,5975054,6011711,0,0,0,0,0,0,0
1748636650630,-18750000,5076976,5938398,5810099,0,0,0,0,0,0,0
1748636650730,-18750000,5054981,5956728,5535176,0,0,0,0,0,0,0
1748636650830,-18750000,5021990,5828429,5278578,0,0,0,0,0,0,0
1748636650930,-18750000,5021990,5883416,5021981,0,0,0,0,0,0,0
1748636651030,-18750000,5029322,5828429,4710397,0,0,0,0,0,0,0
1748636651130,-18750000,5014658,5791773,4453799,0,0,0,0,0,0,0
1748636651230,-18750000,5003661,5718457,4142216,0,0,0,0,0,0,0
1748636651330,-18750000,4981667,5663471,4013917,0,0,0,0,0,0,0
1748636651430,-18750000,4992665,5535172,3922274,0,0,0,0,0,0,0
1748636651530,-18750000,4981667,5535172,3885618,0,0,0,0,0,0,0
1748636651630,-18750000,4978001,5553498,3775645,0,0,0,0,0,0,0
1748636651730,-18750000,4967004,5590154,3738985,0,0,0,0,0,0,0
1748636651830,-18750000,4974335,5718453,3665669,0,0,0,0,0,0,0
1748636651930,-18750000,4963339,5700127,3629013,0,0,0,0,0,0,0
1748636652030,-18750000,4948676,5700127,3574027,0,0,0,0,0,0,0
1748636652130,-18750000,4919351,5755113,3445728,0,0,0,0,0,0,0
1748636652230,-18750000,4908355,5736787,3482388,0,0,0,0,0,0,0
1748636652330,-18750000,4893692,5773443,3610687,0,0,0,0,0,0,0
1748636652430,-18750000,4886360,5901742,3812298,0,0,0,0,0,0,0
1748636652530,-18750000,4901023,5865082,4087222,0,0,0,0,0,0,0
1748636652630,-18750000,4890026,5920068,4343823,0,0,0,0,0,0,0
1748636652730,-18750000,4882694,5920068,4582094,0,0,0,0,0,0,0
1748636652830,-18750000,4897357,5865082,4838696,0,0,0,0,0,0,0
1748636652930,-18750000,4915685,5828422,5095293,0,0,0,0,0,0,0
1748636653030,-18750000,4915685,5901738,5443533,0,0,0,0,0,0,0
1748636653130,-18750000,4937678,5956724,5810099,0,0,0,0,0,0,0
1748636653230,-18750000,4952341,5993381,6066697,0,0,0,0,0,0,0
1748636653330,-18750000,4967003,6066693,6213322,0,0,0,0,0,0,0
1748636653430,-18750000,4963338,6030037,6268308,0,0,0,0,0,0,0
1748636653530,-18750000,4952342,6085023,6213326,0,0,0,0,0,0,0
1748636653630,-18750000,4956008,6030037,6268308,0,0,0,0,0,0,0
1748636653730,-18750000,4988999,6011711,6396607,0,0,0,0,0,0,0
1748636653830,-18750000,4985333,6011711,6396607,0,0,0,0,0,0,0
1748636653930,-18750000,4974336,5956728,6414937,0,0,0,0,0,0,0
1748636654030,-18750000,4981667,5975054,6396611,0,0,0,0,0,0,0
1748636654130,-18750000,4999996,5975054,6378284,0,0,0,0,0,0,0
1748636654230,-18750000,5014658,5938398,6378284,0,0,0,0,0,0,0
1748636654330,-18750000,5021990,5883416,6249985,0,0,0,0,0,0,0
1748636654430,-18750000,5010992,5883416,6066700,0,0,0,0,0,0,0
1748636654530,-18750000,5021989,5846759,5810099,0,0,0,0,0,0,0
1748636654630,-18750000,5021989,5791777,5516845,0,0,0,0,0,0,0
1748636654730,-18750000,5003660,5773447,5223592,0,0,0,0,0,0,0
1748636654830,-18750000,5003660,5791777,5058633,0,0,0,0,0,0,0
1748636654930,-18750000,5003660,5901746,4820362,0,0,0,0,0,0,0
1748636655030,-18750000,5010992,5956732,4655403,0,0,0,0,0,0,0
1748636655130,-18750000,4988998,5956732,4398805,0,0,0,0,0,0,0
1748636655230,-18750000,4970669,5993388,4160534,0,0,0,0,0,0,0
1748636655330,-18750000,4959672,5901746,4123878,0,0,0,0,0,0,0
1748636655430,-18750000,4970669,5810103,4252177,0,0,0,0,0,0,0
1748636655530,-18750000,4959673,5865089,4508778,0,0,0,0,0,0,0
1748636655630,-18750000,4963338,6030044,4728719,0,0,0,0,0,0,0
1748636655730,-18750000,4967004,5975058,4930331,0,0,0,0,0,0,0
1748636655830,-18750000,4948676,5920072,5095289,0,0,0,0,0,0,0
1748636655930,-18750000,4945010,5901746,5296904,0,0,0,0,0,0,0
1748636656030,-18750000,4930348,5791773,5425207,0,0,0,0,0,0,0
1748636656130,-18750000,4948676,5755117,5700131,0,0,0,0,0,0,0
1748636656230,-18750000,4948676,5755117,5938402,0,0,0,0,0,0,0
1748636656330,-18750000,4937680,5773443,5901746,0,0,0,0,0,0,0
1748636656430,-18750000,4926683,5846756,5828433,0,0,0,0,0,0,0
1748636656530,-18750000,4941345,5791769,5736791,0,0,0,0,0,0,0
1748636656630,-18750000,4926683,5626814,5608492,0,0,0,0,0,0,0
1748636656730,-18750000,4912020,5663471,5498523,0,0,0,0,0,0,0
1748636656830,-18750000,4934014,5626815,5443537,0,0,0,0,0,0,0
1748636656930,-18750000,4959674,5626815,5333564,0,0,0,0,0,0,0
1748636657030,-18750000,4978002,5681801,5241922,0,0,0,0,0,0,0
1748636657130,-18750000,4970670,5681801,5076967,0,0,0,0,0,0,0
1748636657230,-18750000,4959674,5663471,4948668,0,0,0,0,0,0,0
1748636657330,-18750000,4978001,5736787,5040311,0,0,0,0,0,0,0
1748636657430,-18750000,4981667,5736787,5095297,0,0,0,0,0,0,0
1748636657530,-18750000,4963339,5773443,5095297,0,0,0,0,0,0,0
1748636657630,-18750000,4967005,5846756,5186939,0,0,0,0,0,0,0
1748636657730,-18750000,4970670,5901742,5205266,0,0,0,0,0,0,0
1748636657830,-18750000,4970670,5993384,5150279,0,0,0,0,0,0,0
1748636657930,-18750000,4915685,5956724,5223592,0,0,0,0,0,0,0
1748636658030,-18750000,4904688,5938398,5223592,0,0,0,0,0,0,0
1748636658130,-18750000,4904688,5938398,5260248,0,0,0,0,0,0,0
1748636658230,-18750000,4901023,6011714,5205262,0,0,0,0,0,0,0
1748636658330,-18750000,4901023,5956728,5315231,0,0,0,0,0,0,0
1748636658430,-18750000,4886360,5956728,5425199,0,0,0,0,0,0,0
1748636658530,-18750000,4879029,5938402,5553498,0,0,0,0,0,0,0
1748636658630,-18750000,4897357,5865089,5645141,0,0,0,0,0,0,0
1748636658730,-18750000,4897357,5828433,5773439,0,0,0,0,0,0,0
1748636658830,-18750000,4897357,5828433,5901738,0,0,0,0,0,0,0
1748636658930,-18750000,4912020,5846763,5975054,0,0,0,0,0,0,0
1748636659030,-18750000,4912020,5846763,6158335,0,0,0,0,0,0,0
1748636659130,-18750000,4904689,5810103,6286634,0,0,0,0,0,0,0
1748636659230,-18750000,4912020,5810103,6469919,0,0,0,0,0,0,0
1748636659330,-18750000,4912020,5755117,6414937,0,0,0,0,0,0,0
1748636659430,-18750000,4934015,5755117,6414937,0,0,0,0,0,0,0
1748636659530,-18750000,4937680,5755117,6378281,0,0,0,0,0,0,0
1748636659630,-18750000,4948677,5920072,6341624,0,0,0,0,0,0,0
1748636659730,-18750000,4937680,5920072,6341624,0,0,0,0,0,0,0
1748636659830,-18750000,4956008,5901742,6396611,0,0,0,0,0,0,0
1748636659930,-18750000,4978003,5920068,6396611,0,0,0,0,0,0,0
1748636660030,-18750000,4992665,5901738,6396611,0,0,0,0,0,0,0
1748636660130,-18750000,5014659,5883408,6341628,0,0,0,0,0,0,0
1748636660230,-18750000,5021990,5920068,6341628,0,0,0,0,0,0,0
1748636660330,-18750000,5032987,5938398,6194999,0,0,0,0,0,0,0
1748636660430,-18750000,5032987,5938398,6194999,0,0,0,0,0,0,0
1748636660530,-18750000,5043984,5938398,6011714,0,0,0,0,0,0,0
1748636660630,-18750000,5040318,5920068,5645144,0,0,0,0,0,0,0
1748636660730,-18750000,5047649,5901742,5645144,0,0,0,0,0,0,0
1748636660830,-18750000,5032987,5865086,5058637,0,0,0,0,0,0,0
1748636660930,-18750000,5018324,5920072,5058637,0,0,0,0,0,0,0
1748636661030,-18750000,5014658,5920072,4435469,0,0,0,0,0,0,0
1748636661130,-18750000,5003660,5975058,4435469,0,0,0,0,0,0,0
1748636661230,-18750000,4981667,5938398,4087229,0,0,0,0,0,0,0
1748636661330,-18750000,4974335,5993384,3775645,0,0,0,0,0,0,0
1748636661430,-18750000,4956007,6011711,3867288,0,0,0,0,0,0,0
1748636661530,-18750000,4937678,6030041,4215528,0,0,0,0,0,0,0
1748636661630,-18750000,4926681,5993384,4215528,0,0,0,0,0,0,0
1748636661730,-18750000,4934012,6011711,4417139,0,0,0,0,0,0,0
1748636661830,-18750000,4926681,6140009,4692067,0,0,0,0,0,0,0
1748636661930,-18750000,4926681,5993381,4930334,0,0,0,0,0,0,0
1748636662030,-18750000,4915685,6048367,5168606,0,0,0,0,0,0,0
1748636662130,-18750000,4915685,5975051,5480189,0,0,0,0,0,0,0
1748636662230,-18750000,4934012,5938394,5865086,0,0,0,0,0,0,0
1748636662330,-18750000,4941344,5920064,6158339,0,0,0,0,0,0,0
1748636662430,-18750000,4945009,5865078,6121683,0,0,0,0,0,0,0
1748636662530,-18750000,4959671,5846748,5938398,0,0,0,0,0,0,0
1748636662630,-18750000,4981666,5901734,5773443,0,0,0,0,0,0,0
1748636662730,-18750000,4974335,5901734,5626814,0,0,0,0,0,0,0
1748636662830,-18750000,4981666,5865078,5333557,0,0,0,0,0,0,0
1748636662930,-18750000,4970669,5938394,5076959,0,0,0,0,0,0,0
1748636663030,-18750000,4970669,5920068,4857018,0,0,0,0,0,0,0
1748636663130,-18750000,4978001,5920068,4582090,0,0,0,0,0,0,0
1748636663230,-18750000,4967005,5920068,4270507,0,0,0,0,0,0,0
1748636663330,-18750000,4948677,5938398,4013909,0,0,0,0,0,0,0
1748636663430,-18750000,4956008,5846756,3995579,0,0,0,0,0,0,0
1748636663530,-18750000,4941346,5773443,4123882,0,0,0,0,0,0,0
1748636663630,-18750000,4912020,5663471,4252180,0,0,0,0,0,0,0
1748636663730,-18750000,4897358,5645144,4435465,0,0,0,0,0,0,0
1748636663830,-18750000,4890026,5553502,4747049,0,0,0,0,0,0,0
1748636663930,-18750000,4897358,5516842,5040303,0,0,0,0,0,0,0
1748636664030,-18750000,4908354,5535168,5315231,0,0,0,0,0,0,0
1748636664130,-18750000,4886360,5553498,5553502,0,0,0,0,0,0,0
1748636664230,-18750000,4893691,5553498,5828429,0,0,0,0,0,0,0
1748636664330,-18750000,4908353,5498512,6103357,0,0,0,0,0,0,0
1748636664430,-18750000,4912019,5608484,6286642,0,0,0,0,0,0,0
1748636664530,-18750000,4919351,5663467,6341624,0,0,0,0,0,0,0
1748636664630,-18750000,4934013,5681797,6396611,0,0,0,0,0,0,0
1748636664730,-18750000,4941344,5773436,6469923,0,0,0,0,0,0,0
1748636664830,-18750000,4948676,5828422,6414941,0,0,0,0,0,0,0
1748636664930,-18750000,4956007,5865082,6396614,0,0,0,0,0,0,0
1748636665030,-18750000,4952342,5755113,6414941,0,0,0,0,0,0,0
1748636665130,-18750000,4967004,5791769,6451597,0,0,0,0,0,0,0
1748636665230,-18750000,4967004,5956724,6451597,0,0,0,0,0,0,0
1748636665330,-18750000,4963338,5975054,6451597,0,0,0,0,0,0,0
1748636665430,-18750000,4959672,5993384,6433267,0,0,0,0,0,0,0
1748636665530,-18750000,4974335,6030044,6506583,0,0,0,0,0,0,0
1748636665630,-18750000,4981667,6066701,6506583,0,0,0,0,0,0,0
1748636665730,-18750000,4992664,5938402,6469927,0,0,0,0,0,0,0
1748636665830,-18750000,4999995,5920072,6506583,0,0,0,0,0,0,0
1748636665930,-18750000,4996329,5901742,6524909,0,0,0,0,0,0,0
1748636666030,-18750000,4999994,5956724,6524909,0,0,0,0,0,0,0
1748636666130,-18750000,5025655,5920068,6616552,0,0,0,0,0,0,0
1748636666230,-18750000,5036652,5791770,6616552,0,0,0,0,0,0,0
1748636666330,-18750000,5047649,5828426,6616552,0,0,0,0,0,0,0
1748636666430,-18750000,5047649,5828426,6488253,0,0,0,0,0,0,0
1748636666530,-18750000,5062313,5755109,6213325,0,0,0,0,0,0,0
1748636666630,-18750000,5065978,5700123,5993384,0,0,0,0,0,0,0
1748636666730,-18750000,5076975,5773439,5755117,0,0,0,0,0,0,0
1748636666830,-18750000,5084306,5828426,5480189,0,0,0,0,0,0,0
1748636666930,-18750000,5087972,5828426,5205265,0,0,0,0,0,0,0
1748636667030,-18750000,5076976,5865086,4912012,0,0,0,0,0,0,0
1748636667130,-18750000,5043984,5901742,4527112,0,0,0,0,0,0,0
1748636667230,-18750000,5036652,5901742,4233854,0,0,0,0,0,0,0
1748636667330,-18750000,5036652,5755113,3903940,0,0,0,0,0,0,0
1748636667430,-18750000,5029321,5810096,3738985,0,0,0,0,0,0,0
1748636667530,-18750000,4999995,5883412,3610687,0,0,0,0,0,0,0
1748636667630,-18750000,4985333,5920068,3519044,0,0,0,0,0,0,0
1748636667730,-18750000,4978001,5883412,3372415,0,0,0,0,0,0,0
1748636667830,-18750000,4941344,5865086,3372415,0,0,0,0,0,0,0
1748636667930,-18750000,4919349,5846756,3354085,0,0,0,0,0,0,0
1748636668030,-18750000,4919349,5846756,3262443,0,0,0,0,0,0,0
1748636668130,-18750000,4904687,5755113,3225787,0,0,0,0,0,0,0
1748636668230,-18750000,4890024,5681801,3207461,0,0,0,0,0,0,0
1748636668330,-18750000,4864364,5773443,3189134,0,0,0,0,0,0,0
1748636668430,-18750000,4853368,5626818,3299103,0,0,0,0,0,0,0
1748636668530,-18750000,4846036,5590158,3537371,0,0,0,0,0,0,0
1748636668630,-18750000,4820377,5590158,3812298,0,0,0,0,0,0,0
1748636668730,-18750000,4798383,5535172,4142212,0,0,0,0,0,0,0
1748636668830,-18750000,4798383,5406869,4362153,0,0,0,0,0,0,0
1748636668930,-18750000,4805715,5498512,4655407,0,0,0,0,0,0,0
1748636669030,-18750000,4805715,5516838,5040303,0,0,0,0,0,0,0
1748636669130,-18750000,4824043,5516838,5370217,0,0,0,0,0,0,0
1748636669230,-18750000,4838706,5516838,5626814,0,0,0,0,0,0,0
1748636669330,-18750000,4838706,5535168,6011711,0,0,0,0,0,0,0
1748636669430,-18750000,4846037,5590151,6030041,0,0,0,0,0,0,0
1748636669530,-18750000,4853369,5553494,5901742,0,0,0,0,0,0,0
1748636669630,-18750000,4871697,5608481,5645141,0,0,0,0,0,0,0
1748636669730,-18750000,4871697,5608481,5480182,0,0,0,0,0,0,0
1748636669830,-18750000,4882694,5663467,5278571,0,0,0,0,0,0,0
1748636669930,-18750000,4879028,5590154,4948661,0,0,0,0,0,0,0
1748636670030,-18750000,4875362,5608484,4637077,0,0,0,0,0,0,0
1748636670130,-18750000,4846037,5645141,4325493,0,0,0,0,0,0,0
1748636670230,-18750000,4824043,5681797,4050566,0,0,0,0,0,0,0
1748636670330,-18750000,4805714,5645137,3720652,0,0,0,0,0,0,0
1748636670430,-18750000,4780055,5645137,3683995,0,0,0,0,0,0,0
1748636670530,-18750000,4769057,5571824,3867280,0,0,0,0,0,0,0
1748636670630,-18750000,4754394,5516838,4105552,0,0,0,0,0,0,0
1748636670730,-18750000,4750728,5553494,4252181,0,0,0,0,0,0,0
1748636670830,-18750000,4739731,5571824,4453792,0,0,0,0,0,0,0
1748636670930,-18750000,4728733,5553494,4747046,0,0,0,0,0,0,0
1748636671030,-18750000,4721402,5425196,5040303,0,0,0,0,0,0,0
1748636671130,-18750000,4732399,5370213,5333557,0,0,0,0,0,0,0
1748636671230,-18750000,4728733,5370213,5718453,0,0,0,0,0,0,0
1748636671330,-18750000,4758059,5406873,6030037,0,0,0,0,0,0,0
1748636671430,-18750000,4783719,5388547,6176666,0,0,0,0,0,0,0
1748636671530,-18750000,4794716,5498516,6140009,0,0,0,0,0,0,0
1748636671630,-18750000,4802048,5498516,6268308,0,0,0,0,0,0,0
1748636671730,-18750000,4824043,5498516,6304964,0,0,0,0,0,0,0
1748636671830,-18750000,4831375,5571828,6341620,0,0,0,0,0,0,0
1748636671930,-18750000,4853369,5590158,6323294,0,0,0,0,0,0,0
1748636672030,-18750000,4864367,5626814,6323294,0,0,0,0,0,0,0
1748636672130,-18750000,4871698,5681797,6396607,0,0,0,0,0,0,0
1748636672230,-18750000,4875364,5773439,6304968,0,0,0,0,0,0,0
1748636672330,-18750000,4868033,5755109,6286642,0,0,0,0,0,0,0
1748636672430,-18750000,4857035,5810096,6323298,0,0,0,0,0,0,0
1748636672530,-18750000,4868032,5846756,6341628,0,0,0,0,0,0,0
1748636672630,-18750000,4871698,5901742,6268315,0,0,0,0,0,0,0
1748636672730,-18750000,4879029,5956728,6341628,0,0,0,0,0,0,0
1748636672830,-18750000,4886360,5901742,6396614,0,0,0,0,0,0,0
1748636672930,-18750000,4901023,5901742,6433270,0,0,0,0,0,0,0
1748636673030,-18750000,4904688,5920068,6451597,0,0,0,0,0,0,0
1748636673130,-18750000,4919351,5920068,6378284,0,0,0,0,0,0,0
1748636673230,-18750000,4926682,5920068,6414940,0,0,0,0,0,0,0
1748636673330,-18750000,4952342,5883412,6433267,0,0,0,0,0,0,0
1748636673430,-18750000,4970670,5938394,6488249,0,0,0,0,0,0,0
1748636673530,-18750000,4974335,5975051,6506575,0,0,0,0,0,0,0
1748636673630,-18750000,4996330,5993381,6561558,0,0,0,0,0,0,0
1748636673730,-18750000,4992664,5938394,6524902,0,0,0,0,0,0,0
1748636673830,-18750000,4992664,5975054,6488245,0,0,0,0,0,0,0
1748636673930,-18750000,4985333,6030041,6488245,0,0,0,0,0,0,0
1748636674030,-18750000,4996330,5975058,6433263,0,0,0,0,0,0,0
1748636674130,-18750000,5007327,5993388,6469919,0,0,0,0,0,0,0
1748636674230,-18750000,5018324,5901746,6451589,0,0,0,0,0,0,0
1748636674330,-18750000,5007327,5975058,6506575,0,0,0,0,0,0,0
1748636674430,-18750000,5007327,5920076,6506575,0,0,0,0,0,0,0
1748636674530,-18750000,4996331,5920076,6579888,0,0,0,0,0,0,0
1748636674630,-18750000,4985333,5865089,6524905,0,0,0,0,0,0,0
1748636674730,-18750000,4985333,5865089,6506579,0,0,0,0,0,0,0
1748636674830,-18750000,4999996,5901746,6524905,0,0,0,0,0,0,0
1748636674930,-18750000,5014658,5791773,6598218,0,0,0,0,0,0,0
1748636675030,-18750000,5021989,5846756,6653200,0,0,0,0,0,0,0
1748636675130,-18750000,5014658,5883412,6671530,0,0,0,0,0,0,0
1748636675230,-18750000,5014658,5920068,6726517,0,0,0,0,0,0,0
1748636675330,-18750000,5029321,5883412,6653204,0,0,0,0,0,0,0
1748636675430,-18750000,5043983,5865082,6616548,0,0,0,0,0,0,0
1748636675530,-18750000,5076974,5846752,6598222,0,0,0,0,0,0,0
1748636675630,-18750000,5087972,5883408,6598222,0,0,0,0,0,0,0
1748636675730,-18750000,5109966,5865078,6634878,0,0,0,0,0,0,0
1748636675830,-18750000,5102635,5846748,6598222,0,0,0,0,0,0,0
1748636675930,-18750000,5098970,5956721,6543236,0,0,0,0,0,0,0
1748636676030,-18750000,5095304,5975051,6524909,0,0,0,0,0,0,0
1748636676130,-18750000,5095304,6011707,6451597,0,0,0,0,0,0,0
1748636676230,-18750000,5106302,6048367,6396611,0,0,0,0,0,0,0
1748636676330,-18750000,5109968,6103353,6433267,0,0,0,0,0,0,0
1748636676430,-18750000,5106302,6085023,6304968,0,0,0,0,0,0,0
1748636676530,-18750000,5095305,6066697,6085027,0,0,0,0,0,0,0
1748636676630,-18750000,5102636,6030041,5883412,0,0,0,0,0,0,0
1748636676730,-18750000,5084308,6066701,5626814,0,0,0,0,0,0,0
1748636676830,-18750000,5098970,6048374,5425203,0,0,0,0,0,0,0
1748636676930,-18750000,5106302,6048374,5150279,0,0,0,0,0,0,0
1748636677030,-18750000,5117298,6066704,4875352,0,0,0,0,0,0,0
1748636677130,-18750000,5124629,6030048,4655410,0,0,0,0,0,0,0
1748636677230,-18750000,5142958,5956732,4417143,0,0,0,0,0,0,0
1748636677330,-18750000,5128295,5975058,4123889,0,0,0,0,0,0,0
1748636677430,-18750000,5131960,5993388,3977264,0,0,0,0,0,0,0
1748636677530,-18750000,5106300,5993388,3830635,0,0,0,0,0,0,0
1748636677630,-18750000,5087972,6030044,3665680,0,0,0,0,0,0,0
1748636677730,-18750000,5076974,6011714,3610694,0,0,0,0,0,0,0
1748636677830,-18750000,5065977,5938398,3482395,0,0,0,0,0,0,0
1748636677930,-18750000,5043983,5883412,3427409,0,0,0,0,0,0,0
1748636678030,-18750000,5029320,5810096,3354097,0,0,0,0,0,0,0
1748636678130,-18750000,5010992,5773439,3317437,0,0,0,0,0,0,0
1748636678230,-18750000,4963337,5883412,3262450,0,0,0,0,0,0,0
1748636678330,-18750000,4941343,5791769,3170808,0,0,0,0,0,0,0
1748636678430,-18750000,4904686,5810099,3335763,0,0,0,0,0,0,0
1748636678530,-18750000,4923015,5718457,3592360,0,0,0,0,0,0,0
1748636678630,-18750000,4923015,5590158,3940600,0,0,0,0,0,0,0
1748636678730,-18750000,4919350,5590158,4142212,0,0,0,0,0,0,0
1748636678830,-18750000,4904687,5681801,4453796,0,0,0,0,0,0,0
1748636678930,-18750000,4904687,5626814,4728723,0,0,0,0,0,0,0
1748636679030,-18750000,4901021,5645144,5113619,0,0,0,0,0,0,0
1748636679130,-18750000,4908353,5645144,5388547,0,0,0,0,0,0,0
1748636679230,-18750000,4923015,5553502,5681801,0,0,0,0,0,0,0
1748636679330,-18750000,4937678,5498519,6030041,0,0,0,0,0,0,0
1748636679430,-18750000,4959672,5461859,6140009,0,0,0,0,0,0,0
1748636679530,-18750000,4952341,5498516,6194996,0,0,0,0,0,0,0
1748636679630,-18750000,4952341,5626814,6213326,0,0,0,0,0,0,0
1748636679730,-18750000,4952341,5608484,6286642,0,0,0,0,0,0,0
1748636679830,-18750000,4978000,5590158,6304968,0,0,0,0,0,0,0
1748636679930,-18750000,4981666,5663474,6286638,0,0,0,0,0,0,0
1748636680030,-18750000,4985332,5736787,6268308,0,0,0,0,0,0,0
1748636680130,-18750000,4978001,5718457,6286638,0,0,0,0,0,0,0
1748636680230,-18750000,4967005,5791769,6341624,0,0,0,0,0,0,0
1748636680330,-18750000,4974336,5901738,6396607,0,0,0,0,0,0,0
1748636680430,-18750000,4974336,5938398,6396607,0,0,0,0,0,0,0
1748636680530,-18750000,4988998,5993384,6469919,0,0,0,0,0,0,0
1748636680630,-18750000,4985332,5956728,6506576,0,0,0,0,0,0,0
1748636680730,-18750000,4992664,5993388,6488246,0,0,0,0,0,0,0
1748636680830,-18750000,5003661,5938402,6579888,0,0,0,0,0,0,0
1748636680930,-18750000,5010992,5920072,6671531,0,0,0,0,0,0,0
1748636681030,-18750000,5021989,5883416,6689861,0,0,0,0,0,0,0
1748636681130,-18750000,5036653,5938402,6689861,0,0,0,0,0,0,0
1748636681230,-18750000,5069644,5846759,6616548,0,0,0,0,0,0,0
1748636681330,-18750000,5065978,5920072,6561566,0,0,0,0,0,0,0
1748636681430,-18750000,5084307,5938398,6451597,0,0,0,0,0,0,0
1748636681530,-18750000,5084307,5938398,6176673,0,0,0,0,0,0,0
1748636681630,-18750000,5098970,5956728,5956732,0,0,0,0,0,0,0
1748636681730,-18750000,5087973,5938398,5773447,0,0,0,0,0,0,0
1748636681830,-18750000,5065979,5920068,5443537,0,0,0,0,0,0,0
1748636681930,-18750000,5062313,5920068,5131953,0,0,0,0,0,0,0
1748636682030,-18750000,5051315,5920068,4820369,0,0,0,0,0,0,0
1748636682130,-18750000,5036652,5920068,4527112,0,0,0,0,0,0,0
1748636682230,-18750000,5014658,5956724,4307170,0,0,0,0,0,0,0
1748636682330,-18750000,5021989,5865086,3995587,0,0,0,0,0,0,0
1748636682430,-18750000,4999994,5791773,3977257,0,0,0,0,0,0,0
1748636682530,-18750000,4978001,5755113,4123882,0,0,0,0,0,0,0
1748636682630,-18750000,4959672,5718453,4270510,0,0,0,0,0,0,0
1748636682730,-18750000,4970669,5718453,4453795,0,0,0,0,0,0,0
1748636682830,-18750000,4963338,5718453,4692063,0,0,0,0,0,0,0
1748636682930,-18750000,4948676,5736783,5021973,0,0,0,0,0,0,0
1748636683030,-18750000,4952342,5755113,5241914,0,0,0,0,0,0,0
1748636683130,-18750000,4970670,5681801,5498516,0,0,0,0,0,0,0
1748636683230,-18750000,4970670,5700131,5773439,0,0,0,0,0,0,0
1748636683330,-18750000,4981667,5718457,6103349,0,0,0,0,0,0,0
1748636683430,-18750000,4999996,5810099,6249978,0,0,0,0,0,0,0
1748636683530,-18750000,5021989,5865086,6323294,0,0,0,0,0,0,0
1748636683630,-18750000,5043983,5883416,6359951,0,0,0,0,0,0,0
1748636683730,-18750000,5058646,5920072,6341624,0,0,0,0,0,0,0
1748636683830,-18750000,5069643,5938402,6378281,0,0,0,0,0,0,0
1748636683930,-18750000,5091637,5956728,6304968,0,0,0,0,0,0,0
1748636684030,-18750000,5087971,5993384,6396611,0,0,0,0,0,0,0
1748636684130,-18750000,5076974,6011710,6433267,0,0,0,0,0,0,0
1748636684230,-18750000,5102634,5993380,6433267,0,0,0,0,0,0,0
1748636684330,-18750000,5087971,5938394,6414941,0,0,0,0,0,0,0
1748636684430,-18750000,5084306,5920064,6268312,0,0,0,0,0,0,0
1748636684530,-18750000,5080640,5938394,6103353,0,0,0,0,0,0,0
1748636684630,-18750000,5065978,5920064,5901738,0,0,0,0,0,0,0
1748636684730,-18750000,5062313,5791766,5718453,0,0,0,0,0,0,0
1748636684830,-18750000,5058647,5865078,5498512,0,0,0,0,0,0,0
1748636684930,-18750000,5051315,5773436,5278571,0,0,0,0,0,0,0
1748636685030,-18750000,5047649,5736779,4985317,0,0,0,0,0,0,0
1748636685130,-18750000,5051315,5736779,4728719,0,0,0,0,0,0,0
1748636685230,-18750000,5021990,5828422,4472122,0,0,0,0,0,0,0
1748636685330,-18750000,5018324,5846752,4233851,0,0,0,0,0,0,0
1748636685430,-18750000,5003661,5810096,4288837,0,0,0,0,0,0,0
1748636685530,-18750000,4988998,5718453,4417139,0,0,0,0,0,0,0
1748636685630,-18750000,4988998,5718453,4545438,0,0,0,0,0,0,0
1748636685730,-18750000,4970669,5883408,4728723,0,0,0,0,0,0,0
1748636685830,-18750000,4988998,5810096,4930338,0,0,0,0,0,0,0
1748636685930,-18750000,4988998,5828426,5186936,0,0,0,0,0,0,0
1748636686030,-18750000,4992664,5810096,5461859,0,0,0,0,0,0,0
1748636686130,-18750000,4985333,5791769,5681801,0,0,0,0,0,0,0
1748636686230,-18750000,5014658,5700127,5956728,0,0,0,0,0,0,0
1748636686330,-18750000,5018323,5645141,6213326,0,0,0,0,0,0,0
1748636686430,-18750000,5014658,5626811,6140013,0,0,0,0,0,0,0
1748636686530,-18750000,5018324,5736779,5993384,0,0,0,0,0,0,0
1748636686630,-18750000,5029321,5791766,5920072,0,0,0,0,0,0,0
1748636686730,-18750000,5036652,5700123,5755113,0,0,0,0,0,0,0
1748636686830,-18750000,5029321,5755109,5535172,0,0,0,0,0,0,0
1748636686930,-18750000,5021990,5718453,5278574,0,0,0,0,0,0,0
1748636687030,-18750000,5014658,5718453,4966991,0,0,0,0,0,0,0
1748636687130,-18750000,5018324,5791766,4747049,0,0,0,0,0,0,0
1748636687230,-18750000,4985333,5828426,4417136,0,0,0,0,0,0,0
1748636687330,-18750000,4978001,5865082,4142212,0,0,0,0,0,0,0
1748636687430,-18750000,4981666,5920068,4178868,0,0,0,0,0,0,0
1748636687530,-18750000,4974335,5846756,4288837,0,0,0,0,0,0,0
1748636687630,-18750000,4956007,5810099,4380479,0,0,0,0,0,0,0
1748636687730,-18750000,4945010,5773443,4508778,0,0,0,0,0,0,0
1748636687830,-18750000,4912019,5791769,4673733,0,0,0,0,0,0,0
1748636687930,-18750000,4915685,5883412,4930331,0,0,0,0,0,0,0
1748636688030,-18750000,4915685,5938398,5205258,0,0,0,0,0,0,0
1748636688130,-18750000,4915685,5901742,5516838,0,0,0,0,0,0,0
1748636688230,-18750000,4915685,5956724,5828422,0,0,0,0,0,0,0
1748636688330,-18750000,4912019,6030041,6066689,0,0,0,0,0,0,0
1748636688430,-18750000,4904688,6030041,6176658,0,0,0,0,0,0,0
1748636688530,-18750000,4912019,6085027,6249974,0,0,0,0,0,0,0
1748636688630,-18750000,4919351,6121683,6304961,0,0,0,0,0,0,0
1748636688730,-18750000,4926682,6085027,6433259,0,0,0,0,0,0,0
1748636688830,-18750000,4963339,6030041,6451589,0,0,0,0,0,0,0
1748636688930,-18750000,4970670,6011711,6433263,0,0,0,0,0,0,0
1748636689030,-18750000,4959673,5993381,6469919,0,0,0,0,0,0,0
1748636689130,-18750000,4952342,6030037,6451593,0,0,0,0,0,0,0
1748636689230,-18750000,4967004,5956724,6396611,0,0,0,0,0,0,0
1748636689330,-18750000,4981667,5938394,6396611,0,0,0,0,0,0,0
1748636689430,-18750000,4999995,5938394,6249986,0,0,0,0,0,0,0
1748636689530,-18750000,5010992,5938394,6140013,0,0,0,0,0,0,0
1748636689630,-18750000,5025655,5938394,6011714,0,0,0,0,0,0,0
1748636689730,-18750000,5043983,6048367,5773447,0,0,0,0,0,0,0
1748636689830,-18750000,5018324,6103353,5590162,0,0,0,0,0,0,0
1748636689930,-18750000,5003661,6176665,5315234,0,0,0,0,0,0,0
1748636690030,-18750000,5029321,6158339,5003651,0,0,0,0,0,0,0
1748636690130,-18750000,5032987,6140013,4728723,0,0,0,0,0,0,0
1748636690230,-18750000,5029322,6085027,4472122,0,0,0,0,0,0,0
1748636690330,-18750000,5025656,6066701,4215524,0,0,0,0,0,0,0
1748636690430,-18750000,4999996,6048374,4233850,0,0,0,0,0,0,0
1748636690530,-18750000,4981667,5938402,4343823,0,0,0,0,0,0,0
1748636690630,-18750000,4974336,5938402,4453792,0,0,0,0,0,0,0
1748636690730,-18750000,4945011,5846759,4600420,0,0,0,0,0,0,0
1748636690830,-18750000,4945011,5846759,4783705,0,0,0,0,0,0,0
1748636690930,-18750000,4963340,5791777,5058633,0,0,0,0,0,0,0
1748636691030,-18750000,4963340,5773447,5351890,0,0,0,0,0,0,0
1748636691130,-18750000,4974337,5828429,5571832,0,0,0,0,0,0,0
1748636691230,-18750000,4985334,5865086,5865089,0,0,0,0,0,0,0
1748636691330,-18750000,4996331,5791769,6176673,0,0,0,0,0,0,0
1748636691430,-18750000,5007329,5755109,6158347,0,0,0,0,0,0,0
1748636691530,-18750000,5010994,5791766,5938406,0,0,0,0,0,0,0
1748636691630,-18750000,5010994,5681797,5681808,0,0,0,0,0,0,0
1748636691730,-18750000,5025656,5736779,5461867,0,0,0,0,0,0,0
1748636691830,-18750000,5032988,5773436,5186939,0,0,0,0,0,0,0
1748636691930,-18750000,5029322,5755106,4912012,0,0,0,0,0,0,0
1748636692030,-18750000,4996331,5736776,4600428,0,0,0,0,0,0,0
1748636692130,-18750000,4985333,5681793,4288844,0,0,0,0,0,0,0
1748636692230,-18750000,4974336,5608481,3977261,0,0,0,0,0,0,0
1748636692330,-18750000,4959673,5645137,3647347,0,0,0,0,0,0,0
1748636692430,-18750000,4941345,5553495,3629017,0,0,0,0,0,0,0
1748636692530,-18750000,4937680,5553495,3775642,0,0,0,0,0,0,0
1748636692630,-18750000,4912020,5608477,4013913,0,0,0,0,0,0,0
1748636692730,-18750000,4897357,5626807,4270511,0,0,0,0,0,0,0
1748636692830,-18750000,4897357,5425196,4563764,0,0,0,0,0,0,0
1748636692930,-18750000,4871698,5443526,4820362,0,0,0,0,0,0,0
1748636693030,-18750000,4875364,5425199,5095289,0,0,0,0,0,0,0
1748636693130,-18750000,4860701,5425199,5388547,0,0,0,0,0,0,0
1748636693230,-18750000,4835041,5498512,5718457,0,0,0,0,0,0,0
1748636693330,-18750000,4827710,5553498,5993384,0,0,0,0,0,0,0
1748636693430,-18750000,4853370,5681801,6194996,0,0,0,0,0,0,0
1748636693530,-18750000,4842373,5663474,6286638,0,0,0,0,0,0,0
1748636693630,-18750000,4860701,5645148,6323294,0,0,0,0,0,0,0
1748636693730,-18750000,4864366,5608492,6378277,0,0,0,0,0,0,0
1748636693830,-18750000,4868032,5736791,6378277,0,0,0,0,0,0,0
1748636693930,-18750000,4886360,5755117,6414933,0,0,0,0,0,0,0
1748636694030,-18750000,4901023,5755117,6506572,0,0,0,0,0,0,0
1748636694130,-18750000,4915685,5773443,6579884,0,0,0,0,0,0,0
1748636694230,-18750000,4937679,5828429,6561558,0,0,0,0,0,0,0
1748636694330,-18750000,4941344,5846759,6579888,0,0,0,0,0,0,0
1748636694430,-18750000,4945009,5883415,6561562,0,0,0,0,0,0,0
1748636694530,-18750000,4967003,5956728,6543235,0,0,0,0,0,0,0
1748636694630,-18750000,4967003,6030040,6543235,0,0,0,0,0,0,0
1748636694730,-18750000,4974334,5993384,6506579,0,0,0,0,0,0,0
1748636694830,-18750000,4981666,6048370,6488253,0,0,0,0,0,0,0
1748636694930,-18750000,4999995,6085027,6488253,0,0,0,0,0,0,0
1748636695030,-18750000,5010992,6158339,6414941,0,0,0,0,0,0,0
1748636695130,-18750000,5007326,6085027,6414941,0,0,0,0,0,0,0
1748636695230,-18750000,5010992,6030040,6396611,0,0,0,0,0,0,0
1748636695330,-18750000,5021990,6011710,6378281,0,0,0,0,0,0,0
1748636695430,-18750000,5018324,5993380,6359951,0,0,0,0,0,0,0
1748636695530,-18750000,5010993,5956724,6378277,0,0,0,0,0,0,0
1748636695630,-18750000,5018324,6030037,6396603,0,0,0,0,0,0,0
1748636695730,-18750000,5054981,6158335,6378277,0,0,0,0,0,0,0
1748636695830,-18750000,5069644,6140005,6414933,0,0,0,0,0,0,0
1748636695930,-18750000,5058647,6121679,6414933,0,0,0,0,0,0,0
1748636696030,-18750000,5043983,6066693,6488246,0,0,0,0,0,0,0
1748636696130,-18750000,5051315,6048363,6469916,0,0,0,0,0,0,0
1748636696230,-18750000,5054980,6011707,6488246,0,0,0,0,0,0,0
1748636696330,-18750000,5058646,5993380,6561558,0,0,0,0,0,0,0
1748636696430,-18750000,5076974,5920068,6469916,0,0,0,0,0,0,0
1748636696530,-18750000,5087972,5920068,6249974,0,0,0,0,0,0,0
1748636696630,-18750000,5091638,5865085,6030033,0,0,0,0,0,0,0
1748636696730,-18750000,5058647,5901742,5773435,0,0,0,0,0,0,0
1748636696830,-18750000,5051315,5883416,5498508,0,0,0,0,0,0,0
1748636696930,-18750000,5054981,5828429,5186924,0,0,0,0,0,0,0
1748636697030,-18750000,5054981,5810103,4893670,0,0,0,0,0,0,0
1748636697130,-18750000,5054981,5846759,4618747,0,0,0,0,0,0,0
1748636697230,-18750000,5051316,5846759,4307163,0,0,0,0,0,0,0
1748636697330,-18750000,5043984,5810099,3922267,0,0,0,0,0,0,0
1748636697430,-18750000,5036653,5828426,3922267,0,0,0,0,0,0,0
1748636697530,-18750000,5025656,5883412,4068896,0,0,0,0,0,0,0
1748636697630,-18750000,5029321,5828426,4197194,0,0,0,0,0,0,0
1748636697730,-18750000,5036652,5736783,4435462,0,0,0,0,0,0,0
1748636697830,-18750000,5021989,5773439,4655403,0,0,0,0,0,0,0
1748636697930,-18750000,5018323,5828426,4948661,0,0,0,0,0,0,0
1748636698030,-18750000,5025654,5846752,5205258,0,0,0,0,0,0,0
1748636698130,-18750000,5029320,5791769,5461856,0,0,0,0,0,0,0
1748636698230,-18750000,5043983,5791769,5736783,0,0,0,0,0,0,0
1748636698330,-18750000,5058646,5810099,6103353,0,0,0,0,0,0,0
1748636698430,-18750000,5058646,5865086,6066697,0,0,0,0,0,0,0
1748636698530,-18750000,5058646,5810099,5938398,0,0,0,0,0,0,0
1748636698630,-18750000,5051315,5810099,5810099,0,0,0,0,0,0,0
1748636698730,-18750000,5036652,5810099,5553502,0,0,0,0,0,0,0
1748636698830,-18750000,5036652,5663471,5333560,0,0,0,0,0,0,0
1748636698930,-18750000,5029321,5645141,5076963,0,0,0,0,0,0,0
1748636699030,-18750000,5029321,5608484,4765379,0,0,0,0,0,0,0
1748636699130,-18750000,5036652,5736783,4490452,0,0,0,0,0,0,0
1748636699230,-18750000,5003661,5773439,4252180,0,0,0,0,0,0,0
1748636699330,-18750000,4967004,5755109,3958927,0,0,0,0,0,0,0
1748636699430,-18750000,4970669,5681797,4013913,0,0,0,0,0,0,0
1748636699530,-18750000,4967004,5681797,4160542,0,0,0,0,0,0,0
1748636699630,-18750000,4963338,5736783,4343827,0,0,0,0,0,0,0
1748636699730,-18750000,4978001,5791769,4618754,0,0,0,0,0,0,0
1748636699830,-18750000,4978001,5810099,4893682,0,0,0,0,0,0,0
1748636699930,-18750000,4970669,5755113,5150279,0,0,0,0,0,0,0
1748636700030,-18750000,4959673,5810099,5406880,0,0,0,0,0,0,0
1748636700130,-18750000,4952342,5736783,5681808,0,0,0,0,0,0,0
1748636700230,-18750000,4967004,5736783,5993392,0,0,0,0,0,0,0
1748636700330,-18750000,4988998,5626814,6249989,0,0,0,0,0,0,0
1748636700430,-18750000,4974335,5645141,6323302,0,0,0,0,0,0,0
1748636700530,-18750000,4996329,5626811,6378284,0,0,0,0,0,0,0
1748636700630,-18750000,4985333,5571824,6359958,0,0,0,0,0,0,0
1748636700730,-18750000,4981667,5571824,6341628,0,0,0,0,0,0,0
1748636700830,-18750000,4981667,5681793,6323298,0,0,0,0,0,0,0
1748636700930,-18750000,4988998,5791766,6323298,0,0,0,0,0,0,0
1748636701030,-18750000,4996329,5846752,6378281,0,0,0,0,0,0,0
1748636701130,-18750000,4978001,5791769,6341624,0,0,0,0,0,0,0
1748636701230,-18750000,4985332,5755113,6359951,0,0,0,0,0,0,0
1748636701330,-18750000,4999995,5938398,6396607,0,0,0,0,0,0,0
1748636701430,-18750000,5003660,6030041,6268308,0,0,0,0,0,0,0
1748636701530,-18750000,4999995,6085027,6176666,0,0,0,0,0,0,0
1748636701630,-18750000,5003660,6158339,6103349,0,0,0,0,0,0,0
1748636701730,-18750000,4999995,6121683,5993381,0,0,0,0,0,0,0
1748636701830,-18750000,4985333,6085027,5920068,0,0,0,0,0,0,0
1748636701930,-18750000,4999995,6030041,5718453,0,0,0,0,0,0,0
1748636702030,-18750000,5007326,5975054,5516842,0,0,0,0,0,0,0
1748636702130,-18750000,5010992,6085023,5425199,0,0,0,0,0,0,0
1748636702230,-18750000,5021990,6158339,5241918,0,0,0,0,0,0,0
1748636702330,-18750000,5010992,6121683,5076963,0,0,0,0,0,0,0
1748636702430,-18750000,4996330,6066701,4985321,0,0,0,0,0,0,0
1748636702530,-18750000,4992664,6030044,4930338,0,0,0,0,0,0,0
1748636702630,-18750000,4988999,5956732,4912012,0,0,0,0,0,0,0
1748636702730,-18750000,4978001,5938402,4966994,0,0,0,0,0,0,0
1748636702830,-18750000,4985333,5920072,4930338,0,0,0,0,0,0,0
1748636702930,-18750000,4959673,5865086,5003654,0,0,0,0,0,0,0
1748636703030,-18750000,4959673,5865086,5076967,0,0,0,0,0,0,0
1748636703130,-18750000,4963338,5883416,5040307,0,0,0,0,0,0,0
1748636703230,-18750000,4930347,5828429,5021977,0,0,0,0,0,0,0
1748636703330,-18750000,4908353,5846756,5021977,0,0,0,0,0,0,0
1748636703430,-18750000,4908353,5810096,5205262,0,0,0,0,0,0,0
1748636703530,-18750000,4893691,5920064,5388543,0,0,0,0,0,0,0
1748636703630,-18750000,4904687,5920064,5480186,0,0,0,0,0,0,0
1748636703730,-18750000,4912019,5956721,5553502,0,0,0,0,0,0,0
1748636703830,-18750000,4923016,6011707,5681801,0,0,0,0,0,0,0
1748636703930,-18750000,4937678,6048367,5810099,0,0,0,0,0,0,0
1748636704030,-18750000,4934012,6158335,5920072,0,0,0,0,0,0,0
1748636704130,-18750000,4945010,6194992,6085030,0,0,0,0,0,0,0
1748636704230,-18750000,4970669,6268304,6286642,0,0,0,0,0,0,0
1748636704330,-18750000,4992663,6213318,6469923,0,0,0,0,0,0,0
1748636704430,-18750000,5003660,6341617,6396610,0,0,0,0,0,0,0
1748636704530,-18750000,5025654,6213318,6249985,0,0,0,0,0,0,0
1748636704630,-18750000,5025654,6231648,6176669,0,0,0,0,0,0,0
1748636704730,-18750000,5036651,6176662,6066697,0,0,0,0,0,0,0
1748636704830,-18750000,5029320,6085019,5956724,0,0,0,0,0,0,0
1748636704930,-18750000,5040317,6103346,5700127,0,0,0,0,0,0,0
1748636705030,-18750000,5051315,5993377,5443529,0,0,0,0,0,0,0
1748636705130,-18750000,5054981,5920064,5168602,0,0,0,0,0,0,0
1748636705230,-18750000,5043983,5938394,4857022,0,0,0,0,0,0,0
1748636705330,-18750000,5032986,5975054,4490455,0,0,0,0,0,0,0
1748636705430,-18750000,5025655,5956728,4490455,0,0,0,0,0,0,0
1748636705530,-18750000,5003661,5901746,4490455,0,0,0,0,0,0,0
1748636705630,-18750000,4996330,5975058,4545442,0,0,0,0,0,0,0
1748636705730,-18750000,4978001,6011718,4637084,0,0,0,0,0,0,0
1748636705830,-18750000,4974335,6085034,4728727,0,0,0,0,0,0,0
1748636705930,-18750000,4948676,6048378,4985324,0,0,0,0,0,0,0
1748636706030,-18750000,4926682,6030048,5260248,0,0,0,0,0,0,0
1748636706130,-18750000,4919350,6011718,5553502,0,0,0,0,0,0,0
1748636706230,-18750000,4926681,6011718,5810099,0,0,0,0,0,0,0
1748636706330,-18750000,4919350,6030044,6140009,0,0,0,0,0,0,0
1748636706430,-18750000,4923015,5920072,6140009,0,0,0,0,0,0,0
1748636706530,-18750000,4956006,6011714,6103353,0,0,0,0,0,0,0
1748636706630,-18750000,4974335,5883416,5993381,0,0,0,0,0,0,0
1748636706730,-18750000,4988997,5846756,5810096,0,0,0,0,0,0,0
1748636706830,-18750000,4981666,5865082,5590154,0,0,0,0,0,0,0
1748636706930,-18750000,4999994,5865082,5370213,0,0,0,0,0,0,0
1748636707030,-18750000,5003660,5791769,5095289,0,0,0,0,0,0,0
1748636707130,-18750000,4988997,5828426,4802036,0,0,0,0,0,0,0
1748636707230,-18750000,4985332,5810096,4637077,0,0,0,0,0,0,0
1748636707330,-18750000,4981667,5663467,4417136,0,0,0,0,0,0,0
1748636707430,-18750000,4985333,5718453,4453792,0,0,0,0,0,0,0
1748636707530,-18750000,4956007,5681793,4563761,0,0,0,0,0,0,0
1748636707630,-18750000,4937678,5718449,4655403,0,0,0,0,0,0,0
1748636707730,-18750000,4926682,5828422,4857018,0,0,0,0,0,0,0
1748636707830,-18750000,4934013,5828422,5058633,0,0,0,0,0,0,0
1748636707930,-18750000,4919350,5828422,5241918,0,0,0,0,0,0,0
1748636708030,-18750000,4926682,5920064,5498516,0,0,0,0,0,0,0
1748636708130,-18750000,4948676,5846752,5773443,0,0,0,0,0,0,0
1748636708230,-18750000,4941345,5791766,5993384,0,0,0,0,0,0,0
1748636708330,-18750000,4952342,5938394,6213326,0,0,0,0,0,0,0
1748636708430,-18750000,4963339,5883408,6268312,0,0,0,0,0,0,0
1748636708530,-18750000,4967005,5828426,6268312,0,0,0,0,0,0,0
1748636708630,-18750000,4985333,5773439,6304972,0,0,0,0,0,0,0
1748636708730,-18750000,4992665,5718453,6304972,0,0,0,0,0,0,0
1748636708830,-18750000,4985333,5736783,6341628,0,0,0,0,0,0,0
1748636708930,-18750000,4978002,5828426,6396610,0,0,0,0,0,0,0
1748636709030,-18750000,4992665,5773439,6359954,0,0,0,0,0,0,0
1748636709130,-18750000,4992665,5846752,6414937,0,0,0,0,0,0,0
1748636709230,-18750000,5010994,5920068,6359954,0,0,0,0,0,0,0
1748636709330,-18750000,5021991,5938398,6341628,0,0,0,0,0,0,0
1748636709430,-18750000,4999997,6066697,6194999,0,0,0,0,0,0,0
1748636709530,-18750000,4999997,6158339,6030044,0,0,0,0,0,0,0
1748636709630,-18750000,4992665,6249982,5975058,0,0,0,0,0,0,0
1748636709730,-18750000,5003663,6249982,5828429,0,0,0,0,0,0,0
1748636709830,-18750000,5018325,6231652,5663471,0,0,0,0,0,0,0
1748636709930,-18750000,5040319,6176665,5461859,0,0,0,0,0,0,0
1748636710030,-18750000,5021990,6231652,5388543,0,0,0,0,0,0,0
1748636710130,-18750000,5007327,6231652,5186932,0,0,0,0,0,0,0
1748636710230,-18750000,4992664,6176665,5040303,0,0,0,0,0,0,0
1748636710330,-18750000,4988998,6176665,4930331,0,0,0,0,0,0,0
1748636710430,-18750000,4996329,6011710,5040303,0,0,0,0,0,0,0
1748636710530,-18750000,4985332,5938394,5223588,0,0,0,0,0,0,0
1748636710630,-18750000,4967003,5938394,5315231,0,0,0,0,0,0,0
1748636710730,-18750000,4952340,5938394,5425203,0,0,0,0,0,0,0
1748636710830,-18750000,4959672,5883408,5626818,0,0,0,0,0,0,0
1748636710930,-18750000,4956006,5791765,5810103,0,0,0,0,0,0,0
1748636711030,-18750000,4956006,5865078,5920076,0,0,0,0,0,0,0
1748636711130,-18750000,4956006,5810092,6048374,0,0,0,0,0,0,0
1748636711230,-18750000,4974335,5810092,6213329,0,0,0,0,0,0,0
1748636711330,-18750000,4985332,5700119,6359958,0,0,0,0,0,0,0
1748636711430,-18750000,4988998,5755106,6286642,0,0,0,0,0,0,0
1748636711530,-18750000,5003660,5810092,6194999,0,0,0,0,0,0,0
1748636711630,-18750000,5010991,5810092,6066701,0,0,0,0,0,0,0
1748636711730,-18750000,5014657,5773436,5975058,0,0,0,0,0,0,0
1748636711830,-18750000,4996329,5773436,5755117,0,0,0,0,0,0,0
1748636711930,-18750000,4992664,5865078,5645144,0,0,0,0,0,0,0
1748636712030,-18750000,4996329,5828422,5480186,0,0,0,0,0,0,0
1748636712130,-18750000,4988998,5828422,5370217,0,0,0,0,0,0,0
1748636712230,-18750000,4985333,5846752,5223592,0,0,0,0,0,0,0
1748636712330,-18750000,4970670,5956724,5040307,0,0,0,0,0,0,0
1748636712430,-18750000,4963339,5901738,5021981,0,0,0,0,0,0,0
1748636712530,-18750000,4959674,5828426,4930338,0,0,0,0,0,0,0
1748636712630,-18750000,4952342,5828426,4966994,0,0,0,0,0,0,0
1748636712730,-18750000,4945011,5791769,4930334,0,0,0,0,0,0,0
1748636712830,-18750000,4945011,5846755,4966991,0,0,0,0,0,0,0
1748636712930,-18750000,4948676,5828429,4912004,0,0,0,0,0,0,0
1748636713030,-18750000,4945011,5828429,4893678,0,0,0,0,0,0,0
1748636713130,-18750000,4952342,5828429,4857018,0,0,0,0,0,0,0
1748636713230,-18750000,4930348,5846755,4820358,0,0,0,0,0,0,0
1748636713330,-18750000,4915685,5791769,4783702,0,0,0,0,0,0,0
1748636713430,-18750000,4919351,5883412,4948657,0,0,0,0,0,0,0
1748636713530,-18750000,4904688,5956724,5113612,0,0,0,0,0,0,0
1748636713630,-18750000,4912019,5956724,5168598,0,0,0,0,0,0,0
1748636713730,-18750000,4923016,6048367,5351883,0,0,0,0,0,0,0
1748636713830,-18750000,4926681,6048367,5425196,0,0,0,0,0,0,0
1748636713930,-18750000,4934013,6066693,5590154,0,0,0,0,0,0,0
1748636714030,-18750000,4934013,6066693,5755109,0,0,0,0,0,0,0
1748636714130,-18750000,4952341,6103353,5901738,0,0,0,0,0,0,0
1748636714230,-18750000,4970670,6048367,6121679,0,0,0,0,0,0,0
1748636714330,-18750000,4974335,6085023,6304964,0,0,0,0,0,0,0
1748636714430,-18750000,4967004,6030037,6140009,0,0,0,0,0,0,0
1748636714530,-18750000,4988998,6030037,6011711,0,0,0,0,0,0,0
1748636714630,-18750000,4992664,6048367,5920068,0,0,0,0,0,0,0
1748636714730,-18750000,4996330,6048367,5773443,0,0,0,0,0,0,0
1748636714830,-18750000,4988999,6011711,5681801,0,0,0,0,0,0,0
1748636714930,-18750000,4978001,5938398,5553502,0,0,0,0,0,0,0
1748636715030,-18750000,4978001,5901742,5443533,0,0,0,0,0,0,0
1748636715130,-18750000,4970670,5920068,5296904,0,0,0,0,0,0,0
1748636715230,-18750000,4963339,5865086,5058637,0,0,0,0,0,0,0
1748636715330,-18750000,4974336,5846759,4930338,0,0,0,0,0,0,0
1748636715430,-18750000,4970671,5846759,4985321,0,0,0,0,0,0,0
1748636715530,-18750000,4974337,5846759,5113619,0,0,0,0,0,0,0
1748636715630,-18750000,4970671,5846759,5223588,0,0,0,0,0,0,0
1748636715730,-18750000,4959673,5773443,5278571,0,0,0,0,0,0,0
1748636715830,-18750000,4981668,5773443,5406873,0,0,0,0,0,0,0
1748636715930,-18750000,4981668,5828429,5535172,0,0,0,0,0,0,0
1748636716030,-18750000,4992665,5810099,5663471,0,0,0,0,0,0,0
1748636716130,-18750000,4992665,5773443,5810099,0,0,0,0,0,0,0
1748636716230,-18750000,4988999,5883412,5975054,0,0,0,0,0,0,0
1748636716330,-18750000,4988999,5865082,6103353,0,0,0,0,0,0,0
1748636716430,-18750000,4999996,5865082,6158339,0,0,0,0,0,0,0
1748636716530,-18750000,4999996,5810096,6140013,0,0,0,0,0,0,0
1748636716630,-18750000,4996331,5736779,6158343,0,0,0,0,0,0,0
1748636716730,-18750000,5007328,5755109,6213329,0,0,0,0,0,0,0
1748636716830,-18750000,5003662,5755109,6213329,0,0,0,0,0,0,0
1748636716930,-18750000,5003662,5700123,6158343,0,0,0,0,0,0,0
1748636717030,-18750000,4988999,5681797,6176669,0,0,0,0,0,0,0
1748636717130,-18750000,4985333,5700127,6176669,0,0,0,0,0,0,0
1748636717230,-18750000,4988999,5645141,6194999,0,0,0,0,0,0,0
1748636717330,-18750000,4999996,5700127,6213326,0,0,0,0,0,0,0
1748636717430,-18750000,4999996,5755113,6194999,0,0,0,0,0,0,0
1748636717530,-18750000,4992664,5846756,6268312,0,0,0,0,0,0,0
1748636717630,-18750000,5014658,5846756,6286638,0,0,0,0,0,0,0
1748636717730,-18750000,5018324,5901742,6323294,0,0,0,0,0,0,0
1748636717830,-18750000,5010992,5883412,6378277,0,0,0,0,0,0,0
1748636717930,-18750000,5014658,5975054,6433263,0,0,0,0,0,0,0
1748636718030,-18750000,5021989,6011711,6378281,0,0,0,0,0,0,0
1748636718130,-18750000,5047649,6011711,6396611,0,0,0,0,0,0,0
1748636718230,-18750000,5058647,6030041,6378281,0,0,0,0,0,0,0
1748636718330,-18750000,5062312,6048367,6396611,0,0,0,0,0,0,0
1748636718430,-18750000,5073309,6066697,6323294,0,0,0,0,0,0,0
1748636718530,-18750000,5087972,6030041,6176666,0,0,0,0,0,0,0
1748636718630,-18750000,5073310,5993384,5975054,0,0,0,0,0,0,0
1748636718730,-18750000,5065978,5883412,5865085,0,0,0,0,0,0,0
1748636718830,-18750000,5069643,5901742,5700130,0,0,0,0,0,0,0
1748636718930,-18750000,5076975,5920068,5498515,0,0,0,0,0,0,0
1748636719030,-18750000,5087972,5901738,5370213,0,0,0,0,0,0,0
1748636719130,-18750000,5051315,5865078,5241914,0,0,0,0,0,0,0
1748636719230,-18750000,5054981,5883408,5113616,0,0,0,0,0,0,0
1748636719330,-18750000,5029321,5791766,4948661,0,0,0,0,0,0,0
1748636719430,-18750000,5029321,5681793,4930334,0,0,0,0,0,0,0
1748636719530,-18750000,5007326,5681793,4912008,0,0,0,0,0,0,0
1748636719630,-18750000,5007326,5736779,4948664,0,0,0,0,0,0,0
1748636719730,-18750000,5025655,5736779,4930334,0,0,0,0,0,0,0
1748636719830,-18750000,5036652,5645137,4966991,0,0,0,0,0,0,0
1748636719930,-18750000,5014658,5590154,5058633,0,0,0,0,0,0,0
1748636720030,-18750000,5007326,5553498,5131949,0,0,0,0,0,0,0
1748636720130,-18750000,4999995,5553498,5168606,0,0,0,0,0,0,0
1748636720230,-18750000,4988998,5608481,5205262,0,0,0,0,0,0,0
1748636720330,-18750000,5014658,5626811,5186932,0,0,0,0,0,0,0
1748636720430,-18750000,5025655,5681797,5186932,0,0,0,0,0,0,0
1748636720530,-18750000,5025655,5736783,5186932,0,0,0,0,0,0,0
1748636720630,-18750000,5018324,5791769,5241918,0,0,0,0,0,0,0
1748636720730,-18750000,4999995,5828426,5260248,0,0,0,0,0,0,0
1748636720830,-18750000,4985333,5938398,5278578,0,0,0,0,0,0,0
1748636720930,-18750000,4996330,5865082,5260252,0,0,0,0,0,0,0
1748636721030,-18750000,4981667,5920068,5241922,0,0,0,0,0,0,0
1748636721130,-18750000,4981667,5938398,5205266,0,0,0,0,0,0,0
1748636721230,-18750000,4978002,5846756,5168609,0,0,0,0,0,0,0
1748636721330,-18750000,4948677,5846756,5241922,0,0,0,0,0,0,0
1748636721430,-18750000,4926682,5828426,5461863,0,0,0,0,0,0,0
1748636721530,-18750000,4923017,5810096,5645144,0,0,0,0,0,0,0
1748636721630,-18750000,4926682,5736779,5736787,0,0,0,0,0,0,0
1748636721730,-18750000,4915686,5736779,5865086,0,0,0,0,0,0,0
1748636721830,-18750000,4912020,5718449,5956728,0,0,0,0,0,0,0
1748636721930,-18750000,4923017,5828422,6103353,0,0,0,0,0,0,0
1748636722030,-18750000,4937680,5901734,6213326,0,0,0,0,0,0,0
1748636722130,-18750000,4945011,5938391,6341624,0,0,0,0,0,0,0
1748636722230,-18750000,4952342,6030033,6488253,0,0,0,0,0,0,0
1748636722330,-18750000,4985333,6048363,6579895,0,0,0,0,0,0,0
1748636722430,-18750000,4985333,6121679,6414937,0,0,0,0,0,0,0
1748636722530,-18750000,4999996,6103353,6268312,0,0,0,0,0,0,0
1748636722630,-18750000,5007327,6158339,6140013,0,0,0,0,0,0,0
1748636722730,-18750000,5014658,6158339,6011714,0,0,0,0,0,0,0
1748636722830,-18750000,5018324,6194996,5938398,0,0,0,0,0,0,0
1748636722930,-18750000,5018324,6176666,5810099,0,0,0,0,0,0,0
1748636723030,-18750000,4999996,6103353,5681801,0,0,0,0,0,0,0
1748636723130,-18750000,5032987,6048367,5553502,0,0,0,0,0,0,0
1748636723230,-18750000,5040318,5901742,5480186,0,0,0,0,0,0,0
1748636723330,-18750000,5021990,5810099,5333561,0,0,0,0,0,0,0
1748636723430,-18750000,5036653,5736783,5351891,0,0,0,0,0,0,0
1748636723530,-18750000,5040319,5700123,5333561,0,0,0,0,0,0,0
1748636723630,-18750000,5036654,5681797,5351887,0,0,0,0,0,0,0
1748636723730,-18750000,5043985,5645141,5333557,0,0,0,0,0,0,0
1748636723830,-18750000,5043985,5590154,5278574,0,0,0,0,0,0,0
1748636723930,-18750000,5040319,5608484,5333561,0,0,0,0,0,0,0
1748636724030,-18750000,5051316,5571828,5315231,0,0,0,0,0,0,0
1748636724130,-18750000,5036654,5535172,5296901,0,0,0,0,0,0,0
1748636724230,-18750000,5018325,5645141,5131946,0,0,0,0,0,0,0
1748636724330,-18750000,5007328,5791766,5003647,0,0,0,0,0,0,0
1748636724430,-18750000,4996331,5791766,4948661,0,0,0,0,0,0,0
1748636724530,-18750000,4967005,5810096,5058633,0,0,0,0,0,0,0
1748636724630,-18750000,4974336,5773436,5168606,0,0,0,0,0,0,0
1748636724730,-18750000,4974336,5828422,5241922,0,0,0,0,0,0,0
1748636724830,-18750000,4967005,5846752,5425203,0,0,0,0,0,0,0
1748636724930,-18750000,4948676,5846752,5498516,0,0,0,0,0,0,0
1748636725030,-18750000,4956008,5901738,5663471,0,0,0,0,0,0,0
1748636725130,-18750000,4952342,5975054,5846756,0,0,0,0,0,0,0
1748636725230,-18750000,4952342,5883412,6121683,0,0,0,0,0,0,0
1748636725330,-18750000,4956008,5846756,6359951,0,0,0,0,0,0,0
1748636725430,-18750000,4978001,5883416,6488249,0,0,0,0,0,0,0
1748636725530,-18750000,4996330,5865086,6469919,0,0,0,0,0,0,0
1748636725630,-18750000,4996330,5920072,6451589,0,0,0,0,0,0,0
1748636725730,-18750000,4992664,5956728,6543228,0,0,0,0,0,0,0
1748636725830,-18750000,5021989,5865086,6506572,0,0,0,0,0,0,0
1748636725930,-18750000,5036651,5883412,6488246,0,0,0,0,0,0,0
1748636726030,-18750000,5025654,5901738,6488246,0,0,0,0,0,0,0
1748636726130,-18750000,5025654,5883408,6469916,0,0,0,0,0,0,0
1748636726230,-18750000,5032985,5975051,6451586,0,0,0,0,0,0,0
1748636726330,-18750000,5054979,5938394,6469916,0,0,0,0,0,0,0
1748636726430,-18750000,5040317,5883408,6286631,0,0,0,0,0,0,0
1748636726530,-18750000,5040317,5846752,6140002,0,0,0,0,0,0,0
1748636726630,-18750000,5043983,5865082,6030033,0,0,0,0,0,0,0
1748636726730,-18750000,5040317,5810096,5846752,0,0,0,0,0,0,0
1748636726830,-18750000,5014658,5956724,5700127,0,0,0,0,0,0,0
1748636726930,-18750000,5018324,5828425,5553498,0,0,0,0,0,0,0
1748636727030,-18750000,5021990,5791769,5425199,0,0,0,0,0,0,0
1748636727130,-18750000,5021990,5828425,5278574,0,0,0,0,0,0,0
1748636727230,-18750000,5018324,5828425,5131949,0,0,0,0,0,0,0
1748636727330,-18750000,5025656,5920068,4985321,0,0,0,0,0,0,0
1748636727430,-18750000,5010993,5975054,5150279,0,0,0,0,0,0,0
1748636727530,-18750000,5018324,5993384,5296908,0,0,0,0,0,0,0
1748636727630,-18750000,5021990,6011711,5425207,0,0,0,0,0,0,0
1748636727730,-18750000,5010992,6011711,5571832,0,0,0,0,0,0,0
1748636727830,-18750000,5018324,6011711,5773443,0,0,0,0,0,0,0
1748636727930,-18750000,5018324,6066697,5956728,0,0,0,0,0,0,0
1748636728030,-18750000,5014658,6103353,6121683,0,0,0,0,0,0,0
1748636728130,-18750000,5010992,5993384,6249982,0,0,0,0,0,0,0
1748636728230,-18750000,4999994,5956728,6378280,0,0,0,0,0,0,0
1748636728330,-18750000,4988998,5901742,6543235,0,0,0,0,0,0,0
1748636728430,-18750000,5014658,5865082,6543235,0,0,0,0,0,0,0
1748636728530,-18750000,5014658,5846752,6579892,0,0,0,0,0,0,0
1748636728630,-18750000,5010992,5810096,6543236,0,0,0,0,0,0,0
1748636728730,-18750000,5047649,5883412,6579892,0,0,0,0,0,0,0
1748636728830,-18750000,5065978,5846756,6469923,0,0,0,0,0,0,0
1748636728930,-18750000,5073309,5865086,6506579,0,0,0,0,0,0,0
1748636729030,-18750000,5102635,5865086,6469923,0,0,0,0,0,0,0
1748636729130,-18750000,5113632,5938398,6414937,0,0,0,0,0,0,0
1748636729230,-18750000,5131961,5901742,6433263,0,0,0,0,0,0,0
1748636729330,-18750000,5139292,5865086,6451593,0,0,0,0,0,0,0
1748636729430,-18750000,5139292,5975058,6304964,0,0,0,0,0,0,0
1748636729530,-18750000,5131961,6048374,6048367,0,0,0,0,0,0,0
1748636729630,-18750000,5135626,6011718,5773439,0,0,0,0,0,0,0
1748636729730,-18750000,5120963,5883419,5388543,0,0,0,0,0,0,0
1748636729830,-18750000,5109967,5883419,5095286,0,0,0,0,0,0,0
1748636729930,-18750000,5091638,5865089,4637073,0,0,0,0,0,0,0
1748636730030,-18750000,5084307,5773447,4233847,0,0,0,0,0,0,0
1748636730130,-18750000,5080642,5828433,3922263,0,0,0,0,0,0,0
1748636730230,-18750000,5069644,5901746,3500711,0,0,0,0,0,0,0
1748636730330,-18750000,5058647,5938402,3060828,0,0,0,0,0,0,0
1748636730430,-18750000,5032988,5883416,3005842,0,0,0,0,0,0,0
1748636730530,-18750000,5018325,5883416,3097484,0,0,0,0,0,0,0
1748636730630,-18750000,5021991,5920072,3372412,0,0,0,0,0,0,0
1748636730730,-18750000,5018325,5901742,3647339,0,0,0,0,0,0,0
1748636730830,-18750000,5010993,5865082,3940597,0,0,0,0,0,0,0
1748636730930,-18750000,5021990,5810095,4288841,0,0,0,0,0,0,0
1748636731030,-18750000,5007327,5920068,4673741,0,0,0,0,0,0,0
1748636731130,-18750000,4996330,5883412,5040311,0,0,0,0,0,0,0
1748636731230,-18750000,5007327,5865086,5461863,0,0,0,0,0,0,0
1748636731330,-18750000,5003661,5828429,5828433,0,0,0,0,0,0,0
1748636731430,-18750000,5025655,5828429,5883419,0,0,0,0,0,0,0
1748636731530,-18750000,5029320,5828429,5773451,0,0,0,0,0,0,0
1748636731630,-18750000,5018323,5700131,5535179,0,0,0,0,0,0,0
1748636731730,-18750000,5010992,5681801,5223596,0,0,0,0,0,0,0
1748636731830,-18750000,5003660,5700131,4912012,0,0,0,0,0,0,0
1748636731930,-18750000,4988998,5700131,4582098,0,0,0,0,0,0,0
1748636732030,-18750000,4988998,5571832,4252184,0,0,0,0,0,0,0
1748636732130,-18750000,4970669,5498516,3848958,0,0,0,0,0,0,0
1748636732230,-18750000,4963338,5461856,3464062,0,0,0,0,0,0,0
1748636732330,-18750000,4963338,5443526,3134148,0,0,0,0,0,0,0
1748636732430,-18750000,4959673,5425199,3060835,0,0,0,0,0,0,0
1748636732530,-18750000,4952342,5406869,3262447,0,0,0,0,0,0,0
1748636732630,-18750000,4941344,5535168,3445732,0,0,0,0,0,0,0
1748636732730,-18750000,4934013,5663471,3775646,0,0,0,0,0,0,0
1748636732830,-18750000,4923017,5700127,4123886,0,0,0,0,0,0,0
1748636732930,-18750000,4926682,5736783,4453799,0,0,0,0,0,0,0
1748636733030,-18750000,4923016,5736783,4765383,0,0,0,0,0,0,0
1748636733130,-18750000,4926682,5736783,5186936,0,0,0,0,0,0,0
1748636733230,-18750000,4912020,5810099,5571832,0,0,0,0,0,0,0
1748636733330,-18750000,4893692,5810099,5938402,0,0,0,0,0,0,0
1748636733430,-18750000,4890026,5810099,6140013,0,0,0,0,0,0,0
1748636733530,-18750000,4897357,5773443,6268312,0,0,0,0,0,0,0
1748636733630,-18750000,4886361,5663474,6359954,0,0,0,0,0,0,0
1748636733730,-18750000,4893692,5645144,6414937,0,0,0,0,0,0,0
1748636733830,-18750000,4904689,5645144,6469919,0,0,0,0,0,0,0
1748636733930,-18750000,4908355,5681804,6469919,0,0,0,0,0,0,0
1748636734030,-18750000,4908355,5736787,6506576,0,0,0,0,0,0,0
1748636734130,-18750000,4919351,5773443,6524906,0,0,0,0,0,0,0
1748636734230,-18750000,4937679,5755113,6543236,0,0,0,0,0,0,0
1748636734330,-18750000,4974335,5773443,6598218,0,0,0,0,0,0,0
1748636734430,-18750000,4970669,5700127,6524906,0,0,0,0,0,0,0
1748636734530,-18750000,4988998,5718453,6231652,0,0,0,0,0,0,0
1748636734630,-18750000,4988998,5736779,5901738,0,0,0,0,0,0,0
1748636734730,-18750000,4981667,5681793,5571828,0,0,0,0,0,0,0
1748636734830,-18750000,4981667,5645137,5168606,0,0,0,0,0,0,0
1748636734930,-18750000,4981667,5645137,4893678,0,0,0,0,0,0,0
1748636735030,-18750000,4970669,5681797,4527112,0,0,0,0,0,0,0
1748636735130,-18750000,4967004,5755113,4123886,0,0,0,0,0,0,0
1748636735230,-18750000,4967004,5773443,3684003,0,0,0,0,0,0,0
1748636735330,-18750000,4926682,5736787,3262451,0,0,0,0,0,0,0
1748636735430,-18750000,4897357,5755117,2987523,0,0,0,0,0,0,0
1748636735530,-18750000,4868031,5810103,2914207,0,0,0,0,0,0,0
1748636735630,-18750000,4871696,5901745,2895880,0,0,0,0,0,0,0
1748636735730,-18750000,4864365,5938402,2804238,0,0,0,0,0,0,0
1748636735830,-18750000,4853369,5938402,2822564,0,0,0,0,0,0,0
1748636735930,-18750000,4838706,5865085,2822564,0,0,0,0,0,0,0
1748636736030,-18750000,4831375,5846755,2822564,0,0,0,0,0,0,0
1748636736130,-18750000,4824043,5755113,2822564,0,0,0,0,0,0,0
1748636736230,-18750000,4805716,5681797,2877550,0,0,0,0,0,0,0
1748636736330,-18750000,4791053,5736783,2840894,0,0,0,0,0,0,0
1748636736430,-18750000,4802050,5773439,3042506,0,0,0,0,0,0,0
1748636736530,-18750000,4805716,5718453,3262447,0,0,0,0,0,0,0
1748636736630,-18750000,4780057,5681797,3537371,0,0,0,0,0,0,0
1748636736730,-18750000,4765393,5718457,3940597,0,0,0,0,0,0,0
1748636736830,-18750000,4772725,5700127,4288837,0,0,0,0,0,0,0
1748636736930,-18750000,4754396,5718457,4582091,0,0,0,0,0,0,0
1748636737030,-18750000,4743399,5681801,4948657,0,0,0,0,0,0,0
1748636737130,-18750000,4739733,5663471,5278571,0,0,0,0,0,0,0
1748636737230,-18750000,4736067,5681801,5626811,0,0,0,0,0,0,0
1748636737330,-18750000,4754395,5663471,5975051,0,0,0,0,0,0,0
1748636737430,-18750000,4739732,5626814,6103353,0,0,0,0,0,0,0
1748636737530,-18750000,4750730,5663474,6194996,0,0,0,0,0,0,0
1748636737630,-18750000,4783721,5645144,6249982,0,0,0,0,0,0,0
1748636737730,-18750000,4798384,5590158,6268308,0,0,0,0,0,0,0
1748636737830,-18750000,4783720,5553502,6249982,0,0,0,0,0,0,0
1748636737930,-18750000,4820377,5626814,6249982,0,0,0,0,0,0,0
1748636738030,-18750000,4842371,5681801,6194999,0,0,0,0,0,0,0
1748636738130,-18750000,4846037,5700131,6249982,0,0,0,0,0,0,0
1748636738230,-18750000,4849703,5663474,6231652,0,0,0,0,0,0,0
1748636738330,-18750000,4860700,5645144,6323294,0,0,0,0,0,0,0
1748636738430,-18750000,4886359,5663471,6378277,0,0,0,0,0,0,0
1748636738530,-18750000,4882693,5626811,6414933,0,0,0,0,0,0,0
1748636738630,-18750000,4875362,5681797,6451589,0,0,0,0,0,0,0
1748636738730,-18750000,4875362,5681797,6414933,0,0,0,0,0,0,0
1748636738830,-18750000,4897357,5755113,6396603,0,0,0,0,0,0,0
1748636738930,-18750000,4893691,5663471,6451589,0,0,0,0,0,0,0
1748636739030,-18750000,4897357,5645141,6506572,0,0,0,0,0,0,0
1748636739130,-18750000,4901022,5755109,6524902,0,0,0,0,0,0,0
1748636739230,-18750000,4901022,5736779,6524902,0,0,0,0,0,0,0
1748636739330,-18750000,4901022,5736779,6469916,0,0,0,0,0,0,0
1748636739430,-18750000,4912019,5773439,6433259,0,0,0,0,0,0,0
1748636739530,-18750000,4915685,5846756,6396603,0,0,0,0,0,0,0
1748636739630,-18750000,4934014,5736787,6378277,0,0,0,0,0,0,0
1748636739730,-18750000,4948676,5810099,6396607,0,0,0,0,0,0,0
1748636739830,-18750000,4963339,5736783,6396607,0,0,0,0,0,0,0
1748636739930,-18750000,4970670,5718457,6378277,0,0,0,0,0,0,0
1748636740030,-18750000,4978001,5663471,6396607,0,0,0,0,0,0,0
1748636740130,-18750000,4999996,5571828,6378277,0,0,0,0,0,0,0
1748636740230,-18750000,5018324,5626814,6396607,0,0,0,0,0,0,0
1748636740330,-18750000,5032987,5681801,6451593,0,0,0,0,0,0,0
1748636740430,-18750000,5029321,5663471,6341624,0,0,0,0,0,0,0
1748636740530,-18750000,5025655,5663471,6103357,0,0,0,0,0,0,0
1748636740630,-18750000,5036652,5736783,5755117,0,0,0,0,0,0,0
1748636740730,-18750000,5047649,5736783,5516846,0,0,0,0,0,0,0
1748636740830,-18750000,5040318,5755113,5260248,0,0,0,0,0,0,0
1748636740930,-18750000,5040318,5901738,4966994,0,0,0,0,0,0,0
1748636741030,-18750000,5047650,5993381,4600424,0,0,0,0,0,0,0
1748636741130,-18750000,5032987,6085023,4252184,0,0,0,0,0,0,0
1748636741230,-18750000,5021990,6103353,3922271,0,0,0,0,0,0,0
1748636741330,-18750000,5003662,6011711,3574031,0,0,0,0,0,0,0
1748636741430,-18750000,4988999,5993381,3537371,0,0,0,0,0,0,0
1748636741530,-18750000,4981668,5920064,3683996,0,0,0,0,0,0,0
1748636741630,-18750000,4963340,5865078,3995579,0,0,0,0,0,0,0
1748636741730,-18750000,4937680,5883408,4233851,0,0,0,0,0,0,0
1748636741830,-18750000,4926683,5865078,4508778,0,0,0,0,0,0,0
1748636741930,-18750000,4926683,5828422,4747049,0,0,0,0,0,0,0
1748636742030,-18750000,4919351,5791766,5076963,0,0,0,0,0,0,0
1748636742130,-18750000,4904688,5718453,5406877,0,0,0,0,0,0,0
1748636742230,-18750000,4915685,5700123,5718461,0,0,0,0,0,0,0
1748636742330,-18750000,4908353,5700123,5956728,0,0,0,0,0,0,0
1748636742430,-18750000,4908353,5681797,5993388,0,0,0,0,0,0,0
1748636742530,-18750000,4915685,5681797,5938406,0,0,0,0,0,0,0
1748636742630,-18750000,4915685,5681797,5736791,0,0,0,0,0,0,0
1748636742730,-18750000,4934012,5645141,5480193,0,0,0,0,0,0,0
1748636742830,-18750000,4934012,5736783,5186936,0,0,0,0,0,0,0
1748636742930,-18750000,4930347,5755113,4948664,0,0,0,0,0,0,0
1748636743030,-18750000,4864365,5755113,4637081,0,0,0,0,0,0,0
1748636743130,-18750000,4864365,5755113,4343823,0,0,0,0,0,0,0
1748636743230,-18750000,4849703,5791769,4087226,0,0,0,0,0,0,0
1748636743330,-18750000,4849703,5791769,3848958,0,0,0,0,0,0,0
1748636743430,-18750000,4857035,5901742,3848958,0,0,0,0,0,0,0
1748636743530,-18750000,4853369,5920072,3885614,0,0,0,0,0,0,0
1748636743630,-18750000,4838707,5920072,4105555,0,0,0,0,0,0,0
1748636743730,-18750000,4805716,5956728,4288837,0,0,0,0,0,0,0
1748636743830,-18750000,4791053,5956728,4563764,0,0,0,0,0,0,0
1748636743930,-18750000,4780056,5938402,4820362,0,0,0,0,0,0,0
1748636744030,-18750000,4798385,5865086,5186928,0,0,0,0,0,0,0
1748636744130,-18750000,4820378,5791773,5186928,0,0,0,0,0,0,0
1748636744230,-18750000,4827710,5755117,5681797,0,0,0,0,0,0,0
1748636744330,-18750000,4824044,5828429,5681797,0,0,0,0,0,0,0
1748636744430,-18750000,4816712,5810099,6158335,0,0,0,0,0,0,0
1748636744530,-18750000,4820378,5755113,6158335,0,0,0,0,0,0,0
1748636744630,-18750000,4827709,5755113,6213322,0,0,0,0,0,0,0
1748636744730,-18750000,4868031,5773439,6249982,0,0,0,0,0,0,0
1748636744830,-18750000,4868031,5645141,6249982,0,0,0,0,0,0,0
1748636744930,-18750000,4882693,5663467,6304968,0,0,0,0,0,0,0
1748636745030,-18750000,4901022,5773439,6304968,0,0,0,0,0,0,0
1748636745130,-18750000,4897357,5791766,6359954,0,0,0,0,0,0,0
1748636745230,-18750000,4890025,5791766,6359954,0,0,0,0,0,0,0
1748636745330,-18750000,4904688,5791766,6396611,0,0,0,0,0,0,0
1748636745430,-18750000,4915684,5846752,6433267,0,0,0,0,0,0,0
1748636745530,-18750000,4934013,5938394,6396611,0,0,0,0,0,0,0
1748636745630,-18750000,4952341,5920064,6433267,0,0,0,0,0,0,0
1748636745730,-18750000,4930348,5975051,6433267,0,0,0,0,0,0,0
1748636745830,-18750000,4956008,6140006,6414941,0,0,0,0,0,0,0
1748636745930,-18750000,4956008,6140006,6396614,0,0,0,0,0,0,0
1748636746030,-18750000,4956008,6030033,6433271,0,0,0,0,0,0,0
1748636746130,-18750000,4974336,6121676,6451601,0,0,0,0,0,0,0
1748636746230,-18750000,4996330,6158332,6396618,0,0,0,0,0,0,0
1748636746330,-18750000,4996330,6030033,6396618,0,0,0,0,0,0,0
1748636746430,-18750000,5014658,5975047,6323306,0,0,0,0,0,0,0
1748636746530,-18750000,5021990,5938391,6341632,0,0,0,0,0,0,0
1748636746630,-18750000,5025655,6030033,6396614,0,0,0,0,0,0,0
1748636746730,-18750000,5040317,6011707,6488253,0,0,0,0,0,0,0
1748636746830,-18750000,5036651,5901738,6506579,0,0,0,0,0,0,0
1748636746930,-18750000,5054980,5901738,6488249,0,0,0,0,0,0,0
1748636747030,-18750000,5054980,5920068,6543232,0,0,0,0,0,0,0
1748636747130,-18750000,5054980,5883412,6506576,0,0,0,0,0,0,0
1748636747230,-18750000,5051314,5901742,6506576,0,0,0,0,0,0,0
1748636747330,-18750000,5058645,5828429,6469919,0,0,0,0,0,0,0
1748636747430,-18750000,5054980,5755117,6524902,0,0,0,0,0,0,0
1748636747530,-18750000,5054980,5773447,6378277,0,0,0,0,0,0,0
1748636747630,-18750000,5062312,5755121,6121679,0,0,0,0,0,0,0
1748636747730,-18750000,5069643,5663478,5828426,0,0,0,0,0,0,0
1748636747830,-18750000,5076975,5645148,5608484,0,0,0,0,0,0,0
1748636747930,-18750000,5073310,5608492,5370217,0,0,0,0,0,0,0
1748636748030,-18750000,5069644,5553506,5021977,0,0,0,0,0,0,0
1748636748130,-18750000,5058647,5553506,4710393,0,0,0,0,0,0,0
1748636748230,-18750000,5058647,5516849,4398809,0,0,0,0,0,0,0
1748636748330,-18750000,5054981,5626818,4105552,0,0,0,0,0,0,0
1748636748430,-18750000,5036653,5700131,3867284,0,0,0,0,0,0,0
1748636748530,-18750000,5032988,5663471,3848954,0,0,0,0,0,0,0
1748636748630,-18750000,5025656,5645141,3995583,0,0,0,0,0,0,0
1748636748730,-18750000,5014658,5755109,4233854,0,0,0,0,0,0,0
1748636748830,-18750000,5003661,5828426,4490452,0,0,0,0,0,0,0
1748636748930,-18750000,4999995,5846756,4600421,0,0,0,0,0,0,0
1748636749030,-18750000,4992664,5938398,4930334,0,0,0,0,0,0,0
1748636749130,-18750000,4988998,5975054,5296901,0,0,0,0,0,0,0
1748636749230,-18750000,4996330,5975054,5571828,0,0,0,0,0,0,0
1748636749330,-18750000,5021990,6030041,5865086,0,0,0,0,0,0,0
1748636749430,-18750000,5036652,6066697,6085027,0,0,0,0,0,0,0
1748636749530,-18750000,5021989,6103357,6085027,0,0,0,0,0,0,0
1748636749630,-18750000,5025655,6121687,6030041,0,0,0,0,0,0,0
1748636749730,-18750000,5040318,6103361,5846756,0,0,0,0,0,0,0
1748636749830,-18750000,5036652,6140017,5645144,0,0,0,0,0,0,0
1748636749930,-18750000,5025655,6158343,5608488,0,0,0,0,0,0,0
1748636750030,-18750000,5014658,6158343,5370217,0,0,0,0,0,0,0
1748636750130,-18750000,5010993,6213329,5095293,0,0,0,0,0,0,0
1748636750230,-18750000,4996330,6158343,4912008,0,0,0,0,0,0,0
1748636750330,-18750000,4970670,6103357,4618750,0,0,0,0,0,0,0
1748636750430,-18750000,4956007,6066701,4325493,0,0,0,0,0,0,0
1748636750530,-18750000,4959673,5993384,4307163,0,0,0,0,0,0,0
1748636750630,-18750000,4941345,5920068,4417135,0,0,0,0,0,0,0
1748636750730,-18750000,4923016,5956724,4582090,0,0,0,0,0,0,0
1748636750830,-18750000,4937680,5846752,4728719,0,0,0,0,0,0,0
1748636750930,-18750000,4948677,5828426,4857018,0,0,0,0,0,0,0
1748636751030,-18750000,4952342,5883412,5076959,0,0,0,0,0,0,0
1748636751130,-18750000,4952342,5791769,5296901,0,0,0,0,0,0,0
1748636751230,-18750000,4952342,5846756,5516842,0,0,0,0,0,0,0
1748636751330,-18750000,4959674,5901742,5773443,0,0,0,0,0,0,0
1748636751430,-18750000,4952342,5956728,6085027,0,0,0,0,0,0,0
1748636751530,-18750000,4959674,6048371,6158343,0,0,0,0,0,0,0
1748636751630,-18750000,4967005,6103357,5938402,0,0,0,0,0,0,0
1748636751730,-18750000,4978002,5920072,5736791,0,0,0,0,0,0,0
1748636751830,-18750000,4948676,6011714,5425207,0,0,0,0,0,0,0
1748636751930,-18750000,4926683,5956728,5168609,0,0,0,0,0,0,0
1748636752030,-18750000,4915685,5865085,4838699,0,0,0,0,0,0,0
1748636752130,-18750000,4930348,5828429,4508786,0,0,0,0,0,0,0
1748636752230,-18750000,4919351,5846755,4215528,0,0,0,0,0,0,0
1748636752330,-18750000,4904689,5810099,4013913,0,0,0,0,0,0,0
1748636752430,-18750000,4912020,5773443,3720659,0,0,0,0,0,0,0
1748636752530,-18750000,4901023,5755117,3665673,0,0,0,0,0,0,0
1748636752630,-18750000,4882694,5663474,3812298,0,0,0,0,0,0,0
1748636752730,-18750000,4864366,5700131,3995583,0,0,0,0,0,0,0
1748636752830,-18750000,4868032,5645144,4270507,0,0,0,0,0,0,0
1748636752930,-18750000,4882694,5663471,4545434,0,0,0,0,0,0,0
1748636753030,-18750000,4897358,5681801,4875344,0,0,0,0,0,0,0
1748636753130,-18750000,4886360,5718457,5278571,0,0,0,0,0,0,0
1748636753230,-18750000,4890026,5681801,5553498,0,0,0,0,0,0,0
1748636753330,-18750000,4879028,5608488,5828426,0,0,0,0,0,0,0
1748636753430,-18750000,4875362,5590158,6140009,0,0,0,0,0,0,0
1748636753530,-18750000,4882694,5516842,6359951,0,0,0,0,0,0,0
1748636753630,-18750000,4901022,5626814,6488249,0,0,0,0,0,0,0
1748636753730,-18750000,4904687,5736787,6488249,0,0,0,0,0,0,0
1748636753830,-18750000,4923015,5810103,6488249,0,0,0,0,0,0,0
1748636753930,-18750000,4912018,5828433,6488249,0,0,0,0,0,0,0
1748636754030,-18750000,4934012,5791773,6469923,0,0,0,0,0,0,0
1748636754130,-18750000,4934012,5810103,6433267,0,0,0,0,0,0,0
1748636754230,-18750000,4937678,5755117,6488253,0,0,0,0,0,0,0
1748636754330,-18750000,4956006,5810099,6469923,0,0,0,0,0,0,0
1748636754430,-18750000,4978001,5755113,6433267,0,0,0,0,0,0,0
1748636754530,-18750000,4981667,5810099,6323298,0,0,0,0,0,0,0
1748636754630,-18750000,4992664,5773443,6194999,0,0,0,0,0,0,0
1748636754730,-18750000,5007327,5755113,6213326,0,0,0,0,0,0,0
1748636754830,-18750000,5003662,5718457,6268312,0,0,0,0,0,0,0
1748636754930,-18750000,5029322,5791769,6286638,0,0,0,0,0,0,0
1748636755030,-18750000,5032988,5865086,6286638,0,0,0,0,0,0,0
1748636755130,-18750000,5047651,5773443,6249982,0,0,0,0,0,0,0
1748636755230,-18750000,5058647,5773443,6231652,0,0,0,0,0,0,0
1748636755330,-18750000,5051316,5718461,6213326,0,0,0,0,0,0,0
1748636755430,-18750000,5051316,5773447,6231652,0,0,0,0,0,0,0
1748636755530,-18750000,5058647,5828433,6286634,0,0,0,0,0,0,0
1748636755630,-18750000,5065979,5846759,6323294,0,0,0,0,0,0,0
1748636755730,-18750000,5076975,5883416,6414937,0,0,0,0,0,0,0
1748636755830,-18750000,5076975,5865086,6451593,0,0,0,0,0,0,0
1748636755930,-18750000,5076975,5773443,6433267,0,0,0,0,0,0,0
1748636756030,-18750000,5084306,5791769,6414937,0,0,0,0,0,0,0
1748636756130,-18750000,5095303,5791769,6488249,0,0,0,0,0,0,0
1748636756230,-18750000,5102635,5865086,6469923,0,0,0,0,0,0,0
1748636756330,-18750000,5124629,5938398,6488249,0,0,0,0,0,0,0
1748636756430,-18750000,5139291,5993384,6524906,0,0,0,0,0,0,0
1748636756530,-18750000,5139291,5993384,6323294,0,0,0,0,0,0,0
1748636756630,-18750000,5161286,6030041,6158335,0,0,0,0,0,0,0
1748636756730,-18750000,5157620,5975054,5846752,0,0,0,0,0,0,0
1748636756830,-18750000,5168618,6030041,5553498,0,0,0,0,0,0,0
1748636756930,-18750000,5164952,6048371,5260240,0,0,0,0,0,0,0
1748636757030,-18750000,5168618,6011714,5021973,0,0,0,0,0,0,0
1748636757130,-18750000,5168618,6121683,4710389,0,0,0,0,0,0,0
1748636757230,-18750000,5161286,6030041,4417132,0,0,0,0,0,0,0
1748636757330,-18750000,5146624,5956728,4105548,0,0,0,0,0,0,0
1748636757430,-18750000,5120964,5938398,3812294,0,0,0,0,0,0,0
1748636757530,-18750000,5120964,5938398,3867280,0,0,0,0,0,0,0
1748636757630,-18750000,5084307,5920072,3995579,0,0,0,0,0,0,0
1748636757730,-18750000,5069644,5846759,4215520,0,0,0,0,0,0,0
1748636757830,-18750000,5069644,5865086,4453792,0,0,0,0,0,0,0
1748636757930,-18750000,5073309,5883416,4747049,0,0,0,0,0,0,0
1748636758030,-18750000,5058646,5901746,4966991,0,0,0,0,0,0,0
1748636758130,-18750000,5051314,5938402,5241918,0,0,0,0,0,0,0
1748636758230,-18750000,5047649,6048371,5516846,0,0,0,0,0,0,0
1748636758330,-18750000,5047649,6158339,5791773,0,0,0,0,0,0,0
1748636758430,-18750000,5062312,6140013,5993388,0,0,0,0,0,0,0
1748636758530,-18750000,5058646,6085027,6085031,0,0,0,0,0,0,0
1748636758630,-18750000,5051315,6066697,6195003,0,0,0,0,0,0,0
1748636758730,-18750000,5058647,6158339,6195003,0,0,0,0,0,0,0
1748636758830,-18750000,5054981,6011714,6231659,0,0,0,0,0,0,0
1748636758930,-18750000,5058647,6030041,6231659,0,0,0,0,0,0,0
1748636759030,-18750000,5036654,5956724,6286642,0,0,0,0,0,0,0
1748636759130,-18750000,5040320,5938398,6341624,0,0,0,0,0,0,0
1748636759230,-18750000,5043985,5956728,6323298,0,0,0,0,0,0,0
1748636759330,-18750000,5065979,5938402,6304972,0,0,0,0,0,0,0
1748636759430,-18750000,5054981,5975058,6378284,0,0,0,0,0,0,0
1748636759530,-18750000,5065978,6011714,6304968,0,0,0,0,0,0,0
1748636759630,-18750000,5084306,5956728,6085027,0,0,0,0,0,0,0
1748636759730,-18750000,5080640,6030041,5846759,0,0,0,0,0,0,0
1748636759830,-18750000,5084306,6121683,5608488,0,0,0,0,0,0,0
1748636759930,-18750000,5069643,6066697,5370217,0,0,0,0,0,0,0
1748636760030,-18750000,5076974,6103357,5058633,0,0,0,0,0,0,0
1748636760130,-18750000,5062311,6066701,4728723,0,0,0,0,0,0,0
1748636760230,-18750000,5058646,6048371,4435466,0,0,0,0,0,0,0
1748636760330,-18750000,5051315,6066697,4233851,0,0,0,0,0,0,0
1748636760430,-18750000,5054981,5993381,3867281,0,0,0,0,0,0,0
1748636760530,-18750000,5032987,5938394,3665669,0,0,0,0,0,0,0
1748636760630,-18750000,5021990,5975054,3592357,0,0,0,0,0,0,0
1748636760730,-18750000,5032987,5883412,3519041,0,0,0,0,0,0,0
1748636760830,-18750000,5014658,5846752,3482384,0,0,0,0,0,0,0
1748636760930,-18750000,4999996,5865082,3409072,0,0,0,0,0,0,0
1748636761030,-18750000,4985333,5791766,3445732,0,0,0,0,0,0,0
1748636761130,-18750000,4978002,5773436,3445732,0,0,0,0,0,0,0
1748636761230,-18750000,4959673,5736779,3500718,0,0,0,0,0,0,0
1748636761330,-18750000,4937680,5626811,3427406,0,0,0,0,0,0,0
1748636761430,-18750000,4923017,5645141,3427406,0,0,0,0,0,0,0
1748636761530,-18750000,4926683,5626814,3592361,0,0,0,0,0,0,0
1748636761630,-18750000,4915685,5608484,3775642,0,0,0,0,0,0,0
1748636761730,-18750000,4882694,5645144,4068899,0,0,0,0,0,0,0
1748636761830,-18750000,4879028,5663474,4325497,0,0,0,0,0,0,0
1748636761930,-18750000,4890026,5571832,4618751,0,0,0,0,0,0,0
1748636762030,-18750000,4901022,5626818,4820362,0,0,0,0,0,0,0
1748636762130,-18750000,4886360,5663474,5058633,0,0,0,0,0,0,0
1748636762230,-18750000,4908353,5681804,5333561,0,0,0,0,0,0,0
1748636762330,-18750000,4912019,5736787,5663471,0,0,0,0,0,0,0
1748636762430,-18750000,4912019,5773443,5993384,0,0,0,0,0,0,0
1748636762530,-18750000,4915685,5718457,6158339,0,0,0,0,0,0,0
1748636762630,-18750000,4923016,5755113,6249982,0,0,0,0,0,0,0
1748636762730,-18750000,4959672,5718453,6323294,0,0,0,0,0,0,0
1748636762830,-18750000,4970669,5773439,6304968,0,0,0,0,0,0,0
1748636762930,-18750000,4967003,5865082,6359954,0,0,0,0,0,0,0
1748636763030,-18750000,4981667,5975051,6378284,0,0,0,0,0,0,0
1748636763130,-18750000,4999995,5901738,6433267,0,0,0,0,0,0,0
1748636763230,-18750000,4999995,5883408,6451593,0,0,0,0,0,0,0
1748636763330,-18750000,5010992,5828426,6433267,0,0,0,0,0,0,0
1748636763430,-18750000,5032986,5755113,6396611,0,0,0,0,0,0,0
1748636763530,-18750000,5040317,5883412,6231656,0,0,0,0,0,0,0
1748636763630,-18750000,5051315,5846756,6030044,0,0,0,0,0,0,0
1748636763730,-18750000,5021990,5865086,5810103,0,0,0,0,0,0,0
1748636763830,-18750000,5014658,5828429,5626818,0,0,0,0,0,0,0
1748636763930,-18750000,5010993,5828429,5315234,0,0,0,0,0,0,0
1748636764030,-18750000,5007327,5700131,5076963,0,0,0,0,0,0,0
1748636764130,-18750000,4992665,5736787,4802039,0,0,0,0,0,0,0
1748636764230,-18750000,4974337,5755117,4472129,0,0,0,0,0,0,0
1748636764330,-18750000,4981668,5736787,4178872,0,0,0,0,0,0,0
1748636764430,-18750000,4952343,5755113,3958930,0,0,0,0,0,0,0
1748636764530,-18750000,4919352,5773443,3757319,0,0,0,0,0,0,0
1748636764630,-18750000,4882695,5755113,3592364,0,0,0,0,0,0,0
1748636764730,-18750000,4886360,5736783,3409079,0,0,0,0,0,0,0
1748636764830,-18750000,4890025,5755109,3262450,0,0,0,0,0,0,0
1748636764930,-18750000,4868031,5681797,3170808,0,0,0,0,0,0,0
1748636765030,-18750000,4846037,5626814,3134152,0,0,0,0,0,0,0
1748636765130,-18750000,4846037,5645144,3024179,0,0,0,0,0,0,0
1748636765230,-18750000,4835040,5590158,2969193,0,0,0,0,0,0,0
1748636765330,-18750000,4802049,5663471,2895880,0,0,0,0,0,0,0
1748636765430,-18750000,4791052,5681801,2804238,0,0,0,0,0,0,0
1748636765530,-18750000,4776389,5626814,2969193,0,0,0,0,0,0,0
1748636765630,-18750000,4776389,5681801,3207460,0,0,0,0,0,0,0
1748636765730,-18750000,4747064,5700131,3500714,0,0,0,0,0,0,0
1748636765830,-18750000,4736068,5645144,3848954,0,0,0,0,0,0,0
1748636765930,-18750000,4747065,5681801,4142208,0,0,0,0,0,0,0
1748636766030,-18750000,4754396,5663471,4417135,0,0,0,0,0,0,0
1748636766130,-18750000,4747064,5626811,4765375,0,0,0,0,0,0,0
1748636766230,-18750000,4750729,5626811,5131945,0,0,0,0,0,0,0
1748636766330,-18750000,4736067,5663471,5480185,0,0,0,0,0,0,0
1748636766430,-18750000,4754395,5645141,5810095,0,0,0,0,0,0,0
1748636766530,-18750000,4776389,5553498,5993380,0,0,0,0,0,0,0
1748636766630,-18750000,4805715,5461856,6121679,0,0,0,0,0,0,0
1748636766730,-18750000,4824043,5480186,6231652,0,0,0,0,0,0,0
1748636766830,-18750000,4827709,5443529,6213326,0,0,0,0,0,0,0
1748636766930,-18750000,4824043,5498516,6286642,0,0,0,0,0,0,0
1748636767030,-18750000,4813045,5681801,6378280,0,0,0,0,0,0,0
1748636767130,-18750000,4831374,5663474,6359954,0,0,0,0,0,0,0
1748636767230,-18750000,4849702,5718461,6323298,0,0,0,0,0,0,0
1748636767330,-18750000,4882693,5663474,6359954,0,0,0,0,0,0,0
1748636767430,-18750000,4871696,5810103,6378284,0,0,0,0,0,0,0
1748636767530,-18750000,4879027,5865089,6359954,0,0,0,0,0,0,0
1748636767630,-18750000,4864365,5883419,6359954,0,0,0,0,0,0,0
1748636767730,-18750000,4868030,5846759,6304968,0,0,0,0,0,0,0
1748636767830,-18750000,4875361,5938402,6341624,0,0,0,0,0,0,0
1748636767930,-18750000,4893690,5865085,6359951,0,0,0,0,0,0,0
1748636768030,-18750000,4904687,5755113,6304968,0,0,0,0,0,0,0
1748636768130,-18750000,4919350,5810099,6341624,0,0,0,0,0,0,0
1748636768230,-18750000,4930348,5718457,6378280,0,0,0,0,0,0,0
1748636768330,-18750000,4926682,5700127,6378280,0,0,0,0,0,0,0
1748636768430,-18750000,4941344,5498516,6433263,0,0,0,0,0,0,0
1748636768530,-18750000,4941344,5535172,6433263,0,0,0,0,0,0,0
1748636768630,-18750000,4967004,5553498,6396607,0,0,0,0,0,0,0
1748636768730,-18750000,4985333,5608484,6414937,0,0,0,0,0,0,0
1748636768830,-18750000,4992664,5480186,6433263,0,0,0,0,0,0,0
1748636768930,-18750000,5014658,5480186,6378280,0,0,0,0,0,0,0
1748636769030,-18750000,5021990,5535172,6396607,0,0,0,0,0,0,0
1748636769130,-18750000,5007326,5535172,6414933,0,0,0,0,0,0,0
1748636769230,-18750000,4996329,5645141,6414933,0,0,0,0,0,0,0
1748636769330,-18750000,5014657,5700127,6433263,0,0,0,0,0,0,0
1748636769430,-18750000,5021989,5755109,6359951,0,0,0,0,0,0,0
1748636769530,-18750000,5018324,5791766,6194996,0,0,0,0,0,0,0
1748636769630,-18750000,5007326,5810096,6085027,0,0,0,0,0,0,0
1748636769730,-18750000,5010992,5773439,5865086,0,0,0,0,0,0,0
1748636769830,-18750000,5010992,5901738,5608488,0,0,0,0,0,0,0
1748636769930,-18750000,4992664,6011711,5351887,0,0,0,0,0,0,0
1748636770030,-18750000,4999995,5993384,5058633,0,0,0,0,0,0,0
1748636770130,-18750000,4999995,5920068,4747049,0,0,0,0,0,0,0
1748636770230,-18750000,5003661,5901742,4453792,0,0,0,0,0,0,0
1748636770330,-18750000,4988999,5938398,4105552,0,0,0,0,0,0,0
1748636770430,-18750000,4978002,5938398,3775642,0,0,0,0,0,0,0
1748636770530,-18750000,4985333,5865086,3812298,0,0,0,0,0,0,0
1748636770630,-18750000,4974336,5920072,3903941,0,0,0,0,0,0,0
1748636770730,-18750000,4959673,5956728,4123882,0,0,0,0,0,0,0
1748636770830,-18750000,4970670,5920072,4380479,0,0,0,0,0,0,0
1748636770930,-18750000,4959673,5901742,4637081,0,0,0,0,0,0,0
1748636771030,-18750000,4948675,5883412,4966991,0,0,0,0,0,0,0
1748636771130,-18750000,4952341,5956728,5260248,0,0,0,0,0,0,0
1748636771230,-18750000,4956007,5956728,5535176,0,0,0,0,0,0,0
1748636771330,-18750000,4956007,5956728,5810103,0,0,0,0,0,0,0
1748636771430,-18750000,4974335,5956728,6085027,0,0,0,0,0,0,0
1748636771530,-18750000,4978001,6011714,6268312,0,0,0,0,0,0,0
1748636771630,-18750000,5003660,5938398,6304968,0,0,0,0,0,0,0
1748636771730,-18750000,5018324,5920072,6268312,0,0,0,0,0,0,0
1748636771830,-18750000,5003661,5920072,6268312,0,0,0,0,0,0,0
1748636771930,-18750000,5010992,5883416,6323294,0,0,0,0,0,0,0
1748636772030,-18750000,5018324,5938402,6286638,0,0,0,0,0,0,0
1748636772130,-18750000,5032986,5901742,6304964,0,0,0,0,0,0,0
1748636772230,-18750000,5025655,5791769,6378277,0,0,0,0,0,0,0
1748636772330,-18750000,5032986,5736783,6433259,0,0,0,0,0,0,0
1748636772430,-18750000,5007326,5755113,6524902,0,0,0,0,0,0,0
1748636772530,-18750000,5003661,5810096,6396603,0,0,0,0,0,0,0
1748636772630,-18750000,4981667,5828426,6194988,0,0,0,0,0,0,0
1748636772730,-18750000,4992664,5791766,6030029,0,0,0,0,0,0,0
1748636772830,-18750000,5003661,5828422,5718446,0,0,0,0,0,0,0
1748636772930,-18750000,4999996,5791766,5516834,0,0,0,0,0,0,0
1748636773030,-18750000,5007328,5736779,5186924,0,0,0,0,0,0,0
1748636773130,-18750000,4996331,5700123,4838684,0,0,0,0,0,0,0
1748636773230,-18750000,4985334,5791766,4545431,0,0,0,0,0,0,0
1748636773330,-18750000,4981668,5846752,4252177,0,0,0,0,0,0,0
1748636773430,-18750000,5003662,5773439,3977253,0,0,0,0,0,0,0
1748636773530,-18750000,4999996,5663471,3738982,0,0,0,0,0,0,0
1748636773630,-18750000,4981667,5681801,3574027,0,0,0,0,0,0,0
1748636773730,-18750000,4948676,5718461,3445728,0,0,0,0,0,0,0
1748636773830,-18750000,4926682,5700134,3390746,0,0,0,0,0,0,0
1748636773930,-18750000,4923016,5718461,3207461,0,0,0,0,0,0,0
1748636774030,-18750000,4901021,5700131,3244117,0,0,0,0,0,0,0
1748636774130,-18750000,4893690,5736787,3244117,0,0,0,0,0,0,0
1748636774230,-18750000,4882693,5791773,3225790,0,0,0,0,0,0,0
1748636774330,-18750000,4860699,5773447,3189134,0,0,0,0,0,0,0
1748636774430,-18750000,4831373,5773447,3079162,0,0,0,0,0,0,0
1748636774530,-18750000,4813045,5791773,3317433,0,0,0,0,0,0,0
1748636774630,-18750000,4824042,5791773,3665673,0,0,0,0,0,0,0
1748636774730,-18750000,4820377,5773443,3922270,0,0,0,0,0,0,0
1748636774830,-18750000,4824043,5700127,4270510,0,0,0,0,0,0,0
1748636774930,-18750000,4809380,5718457,4618750,0,0,0,0,0,0,0
1748636775030,-18750000,4813046,5718457,4893678,0,0,0,0,0,0,0
1748636775130,-18750000,4787387,5755117,5241918,0,0,0,0,0,0,0
1748636775230,-18750000,4794718,5718461,5516842,0,0,0,0,0,0,0
1748636775330,-18750000,4802049,5681801,5828425,0,0,0,0,0,0,0
1748636775430,-18750000,4809381,5791769,6213322,0,0,0,0,0,0,0
1748636775530,-18750000,4813047,5791769,6249978,0,0,0,0,0,0,0
1748636775630,-18750000,4813047,5865082,6268308,0,0,0,0,0,0,0
1748636775730,-18750000,4824044,5846752,6323294,0,0,0,0,0,0,0
1748636775830,-18750000,4824044,5901738,6323294,0,0,0,0,0,0,0
1748636775930,-18750000,4831375,5956724,6304968,0,0,0,0,0,0,0
1748636776030,-18750000,4824043,5975054,6304968,0,0,0,0,0,0,0
1748636776130,-18750000,4860700,5956724,6249986,0,0,0,0,0,0,0
1748636776230,-18750000,4868032,5920064,6231659,0,0,0,0,0,0,0
1748636776330,-18750000,4875363,5975051,6231659,0,0,0,0,0,0,0
1748636776430,-18750000,4901023,5938394,6249989,0,0,0,0,0,0,0
1748636776530,-18750000,4937680,5901738,6249989,0,0,0,0,0,0,0
1748636776630,-18750000,4941345,5773439,6213333,0,0,0,0,0,0,0
1748636776730,-18750000,4945011,5755113,6231663,0,0,0,0,0,0,0
1748636776830,-18750000,4970671,5736783,6286646,0,0,0,0,0,0,0
1748636776930,-18750000,4996331,5718453,6304972,0,0,0,0,0,0,0
1748636777030,-18750000,5007327,5718453,6268316,0,0,0,0,0,0,0
1748636777130,-18750000,5014658,5810096,6304972,0,0,0,0,0,0,0
1748636777230,-18750000,5021989,5865082,6268316,0,0,0,0,0,0,0
1748636777330,-18750000,5043984,5901738,6249986,0,0,0,0,0,0,0
1748636777430,-18750000,5047649,5865082,6249986,0,0,0,0,0,0,0
1748636777530,-18750000,5047649,5975054,6158343,0,0,0,0,0,0,0
1748636777630,-18750000,5080640,5993381,6011714,0,0,0,0,0,0,0
1748636777730,-18750000,5076974,5975051,5810099,0,0,0,0,0,0,0
1748636777830,-18750000,5047648,6011711,5498519,0,0,0,0,0,0,0
1748636777930,-18750000,5047648,5920068,5278578,0,0,0,0,0,0,0
1748636778030,-18750000,5054980,5975054,5095293,0,0,0,0,0,0,0
1748636778130,-18750000,5036651,5883412,4765379,0,0,0,0,0,0,0
1748636778230,-18750000,5032986,5956724,4508778,0,0,0,0,0,0,0
1748636778330,-18750000,5014658,5810099,4233851,0,0,0,0,0,0,0
1748636778430,-18750000,5010992,5865086,3922267,0,0,0,0,0,0,0
1748636778530,-18750000,4988998,5810099,3940597,0,0,0,0,0,0,0
1748636778630,-18750000,4948676,5865086,4013909,0,0,0,0,0,0,0
1748636778730,-18750000,4956007,5920072,4178868,0,0,0,0,0,0,0
1748636778830,-18750000,4956007,5865086,4362149,0,0,0,0,0,0,0
1748636778930,-18750000,4923016,5901742,4582091,0,0,0,0,0,0,0
1748636779030,-18750000,4923016,5901742,4747046,0,0,0,0,0,0,0
1748636779130,-18750000,4945010,5956728,5076959,0,0,0,0,0,0,0
1748636779230,-18750000,4952342,5828429,5388543,0,0,0,0,0,0,0
1748636779330,-18750000,4945010,5846756,5700127,0,0,0,0,0,0,0
1748636779430,-18750000,4919351,5883412,6030037,0,0,0,0,0,0,0
1748636779530,-18750000,4934014,5938398,6194992,0,0,0,0,0,0,0
1748636779630,-18750000,4952342,5865085,6378277,0,0,0,0,0,0,0
1748636779730,-18750000,4952342,5920072,6414933,0,0,0,0,0,0,0
1748636779830,-18750000,4948677,5993384,6488249,0,0,0,0,0,0,0
1748636779930,-18750000,4970671,6011714,6488249,0,0,0,0,0,0,0
1748636780030,-18750000,4985334,5993384,6598218,0,0,0,0,0,0,0
1748636780130,-18750000,4988999,5920068,6634874,0,0,0,0,0,0,0
1748636780230,-18750000,4996331,5938398,6634874,0,0,0,0,0,0,0
1748636780330,-18750000,5021990,6011714,6634874,0,0,0,0,0,0,0
1748636780430,-18750000,5051315,5993384,6579892,0,0,0,0,0,0,0
1748636780530,-18750000,5036652,5883412,6396607,0,0,0,0,0,0,0
1748636780630,-18750000,5025655,5956724,6158336,0,0,0,0,0,0,0
1748636780730,-18750000,5021989,5865082,5956721,0,0,0,0,0,0,0
1748636780830,-18750000,5036652,5865082,5700123,0,0,0,0,0,0,0
1748636780930,-18750000,5036652,5883412,5498512,0,0,0,0,0,0,0
1748636781030,-18750000,5025655,5956724,5186932,0,0,0,0,0,0,0
1748636781130,-18750000,4999995,5975054,4857018,0,0,0,0,0,0,0
1748636781230,-18750000,4978001,6011710,4545434,0,0,0,0,0,0,0
1748636781330,-18750000,4941344,6030037,4270510,0,0,0,0,0,0,0
1748636781430,-18750000,4904687,6011710,3995583,0,0,0,0,0,0,0
1748636781530,-18750000,4893691,6048367,4013913,0,0,0,0,0,0,0
1748636781630,-18750000,4897357,6011711,4105555,0,0,0,0,0,0,0
1748636781730,-18750000,4886359,6011711,4233854,0,0,0,0,0,0,0
1748636781830,-18750000,4893691,5901742,4472122,0,0,0,0,0,0,0
1748636781930,-18750000,4890026,5901742,4692063,0,0,0,0,0,0,0
1748636782030,-18750000,4879028,5736787,4912004,0,0,0,0,0,0,0
1748636782130,-18750000,4893692,5773443,5186932,0,0,0,0,0,0,0
1748636782230,-18750000,4901023,5681801,5535172,0,0,0,0,0,0,0
1748636782330,-18750000,4904689,5681801,5755113,0,0,0,0,0,0,0
1748636782430,-18750000,4923017,5645141,6048367,0,0,0,0,0,0,0
1748636782530,-18750000,4934014,5681801,6176666,0,0,0,0,0,0,0
1748636782630,-18750000,4956008,5681801,6286638,0,0,0,0,0,0,0
1748636782730,-18750000,4974336,5718457,6341624,0,0,0,0,0,0,0
1748636782830,-18750000,4967005,5791769,6378281,0,0,0,0,0,0,0
1748636782930,-18750000,4985333,5791769,6414937,0,0,0,0,0,0,0
1748636783030,-18750000,4996331,5865086,6433263,0,0,0,0,0,0,0
1748636783130,-18750000,4978002,5810099,6488249,0,0,0,0,0,0,0
1748636783230,-18750000,5003662,5920072,6451593,0,0,0,0,0,0,0
1748636783330,-18750000,5040318,5828429,6524906,0,0,0,0,0,0,0
1748636783430,-18750000,5051315,5883416,6524906,0,0,0,0,0,0,0
1748636783530,-18750000,5080641,5901742,6341621,0,0,0,0,0,0,0
1748636783630,-18750000,5073310,5938398,6103349,0,0,0,0,0,0,0
1748636783730,-18750000,5058647,5938398,5920064,0,0,0,0,0,0,0
1748636783830,-18750000,5080641,5938398,5681797,0,0,0,0,0,0,0
1748636783930,-18750000,5076975,5956724,5406869,0,0,0,0,0,0,0
1748636784030,-18750000,5062313,5920064,5150272,0,0,0,0,0,0,0
1748636784130,-18750000,5080641,5920064,4893674,0,0,0,0,0,0,0
1748636784230,-18750000,5069644,5846748,4582091,0,0,0,0,0,0,0
1748636784330,-18750000,5032988,5810092,4178864,0,0,0,0,0,0,0
1748636784430,-18750000,5021990,5755106,3848954,0,0,0,0,0,0,0
1748636784530,-18750000,4981668,5626807,3848954,0,0,0,0,0,0,0
1748636784630,-18750000,4970671,5608481,4013913,0,0,0,0,0,0,0
1748636784730,-18750000,4974336,5553494,4178872,0,0,0,0,0,0,0
1748636784830,-18750000,4937680,5571824,4380483,0,0,0,0,0,0,0
1748636784930,-18750000,4915686,5461856,4582098,0,0,0,0,0,0,0
1748636785030,-18750000,4912020,5406873,4893682,0,0,0,0,0,0,0
1748636785130,-18750000,4882694,5461859,5095293,0,0,0,0,0,0,0
1748636785230,-18750000,4860700,5516846,5406877,0,0,0,0,0,0,0
1748636785330,-18750000,4875363,5645144,5791773,0,0,0,0,0,0,0
1748636785430,-18750000,4871698,5663474,6066701,0,0,0,0,0,0,0
1748636785530,-18750000,4879029,5810103,6304968,0,0,0,0,0,0,0
1748636785630,-18750000,4879029,5846759,6323294,0,0,0,0,0,0,0
1748636785730,-18750000,4890026,5920076,6323294,0,0,0,0,0,0,0
1748636785830,-18750000,4897358,5865089,6378281,0,0,0,0,0,0,0
1748636785930,-18750000,4919351,5901745,6451593,0,0,0,0,0,0,0
1748636786030,-18750000,4941346,6030044,6433263,0,0,0,0,0,0,0
1748636786130,-18750000,4963340,5975058,6506576,0,0,0,0,0,0,0
1748636786230,-18750000,4985333,5920072,6543232,0,0,0,0,0,0,0
1748636786330,-18750000,4992665,5956728,6469919,0,0,0,0,0,0,0
1748636786430,-18750000,5007327,5993384,6561558,0,0,0,0,0,0,0
1748636786530,-18750000,5007327,5956728,6396603,0,0,0,0,0,0,0
1748636786630,-18750000,5007327,5883412,6268304,0,0,0,0,0,0,0
1748636786730,-18750000,4999996,5901738,6140002,0,0,0,0,0,0,0
1748636786830,-18750000,5003661,5920064,5901731,0,0,0,0,0,0,0
1748636786930,-18750000,4992664,6011707,5626803,0,0,0,0,0,0,0
1748636787030,-18750000,4988998,5993377,5388536,0,0,0,0,0,0,0
1748636787130,-18750000,4996330,6011707,5076956,0,0,0,0,0,0,0
1748636787230,-18750000,4985333,6030037,4783702,0,0,0,0,0,0,0
1748636787330,-18750000,4970670,5993381,4600417,0,0,0,0,0,0,0
1748636787430,-18750000,4952342,5975054,4270507,0,0,0,0,0,0,0
1748636787530,-18750000,4948676,5975054,4252181,0,0,0,0,0,0,0
1748636787630,-18750000,4934013,6066697,4325493,0,0,0,0,0,0,0
1748636787730,-18750000,4915685,6066697,4472122,0,0,0,0,0,0,0
1748636787830,-18750000,4912019,6194996,4637081,0,0,0,0,0,0,0
1748636787930,-18750000,4904688,6121679,4875352,0,0,0,0,0,0,0
1748636788030,-18750000,4886360,6085023,5058637,0,0,0,0,0,0,0
1748636788130,-18750000,4868031,6121679,5278578,0,0,0,0,0,0,0
1748636788230,-18750000,4875362,6158336,5553506,0,0,0,0,0,0,0
1748636788330,-18750000,4890025,6121679,5755121,0,0,0,0,0,0,0
1748636788430,-18750000,4904687,6103349,6121691,0,0,0,0,0,0,0
1748636788530,-18750000,4908353,6030033,6103361,0,0,0,0,0,0,0
1748636788630,-18750000,4926682,5938391,6030048,0,0,0,0,0,0,0
1748636788730,-18750000,4948676,5975047,5828437,0,0,0,0,0,0,0
1748636788830,-18750000,4941344,5938391,5626822,0,0,0,0,0,0,0
1748636788930,-18750000,4959673,5993377,5406881,0,0,0,0,0,0,0
1748636789030,-18750000,4981667,5975047,5205266,0,0,0,0,0,0,0
1748636789130,-18750000,4978001,5920061,4985324,0,0,0,0,0,0,0
1748636789230,-18750000,4956008,5865074,4692071,0,0,0,0,0,0,0
1748636789330,-18750000,4941345,5810088,4398813,0,0,0,0,0,0,0
1748636789430,-18750000,4930349,5810088,4087229,0,0,0,0,0,0,0
1748636789530,-18750000,4912020,5883404,4123886,0,0,0,0,0,0,0
1748636789630,-18750000,4904689,5901734,4215528,0,0,0,0,0,0,0
1748636789730,-18750000,4886361,5865078,4435469,0,0,0,0,0,0,0
1748636789830,-18750000,4890026,5773436,4618754,0,0,0,0,0,0,0
1748636789930,-18750000,4864367,5645137,4838696,0,0,0,0,0,0,0
1748636790030,-18750000,4857035,5608481,5040311,0,0,0,0,0,0,0
1748636790130,-18750000,4860701,5590154,5296908,0,0,0,0,0,0,0
1748636790230,-18750000,4864367,5663471,5553506,0,0,0,0,0,0,0
1748636790330,-18750000,4860701,5736787,5901746,0,0,0,0,0,0,0
1748636790430,-18750000,4853369,5736787,6085031,0,0,0,0,0,0,0
1748636790530,-18750000,4860701,5773443,6213329,0,0,0,0,0,0,0
1748636790630,-18750000,4857035,5718457,6341628,0,0,0,0,0,0,0
1748636790730,-18750000,4879028,5663471,6414941,0,0,0,0,0,0,0
1748636790830,-18750000,4886360,5681801,6469927,0,0,0,0,0,0,0
1748636790930,-18750000,4908353,5773443,6451597,0,0,0,0,0,0,0
1748636791030,-18750000,4908353,5846759,6506579,0,0,0,0,0,0,0
1748636791130,-18750000,4930347,5846759,6506579,0,0,0,0,0,0,0
1748636791230,-18750000,4956007,5791773,6506579,0,0,0,0,0,0,0
1748636791330,-18750000,4967004,5773443,6506579,0,0,0,0,0,0,0
1748636791430,-18750000,4985332,5791773,6561562,0,0,0,0,0,0,0
1748636791530,-18750000,4992663,5755117,6598218,0,0,0,0,0,0,0
1748636791630,-18750000,5014658,5810103,6598218,0,0,0,0,0,0,0
1748636791730,-18750000,5003660,5810103,6543232,0,0,0,0,0,0,0
1748636791830,-18750000,5007326,5773447,6506576,0,0,0,0,0,0,0
1748636791930,-18750000,5010992,5755117,6543232,0,0,0,0,0,0,0
1748636792030,-18750000,5010992,5736787,6598218,0,0,0,0,0,0,0
1748636792130,-18750000,5007327,5810099,6561562,0,0,0,0,0,0,0
1748636792230,-18750000,5007327,5755113,6561562,0,0,0,0,0,0,0
1748636792330,-18750000,5021990,5828426,6543236,0,0,0,0,0,0,0
1748636792430,-18750000,5025656,5810096,6543236,0,0,0,0,0,0,0
1748636792530,-18750000,5062313,5828422,6396611,0,0,0,0,0,0,0
1748636792630,-18750000,5043984,5865078,6158339,0,0,0,0,0,0,0
1748636792730,-18750000,5058647,5901738,5901742,0,0,0,0,0,0,0
1748636792830,-18750000,5073310,5975051,5755113,0,0,0,0,0,0,0
1748636792930,-18750000,5069644,6011711,5480189,0,0,0,0,0,0,0
1748636793030,-18750000,5073310,6030041,5186936,0,0,0,0,0,0,0
1748636793130,-18750000,5080641,5975054,4930334,0,0,0,0,0,0,0
1748636793230,-18750000,5076975,6048371,4655407,0,0,0,0,0,0,0
1748636793330,-18750000,5051315,6030044,4362149,0,0,0,0,0,0,0
1748636793430,-18750000,5032987,6011714,4050565,0,0,0,0,0,0,0
1748636793530,-18750000,4992665,6011714,4013909,0,0,0,0,0,0,0
1748636793630,-18750000,4988999,5938402,4160538,0,0,0,0,0,0,0
1748636793730,-18750000,4992664,5920072,4343823,0,0,0,0,0,0,0
1748636793830,-18750000,4974335,5938402,4527108,0,0,0,0,0,0,0
1748636793930,-18750000,4959673,5901742,4765375,0,0,0,0,0,0,0
1748636794030,-18750000,4948676,5956724,4948660,0,0,0,0,0,0,0
1748636794130,-18750000,4934012,5993384,5223588,0,0,0,0,0,0,0
1748636794230,-18750000,4915684,6011711,5425199,0,0,0,0,0,0,0
1748636794330,-18750000,4923015,5975054,5700127,0,0,0,0,0,0,0
1748636794430,-18750000,4923015,6011714,5993384,0,0,0,0,0,0,0
1748636794530,-18750000,4937678,5938402,6176665,0,0,0,0,0,0,0
1748636794630,-18750000,4959672,5993388,6231652,0,0,0,0,0,0,0
1748636794730,-18750000,4959672,6030044,6341620,0,0,0,0,0,0,0
1748636794830,-18750000,4974335,5956728,6341620,0,0,0,0,0,0,0
1748636794930,-18750000,4992664,5920072,6414933,0,0,0,0,0,0,0
1748636795030,-18750000,4999995,5865089,6488245,0,0,0,0,0,0,0
1748636795130,-18750000,5007327,5846759,6561558,0,0,0,0,0,0,0
1748636795230,-18750000,5025656,5828433,6653200,0,0,0,0,0,0,0
1748636795330,-18750000,5025656,5865089,6708187,0,0,0,0,0,0,0
1748636795430,-18750000,5047650,5846759,6708187,0,0,0,0,0,0,0
1748636795530,-18750000,5051315,5883416,6671531,0,0,0,0,0,0,0
1748636795630,-18750000,5047649,5938398,6689857,0,0,0,0,0,0,0
1748636795730,-18750000,5029321,5956728,6653201,0,0,0,0,0,0,0
1748636795830,-18750000,5043983,5865086,6634871,0,0,0,0,0,0,0
1748636795930,-18750000,5040317,5901742,6598214,0,0,0,0,0,0,0
1748636796030,-18750000,5047649,5865082,6579884,0,0,0,0,0,0,0
1748636796130,-18750000,5047649,5810096,6488246,0,0,0,0,0,0,0
1748636796230,-18750000,5043983,5865078,6506576,0,0,0,0,0,0,0
1748636796330,-18750000,5047649,5865078,6524902,0,0,0,0,0,0,0
1748636796430,-18750000,5051315,5901734,6524902,0,0,0,0,0,0,0
1748636796530,-18750000,5069643,5901734,6543232,0,0,0,0,0,0,0
1748636796630,-18750000,5076974,5865078,6524906,0,0,0,0,0,0,0
1748636796730,-18750000,5098969,5883404,6469923,0,0,0,0,0,0,0
1748636796830,-18750000,5080640,5938391,6488253,0,0,0,0,0,0,0
1748636796930,-18750000,5080640,6011707,6433271,0,0,0,0,0,0,0
1748636797030,-18750000,5080640,6030037,6378288,0,0,0,0,0,0,0
1748636797130,-18750000,5098969,6140009,6469927,0,0,0,0,0,0,0
1748636797230,-18750000,5106301,6085027,6414941,0,0,0,0,0,0,0
1748636797330,-18750000,5117298,6103353,6359958,0,0,0,0,0,0,0
1748636797430,-18750000,5106301,6048367,6359958,0,0,0,0,0,0,0
1748636797530,-18750000,5098970,6011711,6231659,0,0,0,0,0,0,0
1748636797630,-18750000,5087972,5956724,5975062,0,0,0,0,0,0,0
1748636797730,-18750000,5095304,5865082,5773447,0,0,0,0,0,0,0
1748636797830,-18750000,5117298,5975054,5461863,0,0,0,0,0,0,0
1748636797930,-18750000,5120964,5993381,5131949,0,0,0,0,0,0,0
1748636798030,-18750000,5113632,6048367,4747049,0,0,0,0,0,0,0
1748636798130,-18750000,5087972,5938394,4307167,0,0,0,0,0,0,0
1748636798230,-18750000,5069643,5901734,3885614,0,0,0,0,0,0,0
1748636798330,-18750000,5069643,5828422,3409072,0,0,0,0,0,0,0
1748636798430,-18750000,5065978,5828422,2969189,0,0,0,0,0,0,0
1748636798530,-18750000,5054981,5901734,2584289,0,0,0,0,0,0,0
1748636798630,-18750000,5047649,5993377,2346018,0,0,0,0,0,0,0
1748636798730,-18750000,5021990,6121676,2089420,0,0,0,0,0,0,0
1748636798830,-18750000,4985333,6030033,1887805,0,0,0,0,0,0,0
1748636798930,-18750000,4967004,5938391,1777833,0,0,0,0,0,0,0
1748636799030,-18750000,4963339,5883404,1759507,0,0,0,0,0,0,0
1748636799130,-18750000,4963339,5975047,1612882,0,0,0,0,0,0,0
1748636799230,-18750000,4967004,5920064,1594552,0,0,0,0,0,0,0
1748636799330,-18750000,4937678,5828422,1576225,0,0,0,0,0,0,0
1748636799430,-18750000,4930347,5828422,1502909,0,0,0,0,0,0,0
1748636799530,-18750000,4912019,5828422,1759511,0,0,0,0,0,0,0
1748636799630,-18750000,4908354,5700123,2089424,0,0,0,0,0,0,0
1748636799730,-18750000,4886360,5571824,2529307,0,0,0,0,0,0,0
1748636799830,-18750000,4897356,5645137,2969189,0,0,0,0,0,0,0
1748636799930,-18750000,4897356,5663467,3372416,0,0,0,0,0,0,0
1748636800030,-18750000,4882694,5700123,3830624,0,0,0,0,0,0,0
1748636800130,-18750000,4879028,5645137,4362149,0,0,0,0,0,0,0
1748636800230,-18750000,4864366,5700119,4783706,0,0,0,0,0,0,0
1748636800330,-18750000,4886360,5700119,5260244,0,0,0,0,0,0,0
1748636800430,-18750000,4886360,5736779,5791769,0,0,0,0,0,0,0
1748636800530,-18750000,4890025,5608481,5865082,0,0,0,0,0,0,0
1748636800630,-18750000,4897356,5590154,5810096,0,0,0,0,0,0,0
1748636800730,-18750000,4919351,5571828,5590154,0,0,0,0,0,0,0
1748636800830,-18750000,4897357,5553502,5388543,0,0,0,0,0,0,0
1748636800930,-18750000,4886359,5626814,5168602,0,0,0,0,0,0,0
1748636801030,-18750000,4886359,5590158,4838692,0,0,0,0,0,0,0
1748636801130,-18750000,4879028,5645144,4527108,0,0,0,0,0,0,0
1748636801230,-18750000,4879028,5773443,4233851,0,0,0,0,0,0,0
1748636801330,-18750000,4838706,5846756,3885611,0,0,0,0,0,0,0
1748636801430,-18750000,4824043,5773439,3555701,0,0,0,0,0,0,0
1748636801530,-18750000,4820377,5736783,3537371,0,0,0,0,0,0,0
1748636801630,-18750000,4805715,5791766,3647339,0,0,0,0,0,0,0
1748636801730,-18750000,4783720,5828422,3867281,0,0,0,0,0,0,0
1748636801830,-18750000,4783720,5773436,4123878,0,0,0,0,0,0,0
1748636801930,-18750000,4783720,5663467,4398806,0,0,0,0,0,0,0
1748636802030,-18750000,4780054,5645137,4692059,0,0,0,0,0,0,0
1748636802130,-18750000,4761726,5590151,4966987,0,0,0,0,0,0,0
1748636802230,-18750000,4754395,5425196,5333557,0,0,0,0,0,0,0
1748636802330,-18750000,4772723,5406869,5718453,0,0,0,0,0,0,0
1748636802430,-18750000,4776389,5370213,6011707,0,0,0,0,0,0,0
1748636802530,-18750000,4769057,5516842,6231648,0,0,0,0,0,0,0
1748636802630,-18750000,4783720,5516842,6268308,0,0,0,0,0,0,0
1748636802730,-18750000,4780054,5571828,6341621,0,0,0,0,0,0,0
1748636802830,-18750000,4794717,5535172,6323294,0,0,0,0,0,0,0
1748636802930,-18750000,4816711,5553498,6304968,0,0,0,0,0,0,0
1748636803030,-18750000,4838705,5535172,6341624,0,0,0,0,0,0,0
1748636803130,-18750000,4849702,5571832,6378281,0,0,0,0,0,0,0
1748636803230,-18750000,4864365,5608488,6414937,0,0,0,0,0,0,0
1748636803330,-18750000,4879027,5590158,6414937,0,0,0,0,0,0,0
1748636803430,-18750000,4882693,5663471,6451593,0,0,0,0,0,0,0
1748636803530,-18750000,4897357,5645141,6396611,0,0,0,0,0,0,0
1748636803630,-18750000,4879028,5663471,6359951,0,0,0,0,0,0,0
1748636803730,-18750000,4901022,5571828,6341624,0,0,0,0,0,0,0
1748636803830,-18750000,4886359,5700127,6378281,0,0,0,0,0,0,0
1748636803930,-18750000,4886359,5736787,6433263,0,0,0,0,0,0,0
1748636804030,-18750000,4890025,5736787,6414937,0,0,0,0,0,0,0
1748636804130,-18750000,4901022,5700127,6451593,0,0,0,0,0,0,0
1748636804230,-18750000,4926682,5700127,6414937,0,0,0,0,0,0,0
1748636804330,-18750000,4937679,5791769,6414937,0,0,0,0,0,0,0
1748636804430,-18750000,4974335,5828429,6396611,0,0,0,0,0,0,0
1748636804530,-18750000,4988998,5846759,6268312,0,0,0,0,0,0,0
1748636804630,-18750000,4992664,5901746,6103357,0,0,0,0,0,0,0
1748636804730,-18750000,4999995,6011714,5883416,0,0,0,0,0,0,0
1748636804830,-18750000,5007326,5938398,5718457,0,0,0,0,0,0,0
1748636804930,-18750000,5010992,5938398,5406873,0,0,0,0,0,0,0
1748636805030,-18750000,4999994,5920068,5076959,0,0,0,0,0,0,0
1748636805130,-18750000,5003660,5975054,4747046,0,0,0,0,0,0,0
1748636805230,-18750000,4967003,6030041,4417132,0,0,0,0,0,0,0
1748636805330,-18750000,4956006,5920072,4123878,0,0,0,0,0,0,0
1748636805430,-18750000,4912018,5883412,3793964,0,0,0,0,0,0,0
1748636805530,-18750000,4882692,5846752,3793964,0,0,0,0,0,0,0
1748636805630,-18750000,4879026,5810096,3958919,0,0,0,0,0,0,0
1748636805730,-18750000,4882692,5663471,4068888,0,0,0,0,0,0,0
1748636805830,-18750000,4886358,5663471,4215517,0,0,0,0,0,0,0
1748636805930,-18750000,4864364,5681797,4435458,0,0,0,0,0,0,0
1748636806030,-18750000,4871695,5608484,4728716,0,0,0,0,0,0,0
1748636806130,-18750000,4871695,5516842,5003643,0,0,0,0,0,0,0
1748636806230,-18750000,4904687,5498516,5315227,0,0,0,0,0,0,0
1748636806330,-18750000,4886359,5590158,5608481,0,0,0,0,0,0,0
1748636806430,-18750000,4915685,5590158,5956721,0,0,0,0,0,0,0
1748636806530,-18750000,4948676,5590158,6103346,0,0,0,0,0,0,0
1748636806630,-18750000,4956008,5645141,6194988,0,0,0,0,0,0,0
1748636806730,-18750000,4959674,5828422,6286631,0,0,0,0,0,0,0
1748636806830,-18750000,4974336,5846752,6304961,0,0,0,0,0,0,0
1748636806930,-18750000,5003662,5791766,6414933,0,0,0,0,0,0,0
1748636807030,-18750000,4992665,5938394,6488246,0,0,0,0,0,0,0
1748636807130,-18750000,4992665,5956724,6469919,0,0,0,0,0,0,0
1748636807230,-18750000,4985333,5938394,6451593,0,0,0,0,0,0,0
1748636807330,-18750000,5021990,5956721,6433267,0,0,0,0,0,0,0
1748636807430,-18750000,5021990,5920064,6414941,0,0,0,0,0,0,0
1748636807530,-18750000,5003662,5938394,6286642,0,0,0,0,0,0,0
1748636807630,-18750000,5021990,5846752,6011718,0,0,0,0,0,0,0
1748636807730,-18750000,5007327,5773439,5846763,0,0,0,0,0,0,0
1748636807830,-18750000,5007327,5755109,5681804,0,0,0,0,0,0,0
1748636807930,-18750000,4985333,5791769,5425207,0,0,0,0,0,0,0
1748636808030,-18750000,4988998,5755109,5095293,0,0,0,0,0,0,0
1748636808130,-18750000,4978001,5828422,4893678,0,0,0,0,0,0,0
1748636808230,-18750000,4985333,5810092,4600420,0,0,0,0,0,0,0
1748636808330,-18750000,4956008,5663463,4270507,0,0,0,0,0,0,0
1748636808430,-18750000,4948676,5773436,3977249,0,0,0,0,0,0,0
1748636808530,-18750000,4956008,5828422,3940593,0,0,0,0,0,0,0
1748636808630,-18750000,4952342,5883408,4123874,0,0,0,0,0,0,0
1748636808730,-18750000,4948676,5828422,4252173,0,0,0,0,0,0,0
1748636808830,-18750000,4941345,5883408,4343816,0,0,0,0,0,0,0
1748636808930,-18750000,4934014,5828422,4527101,0,0,0,0,0,0,0
1748636809030,-18750000,4934014,5828422,4820358,0,0,0,0,0,0,0
1748636809130,-18750000,4937680,5773436,5076956,0,0,0,0,0,0,0
1748636809230,-18750000,4926682,5755109,5388539,0,0,0,0,0,0,0
1748636809330,-18750000,4930348,5901738,5755109,0,0,0,0,0,0,0
1748636809430,-18750000,4941345,5846752,6085023,0,0,0,0,0,0,0
1748636809530,-18750000,4952342,5846752,6304964,0,0,0,0,0,0,0
1748636809630,-18750000,4948677,5773439,6378281,0,0,0,0,0,0,0
1748636809730,-18750000,4974337,5773439,6414937,0,0,0,0,0,0,0
1748636809830,-18750000,4970671,5663471,6561566,0,0,0,0,0,0,0
1748636809930,-18750000,4988999,5718457,6616548,0,0,0,0,0,0,0
1748636810030,-18750000,4996331,5773443,6634874,0,0,0,0,0,0,0
1748636810130,-18750000,5007327,5828429,6616548,0,0,0,0,0,0,0
1748636810230,-18750000,5021990,5883416,6579892,0,0,0,0,0,0,0
1748636810330,-18750000,5040318,5883416,6506579,0,0,0,0,0,0,0
1748636810430,-18750000,5043983,5828429,6433267,0,0,0,0,0,0,0
1748636810530,-18750000,5043983,5755113,6231656,0,0,0,0,0,0,0
1748636810630,-18750000,5047649,5865082,6048371,0,0,0,0,0,0,0
1748636810730,-18750000,5036651,5865082,5920072,0,0,0,0,0,0,0
1748636810830,-18750000,5036651,5883408,5645144,0,0,0,0,0,0,0
1748636810930,-18750000,5036651,5865078,5370221,0,0,0,0,0,0,0
1748636811030,-18750000,5036651,5865078,5095297,0,0,0,0,0,0,0
1748636811130,-18750000,5014658,5883408,4802039,0,0,0,0,0,0,0
1748636811230,-18750000,5010992,5865078,4527112,0,0,0,0,0,0,0
1748636811330,-18750000,4999995,5773436,4307170,0,0,0,0,0,0,0
1748636811430,-18750000,4981667,5810092,4032243,0,0,0,0,0,0,0
1748636811530,-18750000,4963338,5828422,4050569,0,0,0,0,0,0,0
1748636811630,-18750000,4948676,5791766,4160538,0,0,0,0,0,0,0
1748636811730,-18750000,4930347,5810096,4307167,0,0,0,0,0,0,0
1748636811830,-18750000,4948676,5920068,4453795,0,0,0,0,0,0,0
1748636811930,-18750000,4937678,5901738,4655407,0,0,0,0,0,0,0
1748636812030,-18750000,4926682,5901738,4966987,0,0,0,0,0,0,0
1748636812130,-18750000,4930348,5828422,5223588,0,0,0,0,0,0,0
1748636812230,-18750000,4926682,5810092,5498516,0,0,0,0,0,0,0
1748636812330,-18750000,4934013,5883408,5791769,0,0,0,0,0,0,0
1748636812430,-18750000,4937679,5883408,6121679,0,0,0,0,0,0,0
1748636812530,-18750000,4952342,5920064,6066693,0,0,0,0,0,0,0
1748636812630,-18750000,4963339,5901738,5956724,0,0,0,0,0,0,0
1748636812730,-18750000,4974336,5901738,5755109,0,0,0,0,0,0,0
1748636812830,-18750000,4974336,5828422,5608481,0,0,0,0,0,0,0
1748636812930,-18750000,4981667,5828422,5425196,0,0,0,0,0,0,0
1748636813030,-18750000,4988998,5846752,5076956,0,0,0,0,0,0,0
1748636813130,-18750000,4988998,5810096,4857014,0,0,0,0,0,0,0
1748636813230,-18750000,4959673,5773439,4618747,0,0,0,0,0,0,0
1748636813330,-18750000,4952341,5755109,4252177,0,0,0,0,0,0,0
1748636813430,-18750000,4934013,5718453,3867280,0,0,0,0,0,0,0
1748636813530,-18750000,4901022,5645141,3885610,0,0,0,0,0,0,0
1748636813630,-18750000,4893691,5626811,3977253,0,0,0,0,0,0,0
1748636813730,-18750000,4879028,5626811,4160538,0,0,0,0,0,0,0
1748636813830,-18750000,4860700,5571828,4380479,0,0,0,0,0,0,0
1748636813930,-18750000,4846037,5590158,4655407,0,0,0,0,0,0,0
1748636814030,-18750000,4835040,5571828,4948664,0,0,0,0,0,0,0
1748636814130,-18750000,4857034,5498516,5260244,0,0,0,0,0,0,0
1748636814230,-18750000,4886360,5608488,5498512,0,0,0,0,0,0,0
1748636814330,-18750000,4890026,5645144,5846752,0,0,0,0,0,0,0
1748636814430,-18750000,4890026,5736787,6249978,0,0,0,0,0,0,0
1748636814530,-18750000,4897357,5791773,6451589,0,0,0,0,0,0,0
1748636814630,-18750000,4886359,5846759,6598214,0,0,0,0,0,0,0
1748636814730,-18750000,4890025,5938402,6561558,0,0,0,0,0,0,0
1748636814830,-18750000,4882694,6030044,6524902,0,0,0,0,0,0,0
1748636814930,-18750000,4897356,6085030,6506572,0,0,0,0,0,0,0
1748636815030,-18750000,4919351,6066704,6543228,0,0,0,0,0,0,0
1748636815130,-18750000,4908353,6195003,6433259,0,0,0,0,0,0,0
1748636815230,-18750000,4893691,6121687,6451589,0,0,0,0,0,0,0
1748636815330,-18750000,4897356,6121687,6451589,0,0,0,0,0,0,0
1748636815430,-18750000,4915685,6140017,6433259,0,0,0,0,0,0,0
1748636815530,-18750000,4923016,6030044,6231648,0,0,0,0,0,0,0
1748636815630,-18750000,4937678,5993388,6030037,0,0,0,0,0,0,0
1748636815730,-18750000,4956007,5938402,5865082,0,0,0,0,0,0,0
1748636815830,-18750000,4978001,5938402,5681797,0,0,0,0,0,0,0
1748636815930,-18750000,4988999,5938402,5425199,0,0,0,0,0,0,0
1748636816030,-18750000,4981667,5828429,5113616,0,0,0,0,0,0,0
1748636816130,-18750000,4970670,5736787,4875344,0,0,0,0,0,0,0
1748636816230,-18750000,4963339,5755117,4600417,0,0,0,0,0,0,0
1748636816330,-18750000,4941345,5663474,4307163,0,0,0,0,0,0,0
1748636816430,-18750000,4923017,5608488,3885611,0,0,0,0,0,0,0
1748636816530,-18750000,4912019,5681801,3940597,0,0,0,0,0,0,0
1748636816630,-18750000,4915685,5663471,3995583,0,0,0,0,0,0,0
1748636816730,-18750000,4890025,5626814,4142208,0,0,0,0,0,0,0
1748636816830,-18750000,4857034,5626814,4343823,0,0,0,0,0,0,0
1748636816930,-18750000,4824043,5516842,4563764,0,0,0,0,0,0,0
1748636817030,-18750000,4805715,5718453,4838692,0,0,0,0,0,0,0
1748636817130,-18750000,4816711,5810096,5168605,0,0,0,0,0,0,0
1748636817230,-18750000,4813045,5828426,5406877,0,0,0,0,0,0,0
1748636817330,-18750000,4820377,5865082,5736787,0,0,0,0,0,0,0
1748636817430,-18750000,4831374,5865082,6103357,0,0,0,0,0,0,0
1748636817530,-18750000,4849702,5883412,6213326,0,0,0,0,0,0,0
1748636817630,-18750000,4842371,5846756,6323294,0,0,0,0,0,0,0
1748636817730,-18750000,4860700,5883412,6378281,0,0,0,0,0,0,0
1748636817830,-18750000,4893692,5810096,6433263,0,0,0,0,0,0,0
1748636817930,-18750000,4912020,5901738,6451593,0,0,0,0,0,0,0
1748636818030,-18750000,4923017,5773439,6488249,0,0,0,0,0,0,0
1748636818130,-18750000,4923017,5828426,6414937,0,0,0,0,0,0,0
1748636818230,-18750000,4941345,5865082,6414937,0,0,0,0,0,0,0
1748636818330,-18750000,4952342,5920068,6359954,0,0,0,0,0,0,0
1748636818430,-18750000,4970671,5975054,6396611,0,0,0,0,0,0,0
1748636818530,-18750000,4981668,6011710,6341628,0,0,0,0,0,0,0
1748636818630,-18750000,4985333,5993380,6323302,0,0,0,0,0,0,0
1748636818730,-18750000,4988999,5993380,6341632,0,0,0,0,0,0,0
1748636818830,-18750000,4985333,6066697,6323306,0,0,0,0,0,0,0
1748636818930,-18750000,5007326,6085027,6341632,0,0,0,0,0,0,0
1748636819030,-18750000,5010992,6121687,6378288,0,0,0,0,0,0,0
1748636819130,-18750000,5014658,6158343,6469927,0,0,0,0,0,0,0
1748636819230,-18750000,5029321,6121687,6579895,0,0,0,0,0,0,0
1748636819330,-18750000,5025655,6103361,6616552,0,0,0,0,0,0,0
1748636819430,-18750000,5029320,5975062,6653208,0,0,0,0,0,0,0
1748636819530,-18750000,5043982,5920076,6689864,0,0,0,0,0,0,0
1748636819630,-18750000,5054980,5993392,6689864,0,0,0,0,0,0,0
1748636819730,-18750000,5069643,5920079,6708191,0,0,0,0,0,0,0
1748636819830,-18750000,5076974,5956736,6634878,0,0,0,0,0,0,0
1748636819930,-18750000,5058646,5901749,6616552,0,0,0,0,0,0,0
1748636820030,-18750000,5091637,5975062,6598222,0,0,0,0,0,0,0
1748636820130,-18750000,5102634,5883419,6506583,0,0,0,0,0,0,0
1748636820230,-18750000,5091637,5846759,6488253,0,0,0,0,0,0,0
1748636820330,-18750000,5113631,5846759,6414941,0,0,0,0,0,0,0
1748636820430,-18750000,5120963,5883416,6396611,0,0,0,0,0,0,0
1748636820530,-18750000,5109966,5920076,6286638,0,0,0,0,0,0,0
1748636820630,-18750000,5128295,5938402,6121679,0,0,0,0,0,0,0
1748636820730,-18750000,5120963,5956728,5883412,0,0,0,0,0,0,0
1748636820830,-18750000,5113632,5883412,5663471,0,0,0,0,0,0,0
1748636820930,-18750000,5113632,5883412,5406873,0,0,0,0,0,0,0
1748636821030,-18750000,5084306,5846756,5113619,0,0,0,0,0,0,0
1748636821130,-18750000,5087972,5920068,4893678,0,0,0,0,0,0,0
1748636821230,-18750000,5080640,5938398,4582098,0,0,0,0,0,0,0
1748636821330,-18750000,5069643,5865082,4307171,0,0,0,0,0,0,0
1748636821430,-18750000,5062312,5920068,4032247,0,0,0,0,0,0,0
1748636821530,-18750000,5054980,5865082,3867292,0,0,0,0,0,0,0
1748636821630,-18750000,5032985,5901738,3702337,0,0,0,0,0,0,0
1748636821730,-18750000,5025653,5956724,3684007,0,0,0,0,0,0,0
1748636821830,-18750000,5029319,6030041,3629021,0,0,0,0,0,0,0
1748636821930,-18750000,5025654,5993384,3592361,0,0,0,0,0,0,0
1748636822030,-18750000,5014658,5883412,3464062,0,0,0,0,0,0,0
1748636822130,-18750000,4999995,5736787,3390746,0,0,0,0,0,0,0
1748636822230,-18750000,5003661,5700130,3372416,0,0,0,0,0,0,0
1748636822330,-18750000,4992664,5626818,3317429,0,0,0,0,0,0,0
1748636822430,-18750000,4970670,5663474,3244113,0,0,0,0,0,0,0
1748636822530,-18750000,4948676,5681800,3427398,0,0,0,0,0,0,0
1748636822630,-18750000,4926683,5626818,3738982,0,0,0,0,0,0,0
1748636822730,-18750000,4904689,5571832,3958923,0,0,0,0,0,0,0
1748636822830,-18750000,4882694,5553502,4215520,0,0,0,0,0,0,0
1748636822930,-18750000,4879028,5535172,4508778,0,0,0,0,0,0,0
1748636823030,-18750000,4860700,5590158,4838692,0,0,0,0,0,0,0
1748636823130,-18750000,4864365,5681801,5150275,0,0,0,0,0,0,0
1748636823230,-18750000,4864365,5645144,5406873,0,0,0,0,0,0,0
1748636823330,-18750000,4864365,5755113,5791769,0,0,0,0,0,0,0
1748636823430,-18750000,4871696,5736783,6140009,0,0,0,0,0,0,0
1748636823530,-18750000,4893690,5791769,6268308,0,0,0,0,0,0,0
1748636823630,-18750000,4912019,5828426,6341621,0,0,0,0,0,0,0
1748636823730,-18750000,4930347,5883412,6378277,0,0,0,0,0,0,0
1748636823830,-18750000,4952342,5846756,6506576,0,0,0,0,0,0,0
1748636823930,-18750000,4963339,5865086,6488246,0,0,0,0,0,0,0
1748636824030,-18750000,4985332,5901742,6543228,0,0,0,0,0,0,0
1748636824130,-18750000,4978001,5901742,6616541,0,0,0,0,0,0,0
1748636824230,-18750000,4981666,6030040,6653197,0,0,0,0,0,0,0
1748636824330,-18750000,4988998,6085027,6634871,0,0,0,0,0,0,0
1748636824430,-18750000,5003660,6048370,6634871,0,0,0,0,0,0,0
1748636824530,-18750000,5010992,5975058,6524898,0,0,0,0,0,0,0
1748636824630,-18750000,5010992,5938402,6268301,0,0,0,0,0,0,0
1748636824730,-18750000,5010992,5920076,6085016,0,0,0,0,0,0,0
1748636824830,-18750000,4988998,5828433,5810088,0,0,0,0,0,0,0
1748636824930,-18750000,4981667,5901746,5608477,0,0,0,0,0,0,0
1748636825030,-18750000,4974335,5865089,5333553,0,0,0,0,0,0,0
1748636825130,-18750000,4978001,5846759,5003643,0,0,0,0,0,0,0
1748636825230,-18750000,4963339,5773443,4747046,0,0,0,0,0,0,0
1748636825330,-18750000,4937679,5736787,4453788,0,0,0,0,0,0,0
1748636825430,-18750000,4915685,5736787,4142204,0,0,0,0,0,0,0
1748636825530,-18750000,4897357,5791773,4087222,0,0,0,0,0,0,0
1748636825630,-18750000,4890026,5810099,4215521,0,0,0,0,0,0,0
1748636825730,-18750000,4875363,5736783,4343823,0,0,0,0,0,0,0
1748636825830,-18750000,4886360,5736783,4508782,0,0,0,0,0,0,0
1748636825930,-18750000,4882694,5773439,4692067,0,0,0,0,0,0,0
1748636826030,-18750000,4890026,5681797,4893678,0,0,0,0,0,0,0
1748636826130,-18750000,4882694,5681797,5205262,0,0,0,0,0,0,0
1748636826230,-18750000,4882694,5681797,5406877,0,0,0,0,0,0,0
1748636826330,-18750000,4904689,5700127,5700134,0,0,0,0,0,0,0
1748636826430,-18750000,4897358,5736783,6011718,0,0,0,0,0,0,0
1748636826530,-18750000,4897358,5736783,6140017,0,0,0,0,0,0,0
1748636826630,-18750000,4908354,5700127,6249989,0,0,0,0,0,0,0
1748636826730,-18750000,4908354,5828426,6268316,0,0,0,0,0,0,0
1748636826830,-18750000,4904688,5938398,6286642,0,0,0,0,0,0,0
1748636826930,-18750000,4904688,5828429,6304968,0,0,0,0,0,0,0
1748636827030,-18750000,4919351,5865086,6378281,0,0,0,0,0,0,0
1748636827130,-18750000,4926682,5901742,6378281,0,0,0,0,0,0,0
1748636827230,-18750000,4941344,5901742,6433263,0,0,0,0,0,0,0
1748636827330,-18750000,4956007,5920072,6396607,0,0,0,0,0,0,0
1748636827430,-18750000,4956007,5920072,6451593,0,0,0,0,0,0,0
1748636827530,-18750000,4974335,5956724,6451593,0,0,0,0,0,0,0
1748636827630,-18750000,4996329,6011711,6469919,0,0,0,0,0,0,0
1748636827730,-18750000,5014658,6011711,6543232,0,0,0,0,0,0,0
1748636827830,-18750000,5036651,5883412,6634874,0,0,0,0,0,0,0
1748636827930,-18750000,5036651,5883412,6634874,0,0,0,0,0,0,0
1748636828030,-18750000,5032986,5956724,6726520,0,0,0,0,0,0,0
1748636828130,-18750000,5040318,6048367,6689864,0,0,0,0,0,0,0
1748636828230,-18750000,5043984,5993381,6689864,0,0,0,0,0,0,0
1748636828330,-18750000,5036653,5920068,6708190,0,0,0,0,0,0,0
1748636828430,-18750000,5054981,5993381,6708190,0,0,0,0,0,0,0
1748636828530,-18750000,5065979,5956724,6579892,0,0,0,0,0,0,0
1748636828630,-18750000,5073310,5956724,6579892,0,0,0,0,0,0,0
1748636828730,-18750000,5054981,5901738,6396610,0,0,0,0,0,0,0
1748636828830,-18750000,5058647,5883408,6176669,0,0,0,0,0,0,0
1748636828930,-18750000,5076976,5975051,5846759,0,0,0,0,0,0,0
1748636829030,-18750000,5087973,5920064,5315234,0,0,0,0,0,0,0
1748636829130,-18750000,5084307,5920064,5315234,0,0,0,0,0,0,0
1748636829230,-18750000,5080641,5920064,4802039,0,0,0,0,0,0,0
1748636829330,-18750000,5080641,5846748,4802039,0,0,0,0,0,0,0
1748636829430,-18750000,5073310,5791762,4527116,0,0,0,0,0,0,0
1748636829530,-18750000,5062313,5810092,4233862,0,0,0,0,0,0,0
1748636829630,-18750000,5051315,5791766,4325504,0,0,0,0,0,0,0
1748636829730,-18750000,5040318,5791766,4435473,0,0,0,0,0,0,0
1748636829830,-18750000,5047649,5810096,4637088,0,0,0,0,0,0,0
1748636829930,-18750000,5032987,5736783,4893686,0,0,0,0,0,0,0
1748636830030,-18750000,5029321,5755113,5040311,0,0,0,0,0,0,0
1748636830130,-18750000,5018324,5718457,5260252,0,0,0,0,0,0,0
1748636830230,-18750000,5021990,5755117,5553506,0,0,0,0,0,0,0
1748636830330,-18750000,5025656,5791773,5846759,0,0,0,0,0,0,0
1748636830430,-18750000,5043984,5865089,6121683,0,0,0,0,0,0,0
1748636830530,-18750000,5036653,5883419,6359951,0,0,0,0,0,0,0
1748636830630,-18750000,5054981,5865089,6213322,0,0,0,0,0,0,0
1748636830730,-18750000,5062313,5810103,6011711,0,0,0,0,0,0,0
1748636830830,-18750000,5054981,5883416,5755113,0,0,0,0,0,0,0
1748636830930,-18750000,5058647,5975058,5571828,0,0,0,0,0,0,0
1748636831030,-18750000,5036653,6011714,5425203,0,0,0,0,0,0,0
1748636831130,-18750000,5040319,6048371,5186932,0,0,0,0,0,0,0
1748636831230,-18750000,5029322,6085027,4875348,0,0,0,0,0,0,0
1748636831330,-18750000,5029322,6121687,4618751,0,0,0,0,0,0,0
1748636831430,-18750000,5010993,6048370,4398809,0,0,0,0,0,0,0
1748636831530,-18750000,5007328,6048370,4178868,0,0,0,0,0,0,0
1748636831630,-18750000,4978002,6030044,4252181,0,0,0,0,0,0,0
1748636831730,-18750000,4974337,6121687,4435466,0,0,0,0,0,0,0
1748636831830,-18750000,4970671,6011714,4692063,0,0,0,0,0,0,0
1748636831930,-18750000,4963339,5938398,4893674,0,0,0,0,0,0,0
1748636832030,-18750000,4967005,5901742,5076959,0,0,0,0,0,0,0
1748636832130,-18750000,4970670,5883416,5351887,0,0,0,0,0,0,0
1748636832230,-18750000,4985333,5865086,5645141,0,0,0,0,0,0,0
1748636832330,-18750000,4970669,5828426,5901738,0,0,0,0,0,0,0
1748636832430,-18750000,4970669,5755113,6066697,0,0,0,0,0,0,0
1748636832530,-18750000,4988998,5718453,6304968,0,0,0,0,0,0,0
1748636832630,-18750000,4999995,5755109,6396611,0,0,0,0,0,0,0
1748636832730,-18750000,4996329,5755109,6451593,0,0,0,0,0,0,0
1748636832830,-18750000,4988998,5810096,6396607,0,0,0,0,0,0,0
1748636832930,-18750000,5003661,5773439,6414937,0,0,0,0,0,0,0
1748636833030,-18750000,5025656,5791769,6469919,0,0,0,0,0,0,0
1748636833130,-18750000,5014659,5791769,6451589,0,0,0,0,0,0,0
1748636833230,-18750000,5003662,5718457,6396607,0,0,0,0,0,0,0
1748636833330,-18750000,5003662,5755117,6414937,0,0,0,0,0,0,0
1748636833430,-18750000,5029322,5865086,6433263,0,0,0,0,0,0,0
1748636833530,-18750000,5014658,5883416,6359951,0,0,0,0,0,0,0
1748636833630,-18750000,5021990,5865086,6268308,0,0,0,0,0,0,0
1748636833730,-18750000,5029321,5810099,6048367,0,0,0,0,0,0,0
1748636833830,-18750000,5036652,5718457,5846756,0,0,0,0,0,0,0
1748636833930,-18750000,5029320,5828429,5590158,0,0,0,0,0,0,0
1748636834030,-18750000,5032985,5901742,5351891,0,0,0,0,0,0,0
1748636834130,-18750000,5043982,5810099,5095293,0,0,0,0,0,0,0
1748636834230,-18750000,5040317,5846756,4893678,0,0,0,0,0,0,0
1748636834330,-18750000,5051314,5865082,4600424,0,0,0,0,0,0,0
1748636834430,-18750000,5029319,5828426,4343827,0,0,0,0,0,0,0
1748636834530,-18750000,5032985,5865082,4142212,0,0,0,0,0,0,0
1748636834630,-18750000,5010992,5865082,3958927,0,0,0,0,0,0,0
1748636834730,-18750000,5003660,5883412,3867284,0,0,0,0,0,0,0
1748636834830,-18750000,4985332,5975054,3793968,0,0,0,0,0,0,0
1748636834930,-18750000,4967004,5883412,3775638,0,0,0,0,0,0,0
1748636835030,-18750000,4963339,5700127,3720652,0,0,0,0,0,0,0
1748636835130,-18750000,4948676,5755109,3702325,0,0,0,0,0,0,0
1748636835230,-18750000,4930348,5755109,3665669,0,0,0,0,0,0,0
1748636835330,-18750000,4897357,5645141,3629009,0,0,0,0,0,0,0
1748636835430,-18750000,4882694,5681797,3610679,0,0,0,0,0,0,0
1748636835530,-18750000,4871697,5626811,3574023,0,0,0,0,0,0,0
1748636835630,-18750000,4868031,5608484,3720652,0,0,0,0,0,0,0
1748636835730,-18750000,4849703,5645141,3958923,0,0,0,0,0,0,0
1748636835830,-18750000,4846037,5645141,4215524,0,0,0,0,0,0,0
1748636835930,-18750000,4860700,5681797,4453795,0,0,0,0,0,0,0
1748636836030,-18750000,4838705,5810096,4747049,0,0,0,0,0,0,0
1748636836130,-18750000,4835040,5773439,4930331,0,0,0,0,0,0,0
1748636836230,-18750000,4842371,5755109,5168602,0,0,0,0,0,0,0
1748636836330,-18750000,4853369,5773436,5461859,0,0,0,0,0,0,0
1748636836430,-18750000,4860700,5736779,5810099,0,0,0,0,0,0,0
1748636836530,-18750000,4853368,5718453,6140009,0,0,0,0,0,0,0
1748636836630,-18750000,4853368,5663467,6304964,0,0,0,0,0,0,0
1748636836730,-18750000,4860700,5608480,6378277,0,0,0,0,0,0,0
1748636836830,-18750000,4882694,5608480,6451589,0,0,0,0,0,0,0
1748636836930,-18750000,4890026,5608480,6488246,0,0,0,0,0,0,0
1748636837030,-18750000,4890026,5608480,6469919,0,0,0,0,0,0,0
1748636837130,-18750000,4912019,5700123,6579892,0,0,0,0,0,0,0
1748636837230,-18750000,4930348,5681797,6579892,0,0,0,0,0,0,0
1748636837330,-18750000,4941344,5773439,6579892,0,0,0,0,0,0,0
1748636837430,-18750000,4937679,5828425,6524909,0,0,0,0,0,0,0
1748636837530,-18750000,4956008,5791769,6433271,0,0,0,0,0,0,0
1748636837630,-18750000,4963339,5810096,6414944,0,0,0,0,0,0,0
1748636837730,-18750000,4981667,5773439,6396618,0,0,0,0,0,0,0
1748636837830,-18750000,4992664,5791769,6396618,0,0,0,0,0,0,0
1748636837930,-18750000,4999995,5846755,6378288,0,0,0,0,0,0,0
1748636838030,-18750000,5018324,5865085,6378288,0,0,0,0,0,0,0
1748636838130,-18750000,5014658,5846759,6359958,0,0,0,0,0,0,0
1748636838230,-18750000,5010992,5846759,6396614,0,0,0,0,0,0,0
1748636838330,-18750000,5021989,5773447,6396614,0,0,0,0,0,0,0
1748636838430,-18750000,5029320,5773447,6414941,0,0,0,0,0,0,0
1748636838530,-18750000,5036651,5938402,6451597,0,0,0,0,0,0,0
1748636838630,-18750000,5051315,5883419,6469923,0,0,0,0,0,0,0
1748636838730,-18750000,5069643,5920076,6469923,0,0,0,0,0,0,0
1748636838830,-18750000,5065977,5938402,6524909,0,0,0,0,0,0,0
1748636838930,-18750000,5065977,5938402,6469927,0,0,0,0,0,0,0
1748636839030,-18750000,5073308,5791773,6488253,0,0,0,0,0,0,0
1748636839130,-18750000,5084306,5846756,6433271,0,0,0,0,0,0,0
1748636839230,-18750000,5091638,5865082,6451597,0,0,0,0,0,0,0
1748636839330,-18750000,5098969,5920068,6451597,0,0,0,0,0,0,0
1748636839430,-18750000,5128295,5975054,6469927,0,0,0,0,0,0,0
1748636839530,-18750000,5153954,5865082,6488253,0,0,0,0,0,0,0
1748636839630,-18750000,5153954,6011707,6304968,0,0,0,0,0,0,0
1748636839730,-18750000,5150289,6066693,6158339,0,0,0,0,0,0,0
1748636839830,-18750000,5142958,5975051,5901738,0,0,0,0,0,0,0
1748636839930,-18750000,5124629,5956721,5755109,0,0,0,0,0,0,0
1748636840030,-18750000,5106301,6030033,5516842,0,0,0,0,0,0,0
1748636840130,-18750000,5102636,6030033,5333557,0,0,0,0,0,0,0
1748636840230,-18750000,5109967,6085019,5095289,0,0,0,0,0,0,0
1748636840330,-18750000,5098970,6048359,4857018,0,0,0,0,0,0,0
1748636840430,-18750000,5084306,5938387,4582091,0,0,0,0,0,0,0
1748636840530,-18750000,5040318,5920061,4362149,0,0,0,0,0,0,0
1748636840630,-18750000,5036652,5828418,4252181,0,0,0,0,0,0,0
1748636840730,-18750000,5036652,5828418,4252181,0,0,0,0,0,0,0
1748636840830,-18750000,5036652,5828418,4252181,0,0,0,0,0,0,0
1748636840930,-18750000,5036652,5828418,4252181,0,0,0,0,0,0,0
1748636841030,-18750000,5036652,5828418,4252181,0,0,0,0,0,0,0
1748636841130,-18750000,5036652,5828418,4252181,0,0,0,0,0,0,0
1748636841230,-18750000,5036652,5828418,4252181,0,0,0,0,0,0,0
1748636841330,-18750000,5036652,5828418,4252181,0,0,0,0,0,0,0
1748636841430,-18750000,5036652,5828418,4252181,0,0,0,0,0,0,0
1748636841530,-18750000,5036652,5828418,4252181,0,0,0,0,0,0,0
1748636841630,-18750000,5036652,5828418,4252181,0,0,0,0,0,0,0
1748636841730,-18750000,5003661,5791762,4215524,0,0,0,0,0,0,0
1748636841830,-18750000,4970670,5791762,4197198,0,0,0,0,0,0,0
1748636841930,-18750000,4967005,5791762,4270511,0,0,0,0,0,0,0
1748636842030,-18750000,4952342,5791762,4380479,0,0,0,0,0,0,0
1748636842130,-18750000,4930348,5718449,4527104,0,0,0,0,0,0,0
1748636842230,-18750000,4901022,5681793,4673729,0,0,0,0,0,0,0
1748636842330,-18750000,4871697,5736779,4765372,0,0,0,0,0,0,0
1748636842430,-18750000,4842372,5736779,4857014,0,0,0,0,0,0,0
1748636842530,-18750000,4846038,5681793,4966987,0,0,0,0,0,0,0
1748636842630,-18750000,4820378,5681793,5113616,0,0,0,0,0,0,0
1748636842730,-18750000,4813046,5663463,5223584,0,0,0,0,0,0,0
1748636842830,-18750000,4827709,5608481,5296897,0,0,0,0,0,0,0
1748636842930,-18750000,4809380,5516838,5315227,0,0,0,0,0,0,0
1748636843030,-18750000,4816712,5553498,5241914,0,0,0,0,0,0,0
1748636843130,-18750000,4827709,5461856,5205258,0,0,0,0,0,0,0
1748636843230,-18750000,4824044,5498512,5205258,0,0,0,0,0,0,0
1748636843330,-18750000,4835041,5498512,5223588,0,0,0,0,0,0,0
1748636843430,-18750000,4820378,5571828,5260244,0,0,0,0,0,0,0
1748636843530,-18750000,4813046,5663471,5241914,0,0,0,0,0,0,0
