1748637827367,0,0,0,0,0,0,0,0,0,0,5437987
1748637827467,0,0,0,0,0,0,0,0,0,0,0
1748637827567,0,0,0,0,0,0,0,0,0,0,0
1748637827667,0,0,0,0,0,0,0,0,0,0,0
1748637827767,0,0,0,0,0,0,0,0,0,0,0
1748637827867,0,0,0,0,0,0,0,0,0,0,0
1748637827967,0,0,0,0,0,0,0,0,0,0,0
1748637828067,0,0,0,0,0,0,0,0,0,0,0
1748637828167,0,0,0,0,0,0,0,0,0,0,0
1748637828267,0,0,0,0,0,0,0,0,0,0,0
1748637828367,0,0,0,0,0,0,0,0,0,0,0
1748637828467,-3750000,-148827,-10998,-10998,0,0,0,0,0,0,0
1748637828567,-5625000,-223241,20156,-34826,0,0,0,0,0,0,0
1748637828667,-7500000,-290323,87971,-21997,0,0,0,0,0,0,0
1748637828767,-9375000,-364736,100799,-45825,0,0,0,0,0,0,0
1748637828867,-11250000,-446482,113628,-51326,0,0,0,0,0,0,0
1748637828967,-13125000,-528227,89801,16488,0,0,0,0,0,0,0
1748637829067,-15000000,-606307,139286,10987,0,0,0,0,0,0,0
1748637829167,-16875000,-695384,170441,5486,0,0,0,0,0,0,0
1748637829267,-18750000,-766132,91627,36641,0,0,0,0,0,0,0
1748637829367,-18750000,-780795,109953,-18344,0,0,0,0,0,0,0
1748637829467,-18750000,-773463,109953,54967,0,0,0,0,0,0,0
1748637829567,-18750000,-784460,36641,54967,0,0,0,0,0,0,0
1748637829667,-18750000,-784460,73297,36637,0,0,0,0,0,0,0
1748637829767,-18750000,-788126,-18345,-22,0,0,0,0,0,0,0
1748637829867,-18750000,-791792,-18,54963,0,0,0,0,0,0,0
1748637829967,-18750000,-791792,54963,-22,0,0,0,0,0,0,0
1748637830067,-18750000,-799123,-18348,-55008,0,0,0,0,0,0,0
1748637830167,-18750000,-777128,-18348,-73335,0,0,0,0,0,0,0
1748637830267,-18750000,-791791,36637,-73335,0,0,0,0,0,0,0
1748637830367,-18750000,-802787,54967,-36678,0,0,0,0,0,0,0
1748637830467,-18750000,-788125,54967,-73335,0,0,0,0,0,0,0
1748637830567,-18750000,-784460,146610,-109995,0,0,0,0,0,0,0
1748637830667,-18750000,-780794,18311,-128321,0,0,0,0,0,0,0
1748637830767,-18750000,-788126,91623,-36678,0,0,0,0,0,0,0
1748637830867,-18750000,-766132,36641,-109991,0,0,0,0,0,0,0
1748637830967,-18750000,-773463,-18341,-128321,0,0,0,0,0,0,0
1748637831067,-18750000,-758801,18315,-55005,0,0,0,0,0,0,0
1748637831167,-18750000,-758801,18315,-22,0,0,0,0,0,0,0
1748637831267,-18750000,-755135,54971,-55005,0,0,0,0,0,0,0
1748637831367,-18750000,-747804,-15,-73331,0,0,0,0,0,0,0
1748637831467,-18750000,-762467,18311,-55005,0,0,0,0,0,0,0
1748637831567,-18750000,-758801,-55001,-18,0,0,0,0,0,0,0
1748637831667,-18750000,-780794,18311,18307,0,0,0,0,0,0,0
1748637831767,-18750000,-762466,73297,-73334,0,0,0,0,0,0,0
1748637831867,-18750000,-780794,128280,-73334,0,0,0,0,0,0,0
1748637831967,-18750000,-777128,238248,-91661,0,0,0,0,0,0,0
1748637832067,-18750000,-791791,219918,-91661,0,0,0,0,0,0,0
1748637832167,-18750000,-791791,183262,-91661,0,0,0,0,0,0,0
1748637832267,-18750000,-802787,238248,-18348,0,0,0,0,0,0,0
1748637832367,-18750000,-799122,238248,-36678,0,0,0,0,0,0,0
1748637832467,-18750000,-813785,274905,-91661,0,0,0,0,0,0,0
1748637832567,-18750000,-802788,201588,-91661,0,0,0,0,0,0,0
1748637832667,-18750000,-795457,128276,-55005,0,0,0,0,0,0,0
1748637832767,-18750000,-813785,18303,-18,0,0,0,0,0,0,0
1748637832867,-18750000,-791791,18303,18307,0,0,0,0,0,0,0
1748637832967,-18750000,-791791,-18352,73290,0,0,0,0,0,0,0
1748637833067,-18750000,-799122,-22,36633,0,0,0,0,0,0,0
1748637833167,-18750000,-821117,-18348,18307,0,0,0,0,0,0,0
1748637833267,-18750000,-806454,-55008,-55004,0,0,0,0,0,0,0
1748637833367,-18750000,-791791,-73335,-18348,0,0,0,0,0,0,0
1748637833467,-18750000,-784460,-128317,36633,0,0,0,0,0,0,0
1748637833567,-18750000,-806454,-55001,36633,0,0,0,0,0,0,0
1748637833667,-18750000,-802788,-91661,36633,0,0,0,0,0,0,0
1748637833767,-18750000,-788126,-55001,-18352,0,0,0,0,0,0,0
1748637833867,-18750000,-813785,-55001,-36678,0,0,0,0,0,0,0
1748637833967,-18750000,-802788,-201630,-128321,0,0,0,0,0,0,0
1748637834067,-18750000,-773463,-128317,-73338,0,0,0,0,0,0,0
1748637834167,-18750000,-762466,-128317,-109994,0,0,0,0,0,0,0
1748637834267,-18750000,-762466,-146643,-91668,0,0,0,0,0,0,0
1748637834367,-18750000,-773463,-201630,-109994,0,0,0,0,0,0,0
1748637834467,-18750000,-777128,-128317,-128321,0,0,0,0,0,0,0
1748637834567,-18750000,-788126,-183303,-146647,0,0,0,0,0,0,0
1748637834667,-18750000,-777129,-91661,-201630,0,0,0,0,0,0,0
1748637834767,-18750000,-791792,-36678,-128313,0,0,0,0,0,0,0
1748637834867,-18750000,-784460,-91661,-128313,0,0,0,0,0,0,0
1748637834967,-18750000,-784460,-18,-54997,0,0,0,0,0,0,0
1748637835067,-18750000,-810120,-109987,-91653,0,0,0,0,0,0,0
1748637835167,-18750000,-802789,-55004,-54997,0,0,0,0,0,0,0
1748637835267,-18750000,-813786,-109991,-54997,0,0,0,0,0,0,0
1748637835367,-18750000,-810120,-91664,-91657,0,0,0,0,0,0,0
1748637835467,-18750000,-810120,-109994,-164973,0,0,0,0,0,0,0
1748637835567,-18750000,-788126,-128324,-201633,0,0,0,0,0,0,0
1748637835667,-18750000,-791791,-219967,-183307,0,0,0,0,0,0,0
1748637835767,-18750000,-780794,-219967,-219963,0,0,0,0,0,0,0
1748637835867,-18750000,-791791,-201641,-219963,0,0,0,0,0,0,0
1748637835967,-18750000,-791791,-146654,-256619,0,0,0,0,0,0,0
1748637836067,-18750000,-777128,-164984,-256619,0,0,0,0,0,0,0
1748637836167,-18750000,-788125,-109998,-293276,0,0,0,0,0,0,0
1748637836267,-18750000,-784459,-91668,-293276,0,0,0,0,0,0,0
1748637836367,-18750000,-777128,-91668,-256616,0,0,0,0,0,0,0
1748637836467,-18750000,-758799,-91668,-146643,0,0,0,0,0,0,0
1748637836567,-18750000,-773462,36630,-91657,0,0,0,0,0,0,0
1748637836667,-18750000,-777128,109946,-91657,0,0,0,0,0,0,0
1748637836767,-18750000,-791791,54963,-91657,0,0,0,0,0,0,0
1748637836867,-18750000,-780794,91619,-91657,0,0,0,0,0,0,0
1748637836967,-18750000,-795457,-22,-91657,0,0,0,0,0,0,0
1748637837067,-18750000,-791791,-18352,-146643,0,0,0,0,0,0,0
1748637837167,-18750000,-795457,-91665,-146643,0,0,0,0,0,0,0
1748637837267,-18750000,-773463,-146651,-91657,0,0,0,0,0,0,0
1748637837367,-18750000,-784460,-219963,-55001,0,0,0,0,0,0,0
1748637837467,-18750000,-799124,-274946,-183299,0,0,0,0,0,0,0
1748637837567,-18750000,-780795,-256616,-128313,0,0,0,0,0,0,0
1748637837667,-18750000,-788126,-238290,-146640,0,0,0,0,0,0,0
1748637837767,-18750000,-788126,-274950,-164970,0,0,0,0,0,0,0
1748637837867,-18750000,-799124,-366592,-128313,0,0,0,0,0,0,0
1748637837967,-18750000,-780795,-403248,-91657,0,0,0,0,0,0,0
1748637838067,-18750000,-791792,-311606,-36671,0,0,0,0,0,0,0
1748637838167,-18750000,-795458,-274949,-18345,0,0,0,0,0,0,0
1748637838267,-18750000,-788127,-201637,-73331,0,0,0,0,0,0,0
1748637838367,-18750000,-788127,-18352,-91661,0,0,0,0,0,0,0
1748637838467,-18750000,-795458,-26,-18,0,0,0,0,0,0,0
1748637838567,-18750000,-802790,-18356,-55004,0,0,0,0,0,0,0
1748637838667,-18750000,-817453,-73338,-91664,0,0,0,0,0,0,0
1748637838767,-18750000,-802790,-18352,-73334,0,0,0,0,0,0,0
1748637838867,-18750000,-780795,54963,-73334,0,0,0,0,0,0,0
1748637838967,-18750000,-788126,164932,-109991,0,0,0,0,0,0,0
1748637839067,-18750000,-788126,91620,-128317,0,0,0,0,0,0,0
1748637839167,-18750000,-777129,91620,-128317,0,0,0,0,0,0,0
1748637839267,-18750000,-810120,18307,-128317,0,0,0,0,0,0,0
1748637839367,-18750000,-799123,36637,-146643,0,0,0,0,0,0,0
1748637839467,-18750000,-784460,36637,-183299,0,0,0,0,0,0,0
1748637839567,-18750000,-777128,36637,-238286,0,0,0,0,0,0,0
1748637839667,-18750000,-777128,91620,-164970,0,0,0,0,0,0,0
1748637839767,-18750000,-777128,128276,-146643,0,0,0,0,0,0,0
1748637839867,-18750000,-773462,164932,-164973,0,0,0,0,0,0,0
1748637839967,-18750000,-784460,109950,-91661,0,0,0,0,0,0,0
1748637840067,-18750000,-769796,128280,-109991,0,0,0,0,0,0,0
1748637840167,-18750000,-791791,54967,-183303,0,0,0,0,0,0,0
1748637840267,-18750000,-780794,73293,-238289,0,0,0,0,0,0,0
1748637840367,-18750000,-795457,54963,-219963,0,0,0,0,0,0,0
1748637840467,-18750000,-810120,54963,-183307,0,0,0,0,0,0,0
1748637840567,-18750000,-824783,18307,-109991,0,0,0,0,0,0,0
1748637840667,-18750000,-817452,-18348,-164977,0,0,0,0,0,0,0
1748637840767,-18750000,-824784,-73331,-183303,0,0,0,0,0,0,0
1748637840867,-18750000,-850444,-109987,-183303,0,0,0,0,0,0,0
1748637840967,-18750000,-839447,-18344,-201633,0,0,0,0,0,0,0
1748637841067,-18750000,-835781,-18,-201633,0,0,0,0,0,0,0
1748637841167,-18750000,-828449,109950,-128321,0,0,0,0,0,0,0
1748637841267,-18750000,-832115,146610,-18348,0,0,0,0,0,0,0
1748637841367,-18750000,-832115,-18,-36675,0,0,0,0,0,0,0
1748637841467,-18750000,-821118,36637,-18348,0,0,0,0,0,0,0
1748637841567,-18750000,-817452,18311,-109991,0,0,0,0,0,0,0
1748637841667,-18750000,-813787,54967,-55004,0,0,0,0,0,0,0
1748637841767,-18750000,-821118,109950,-18348,0,0,0,0,0,0,0
1748637841867,-18750000,-813787,73293,-36675,0,0,0,0,0,0,0
1748637841967,-18750000,-810121,-55008,-73331,0,0,0,0,0,0,0
1748637842067,-18750000,-824783,-91665,-73331,0,0,0,0,0,0,0
1748637842167,-18750000,-824783,-91665,-73331,0,0,0,0,0,0,0
1748637842267,-18750000,-824783,-91665,-73331,0,0,0,0,0,0,0
1748637842367,-18750000,-824783,-91665,-73331,0,0,0,0,0,0,0
1748637842467,-18750000,-824783,-91665,-73331,0,0,0,0,0,0,0
1748637842567,-18750000,-824783,-91665,-73331,0,0,0,0,0,0,0
1748637842667,-18750000,-824783,-91665,-73331,0,0,0,0,0,0,0
1748637842767,-18750000,-824783,-91665,-73331,0,0,0,0,0,0,0
1748637842867,-18750000,-824783,-91665,-73331,0,0,0,0,0,0,0
1748637842967,-18750000,-824783,-91665,-73331,0,0,0,0,0,0,0
1748637843067,-18750000,-824783,-91665,-73331,0,0,0,0,0,0,0
1748637843167,-18750000,-824783,-109991,-146647,0,0,0,0,0,0,0
1748637843267,-18750000,-817451,54967,-128321,0,0,0,0,0,0,0
1748637843367,-18750000,-828449,-15,-183303,0,0,0,0,0,0,0
1748637843467,-18750000,-821117,-15,-128317,0,0,0,0,0,0,0
1748637843567,-18750000,-813785,18315,-164973,0,0,0,0,0,0,0
1748637843667,-18750000,-824783,-18341,-219959,0,0,0,0,0,0,0
1748637843767,-18750000,-824783,-14,-238289,0,0,0,0,0,0,0
1748637843867,-18750000,-824783,-18341,-311602,0,0,0,0,0,0,0
1748637843967,-18750000,-821117,-11,-293272,0,0,0,0,0,0,0
1748637844067,-18750000,-810120,-109983,-293272,0,0,0,0,0,0,0
1748637844167,-18750000,-806454,-109983,-256612,0,0,0,0,0,0,0
1748637844267,-18750000,-806454,-128313,-256612,0,0,0,0,0,0,0
1748637844367,-18750000,-795457,-14,-256612,0,0,0,0,0,0,0
1748637844467,-18750000,-795457,54967,-238286,0,0,0,0,0,0,0
1748637844567,-18750000,-810120,-18344,-238286,0,0,0,0,0,0,0
1748637844667,-18750000,-784460,-55001,-219956,0,0,0,0,0,0,0
1748637844767,-18750000,-766131,-109987,-219956,0,0,0,0,0,0,0
1748637844867,-18750000,-773463,-18345,-146643,0,0,0,0,0,0,0
1748637844967,-18750000,-791792,54967,-164973,0,0,0,0,0,0,0
1748637845067,-18750000,-773463,128279,-256616,0,0,0,0,0,0,0
1748637845167,-18750000,-784460,201592,-256616,0,0,0,0,0,0,0
1748637845267,-18750000,-788126,91619,-256616,0,0,0,0,0,0,0
1748637845367,-18750000,-810121,-18352,-256616,0,0,0,0,0,0,0
1748637845467,-18750000,-799124,-146651,-311602,0,0,0,0,0,0,0
1748637845567,-18750000,-795458,-91668,-146647,0,0,0,0,0,0,0
1748637845667,-18750000,-780795,-26,164936,0,0,0,0,0,0,0
1748637845767,-18750000,-762467,128276,623148,0,0,0,0,0,0,0
1748637845867,-18750000,-711146,128276,1246316,0,0,0,0,0,0,0
1748637845967,-18750000,-623170,91620,2052768,0,0,0,0,0,0,0
1748637846067,-18750000,-527862,183262,2969193,0,0,0,0,0,0,0
1748637846167,-18750000,-377569,274905,3922271,0,0,0,0,0,0,0
1748637846267,-18750000,-219944,458190,4948664,0,0,0,0,0,0,0
1748637846367,-18750000,-14666,678131,5975054,0,0,0,0,0,0,0
1748637846467,-18750000,197943,971388,7111421,0,0,0,0,0,0,0
1748637846567,-18750000,447210,1209659,8046172,0,0,0,0,0,0,0
1748637846667,-18750000,703808,1447931,8889281,0,0,0,0,0,0,0
1748637846767,-18750000,960407,1741184,9567431,0,0,0,0,0,0,0
1748637846867,-18750000,1228001,2016112,10098956,0,0,0,0,0,0,0
1748637846967,-18750000,1491931,2346022,10502182,0,0,0,0,0,0,0
1748637847067,-18750000,1719204,2565963,10795436,0,0,0,0,0,0,0
1748637847167,-18750000,1935480,2804234,10997051,0,0,0,0,0,0,0
1748637847267,-18750000,2159087,3097492,11088693,0,0,0,0,0,0,0
1748637847367,-18750000,2379029,3299107,11180336,0,0,0,0,0,0,0
1748637847467,-18750000,2576975,3555704,11216992,0,0,0,0,0,0,0
1748637847567,-18750000,2760260,3757315,11290304,0,0,0,0,0,0,0
1748637847667,-18750000,2939879,3903940,11235318,0,0,0,0,0,0,0
1748637847767,-18750000,3119498,4013909,11235318,0,0,0,0,0,0,0
1748637847867,-18750000,3255128,4233851,11125349,0,0,0,0,0,0,0
1748637847967,-18750000,3401756,4325493,11070363,0,0,0,0,0,0,0
1748637848067,-18750000,3552049,4472122,10978721,0,0,0,0,0,0,0
1748637848167,-18750000,3720670,4545434,10942061,0,0,0,0,0,0,0
1748637848267,-18750000,3848969,4655403,10887074,0,0,0,0,0,0,0
1748637848367,-18750000,3951609,4802028,10868748,0,0,0,0,0,0,0
1748637848467,-18750000,4057914,4930327,10832092,0,0,0,0,0,0,0
1748637848567,-18750000,4178881,5021969,10758779,0,0,0,0,0,0,0
1748637848667,-18750000,4270523,5168598,10795436,0,0,0,0,0,0,0
1748637848767,-18750000,4358500,5260241,10722123,0,0,0,0,0,0,0
1748637848867,-18750000,4475802,5333553,10740449,0,0,0,0,0,0,0
1748637848967,-18750000,4560113,5443526,10667137,0,0,0,0,0,0,0
1748637849067,-18750000,4655421,5553498,10685467,0,0,0,0,0,0,0
1748637849167,-18750000,4717738,5736783,10630484,0,0,0,0,0,0,0
1748637849267,-18750000,4791052,5828426,10667141,0,0,0,0,0,0,0
1748637849367,-18750000,4882694,5920068,10648811,0,0,0,0,0,0,0
1748637849467,-18750000,4956008,5993381,10630481,0,0,0,0,0,0,0
1748637849567,-18750000,5014659,6085023,10612151,0,0,0,0,0,0,0
1748637849667,-18750000,5080642,6011711,10557164,0,0,0,0,0,0,0
1748637849767,-18750000,5139293,6103353,10575494,0,0,0,0,0,0,0
1748637849867,-18750000,5190612,6158339,10557168,0,0,0,0,0,0,0
1748637849967,-18750000,5238266,6231652,10612151,0,0,0,0,0,0,0
1748637850067,-18750000,5271257,6341621,10538834,0,0,0,0,0,0,0
1748637850167,-18750000,5322576,6378277,10502174,0,0,0,0,0,0,0
1748637850267,-18750000,5373896,6469919,10465518,0,0,0,0,0,0,0
1748637850367,-18750000,5428881,6488249,10428862,0,0,0,0,0,0,0
1748637850467,-18750000,5461872,6488249,10373876,0,0,0,0,0,0,0
1748637850567,-18750000,5498528,6561566,10337219,0,0,0,0,0,0,0
1748637850667,-18750000,5531519,6634878,10227251,0,0,0,0,0,0,0
1748637850767,-18750000,5557179,6634878,9824024,0,0,0,0,0,0,0
1748637850867,-18750000,5590170,6579892,9292499,0,0,0,0,0,0,0
1748637850967,-18750000,5623162,6543236,8577693,0,0,0,0,0,0,0
1748637851067,-18750000,5634159,6488249,7881213,0,0,0,0,0,0,0
1748637851167,-18750000,5637824,6469919,7258049,0,0,0,0,0,0,0
1748637851267,-18750000,5641490,6451589,6891479,0,0,0,0,0,0,0
1748637851367,-18750000,5604833,6414933,6598226,0,0,0,0,0,0,0
1748637851467,-18750000,5615830,6359951,6378284,0,0,0,0,0,0,0
1748637851567,-18750000,5608499,6231652,6194999,0,0,0,0,0,0,0
1748637851667,-18750000,5604833,6304964,6103357,0,0,0,0,0,0,0
1748637851767,-18750000,5604833,6304964,6048371,0,0,0,0,0,0,0
1748637851867,-18750000,5586505,6359951,6011711,0,0,0,0,0,0,0
1748637851967,-18750000,5568176,6414937,5993381,0,0,0,0,0,0,0
1748637852067,-18750000,5564510,6359954,5956724,0,0,0,0,0,0,0
1748637852167,-18750000,5549848,6359954,5938394,0,0,0,0,0,0,0
1748637852267,-18750000,5531519,6304972,5828426,0,0,0,0,0,0,0
1748637852367,-18750000,5542516,6359954,5846752,0,0,0,0,0,0,0
1748637852467,-18750000,5505859,6433267,5846752,0,0,0,0,0,0,0
1748637852567,-18750000,5487531,6469923,5828426,0,0,0,0,0,0,0
1748637852667,-18750000,5472868,6414941,5828426,0,0,0,0,0,0,0
1748637852767,-18750000,5454540,6359958,6176666,0,0,0,0,0,0,0
1748637852867,-18750000,5461871,6359958,6653208,0,0,0,0,0,0,0
1748637852967,-18750000,5472868,6341628,7239719,0,0,0,0,0,0,0
1748637853067,-18750000,5476534,6341628,7899543,0,0,0,0,0,0,0
1748637853167,-18750000,5483865,6414944,8559367,0,0,0,0,0,0,0
1748637853267,-18750000,5505859,6469927,8980919,0,0,0,0,0,0,0
1748637853367,-18750000,5516856,6469927,9182534,0,0,0,0,0,0,0
1748637853467,-18750000,5560844,6451597,9402476,0,0,0,0,0,0,0
1748637853567,-18750000,5601167,6433267,9604087,0,0,0,0,0,0,0
1748637853667,-18750000,5615830,6506579,9677400,0,0,0,0,0,0,0
1748637853767,-18750000,5634158,6524905,9384146,0,0,0,0,0,0,0
1748637853867,-18750000,5634158,6543232,8925933,0,0,0,0,0,0,0
1748637853967,-18750000,5623162,6579888,8376078,0,0,0,0,0,0,0
1748637854067,-18750000,5623162,6506572,7789567,0,0,0,0,0,0,0
1748637854167,-18750000,5619496,6414929,7184729,0,0,0,0,0,0,0
1748637854267,-18750000,5604834,6378273,6799833,0,0,0,0,0,0,0
1748637854367,-18750000,5590171,6323291,6579892,0,0,0,0,0,0,0
1748637854467,-18750000,5579173,6231648,6359951,0,0,0,0,0,0,0
1748637854567,-18750000,5582839,6268304,6194996,0,0,0,0,0,0,0
1748637854667,-18750000,5586505,6176662,6048367,0,0,0,0,0,0,0
1748637854767,-18750000,5604833,6140006,5938394,0,0,0,0,0,0,0
1748637854867,-18750000,5608499,6194992,5938394,0,0,0,0,0,0,0
1748637854967,-18750000,5615830,6213322,5920068,0,0,0,0,0,0,0
1748637855067,-18750000,5626828,6323294,5865085,0,0,0,0,0,0,0
1748637855167,-18750000,5626828,6359951,5700127,0,0,0,0,0,0,0
1748637855267,-18750000,5626828,6341624,5351887,0,0,0,0,0,0,0
1748637855367,-18750000,5623162,6268308,4765375,0,0,0,0,0,0,0
1748637855467,-18750000,5593837,6304968,4142208,0,0,0,0,0,0,0
1748637855567,-18750000,5557180,6323298,3427398,0,0,0,0,0,0,0
1748637855667,-18750000,5531521,6359954,2895873,0,0,0,0,0,0,0
1748637855767,-18750000,5487533,6359954,2914203,0,0,0,0,0,0,0
1748637855867,-18750000,5454542,6194999,3060832,0,0,0,0,0,0,0
1748637855967,-18750000,5443544,6140013,3409072,0,0,0,0,0,0,0
1748637856067,-18750000,5425216,6066697,3922267,0,0,0,0,0,0,0
1748637856167,-18750000,5414219,5956724,4490452,0,0,0,0,0,0,0
1748637856267,-18750000,5414219,5956724,5058633,0,0,0,0,0,0,0
1748637856367,-18750000,5421550,5975054,5810099,0,0,0,0,0,0,0
1748637856467,-18750000,5439878,6048367,6561569,0,0,0,0,0,0,0
1748637856567,-18750000,5432547,5993381,7313035,0,0,0,0,0,0,0
1748637856667,-18750000,5439878,6030037,8009519,0,0,0,0,0,0,0
1748637856767,-18750000,5450875,6140006,8376089,0,0,0,0,0,0,0
1748637856867,-18750000,5480200,6249974,8742655,0,0,0,0,0,0,0
1748637856967,-18750000,5487532,6286631,8925940,0,0,0,0,0,0,0
1748637857067,-18750000,5520523,6378273,9090895,0,0,0,0,0,0,0
1748637857167,-18750000,5542516,6433259,9145878,0,0,0,0,0,0,0
1748637857267,-18750000,5560845,6433259,8907610,0,0,0,0,0,0,0
1748637857367,-18750000,5575507,6579888,8522714,0,0,0,0,0,0,0
1748637857467,-18750000,5579173,6598214,7972859,0,0,0,0,0,0,0
1748637857567,-18750000,5593836,6634871,7404678,0,0,0,0,0,0,0
1748637857667,-18750000,5597502,6634871,6726524,0,0,0,0,0,0,0
1748637857767,-18750000,5593836,6616544,6066697,0,0,0,0,0,0,0
1748637857867,-18750000,5571842,6598218,5260248,0,0,0,0,0,0,0
1748637857967,-18750000,5564511,6524906,4508778,0,0,0,0,0,0,0
1748637858067,-18750000,5520523,6524906,3683999,0,0,0,0,0,0,0
1748637858167,-18750000,5491198,6598218,3060832,0,0,0,0,0,0,0
1748637858267,-18750000,5465538,6543232,3005845,0,0,0,0,0,0,0
1748637858367,-18750000,5439878,6414933,3097488,0,0,0,0,0,0,0
1748637858467,-18750000,5443544,6378277,3482384,0,0,0,0,0,0,0
1748637858567,-18750000,5425216,6359951,3977253,0,0,0,0,0,0,0
1748637858667,-18750000,5421550,6359951,4582090,0,0,0,0,0,0,0
1748637858767,-18750000,5425216,6286638,5241918,0,0,0,0,0,0,0
1748637858867,-18750000,5428881,6341621,5920068,0,0,0,0,0,0,0
1748637858967,-18750000,5439878,6396607,6689864,0,0,0,0,0,0,0
1748637859067,-18750000,5476535,6451593,7496317,0,0,0,0,0,0,0
1748637859167,-18750000,5498529,6433267,8064502,0,0,0,0,0,0,0
1748637859267,-18750000,5527855,6543236,8119488,0,0,0,0,0,0,0
1748637859367,-18750000,5542518,6598218,8009516,0,0,0,0,0,0,0
1748637859467,-18750000,5527855,6506576,7661276,0,0,0,0,0,0,0
1748637859567,-18750000,5538851,6561558,7148077,0,0,0,0,0,0,0
1748637859667,-18750000,5535185,6543232,6616552,0,0,0,0,0,0,0
1748637859767,-18750000,5531519,6653200,6359951,0,0,0,0,0,0,0
1748637859867,-18750000,5535185,6561562,6140009,0,0,0,0,0,0,0
1748637859967,-18750000,5531519,6616544,5975054,0,0,0,0,0,0,0
1748637860067,-18750000,5509525,6561558,5846756,0,0,0,0,0,0,0
1748637860167,-18750000,5509525,6598214,5901738,0,0,0,0,0,0,0
1748637860267,-18750000,5494861,6543232,6158336,0,0,0,0,0,0,0
1748637860367,-18750000,5494861,6506575,6579892,0,0,0,0,0,0,0
1748637860467,-18750000,5505859,6561562,7074761,0,0,0,0,0,0,0
1748637860567,-18750000,5524187,6506579,7697928,0,0,0,0,0,0,0
1748637860667,-18750000,5542516,6543235,8211127,0,0,0,0,0,0,0
1748637860767,-18750000,5560844,6506579,8156144,0,0,0,0,0,0,0
1748637860867,-18750000,5564510,6579892,8009519,0,0,0,0,0,0,0
1748637860967,-18750000,5564510,6524909,7551307,0,0,0,0,0,0,0
1748637861067,-18750000,5582839,6524909,7038108,0,0,0,0,0,0,0
1748637861167,-18750000,5571841,6396611,6396614,0,0,0,0,0,0,0
1748637861267,-18750000,5568176,6414937,5755117,0,0,0,0,0,0,0
1748637861367,-18750000,5557179,6414937,5040307,0,0,0,0,0,0,0
1748637861467,-18750000,5542516,6451593,4343827,0,0,0,0,0,0,0
1748637861567,-18750000,5527854,6396607,3555704,0,0,0,0,0,0,0
1748637861667,-18750000,5527854,6451593,2950863,0,0,0,0,0,0,0
1748637861767,-18750000,5476534,6359951,2950863,0,0,0,0,0,0,0
1748637861867,-18750000,5465537,6286638,3079162,0,0,0,0,0,0,0
1748637861967,-18750000,5439877,6286638,3500718,0,0,0,0,0,0,0
1748637862067,-18750000,5414218,6268312,3940601,0,0,0,0,0,0,0
1748637862167,-18750000,5414218,6341624,4563768,0,0,0,0,0,0,0
1748637862267,-18750000,5417883,6323298,5223592,0,0,0,0,0,0,0
1748637862367,-18750000,5417883,6323298,5828429,0,0,0,0,0,0,0
1748637862467,-18750000,5439877,6304972,6506579,0,0,0,0,0,0,0
1748637862567,-18750000,5439877,6433270,7276375,0,0,0,0,0,0,0
1748637862667,-18750000,5450874,6433270,7881217,0,0,0,0,0,0,0
1748637862767,-18750000,5483866,6359958,7862887,0,0,0,0,0,0,0
1748637862867,-18750000,5483866,6359958,7697928,0,0,0,0,0,0,0
1748637862967,-18750000,5509526,6396614,7313028,0,0,0,0,0,0,0
1748637863067,-18750000,5509526,6396614,6836489,0,0,0,0,0,0,0
1748637863167,-18750000,5516857,6396614,6341620,0,0,0,0,0,0,0
1748637863267,-18750000,5509525,6378288,6103353,0,0,0,0,0,0,0
1748637863367,-18750000,5516857,6378288,6103353,0,0,0,0,0,0,0
1748637863467,-18750000,5509526,6433270,5938398,0,0,0,0,0,0,0
1748637863567,-18750000,5505861,6433270,5828425,0,0,0,0,0,0,0
1748637863667,-18750000,5502195,6323302,5700127,0,0,0,0,0,0,0
1748637863767,-18750000,5498529,6433270,5681797,0,0,0,0,0,0,0
1748637863867,-18750000,5502195,6414940,5681797,0,0,0,0,0,0,0
1748637863967,-18750000,5491198,6433267,5663470,0,0,0,0,0,0,0
1748637864067,-18750000,5494864,6433267,5663470,0,0,0,0,0,0,0
1748637864167,-18750000,5505861,6451593,5425199,0,0,0,0,0,0,0
1748637864267,-18750000,5505861,6414937,5425199,0,0,0,0,0,0,0
1748637864367,-18750000,5483867,6433263,4985317,0,0,0,0,0,0,0
1748637864467,-18750000,5472869,6451593,3867280,0,0,0,0,0,0,0
1748637864567,-18750000,5443544,6323294,3867280,0,0,0,0,0,0,0
1748637864667,-18750000,5417884,6359951,2639275,0,0,0,0,0,0,0
1748637864767,-18750000,5399555,6304964,2639275,0,0,0,0,0,0,0
1748637864867,-18750000,5366564,6231652,2639275,0,0,0,0,0,0,0
1748637864967,-18750000,5355567,6249982,2840887,0,0,0,0,0,0,0
1748637865067,-18750000,5333573,6286638,3152471,0,0,0,0,0,0,0
1748637865167,-18750000,5311579,6304968,3738982,0,0,0,0,0,0,0
1748637865267,-18750000,5304248,6323294,4362149,0,0,0,0,0,0,0
1748637865367,-18750000,5318911,6268312,5608484,0,0,0,0,0,0,0
1748637865467,-18750000,5315246,6249982,5608484,0,0,0,0,0,0,0
1748637865567,-18750000,5329908,6249982,6304968,0,0,0,0,0,0,0
1748637865667,-18750000,5355568,6286638,7056434,0,0,0,0,0,0,0
1748637865767,-18750000,5392225,6249982,7642942,0,0,0,0,0,0,0
1748637865867,-18750000,5414219,6378281,7661272,0,0,0,0,0,0,0
1748637865967,-18750000,5421550,6359951,7514647,0,0,0,0,0,0,0
1748637866067,-18750000,5443544,6304964,7221393,0,0,0,0,0,0,0
1748637866167,-18750000,5458206,6268308,6763180,0,0,0,0,0,0,0
1748637866267,-18750000,5450875,6268308,6323298,0,0,0,0,0,0,0
1748637866367,-18750000,5450875,6304964,6103357,0,0,0,0,0,0,0
1748637866467,-18750000,5461871,6286638,6066701,0,0,0,0,0,0,0
1748637866567,-18750000,5465537,6359954,5883416,0,0,0,0,0,0,0
1748637866667,-18750000,5465537,6359954,5810099,0,0,0,0,0,0,0
1748637866767,-18750000,5439878,6433267,5755117,0,0,0,0,0,0,0
1748637866867,-18750000,5439878,6488253,5755117,0,0,0,0,0,0,0
1748637866967,-18750000,5436212,6524909,5663474,0,0,0,0,0,0,0
1748637867067,-18750000,5425215,6598222,5645144,0,0,0,0,0,0,0
1748637867167,-18750000,5399555,6561565,5608488,0,0,0,0,0,0,0
1748637867267,-18750000,5395889,6634878,5608488,0,0,0,0,0,0,0
1748637867367,-18750000,5384893,6598222,5590158,0,0,0,0,0,0,0
1748637867467,-18750000,5377562,6653204,5553502,0,0,0,0,0,0,0
1748637867567,-18750000,5377562,6616548,5571828,0,0,0,0,0,0,0
1748637867667,-18750000,5355568,6579892,5608488,0,0,0,0,0,0,0
1748637867767,-18750000,5355568,6524909,5663471,0,0,0,0,0,0,0
1748637867867,-18750000,5359234,6396611,5901742,0,0,0,0,0,0,0
1748637867967,-18750000,5362899,6359954,6396610,0,0,0,0,0,0,0
1748637868067,-18750000,5381228,6268316,6928135,0,0,0,0,0,0,0
1748637868167,-18750000,5403221,6341628,7477990,0,0,0,0,0,0,0
1748637868267,-18750000,5428881,6304972,8009515,0,0,0,0,0,0,0
1748637868367,-18750000,5436212,6378284,8284443,0,0,0,0,0,0,0
1748637868467,-18750000,5461872,6323302,8412742,0,0,0,0,0,0,0
1748637868567,-18750000,5469203,6414941,8577700,0,0,0,0,0,0,0
1748637868667,-18750000,5483866,6469923,8669343,0,0,0,0,0,0,0
1748637868767,-18750000,5502194,6488249,8815972,0,0,0,0,0,0,0
1748637868867,-18750000,5513191,6524906,8889284,0,0,0,0,0,0,0
1748637868967,-18750000,5538851,6561562,8870954,0,0,0,0,0,0,0
1748637869067,-18750000,5535185,6653201,8944271,0,0,0,0,0,0,0
1748637869167,-18750000,5553514,6671527,8980927,0,0,0,0,0,0,0
1748637869267,-18750000,5560845,6598214,8944271,0,0,0,0,0,0,0
1748637869367,-18750000,5593836,6506572,8687673,0,0,0,0,0,0,0
1748637869467,-18750000,5593836,6579884,8339433,0,0,0,0,0,0,0
1748637869567,-18750000,5601167,6506572,7826234,0,0,0,0,0,0,0
1748637869667,-18750000,5601167,6469916,7203067,0,0,0,0,0,0,0
1748637869767,-18750000,5586504,6341617,6616556,0,0,0,0,0,0,0
1748637869867,-18750000,5571841,6341617,6304972,0,0,0,0,0,0,0
1748637869967,-18750000,5560845,6213318,6121687,0,0,0,0,0,0,0
1748637870067,-18750000,5568176,6158336,5901746,0,0,0,0,0,0,0
1748637870167,-18750000,5564511,6140009,5791773,0,0,0,0,0,0,0
1748637870267,-18750000,5557180,6194996,5663474,0,0,0,0,0,0,0
1748637870367,-18750000,5535186,6341624,5608488,0,0,0,0,0,0,0
1748637870467,-18750000,5531521,6323294,5590158,0,0,0,0,0,0,0
1748637870567,-18750000,5524189,6341624,5571832,0,0,0,0,0,0,0
1748637870667,-18750000,5538852,6286642,5571832,0,0,0,0,0,0,0
1748637870767,-18750000,5535187,6359958,5480189,0,0,0,0,0,0,0
1748637870867,-18750000,5527856,6341628,5058633,0,0,0,0,0,0,0
1748637870967,-18750000,5527856,6378288,4508778,0,0,0,0,0,0,0
1748637871067,-18750000,5505861,6396614,3922267,0,0,0,0,0,0,0
1748637871167,-18750000,5476535,6359958,3280773,0,0,0,0,0,0,0
1748637871267,-18750000,5454541,6396614,2785904,0,0,0,0,0,0,0
1748637871367,-18750000,5450875,6286642,2767574,0,0,0,0,0,0,0
1748637871467,-18750000,5432547,6286642,2932529,0,0,0,0,0,0,0
1748637871567,-18750000,5421550,6286642,3317426,0,0,0,0,0,0,0
1748637871667,-18750000,5395890,6341624,3775634,0,0,0,0,0,0,0
1748637871767,-18750000,5392224,6396607,4325489,0,0,0,0,0,0,0
1748637871867,-18750000,5392224,6433263,4966987,0,0,0,0,0,0,0
1748637871967,-18750000,5392224,6433263,5608484,0,0,0,0,0,0,0
1748637872067,-18750000,5399555,6433263,6341621,0,0,0,0,0,0,0
1748637872167,-18750000,5410553,6488246,7038101,0,0,0,0,0,0,0
1748637872267,-18750000,5436212,6488246,7716254,0,0,0,0,0,0,0
1748637872367,-18750000,5436212,6469919,7991182,0,0,0,0,0,0,0
1748637872467,-18750000,5458206,6488249,8229453,0,0,0,0,0,0,0
1748637872567,-18750000,5472869,6469919,8339422,0,0,0,0,0,0,0
1748637872667,-18750000,5498529,6414937,8467720,0,0,0,0,0,0,0
1748637872767,-18750000,5513192,6378281,8486050,0,0,0,0,0,0,0
1748637872867,-18750000,5524189,6286638,8302765,0,0,0,0,0,0,0
1748637872967,-18750000,5513192,6378277,7954525,0,0,0,0,0,0,0
1748637873067,-18750000,5513192,6323294,7477987,0,0,0,0,0,0,0
1748637873167,-18750000,5524189,6304968,6909805,0,0,0,0,0,0,0
1748637873267,-18750000,5509526,6213326,6268308,0,0,0,0,0,0,0
1748637873367,-18750000,5520523,6249982,5645140,0,0,0,0,0,0,0
1748637873467,-18750000,5502195,6231652,4948660,0,0,0,0,0,0,0
1748637873567,-18750000,5505860,6231652,4197194,0,0,0,0,0,0,0
1748637873667,-18750000,5487532,6213322,3537370,0,0,0,0,0,0,0
1748637873767,-18750000,5480200,6231652,2969185,0,0,0,0,0,0,0
1748637873867,-18750000,5458205,6304968,2914199,0,0,0,0,0,0,0
1748637873967,-18750000,5465536,6213329,3152467,0,0,0,0,0,0,0
1748637874067,-18750000,5469202,6268312,3500707,0,0,0,0,0,0,0
1748637874167,-18750000,5458205,6194999,3995576,0,0,0,0,0,0,0
1748637874267,-18750000,5450874,6176669,4472114,0,0,0,0,0,0,0
1748637874367,-18750000,5443543,6140013,5076952,0,0,0,0,0,0,0
1748637874467,-18750000,5454540,6121687,5755102,0,0,0,0,0,0,0
1748637874567,-18750000,5454540,6176673,6469912,0,0,0,0,0,0,0
1748637874667,-18750000,5476534,6121687,7111409,0,0,0,0,0,0,0
1748637874767,-18750000,5480200,6176669,7661264,0,0,0,0,0,0,0
1748637874867,-18750000,5509526,6140013,7716251,0,0,0,0,0,0,0
1748637874967,-18750000,5502195,6194996,7532969,0,0,0,0,0,0,0
1748637875067,-18750000,5491198,6194996,7203059,0,0,0,0,0,0,0
1748637875167,-18750000,5502195,6249978,6708191,0,0,0,0,0,0,0
1748637875267,-18750000,5509526,6341621,6158339,0,0,0,0,0,0,0
1748637875367,-18750000,5494863,6359947,5590158,0,0,0,0,0,0,0
1748637875467,-18750000,5491197,6378273,4912008,0,0,0,0,0,0,0
1748637875567,-18750000,5476535,6286631,4252184,0,0,0,0,0,0,0
1748637875667,-18750000,5436212,6378273,3537374,0,0,0,0,0,0,0
1748637875767,-18750000,5439878,6323291,2950863,0,0,0,0,0,0,0
1748637875867,-18750000,5417884,6304961,2822564,0,0,0,0,0,0,0
1748637875967,-18750000,5421549,6194992,3005846,0,0,0,0,0,0,0
1748637876067,-18750000,5417884,6213322,3280769,0,0,0,0,0,0,0
1748637876167,-18750000,5403221,6121679,3757308,0,0,0,0,0,0,0
1748637876267,-18750000,5410553,6121679,4343816,0,0,0,0,0,0,0
1748637876367,-18750000,5399556,6158336,4966983,0,0,0,0,0,0,0
1748637876467,-18750000,5410553,6103353,5608477,0,0,0,0,0,0,0
1748637876567,-18750000,5417885,6176666,6304957,0,0,0,0,0,0,0
1748637876667,-18750000,5450876,6231652,7019767,0,0,0,0,0,0,0
1748637876767,-18750000,5454541,6194996,7624608,0,0,0,0,0,0,0
1748637876867,-18750000,5450876,6286638,7697921,0,0,0,0,0,0,0
1748637876967,-18750000,5458208,6341625,7477979,0,0,0,0,0,0,0
1748637877067,-18750000,5465539,6304968,7148069,0,0,0,0,0,0,0
1748637877167,-18750000,5469205,6359954,6671531,0,0,0,0,0,0,0
1748637877267,-18750000,5461873,6323298,6231648,0,0,0,0,0,0,0
1748637877367,-18750000,5476535,6304972,6011707,0,0,0,0,0,0,0
1748637877467,-18750000,5454542,6378284,5865078,0,0,0,0,0,0,0
1748637877567,-18750000,5443544,6323302,5718453,0,0,0,0,0,0,0
1748637877667,-18750000,5421550,6268316,5626810,0,0,0,0,0,0,0
1748637877767,-18750000,5410553,6323298,5590150,0,0,0,0,0,0,0
1748637877867,-18750000,5417884,6194999,5846752,0,0,0,0,0,0,0
1748637877967,-18750000,5403221,6286638,6176665,0,0,0,0,0,0,0
1748637878067,-18750000,5417883,6304964,6634878,0,0,0,0,0,0,0
1748637878167,-18750000,5417883,6268308,7221389,0,0,0,0,0,0,0
1748637878267,-18750000,5428880,6268308,7807900,0,0,0,0,0,0,0
1748637878367,-18750000,5439878,6268308,8064498,0,0,0,0,0,0,0
1748637878467,-18750000,5461871,6304964,8211127,0,0,0,0,0,0,0
1748637878567,-18750000,5483866,6396603,8357752,0,0,0,0,0,0,0
1748637878667,-18750000,5502194,6378277,8449394,0,0,0,0,0,0,0
1748637878767,-18750000,5513192,6469919,8486054,0,0,0,0,0,0,0
1748637878867,-18750000,5509526,6579888,8266113,0,0,0,0,0,0,0
1748637878967,-18750000,5538851,6616548,7954529,0,0,0,0,0,0,0
1748637879067,-18750000,5535186,6543236,7477987,0,0,0,0,0,0,0
1748637879167,-18750000,5546183,6598222,6946462,0,0,0,0,0,0,0
1748637879267,-18750000,5546183,6653208,6304968,0,0,0,0,0,0,0
1748637879367,-18750000,5542517,6671534,5700131,0,0,0,0,0,0,0
1748637879467,-18750000,5524189,6634878,5113619,0,0,0,0,0,0,0
1748637879567,-18750000,5502194,6616552,4380483,0,0,0,0,0,0,0
1748637879667,-18750000,5498529,6671534,3702329,0,0,0,0,0,0,0
1748637879767,-18750000,5491198,6488249,3005846,0,0,0,0,0,0,0
1748637879867,-18750000,5487532,6506579,2547633,0,0,0,0,0,0,0
1748637879967,-18750000,5480201,6378281,2199393,0,0,0,0,0,0,0
1748637880067,-18750000,5458207,6433267,1942796,0,0,0,0,0,0,0
1748637880167,-18750000,5436212,6451593,1741181,0,0,0,0,0,0,0
1748637880267,-18750000,5403221,6414937,1649538,0,0,0,0,0,0,0
1748637880367,-18750000,5373896,6323294,1887809,0,0,0,0,0,0,0
1748637880467,-18750000,5355567,6249982,2236053,0,0,0,0,0,0,0
1748637880567,-18750000,5340905,6176669,2767578,0,0,0,0,0,0,0
1748637880667,-18750000,5315245,6158343,3335759,0,0,0,0,0,0,0
1748637880767,-18750000,5311579,6249986,3995583,0,0,0,0,0,0,0
1748637880867,-18750000,5326241,6231656,4655407,0,0,0,0,0,0,0
1748637880967,-18750000,5300582,6286638,5333561,0,0,0,0,0,0,0
1748637881067,-18750000,5311579,6268308,6066701,0,0,0,0,0,0,0
1748637881167,-18750000,5311579,6249982,6763184,0,0,0,0,0,0,0
1748637881267,-18750000,5351901,6249982,7423008,0,0,0,0,0,0,0
1748637881367,-18750000,5384893,6378281,7734592,0,0,0,0,0,0,0
1748637881467,-18750000,5406887,6341621,7972859,0,0,0,0,0,0,0
1748637881567,-18750000,5421550,6341621,8174470,0,0,0,0,0,0,0
1748637881667,-18750000,5439877,6433263,8302769,0,0,0,0,0,0,0
1748637881767,-18750000,5443543,6414937,8394412,0,0,0,0,0,0,0
1748637881867,-18750000,5450875,6414937,8486054,0,0,0,0,0,0,0
1748637881967,-18750000,5469203,6414937,8541037,0,0,0,0,0,0,0
1748637882067,-18750000,5480200,6396611,8632679,0,0,0,0,0,0,0
1748637882167,-18750000,5498529,6396611,8669335,0,0,0,0,0,0,0
1748637882267,-18750000,5498529,6323294,8705992,0,0,0,0,0,0,0
1748637882367,-18750000,5505860,6323294,8742648,0,0,0,0,0,0,0
1748637882467,-18750000,5513191,6359954,8797634,0,0,0,0,0,0,0
1748637882567,-18750000,5553514,6414937,8797634,0,0,0,0,0,0,0
1748637882667,-18750000,5560846,6359951,8742652,0,0,0,0,0,0,0
1748637882767,-18750000,5568178,6359951,8724325,0,0,0,0,0,0,0
1748637882867,-18750000,5575509,6359951,8394412,0,0,0,0,0,0,0
1748637882967,-18750000,5579174,6396607,7991186,0,0,0,0,0,0,0
1748637883067,-18750000,5571842,6396607,7441331,0,0,0,0,0,0,0
1748637883167,-18750000,5564511,6414933,6873149,0,0,0,0,0,0,0
1748637883267,-18750000,5546183,6414933,6341624,0,0,0,0,0,0,0
1748637883367,-18750000,5538851,6378277,6048367,0,0,0,0,0,0,0
1748637883467,-18750000,5557180,6359947,5846752,0,0,0,0,0,0,0
1748637883567,-18750000,5527854,6414933,5681797,0,0,0,0,0,0,0
1748637883667,-18750000,5516857,6378277,5626811,0,0,0,0,0,0,0
1748637883767,-18750000,5505859,6268304,5553494,0,0,0,0,0,0,0
1748637883867,-18750000,5491197,6268304,5791765,0,0,0,0,0,0,0
1748637883967,-18750000,5502194,6286634,6231652,0,0,0,0,0,0,0
1748637884067,-18750000,5505860,6378273,6726520,0,0,0,0,0,0,0
1748637884167,-18750000,5524189,6286631,7313028,0,0,0,0,0,0,0
1748637884267,-18750000,5546183,6359947,7661268,0,0,0,0,0,0,0
1748637884367,-18750000,5549848,6359947,7679598,0,0,0,0,0,0,0
1748637884467,-18750000,5538851,6433259,7423000,0,0,0,0,0,0,0
1748637884567,-18750000,5535185,6286631,7074760,0,0,0,0,0,0,0
1748637884667,-18750000,5542516,6249974,6598222,0,0,0,0,0,0,0
1748637884767,-18750000,5535185,6359947,6158339,0,0,0,0,0,0,0
1748637884867,-18750000,5531519,6341621,5883412,0,0,0,0,0,0,0
1748637884967,-18750000,5505860,6213322,5663467,0,0,0,0,0,0,0
1748637885067,-18750000,5494862,6176666,5535168,0,0,0,0,0,0,0
1748637885167,-18750000,5491196,6268308,5425199,0,0,0,0,0,0,0
1748637885267,-18750000,5472868,6286634,5443529,0,0,0,0,0,0,0
1748637885367,-18750000,5461871,6268308,5388543,0,0,0,0,0,0,0
1748637885467,-18750000,5461871,6249982,5388543,0,0,0,0,0,0,0
1748637885567,-18750000,5458205,6304968,5388543,0,0,0,0,0,0,0
1748637885667,-18750000,5465537,6359951,5370213,0,0,0,0,0,0,0
1748637885767,-18750000,5469203,6286634,5296900,0,0,0,0,0,0,0
1748637885867,-18750000,5469203,6304961,4985317,0,0,0,0,0,0,0
1748637885967,-18750000,5476534,6359947,4417135,0,0,0,0,0,0,0
1748637886067,-18750000,5480200,6359947,3867280,0,0,0,0,0,0,0
1748637886167,-18750000,5461871,6378277,3225783,0,0,0,0,0,0,0
1748637886267,-18750000,5465537,6396607,2694258,0,0,0,0,0,0,0
1748637886367,-18750000,5443544,6433263,2712588,0,0,0,0,0,0,0
1748637886467,-18750000,5439878,6359947,2914203,0,0,0,0,0,0,0
1748637886567,-18750000,5432547,6359947,3207457,0,0,0,0,0,0,0
1748637886667,-18750000,5417885,6268304,3647339,0,0,0,0,0,0,0
1748637886767,-18750000,5421550,6304964,4142208,0,0,0,0,0,0,0
1748637886867,-18750000,5399556,6323294,4728719,0,0,0,0,0,0,0
1748637886967,-18750000,5395890,6249978,5406873,0,0,0,0,0,0,0
1748637887067,-18750000,5399555,6231652,6066697,0,0,0,0,0,0,0
1748637887167,-18750000,5417884,6158339,6781507,0,0,0,0,0,0,0
1748637887267,-18750000,5395889,6066697,7423001,0,0,0,0,0,0,0
1748637887367,-18750000,5432546,6048367,7441327,0,0,0,0,0,0,0
1748637887467,-18750000,5436212,6085027,7239712,0,0,0,0,0,0,0
1748637887567,-18750000,5443543,6121683,7001444,0,0,0,0,0,0,0
1748637887667,-18750000,5432546,6231656,6634874,0,0,0,0,0,0,0
1748637887767,-18750000,5432546,6158339,6213318,0,0,0,0,0,0,0
1748637887867,-18750000,5465537,6121683,5938391,0,0,0,0,0,0,0
1748637887967,-18750000,5458205,6140013,5810092,0,0,0,0,0,0,0
1748637888067,-18750000,5447209,6194996,5700123,0,0,0,0,0,0,0
1748637888167,-18750000,5428880,6213322,5626811,0,0,0,0,0,0,0
1748637888267,-18750000,5450875,6249978,5626811,0,0,0,0,0,0,0
1748637888367,-18750000,5432546,6194996,5846752,0,0,0,0,0,0,0
1748637888467,-18750000,5436212,6176666,6213322,0,0,0,0,0,0,0
1748637888567,-18750000,5450875,6158339,6634874,0,0,0,0,0,0,0
1748637888667,-18750000,5461872,6176665,7093087,0,0,0,0,0,0,0
1748637888767,-18750000,5454541,6213322,7606286,0,0,0,0,0,0,0
1748637888867,-18750000,5436212,6231648,7972856,0,0,0,0,0,0,0
1748637888967,-18750000,5450876,6323291,8192797,0,0,0,0,0,0,0
1748637889067,-18750000,5472869,6286634,8321096,0,0,0,0,0,0,0
1748637889167,-18750000,5487533,6341621,8357752,0,0,0,0,0,0,0
1748637889267,-18750000,5494864,6359951,8266109,0,0,0,0,0,0,0
1748637889367,-18750000,5505861,6414933,8101154,0,0,0,0,0,0,0
1748637889467,-18750000,5494864,6524902,7679602,0,0,0,0,0,0,0
1748637889567,-18750000,5494864,6469916,7239719,0,0,0,0,0,0,0
1748637889667,-18750000,5516858,6451589,6763181,0,0,0,0,0,0,0
1748637889767,-18750000,5520524,6579888,6176669,0,0,0,0,0,0,0
1748637889867,-18750000,5527855,6543232,5535172,0,0,0,0,0,0,0
1748637889967,-18750000,5535186,6524902,4802032,0,0,0,0,0,0,0
1748637890067,-18750000,5516858,6451589,4123878,0,0,0,0,0,0,0
1748637890167,-18750000,5505860,6433259,3519040,0,0,0,0,0,0,0
1748637890267,-18750000,5483866,6378273,2987515,0,0,0,0,0,0,0
1748637890367,-18750000,5472869,6359947,2914203,0,0,0,0,0,0,0
1748637890467,-18750000,5458206,6176666,3170800,0,0,0,0,0,0,0
1748637890567,-18750000,5436212,6231652,3427398,0,0,0,0,0,0,0
1748637890667,-18750000,5421550,6158339,3775638,0,0,0,0,0,0,0
1748637890767,-18750000,5421550,5993384,4233850,0,0,0,0,0,0,0
1748637890867,-18750000,5428882,6048371,4783705,0,0,0,0,0,0,0
1748637890967,-18750000,5414219,5975058,5406873,0,0,0,0,0,0,0
1748637891067,-18750000,5425216,6011714,6030040,0,0,0,0,0,0,0
1748637891167,-18750000,5436213,5993388,6634878,0,0,0,0,0,0,0
1748637891267,-18750000,5447210,5956732,7148077,0,0,0,0,0,0,0
1748637891367,-18750000,5447210,5975058,7148077,0,0,0,0,0,0,0
1748637891467,-18750000,5472870,6121683,6964792,0,0,0,0,0,0,0
1748637891567,-18750000,5491198,6140009,6653208,0,0,0,0,0,0,0
1748637891667,-18750000,5502196,6158336,6286638,0,0,0,0,0,0,0
1748637891767,-18750000,5502196,6231652,5810095,0,0,0,0,0,0,0
1748637891867,-18750000,5483867,6194996,5223584,0,0,0,0,0,0,0
1748637891967,-18750000,5483867,6268308,4618747,0,0,0,0,0,0,0
1748637892067,-18750000,5472870,6268308,4013909,0,0,0,0,0,0,0
1748637892167,-18750000,5469204,6249978,3335755,0,0,0,0,0,0,0
1748637892267,-18750000,5439878,6359947,2877543,0,0,0,0,0,0,0
1748637892367,-18750000,5439878,6231648,2840887,0,0,0,0,0,0,0
1748637892467,-18750000,5414219,6140006,3042498,0,0,0,0,0,0,0
1748637892567,-18750000,5399555,6103349,3390738,0,0,0,0,0,0,0
1748637892667,-18750000,5373896,6140006,3720652,0,0,0,0,0,0,0
1748637892767,-18750000,5377561,6158332,4142208,0,0,0,0,0,0,0
1748637892867,-18750000,5384892,6158332,4673733,0,0,0,0,0,0,0
1748637892967,-18750000,5377561,6140005,5260244,0,0,0,0,0,0,0
1748637893067,-18750000,5384892,6121679,5865082,0,0,0,0,0,0,0
1748637893167,-18750000,5373895,6103353,6524906,0,0,0,0,0,0,0
1748637893267,-18750000,5395889,6048371,7019774,0,0,0,0,0,0,0
1748637893367,-18750000,5395889,6103357,7331358,0,0,0,0,0,0,0
1748637893467,-18750000,5421549,6085031,7514643,0,0,0,0,0,0,0
1748637893567,-18750000,5421549,6030044,7679602,0,0,0,0,0,0,0
1748637893667,-18750000,5421549,5993388,7844557,0,0,0,0,0,0,0
1748637893767,-18750000,5421549,5975062,7972856,0,0,0,0,0,0,0
1748637893867,-18750000,5421549,5938406,8064498,0,0,0,0,0,0,0
1748637893967,-18750000,5428880,5938406,8137811,0,0,0,0,0,0,0
1748637894067,-18750000,5421549,6048374,8156141,0,0,0,0,0,0,0
1748637894167,-18750000,5421549,6048374,8229457,0,0,0,0,0,0,0
1748637894267,-18750000,5428880,6103357,8284443,0,0,0,0,0,0,0
1748637894367,-18750000,5425214,6158343,8247783,0,0,0,0,0,0,0
1748637894467,-18750000,5417883,6213329,8229457,0,0,0,0,0,0,0
1748637894567,-18750000,5425214,6286646,8156140,0,0,0,0,0,0,0
1748637894667,-18750000,5439877,6304976,8174470,0,0,0,0,0,0,0
1748637894767,-18750000,5447209,6378288,8174470,0,0,0,0,0,0,0
1748637894867,-18750000,5450874,6433271,8137814,0,0,0,0,0,0,0
1748637894967,-18750000,5447209,6323298,8101158,0,0,0,0,0,0,0
1748637895067,-18750000,5458206,6341628,8082828,0,0,0,0,0,0,0
1748637895167,-18750000,5476534,6359954,8009512,0,0,0,0,0,0,0
1748637895267,-18750000,5483866,6341628,7954525,0,0,0,0,0,0,0
1748637895367,-18750000,5491197,6341628,7697928,0,0,0,0,0,0,0
1748637895467,-18750000,5491197,6341628,7331358,0,0,0,0,0,0,0
1748637895567,-18750000,5491197,6341628,6928135,0,0,0,0,0,0,0
1748637895667,-18750000,5494863,6341628,6414937,0,0,0,0,0,0,0
1748637895767,-18750000,5476534,6176673,5865082,0,0,0,0,0,0,0
1748637895867,-18750000,5483866,6176673,5241914,0,0,0,0,0,0,0
1748637895967,-18750000,5491198,6323302,4637077,0,0,0,0,0,0,0
1748637896067,-18750000,5494864,6213329,3977253,0,0,0,0,0,0,0
1748637896167,-18750000,5472870,6286642,3335759,0,0,0,0,0,0,0
1748637896267,-18750000,5450876,6304968,2767578,0,0,0,0,0,0,0
1748637896367,-18750000,5443545,6323294,2767578,0,0,0,0,0,0,0
1748637896467,-18750000,5417885,6396607,2969189,0,0,0,0,0,0,0
1748637896567,-18750000,5406889,6359951,3244113,0,0,0,0,0,0,0
1748637896667,-18750000,5395891,6359951,3592353,0,0,0,0,0,0,0
1748637896767,-18750000,5388560,6378277,4105552,0,0,0,0,0,0,0
1748637896867,-18750000,5377563,6304964,4692063,0,0,0,0,0,0,0
1748637896967,-18750000,5373897,6194992,5278571,0,0,0,0,0,0,0
1748637897067,-18750000,5366565,6213322,5901738,0,0,0,0,0,0,0
1748637897167,-18750000,5381228,6121683,6561562,0,0,0,0,0,0,0
1748637897267,-18750000,5388559,6140013,7111413,0,0,0,0,0,0,0
1748637897367,-18750000,5403222,6121687,7349684,0,0,0,0,0,0,0
1748637897467,-18750000,5421550,6140013,7532969,0,0,0,0,0,0,0
1748637897567,-18750000,5436212,6194996,7679598,0,0,0,0,0,0,0
1748637897667,-18750000,5447209,6158339,7807897,0,0,0,0,0,0,0
1748637897767,-18750000,5461872,6323294,7807897,0,0,0,0,0,0,0
1748637897867,-18750000,5480200,6286638,7551299,0,0,0,0,0,0,0
1748637897967,-18750000,5476535,6359954,7148077,0,0,0,0,0,0,0
1748637898067,-18750000,5465539,6414937,6726521,0,0,0,0,0,0,0
1748637898167,-18750000,5447210,6451593,6158339,0,0,0,0,0,0,0
1748637898267,-18750000,5450875,6341620,5755113,0,0,0,0,0,0,0
1748637898367,-18750000,5436212,6378277,5516842,0,0,0,0,0,0,0
1748637898467,-18750000,5425216,6286638,5278574,0,0,0,0,0,0,0
1748637898567,-18750000,5417885,6268312,5113619,0,0,0,0,0,0,0
1748637898667,-18750000,5406887,6286638,5021977,0,0,0,0,0,0,0
1748637898767,-18750000,5406887,6286638,5021977,0,0,0,0,0,0,0
1748637898867,-18750000,5406887,6286638,5021977,0,0,0,0,0,0,0
1748637898967,-18750000,5406887,6286638,5021977,0,0,0,0,0,0,0
1748637899067,-18750000,5406887,6286638,5021977,0,0,0,0,0,0,0
1748637899167,-18750000,5406887,6286638,5021977,0,0,0,0,0,0,0
1748637899267,-18750000,5406887,6286638,5021977,0,0,0,0,0,0,0
1748637899367,-18750000,5406887,6286638,5021977,0,0,0,0,0,0,0
1748637899467,-18750000,5406887,6286638,5021977,0,0,0,0,0,0,0
1748637899567,-18750000,5406887,6286638,5021977,0,0,0,0,0,0,0
1748637899667,-18750000,5406887,6286638,5021977,0,0,0,0,0,0,0
1748637899767,-18750000,5414219,6249982,4966990,0,0,0,0,0,0,0
1748637899867,-18750000,5395890,6268308,4985317,0,0,0,0,0,0,0
1748637899967,-18750000,5384893,6231652,4985317,0,0,0,0,0,0,0
1748637900067,-18750000,5381227,6194996,4948660,0,0,0,0,0,0,0
1748637900167,-18750000,5392224,6213322,4985317,0,0,0,0,0,0,0
1748637900267,-18750000,5388559,6213322,4875348,0,0,0,0,0,0,0
1748637900367,-18750000,5392225,6213322,4600420,0,0,0,0,0,0,0
1748637900467,-18750000,5395890,6249978,4123878,0,0,0,0,0,0,0
1748637900567,-18750000,5395890,6304961,3629009,0,0,0,0,0,0,0
1748637900667,-18750000,5384893,6286634,3115814,0,0,0,0,0,0,0
1748637900767,-18750000,5366564,6268308,2565959,0,0,0,0,0,0,0
1748637900867,-18750000,5377562,6304968,2162733,0,0,0,0,0,0,0
1748637900967,-18750000,5373896,6304968,1942788,0,0,0,0,0,0,0
1748637901067,-18750000,5384894,6249986,1759503,0,0,0,0,0,0,0
1748637901167,-18750000,5377562,6158343,1576218,0,0,0,0,0,0,0
1748637901267,-18750000,5359234,6176673,1484576,0,0,0,0,0,0,0
1748637901367,-18750000,5340905,6103361,1301294,0,0,0,0,0,0,0
1748637901467,-18750000,5326243,6085031,1319624,0,0,0,0,0,0,0
1748637901567,-18750000,5304248,6030048,1282968,0,0,0,0,0,0,0
1748637901667,-18750000,5285920,5956732,1191326,0,0,0,0,0,0,0
1748637901767,-18750000,5285920,5883416,1099687,0,0,0,0,0,0,0
1748637901867,-18750000,5256594,5938398,1136343,0,0,0,0,0,0,0
1748637901967,-18750000,5234600,5920068,1099687,0,0,0,0,0,0,0
1748637902067,-18750000,5216271,5956724,1118017,0,0,0,0,0,0,0
1748637902167,-18750000,5205274,6030041,1118017,0,0,0,0,0,0,0
1748637902267,-18750000,5205274,6011711,1099687,0,0,0,0,0,0,0
1748637902367,-18750000,5194277,6011711,1099687,0,0,0,0,0,0,0
1748637902467,-18750000,5190611,5993384,1136343,0,0,0,0,0,0,0
1748637902567,-18750000,5186945,5956728,1154669,0,0,0,0,0,0,0
1748637902667,-18750000,5183280,6030044,1172999,0,0,0,0,0,0,0
1748637902767,-18750000,5161286,5993388,1282968,0,0,0,0,0,0,0
1748637902867,-18750000,5135627,5865089,1209656,0,0,0,0,0,0,0
1748637902967,-18750000,5135627,5791777,1172999,0,0,0,0,0,0,0
1748637903067,-18750000,5109967,5718461,1118013,0,0,0,0,0,0,0
1748637903167,-18750000,5098970,5681804,1136343,0,0,0,0,0,0,0
1748637903267,-18750000,5073310,5755121,1136343,0,0,0,0,0,0,0
1748637903367,-18750000,5051316,5718461,1172999,0,0,0,0,0,0,0
1748637903467,-18750000,5029322,5736787,1118013,0,0,0,0,0,0,0
1748637903567,-18750000,5007328,5681801,1081357,0,0,0,0,0,0,0
1748637903667,-18750000,4992664,5700127,1081357,0,0,0,0,0,0,0
1748637903767,-18750000,4967005,5736783,1026370,0,0,0,0,0,0,0
1748637903867,-18750000,4952342,5828426,1063027,0,0,0,0,0,0,0
1748637903967,-18750000,4941345,5901738,1118013,0,0,0,0,0,0,0
1748637904067,-18750000,4930348,5901738,1136343,0,0,0,0,0,0,0
1748637904167,-18750000,4893691,5901738,1099687,0,0,0,0,0,0,0
1748637904267,-18750000,4875362,5828422,1063031,0,0,0,0,0,0,0
1748637904367,-18750000,4853368,5828422,1081357,0,0,0,0,0,0,0
1748637904467,-18750000,4838705,5736779,1081357,0,0,0,0,0,0,0
1748637904567,-18750000,4809380,5810092,1081357,0,0,0,0,0,0,0
1748637904667,-18750000,4783720,5700123,1063027,0,0,0,0,0,0,0
1748637904767,-18750000,4765392,5718453,1044701,0,0,0,0,0,0,0
1748637904867,-18750000,4750729,5663467,1063031,0,0,0,0,0,0,0
1748637904967,-18750000,4706741,5626811,1026374,0,0,0,0,0,0,0
1748637905067,-18750000,4673750,5626811,1044701,0,0,0,0,0,0,0
1748637905167,-18750000,4644425,5443526,1099683,0,0,0,0,0,0,0
1748637905267,-18750000,4618765,5443526,1118013,0,0,0,0,0,0,0
1748637905367,-18750000,4582108,5425199,1081357,0,0,0,0,0,0,0
1748637905467,-18750000,4549116,5461856,1026374,0,0,0,0,0,0,0
1748637905567,-18750000,4516124,5370213,1081361,0,0,0,0,0,0,0
1748637905667,-18750000,4494131,5406869,1099691,0,0,0,0,0,0,0
1748637905767,-18750000,4461139,5333557,1008048,0,0,0,0,0,0,0
1748637905867,-18750000,4417151,5278574,898076,0,0,0,0,0,0,0
1748637905967,-18750000,4398822,5168602,861419,0,0,0,0,0,0,0
1748637906067,-18750000,4362165,5095289,824763,0,0,0,0,0,0,0
1748637906167,-18750000,4321842,5223588,788107,0,0,0,0,0,0,0
1748637906267,-18750000,4266857,5205262,806433,0,0,0,0,0,0,0
1748637906367,-18750000,4241197,5076963,733121,0,0,0,0,0,0,0
1748637906467,-18750000,4186211,4985321,678134,0,0,0,0,0,0,0
1748637906567,-18750000,4156886,4966994,586492,0,0,0,0,0,0,0
1748637906667,-18750000,4083572,4912008,586492,0,0,0,0,0,0,0
1748637906767,-18750000,4028588,4875348,806433,0,0,0,0,0,0,0
1748637906867,-18750000,3980934,4875348,1227989,0,0,0,0,0,0,0
1748637906967,-18750000,3940612,4930334,1686198,0,0,0,0,0,0,0
1748637907067,-18750000,3896623,4930334,2144410,0,0,0,0,0,0,0
1748637907167,-18750000,3892958,4857018,2694265,0,0,0,0,0,0,0
1748637907267,-18750000,3870964,4820362,3134148,0,0,0,0,0,0,0
1748637907367,-18750000,3856302,4838688,3537374,0,0,0,0,0,0,0
1748637907467,-18750000,3848971,4747049,3812302,0,0,0,0,0,0,0
1748637907567,-18750000,3834307,4692063,4013913,0,0,0,0,0,0,0
1748637907667,-18750000,3826976,4600421,4142212,0,0,0,0,0,0,0
1748637907767,-18750000,3823310,4563764,4123882,0,0,0,0,0,0,0
1748637907867,-18750000,3819644,4563764,4105552,0,0,0,0,0,0,0
1748637907967,-18750000,3793984,4545434,4087226,0,0,0,0,0,0,0
1748637908067,-18750000,3797650,4563764,4105552,0,0,0,0,0,0,0
1748637908167,-18750000,3786653,4545438,4068896,0,0,0,0,0,0,0
1748637908267,-18750000,3786653,4453796,4142212,0,0,0,0,0,0,0
1748637908367,-18750000,3786653,4508782,4325497,0,0,0,0,0,0,0
1748637908467,-18750000,3793984,4600421,4692063,0,0,0,0,0,0,0
1748637908567,-18750000,3801316,4710389,5131946,0,0,0,0,0,0,0
1748637908667,-18750000,3841638,4783702,5516842,0,0,0,0,0,0,0
1748637908767,-18750000,3896623,4838688,5920068,0,0,0,0,0,0,0
1748637908867,-18750000,3936946,4838688,5883412,0,0,0,0,0,0,0
1748637908967,-18750000,3969937,4857018,5663471,0,0,0,0,0,0,0
1748637909067,-18750000,3984599,4802032,5333561,0,0,0,0,0,0,0
1748637909167,-18750000,3988265,4783702,4912004,0,0,0,0,0,0,0
1748637909267,-18750000,3984599,4857014,4527104,0,0,0,0,0,0,0
1748637909367,-18750000,3977267,4765372,4362145,0,0,0,0,0,0,0
1748637909467,-18750000,3969936,4710389,4197190,0,0,0,0,0,0,0
1748637909567,-18750000,3962605,4655407,4068892,0,0,0,0,0,0,0
1748637909667,-18750000,3944276,4673737,4068892,0,0,0,0,0,0,0
1748637909767,-18750000,3903953,4692067,4050566,0,0,0,0,0,0,0
1748637909867,-18750000,3892957,4655407,4215521,0,0,0,0,0,0,0
1748637909967,-18750000,3903954,4728719,4545431,0,0,0,0,0,0,0
1748637910067,-18750000,3933280,4783706,4948657,0,0,0,0,0,0,0
1748637910167,-18750000,3969937,4838692,5406869,0,0,0,0,0,0,0
1748637910267,-18750000,4017591,4857022,5681797,0,0,0,0,0,0,0
1748637910367,-18750000,4050582,4912008,5718453,0,0,0,0,0,0,0
1748637910467,-18750000,4079908,5040307,5498512,0,0,0,0,0,0,0
1748637910567,-18750000,4112900,4985321,5205258,0,0,0,0,0,0,0
1748637910667,-18750000,4142225,5040307,4783705,0,0,0,0,0,0,0
1748637910767,-18750000,4167885,5040307,4307163,0,0,0,0,0,0,0
1748637910867,-18750000,4145891,5076967,3885610,0,0,0,0,0,0,0
1748637910967,-18750000,4120231,5021984,3372415,0,0,0,0,0,0,0
1748637911067,-18750000,4068911,4985324,2785904,0,0,0,0,0,0,0
1748637911167,-18750000,4010260,4966994,2254379,0,0,0,0,0,0,0
1748637911267,-18750000,3962606,4930334,1906139,0,0,0,0,0,0,0
1748637911367,-18750000,3907620,4838692,1777840,0,0,0,0,0,0,0
1748637911467,-18750000,3856301,4747049,1979452,0,0,0,0,0,0,0
1748637911567,-18750000,3793984,4747049,2162737,0,0,0,0,0,0,0
1748637911667,-18750000,3749996,4582094,2529303,0,0,0,0,0,0,0
1748637911767,-18750000,3698676,4563764,2969186,0,0,0,0,0,0,0
1748637911867,-18750000,3698676,4545434,3464054,0,0,0,0,0,0,0
1748637911967,-18750000,3702341,4490448,3885607,0,0,0,0,0,0,0
1748637912067,-18750000,3738998,4435466,4435462,0,0,0,0,0,0,0
1748637912167,-18750000,3764658,4472126,4948657,0,0,0,0,0,0,0
1748637912267,-18750000,3786652,4417143,5370213,0,0,0,0,0,0,0
1748637912367,-18750000,3823309,4545442,5645141,0,0,0,0,0,0,0
1748637912467,-18750000,3867297,4600428,5791769,0,0,0,0,0,0,0
1748637912567,-18750000,3925948,4637084,5956724,0,0,0,0,0,0,0
1748637912667,-18750000,3980933,4747053,6011710,0,0,0,0,0,0,0
1748637912767,-18750000,4035919,4728723,6048370,0,0,0,0,0,0,0
1748637912867,-18750000,4090904,4710393,5828429,0,0,0,0,0,0,0
1748637912967,-18750000,4127561,4765380,5645144,0,0,0,0,0,0,0
1748637913067,-18750000,4131227,4820362,5315230,0,0,0,0,0,0,0
1748637913167,-18750000,4149556,4783702,4912004,0,0,0,0,0,0,0
1748637913267,-18750000,4160553,4857015,4490448,0,0,0,0,0,0,0
1748637913367,-18750000,4153222,4802028,3958923,0,0,0,0,0,0,0
1748637913467,-18750000,4138559,4783698,3409072,0,0,0,0,0,0,0
1748637913567,-18750000,4105568,4710386,2914203,0,0,0,0,0,0,0
1748637913667,-18750000,4043251,4728716,2401008,0,0,0,0,0,0,0
1748637913767,-18750000,3984600,4747046,1961122,0,0,0,0,0,0,0
1748637913867,-18750000,3922283,4728719,1942792,0,0,0,0,0,0,0
1748637913967,-18750000,3852635,4655403,2034434,0,0,0,0,0,0,0
1748637914067,-18750000,3801316,4618747,2254376,0,0,0,0,0,0,0
1748637914167,-18750000,3757327,4600421,2547633,0,0,0,0,0,0,0
1748637914267,-18750000,3724336,4545434,2950859,0,0,0,0,0,0,0
1748637914367,-18750000,3706008,4582091,3427398,0,0,0,0,0,0,0
1748637914467,-18750000,3691345,4527104,3922263,0,0,0,0,0,0,0
1748637914567,-18750000,3687679,4490448,4398806,0,0,0,0,0,0,0
1748637914667,-18750000,3709673,4453788,4875344,0,0,0,0,0,0,0
1748637914767,-18750000,3742664,4472118,5296901,0,0,0,0,0,0,0
1748637914867,-18750000,3771990,4545430,5516842,0,0,0,0,0,0,0
1748637914967,-18750000,3834307,4637073,5718457,0,0,0,0,0,0,0
1748637915067,-18750000,3878295,4692059,5865086,0,0,0,0,0,0,0
1748637915167,-18750000,3925949,4783702,5993384,0,0,0,0,0,0,0
1748637915267,-18750000,3988266,4857018,5975054,0,0,0,0,0,0,0
1748637915367,-18750000,4024923,4912004,5791773,0,0,0,0,0,0,0
1748637915467,-18750000,4046918,5021977,5590162,0,0,0,0,0,0,0
1748637915567,-18750000,4072577,5113616,5241918,0,0,0,0,0,0,0
1748637915667,-18750000,4083575,5168602,4820362,0,0,0,0,0,0,0
1748637915767,-18750000,4101903,5150272,4472122,0,0,0,0,0,0,0
1748637915867,-18750000,4087240,5131946,4288837,0,0,0,0,0,0,0
1748637915967,-18750000,4061580,5131946,4123878,0,0,0,0,0,0,0
1748637916067,-18750000,4054248,5131946,4013905,0,0,0,0,0,0,0
1748637916167,-18750000,4028588,5095289,4013905,0,0,0,0,0,0,0
1748637916267,-18750000,4002928,5058629,4068892,0,0,0,0,0,0,0
1748637916367,-18750000,4006593,5076959,4270503,0,0,0,0,0,0,0
1748637916467,-18750000,4017590,5076959,4472114,0,0,0,0,0,0,0
1748637916567,-18750000,4043249,5040303,4911997,0,0,0,0,0,0,0
1748637916667,-18750000,4065244,4985317,5388539,0,0,0,0,0,0,0
1748637916767,-18750000,4079906,5076959,5681793,0,0,0,0,0,0,0
1748637916867,-18750000,4109232,5058629,5663467,0,0,0,0,0,0,0
1748637916967,-18750000,4142223,4948661,5535168,0,0,0,0,0,0,0
1748637917067,-18750000,4178880,5040303,5241914,0,0,0,0,0,0,0
1748637917167,-18750000,4204541,5040303,4765372,0,0,0,0,0,0,0
1748637917267,-18750000,4208206,5021977,4325489,0,0,0,0,0,0,0
1748637917367,-18750000,4189877,5021977,3903933,0,0,0,0,0,0,0
1748637917467,-18750000,4167884,4966991,3445724,0,0,0,0,0,0,0
1748637917567,-18750000,4112899,5021977,2767574,0,0,0,0,0,0,0
1748637917667,-18750000,4065245,5040307,2199393,0,0,0,0,0,0,0
1748637917767,-18750000,4002928,4948664,1851153,0,0,0,0,0,0,0
1748637917867,-18750000,3951608,4948664,1796167,0,0,0,0,0,0,0
1748637917967,-18750000,3896623,4985321,1906139,0,0,0,0,0,0,0
1748637918067,-18750000,3819644,4893678,2181067,0,0,0,0,0,0,0
1748637918167,-18750000,3757327,4875348,2602623,0,0,0,0,0,0,0
1748637918267,-18750000,3724336,4857018,2987519,0,0,0,0,0,0,0
1748637918367,-18750000,3709673,4728719,3390746,0,0,0,0,0,0,0
1748637918467,-18750000,3687679,4728719,3848954,0,0,0,0,0,0,0
1748637918567,-18750000,3687679,4710389,4398806,0,0,0,0,0,0,0
1748637918667,-18750000,3706007,4637077,4966987,0,0,0,0,0,0,0
1748637918767,-18750000,3728002,4582091,5425199,0,0,0,0,0,0,0
1748637918867,-18750000,3775655,4545434,5663471,0,0,0,0,0,0,0
1748637918967,-18750000,3823310,4563761,5846756,0,0,0,0,0,0,0
1748637919067,-18750000,3874629,4563761,5956724,0,0,0,0,0,0,0
1748637919167,-18750000,3929614,4563761,5938394,0,0,0,0,0,0,0
1748637919267,-18750000,3973602,4637077,5938394,0,0,0,0,0,0,0
1748637919367,-18750000,4010259,4637077,5791769,0,0,0,0,0,0,0
1748637919467,-18750000,4065245,4765376,5535172,0,0,0,0,0,0,0
1748637919567,-18750000,4105567,4802036,5205262,0,0,0,0,0,0,0
1748637919667,-18750000,4131227,4893678,4747049,0,0,0,0,0,0,0
1748637919767,-18750000,4142223,4966994,4270507,0,0,0,0,0,0,0
1748637919867,-18750000,4127561,5058637,3793964,0,0,0,0,0,0,0
1748637919967,-18750000,4112898,5076967,3244109,0,0,0,0,0,0,0
1748637920067,-18750000,4098236,5095297,2730914,0,0,0,0,0,0,0
1748637920167,-18750000,4076242,5076967,2291032,0,0,0,0,0,0,0
1748637920267,-18750000,4021256,5076967,1887806,0,0,0,0,0,0,0
1748637920367,-18750000,3977268,5150279,1851149,0,0,0,0,0,0,0
1748637920467,-18750000,3911286,4966994,2016104,0,0,0,0,0,0,0
1748637920567,-18750000,3867298,4948664,2327688,0,0,0,0,0,0,0
1748637920667,-18750000,3815978,4912004,2694258,0,0,0,0,0,0,0
1748637920767,-18750000,3797650,4838688,3060828,0,0,0,0,0,0,0
1748637920867,-18750000,3775657,4747046,3519040,0,0,0,0,0,0,0
1748637920967,-18750000,3749997,4765376,3995579,0,0,0,0,0,0,0
1748637921067,-18750000,3757328,4710389,4490448,0,0,0,0,0,0,0
1748637921167,-18750000,3746331,4802032,4930331,0,0,0,0,0,0,0
1748637921267,-18750000,3782988,4710389,5388543,0,0,0,0,0,0,0
1748637921367,-18750000,3812314,4765376,5681797,0,0,0,0,0,0,0
1748637921467,-18750000,3856302,4857018,5791769,0,0,0,0,0,0,0
1748637921567,-18750000,3889293,4802032,5865082,0,0,0,0,0,0,0
1748637921667,-18750000,3940613,4820362,5920068,0,0,0,0,0,0,0
1748637921767,-18750000,3977269,4912004,5975054,0,0,0,0,0,0,0
1748637921867,-18750000,4013925,4948661,5828426,0,0,0,0,0,0,0
1748637921967,-18750000,4039585,4930331,5590158,0,0,0,0,0,0,0
1748637922067,-18750000,4061579,4893674,5223588,0,0,0,0,0,0,0
1748637922167,-18750000,4076242,4765376,4857022,0,0,0,0,0,0,0
1748637922267,-18750000,4054248,4802032,4490452,0,0,0,0,0,0,0
1748637922367,-18750000,4043251,4783702,4270511,0,0,0,0,0,0,0
1748637922467,-18750000,4032254,4747046,4178868,0,0,0,0,0,0,0
1748637922567,-18750000,4017591,4820362,4087226,0,0,0,0,0,0,0
1748637922667,-18750000,3988265,4893674,4050566,0,0,0,0,0,0,0
1748637922767,-18750000,3966272,4838688,4013909,0,0,0,0,0,0,0
1748637922867,-18750000,3969938,4857018,4142208,0,0,0,0,0,0,0
1748637922967,-18750000,3984600,4802032,4380476,0,0,0,0,0,0,0
1748637923067,-18750000,3991931,4893674,4765372,0,0,0,0,0,0,0
1748637923167,-18750000,4017592,4930331,5205254,0,0,0,0,0,0,0
1748637923267,-18750000,4065245,5021973,5480182,0,0,0,0,0,0,0
1748637923367,-18750000,4109234,5003647,5388539,0,0,0,0,0,0,0
1748637923467,-18750000,4109234,5003647,5388539,0,0,0,0,0,0,0
1748637923567,-18750000,4109234,5003647,5388539,0,0,0,0,0,0,0
1748637923667,-18750000,4109234,5003647,5388539,0,0,0,0,0,0,0
1748637923767,-18750000,4109234,5003647,5388539,0,0,0,0,0,0,0
1748637923867,-18750000,4109234,5003647,5388539,0,0,0,0,0,0,0
1748637923967,-18750000,4109234,5003647,5388539,0,0,0,0,0,0,0
1748637924067,-18750000,4109234,5003647,5388539,0,0,0,0,0,0,0
1748637924167,-18750000,4109234,5003647,5388539,0,0,0,0,0,0,0
1748637924267,-18750000,4109234,5003647,5388539,0,0,0,0,0,0,0
1748637924367,-18750000,4109234,5003647,5388539,0,0,0,0,0,0,0
1748637924467,-18750000,4061579,4912004,4985313,0,0,0,0,0,0,0
1748637924567,-18750000,4002929,4838688,4527104,0,0,0,0,0,0,0
1748637924667,-18750000,3947944,4655407,4032239,0,0,0,0,0,0,0
1748637924767,-18750000,3885627,4673737,3610683,0,0,0,0,0,0,0
1748637924867,-18750000,3793985,4563764,3427402,0,0,0,0,0,0,0
1748637924967,-18750000,3709674,4563764,3299103,0,0,0,0,0,0,0
1748637925067,-18750000,3614367,4435466,3189134,0,0,0,0,0,0,0
1748637925167,-18750000,3537387,4343827,3115818,0,0,0,0,0,0,0
1748637925267,-18750000,3442079,4233854,3097492,0,0,0,0,0,0,0
1748637925367,-18750000,3350436,4178868,3317433,0,0,0,0,0,0,0
1748637925467,-18750000,3357767,4215524,3812302,0,0,0,0,0,0,0
1748637925567,-18750000,3376095,4197198,4307167,0,0,0,0,0,0,0
1748637925667,-18750000,3416417,4288837,4820362,0,0,0,0,0,0,0
1748637925767,-18750000,3438411,4270507,5351887,0,0,0,0,0,0,0
1748637925867,-18750000,3486065,4362149,5571828,0,0,0,0,0,0,0
1748637925967,-18750000,3541050,4362149,5755113,0,0,0,0,0,0,0
1748637926067,-18750000,3592369,4417132,5846756,0,0,0,0,0,0,0
1748637926167,-18750000,3643689,4545431,5920072,0,0,0,0,0,0,0
1748637926267,-18750000,3713337,4655403,6011714,0,0,0,0,0,0,0
1748637926367,-18750000,3764656,4710389,6066701,0,0,0,0,0,0,0
1748637926467,-18750000,3819642,4783706,6085031,0,0,0,0,0,0,0
1748637926567,-18750000,3874627,4912004,6158347,0,0,0,0,0,0,0
1748637926667,-18750000,3918616,4985321,6176677,0,0,0,0,0,0,0
1748637926767,-18750000,3980933,5003651,6140021,0,0,0,0,0,0,0
1748637926867,-18750000,4032252,4966994,6176677,0,0,0,0,0,0,0
1748637926967,-18750000,4079906,5058637,6176677,0,0,0,0,0,0,0
1748637927067,-18750000,4131226,5095293,6213333,0,0,0,0,0,0,0
1748637927167,-18750000,4171549,5076963,6249989,0,0,0,0,0,0,0
1748637927267,-18750000,4197209,5058633,6304972,0,0,0,0,0,0,0
1748637927367,-18750000,4237532,5095289,6304972,0,0,0,0,0,0,0
1748637927467,-18750000,4266857,5131945,6359954,0,0,0,0,0,0,0
1748637927567,-18750000,4303514,5131945,6378281,0,0,0,0,0,0,0
1748637927667,-18750000,4318177,5095289,6396607,0,0,0,0,0,0,0
1748637927767,-18750000,4354834,5168602,6414937,0,0,0,0,0,0,0
1748637927867,-18750000,4391491,5241914,6433263,0,0,0,0,0,0,0
1748637927967,-18750000,4431813,5260244,6469919,0,0,0,0,0,0,0
1748637928067,-18750000,4450142,5351887,6506576,0,0,0,0,0,0,0
1748637928167,-18750000,4479467,5425199,6488246,0,0,0,0,0,0,0
1748637928267,-18750000,4501462,5443529,6488246,0,0,0,0,0,0,0
1748637928367,-18750000,4527122,5461856,6451589,0,0,0,0,0,0,0
1748637928467,-18750000,4578441,5498512,6396607,0,0,0,0,0,0,0
1748637928567,-18750000,4604101,5480182,6396607,0,0,0,0,0,0,0
1748637928667,-18750000,4662752,5498508,6414937,0,0,0,0,0,0,0
1748637928767,-18750000,4677416,5461852,6469919,0,0,0,0,0,0,0
1748637928867,-18750000,4692078,5590151,6451593,0,0,0,0,0,0,0
1748637928967,-18750000,4688413,5626807,6488249,0,0,0,0,0,0,0
1748637929067,-18750000,4710407,5645137,6469919,0,0,0,0,0,0,0
1748637929167,-18750000,4732400,5645137,6524906,0,0,0,0,0,0,0
1748637929267,-18750000,4765391,5645137,6561562,0,0,0,0,0,0,0
1748637929367,-18750000,4783720,5700123,6598218,0,0,0,0,0,0,0
1748637929467,-18750000,4772723,5718453,6653200,0,0,0,0,0,0,0
1748637929567,-18750000,4794717,5736783,6634874,0,0,0,0,0,0,0
1748637929667,-18750000,4813046,5791769,6726517,0,0,0,0,0,0,0
1748637929767,-18750000,4842371,5810099,6689860,0,0,0,0,0,0,0
1748637929867,-18750000,4871696,5681801,6689860,0,0,0,0,0,0,0
1748637929967,-18750000,4893690,5718457,6653204,0,0,0,0,0,0,0
1748637930067,-18750000,4919350,5700127,6708190,0,0,0,0,0,0,0
1748637930167,-18750000,4948676,5700127,6708190,0,0,0,0,0,0,0
1748637930267,-18750000,4956007,5810096,6671534,0,0,0,0,0,0,0
1748637930367,-18750000,4970669,5883408,6799833,0,0,0,0,0,0,0
1748637930467,-18750000,4996329,5901734,6836489,0,0,0,0,0,0,0
1748637930567,-18750000,5021989,5901734,6873146,0,0,0,0,0,0,0
1748637930667,-18750000,5018323,5938390,6836486,0,0,0,0,0,0,0
1748637930767,-18750000,5032986,6030033,6873142,0,0,0,0,0,0,0
1748637930867,-18750000,5047649,6066689,6928124,0,0,0,0,0,0,0
1748637930967,-18750000,5069643,6030033,6946454,0,0,0,0,0,0,0
1748637931067,-18750000,5087972,6011707,6891468,0,0,0,0,0,0,0
1748637931167,-18750000,5073308,6103349,6873138,0,0,0,0,0,0,0
1748637931267,-18750000,5091637,6066693,6891468,0,0,0,0,0,0,0
1748637931367,-18750000,5106300,5993380,6836482,0,0,0,0,0,0,0
1748637931467,-18750000,5117297,5901738,6799826,0,0,0,0,0,0,0
1748637931567,-18750000,5113631,5956724,6781496,0,0,0,0,0,0,0
1748637931667,-18750000,5120963,5938398,6726513,0,0,0,0,0,0,0
1748637931767,-18750000,5146622,5901742,6726513,0,0,0,0,0,0,0
1748637931867,-18750000,5146622,5901742,6726513,0,0,0,0,0,0,0
1748637931967,-18750000,5150288,5883412,6726513,0,0,0,0,0,0,0
1748637932067,-18750000,5153954,5956724,6726513,0,0,0,0,0,0,0
1748637932167,-18750000,5172282,5938398,6726513,0,0,0,0,0,0,0
1748637932267,-18750000,5183279,5883412,6744839,0,0,0,0,0,0,0
1748637932367,-18750000,5183279,5865086,6708183,0,0,0,0,0,0,0
1748637932467,-18750000,5197943,5993384,6708183,0,0,0,0,0,0,0
1748637932567,-18750000,5212606,6030041,6726513,0,0,0,0,0,0,0
1748637932667,-18750000,5223603,6048367,6744839,0,0,0,0,0,0,0
1748637932767,-18750000,5227269,6011707,6726513,0,0,0,0,0,0,0
1748637932867,-18750000,5241932,5993381,6726513,0,0,0,0,0,0,0
1748637932967,-18750000,5249264,6011711,6763169,0,0,0,0,0,0,0
1748637933067,-18750000,5267592,6048367,6818156,0,0,0,0,0,0,0
1748637933167,-18750000,5278589,6085023,6854816,0,0,0,0,0,0,0
1748637933267,-18750000,5278589,6121683,6854816,0,0,0,0,0,0,0
1748637933367,-18750000,5296918,6121683,6873142,0,0,0,0,0,0,0
1748637933467,-18750000,5285921,6121683,6909798,0,0,0,0,0,0,0
1748637933567,-18750000,5289586,6121683,6946454,0,0,0,0,0,0,0
1748637933667,-18750000,5311580,6085027,7001440,0,0,0,0,0,0,0
1748637933767,-18750000,5315246,6268312,7001440,0,0,0,0,0,0,0
1748637933867,-18750000,5329908,6323298,7001440,0,0,0,0,0,0,0
1748637933967,-18750000,5355568,6378284,7019770,0,0,0,0,0,0,0
1748637934067,-18750000,5362899,6378284,7019770,0,0,0,0,0,0,0
1748637934167,-18750000,5377561,6341628,7001440,0,0,0,0,0,0,0
1748637934267,-18750000,5384893,6341628,7019770,0,0,0,0,0,0,0
1748637934367,-18750000,5392224,6341628,7019770,0,0,0,0,0,0,0
1748637934467,-18750000,5414218,6286646,7093087,0,0,0,0,0,0,0
1748637934567,-18750000,5425215,6268316,7074757,0,0,0,0,0,0,0
1748637934667,-18750000,5414218,6286646,7093087,0,0,0,0,0,0,0
1748637934767,-18750000,5414218,6195003,7093087,0,0,0,0,0,0,0
1748637934867,-18750000,5395890,6213329,7111417,0,0,0,0,0,0,0
1748637934967,-18750000,5373895,6194999,7111417,0,0,0,0,0,0,0
1748637935067,-18750000,5373895,6213329,7129747,0,0,0,0,0,0,0
1748637935167,-18750000,5366564,6249986,7093090,0,0,0,0,0,0,0
1748637935267,-18750000,5362899,6304968,7111420,0,0,0,0,0,0,0
1748637935367,-18750000,5377562,6396607,7111420,0,0,0,0,0,0,0
1748637935467,-18750000,5373896,6433263,7111420,0,0,0,0,0,0,0
1748637935567,-18750000,5373896,6451593,7111420,0,0,0,0,0,0,0
1748637935667,-18750000,5388559,6506576,7111420,0,0,0,0,0,0,0
1748637935767,-18750000,5388559,6451593,7093090,0,0,0,0,0,0,0
1748637935867,-18750000,5399556,6451593,7074760,0,0,0,0,0,0,0
1748637935967,-18750000,5425216,6506579,7074760,0,0,0,0,0,0,0
1748637936067,-18750000,5417885,6359951,7019774,0,0,0,0,0,0,0
1748637936167,-18750000,5410553,6286638,7038100,0,0,0,0,0,0,0
1748637936267,-18750000,5425216,6231656,7001440,0,0,0,0,0,0,0
1748637936367,-18750000,5410553,6066701,7019770,0,0,0,0,0,0,0
1748637936467,-18750000,5428882,6066701,6964784,0,0,0,0,0,0,0
1748637936567,-18750000,5436213,6085027,7001444,0,0,0,0,0,0,0
1748637936667,-18750000,5436213,5993384,6964784,0,0,0,0,0,0,0
1748637936767,-18750000,5439878,5975054,7038100,0,0,0,0,0,0,0
1748637936867,-18750000,5436212,5975054,7074760,0,0,0,0,0,0,0
1748637936967,-18750000,5428881,5920068,7093087,0,0,0,0,0,0,0
1748637937067,-18750000,5425215,6030041,7129743,0,0,0,0,0,0,0
1748637937167,-18750000,5439877,6011711,7148073,0,0,0,0,0,0,0
1748637937267,-18750000,5443543,6066693,7184733,0,0,0,0,0,0,0
1748637937367,-18750000,5465536,6176666,7148077,0,0,0,0,0,0,0
1748637937467,-18750000,5476533,6103349,7148077,0,0,0,0,0,0,0
1748637937567,-18750000,5454539,6048367,7093090,0,0,0,0,0,0,0
1748637937667,-18750000,5458205,6194996,7129750,0,0,0,0,0,0,0
1748637937767,-18750000,5469203,6231652,7056434,0,0,0,0,0,0,0
1748637937867,-18750000,5472869,6268308,7019774,0,0,0,0,0,0,0
1748637937967,-18750000,5472869,6268308,6983118,0,0,0,0,0,0,0
1748637938067,-18750000,5472869,6249978,6946462,0,0,0,0,0,0,0
1748637938167,-18750000,5480201,6304964,6928132,0,0,0,0,0,0,0
1748637938267,-18750000,5491198,6249982,6909802,0,0,0,0,0,0,0
1748637938367,-18750000,5491198,6268308,6983114,0,0,0,0,0,0,0
1748637938467,-18750000,5480201,6378281,7038101,0,0,0,0,0,0,0
1748637938567,-18750000,5498529,6414937,7019771,0,0,0,0,0,0,0
1748637938667,-18750000,5487532,6304968,6983111,0,0,0,0,0,0,0
1748637938767,-18750000,5480201,6341624,7056427,0,0,0,0,0,0,0
1748637938867,-18750000,5487532,6286642,7074757,0,0,0,0,0,0,0
1748637938967,-18750000,5483866,6304972,7019771,0,0,0,0,0,0,0
1748637939067,-18750000,5483866,6341628,7019771,0,0,0,0,0,0,0
1748637939167,-18750000,5480200,6359954,7001444,0,0,0,0,0,0,0
1748637939267,-18750000,5483866,6414937,6964788,0,0,0,0,0,0,0
1748637939367,-18750000,5469203,6451593,6909802,0,0,0,0,0,0,0
1748637939467,-18750000,5450875,6341621,6854816,0,0,0,0,0,0,0
1748637939567,-18750000,5461872,6323291,6891472,0,0,0,0,0,0,0
1748637939667,-18750000,5465537,6378273,6964788,0,0,0,0,0,0,0
1748637939767,-18750000,5465537,6378273,6946458,0,0,0,0,0,0,0
1748637939867,-18750000,5454540,6433256,6909802,0,0,0,0,0,0,0
1748637939967,-18750000,5465537,6396599,6928132,0,0,0,0,0,0,0
1748637940067,-18750000,5465537,6396599,6891476,0,0,0,0,0,0,0
1748637940167,-18750000,5461871,6341617,6928132,0,0,0,0,0,0,0
1748637940267,-18750000,5458205,6249974,6946458,0,0,0,0,0,0,0
1748637940367,-18750000,5465537,6213318,6964788,0,0,0,0,0,0,0
1748637940467,-18750000,5480199,6231648,6946458,0,0,0,0,0,0,0
1748637940567,-18750000,5483865,6194992,6946458,0,0,0,0,0,0,0
1748637940667,-18750000,5487531,6176666,6891472,0,0,0,0,0,0,0
1748637940767,-18750000,5487531,6194996,6873142,0,0,0,0,0,0,0
1748637940867,-18750000,5483866,6231652,6873142,0,0,0,0,0,0,0
1748637940967,-18750000,5483866,6194992,6891468,0,0,0,0,0,0,0
1748637941067,-18750000,5487532,6103349,6928124,0,0,0,0,0,0,0
1748637941167,-18750000,5483867,6140006,6946454,0,0,0,0,0,0,0
1748637941267,-18750000,5472869,6231648,6964784,0,0,0,0,0,0,0
1748637941367,-18750000,5472869,6213322,6946454,0,0,0,0,0,0,0
1748637941467,-18750000,5476535,6249978,6964784,0,0,0,0,0,0,0
1748637941567,-18750000,5454541,6323291,6964784,0,0,0,0,0,0,0
1748637941667,-18750000,5461872,6304961,6946454,0,0,0,0,0,0,0
1748637941767,-18750000,5454541,6231648,6964784,0,0,0,0,0,0,0
1748637941867,-18750000,5472869,6103349,7001440,0,0,0,0,0,0,0
1748637941967,-18750000,5465538,6158336,7019770,0,0,0,0,0,0,0
1748637942067,-18750000,5491198,6249978,7038097,0,0,0,0,0,0,0
1748637942167,-18750000,5491198,6231648,7019767,0,0,0,0,0,0,0
1748637942267,-18750000,5483867,6231648,6983110,0,0,0,0,0,0,0
1748637942367,-18750000,5483867,6249974,7019770,0,0,0,0,0,0,0
1748637942467,-18750000,5469203,6194988,7019770,0,0,0,0,0,0,0
1748637942567,-18750000,5465538,6066689,7001444,0,0,0,0,0,0,0
1748637942667,-18750000,5447210,6030033,7019774,0,0,0,0,0,0,0
1748637942767,-18750000,5443544,6085016,7001444,0,0,0,0,0,0,0
1748637942867,-18750000,5421549,6158332,6946458,0,0,0,0,0,0,0
1748637942967,-18750000,5410552,6194988,6946458,0,0,0,0,0,0,0
1748637943067,-18750000,5384892,6213318,7001444,0,0,0,0,0,0,0
1748637943167,-18750000,5384892,6213318,7001444,0,0,0,0,0,0,0
1748637943267,-18750000,5384892,6213318,7001444,0,0,0,0,0,0,0
1748637943367,-18750000,5384892,6213318,7001444,0,0,0,0,0,0,0
1748637943467,-18750000,5384892,6213318,7001444,0,0,0,0,0,0,0
1748637943567,-18750000,5384892,6213318,7001444,0,0,0,0,0,0,0
1748637943667,-18750000,5384892,6213318,7001444,0,0,0,0,0,0,0
1748637943767,-18750000,5384892,6213318,7001444,0,0,0,0,0,0,0
1748637943867,-18750000,5384892,6213318,7001444,0,0,0,0,0,0,0
1748637943967,-18750000,5384892,6213318,7001444,0,0,0,0,0,0,0
1748637944067,-18750000,5384892,6213318,7001444,0,0,0,0,0,0,0
1748637944167,-18750000,5373895,6140006,6983114,0,0,0,0,0,0,0
1748637944267,-18750000,5355566,6085023,6909798,0,0,0,0,0,0,0
1748637944367,-18750000,5359232,6121683,6634871,0,0,0,0,0,0,0
1748637944467,-18750000,5377561,6341624,6323287,0,0,0,0,0,0,0
1748637944567,-18750000,5366564,6396611,5920061,0,0,0,0,0,0,0
1748637944667,-18750000,5359233,6359954,5443522,0,0,0,0,0,0,0
1748637944767,-18750000,5366564,6323298,4985313,0,0,0,0,0,0,0
1748637944867,-18750000,5351902,6249986,4472118,0,0,0,0,0,0,0
1748637944967,-18750000,5333573,6158343,3848951,0,0,0,0,0,0,0
1748637945067,-18750000,5333573,6194999,3354082,0,0,0,0,0,0,0
1748637945167,-18750000,5333573,6158343,2767571,0,0,0,0,0,0,0
1748637945267,-18750000,5333573,6176669,2254376,0,0,0,0,0,0,0
1748637945367,-18750000,5333573,6158339,1942792,0,0,0,0,0,0,0
1748637945467,-18750000,5311579,6011714,1722851,0,0,0,0,0,0,0
1748637945567,-18750000,5311579,5938398,1521239,0,0,0,0,0,0,0
1748637945667,-18750000,5307914,5883412,1392941,0,0,0,0,0,0,0
1748637945767,-18750000,5307914,5883412,1337954,0,0,0,0,0,0,0
1748637945867,-18750000,5285919,5901738,1264638,0,0,0,0,0,0,0
1748637945967,-18750000,5285919,5956724,1282968,0,0,0,0,0,0,0
1748637946067,-18750000,5289585,5920068,1191329,0,0,0,0,0,0,0
1748637946167,-18750000,5278588,5993381,1246316,0,0,0,0,0,0,0
1748637946267,-18750000,5267591,5993381,1227986,0,0,0,0,0,0,0
1748637946367,-18750000,5260260,6011711,1227986,0,0,0,0,0,0,0
1748637946467,-18750000,5260260,6011711,1154673,0,0,0,0,0,0,0
1748637946567,-18750000,5245598,6085027,1172999,0,0,0,0,0,0,0
1748637946667,-18750000,5238266,6085027,1227986,0,0,0,0,0,0,0
1748637946767,-18750000,5219937,6176669,1227986,0,0,0,0,0,0,0
1748637946867,-18750000,5219937,6213326,1227986,0,0,0,0,0,0,0
1748637946967,-18750000,5227269,6213326,1227986,0,0,0,0,0,0,0
1748637947067,-18750000,5212606,6176666,1282968,0,0,0,0,0,0,0
1748637947167,-18750000,5216272,6176666,1227982,0,0,0,0,0,0,0
1748637947267,-18750000,5190611,6103353,1227982,0,0,0,0,0,0,0
1748637947367,-18750000,5183280,6121679,1209656,0,0,0,0,0,0,0
1748637947467,-18750000,5201609,6140009,1209656,0,0,0,0,0,0,0
1748637947567,-18750000,5205274,6213322,1319624,0,0,0,0,0,0,0
1748637947667,-18750000,5201609,6231648,1319624,0,0,0,0,0,0,0
1748637947767,-18750000,5205274,6231648,1319624,0,0,0,0,0,0,0
1748637947867,-18750000,5194277,6194992,1319624,0,0,0,0,0,0,0
1748637947967,-18750000,5172283,6194992,1337951,0,0,0,0,0,0,0
1748637948067,-18750000,5197943,6194992,1282964,0,0,0,0,0,0,0
1748637948167,-18750000,5175948,6304964,1282964,0,0,0,0,0,0,0
1748637948267,-18750000,5201609,6341621,1282964,0,0,0,0,0,0,0
1748637948367,-18750000,5175949,6323294,1282964,0,0,0,0,0,0,0
1748637948467,-18750000,5153954,6268308,1301291,0,0,0,0,0,0,0
1748637948567,-18750000,5146623,6194996,1301291,0,0,0,0,0,0,0
1748637948667,-18750000,5146623,6140013,1282964,0,0,0,0,0,0,0
1748637948767,-18750000,5128295,6085031,1246308,0,0,0,0,0,0,0
1748637948867,-18750000,5128295,6066701,1191326,0,0,0,0,0,0,0
1748637948967,-18750000,5139292,6030044,1136343,0,0,0,0,0,0,0
1748637949067,-18750000,5102635,5901746,1209656,0,0,0,0,0,0,0
1748637949167,-18750000,5106301,5938402,1136343,0,0,0,0,0,0,0
1748637949267,-18750000,5076975,5956732,1136343,0,0,0,0,0,0,0
1748637949367,-18750000,5069643,5993388,1154673,0,0,0,0,0,0,0
1748637949467,-18750000,5065978,5956732,1118017,0,0,0,0,0,0,0
1748637949567,-18750000,5062313,5846759,1044704,0,0,0,0,0,0,0
1748637949667,-18750000,5051315,5810099,1044704,0,0,0,0,0,0,0
1748637949767,-18750000,5043984,5736783,1081361,0,0,0,0,0,0,0
1748637949867,-18750000,5014658,5791769,1063031,0,0,0,0,0,0,0
1748637949967,-18750000,4985333,5773439,1044701,0,0,0,0,0,0,0
1748637950067,-18750000,4970670,5773439,1063031,0,0,0,0,0,0,0
1748637950167,-18750000,4945010,5663467,1026374,0,0,0,0,0,0,0
1748637950267,-18750000,4923016,5498508,1008048,0,0,0,0,0,0,0
1748637950367,-18750000,4897356,5480178,934736,0,0,0,0,0,0,0
1748637950467,-18750000,4849702,5590147,971392,0,0,0,0,0,0,0
1748637950567,-18750000,4802048,5681789,1044704,0,0,0,0,0,0,0
1748637950667,-18750000,4769057,5663463,989718,0,0,0,0,0,0,0
1748637950767,-18750000,4747063,5700119,1008044,0,0,0,0,0,0,0
1748637950867,-18750000,4717737,5645133,1008044,0,0,0,0,0,0,0
1748637950967,-18750000,4699409,5608477,1008044,0,0,0,0,0,0,0
1748637951067,-18750000,4677415,5663463,971388,0,0,0,0,0,0,0
1748637951167,-18750000,4655420,5608481,1044701,0,0,0,0,0,0,0
1748637951267,-18750000,4618763,5700123,1063027,0,0,0,0,0,0,0
1748637951367,-18750000,4582106,5626811,1063027,0,0,0,0,0,0,0
1748637951467,-18750000,4549115,5498512,1081357,0,0,0,0,0,0,0
1748637951567,-18750000,4527121,5443526,1081357,0,0,0,0,0,0,0
1748637951667,-18750000,4501461,5443526,1044701,0,0,0,0,0,0,0
1748637951767,-18750000,4461138,5370213,1081357,0,0,0,0,0,0,0
1748637951867,-18750000,4431813,5278571,1008044,0,0,0,0,0,0,0
1748637951967,-18750000,4373162,5278571,1008044,0,0,0,0,0,0,0
1748637952067,-18750000,4321842,5168598,971388,0,0,0,0,0,0,0
1748637952167,-18750000,4270522,5131938,953062,0,0,0,0,0,0,0
1748637952267,-18750000,4237531,5095282,916406,0,0,0,0,0,0,0
1748637952367,-18750000,4193543,4985309,953062,0,0,0,0,0,0,0
1748637952467,-18750000,4138558,4911997,879749,0,0,0,0,0,0,0
1748637952567,-18750000,4094570,4875341,806437,0,0,0,0,0,0,0
1748637952667,-18750000,4024922,4783698,824767,0,0,0,0,0,0,0
1748637952767,-18750000,3980933,4783698,751454,0,0,0,0,0,0,0
1748637952867,-18750000,3918617,4728716,916409,0,0,0,0,0,0,0
1748637952967,-18750000,3885626,4637073,1264649,0,0,0,0,0,0,0
1748637953067,-18750000,3837972,4582091,1722858,0,0,0,0,0,0,0
1748637953167,-18750000,3808647,4637077,2126084,0,0,0,0,0,0,0
1748637953267,-18750000,3768325,4527108,2620953,0,0,0,0,0,0,0
1748637953367,-18750000,3775657,4600424,3115822,0,0,0,0,0,0,0
1748637953467,-18750000,3782988,4545438,3647347,0,0,0,0,0,0,0
1748637953567,-18750000,3775657,4545438,4160542,0,0,0,0,0,0,0
1748637953667,-18750000,3786653,4600424,4673737,0,0,0,0,0,0,0
1748637953767,-18750000,3808648,4618754,5186936,0,0,0,0,0,0,0
1748637953867,-18750000,3852636,4637081,5516849,0,0,0,0,0,0,0
1748637953967,-18750000,3889292,4710397,5498523,0,0,0,0,0,0,0
1748637954067,-18750000,3929615,4692067,5333568,0,0,0,0,0,0,0
1748637954167,-18750000,3947942,4655411,5095297,0,0,0,0,0,0,0
1748637954267,-18750000,3988265,4747053,4673741,0,0,0,0,0,0,0
1748637954367,-18750000,3977267,4710393,4252184,0,0,0,0,0,0,0
1748637954467,-18750000,3973602,4857022,3775642,0,0,0,0,0,0,0
1748637954567,-18750000,3955274,4783709,3354086,0,0,0,0,0,0,0
1748637954667,-18750000,3944277,4765379,2840891,0,0,0,0,0,0,0
1748637954767,-18750000,3907620,4618751,2346022,0,0,0,0,0,0,0
1748637954867,-18750000,3863632,4655407,2034438,0,0,0,0,0,0,0
1748637954967,-18750000,3808647,4582091,1961122,0,0,0,0,0,0,0
1748637955067,-18750000,3749996,4637077,2107750,0,0,0,0,0,0,0
1748637955167,-18750000,3720671,4600421,2309362,0,0,0,0,0,0,0
1748637955267,-18750000,3695012,4563761,2694262,0,0,0,0,0,0,0
1748637955367,-18750000,3665686,4527104,3042502,0,0,0,0,0,0,0
1748637955467,-18750000,3647357,4453788,3464058,0,0,0,0,0,0,0
1748637955567,-18750000,3673017,4472114,3885614,0,0,0,0,0,0,0
1748637955667,-18750000,3676682,4490444,4453795,0,0,0,0,0,0,0
1748637955767,-18750000,3684014,4582087,4948664,0,0,0,0,0,0,0
1748637955867,-18750000,3706007,4563760,5370217,0,0,0,0,0,0,0
1748637955967,-18750000,3742664,4618747,5590158,0,0,0,0,0,0,0
1748637956067,-18750000,3790317,4692059,5608484,0,0,0,0,0,0,0
1748637956167,-18750000,3845303,4655403,5736787,0,0,0,0,0,0,0
1748637956267,-18750000,3874628,4692063,5810099,0,0,0,0,0,0,0
1748637956367,-18750000,3922283,4783706,5810099,0,0,0,0,0,0,0
1748637956467,-18750000,3966271,4802036,5681801,0,0,0,0,0,0,0
1748637956567,-18750000,3973603,4875352,5425203,0,0,0,0,0,0,0
1748637956667,-18750000,3988265,4857022,5003647,0,0,0,0,0,0,0
1748637956767,-18750000,3999263,4857022,4600421,0,0,0,0,0,0,0
1748637956867,-18750000,4017591,4912008,4215524,0,0,0,0,0,0,0
1748637956967,-18750000,4002929,4857022,4068899,0,0,0,0,0,0,0
1748637957067,-18750000,4002929,4765379,3977257,0,0,0,0,0,0,0
1748637957167,-18750000,3977268,4857022,3940597,0,0,0,0,0,0,0
1748637957267,-18750000,3962605,4802036,3848954,0,0,0,0,0,0,0
1748637957367,-18750000,3955274,4783709,3922271,0,0,0,0,0,0,0
1748637957467,-18750000,3940611,4765379,4123882,0,0,0,0,0,0,0
1748637957567,-18750000,3933279,4765379,4417136,0,0,0,0,0,0,0
1748637957667,-18750000,3962604,4747049,4765376,0,0,0,0,0,0,0
1748637957767,-18750000,3988264,4728719,5186928,0,0,0,0,0,0,0
1748637957867,-18750000,4010258,4692059,5461856,0,0,0,0,0,0,0
1748637957967,-18750000,4050581,4783702,5461856,0,0,0,0,0,0,0
1748637958067,-18750000,4054247,4930331,5333557,0,0,0,0,0,0,0
1748637958167,-18750000,4072576,4985313,5021973,0,0,0,0,0,0,0
1748637958267,-18750000,4068911,5040299,4710389,0,0,0,0,0,0,0
1748637958367,-18750000,4054247,5021969,4398806,0,0,0,0,0,0,0
1748637958467,-18750000,4046916,5058629,4197194,0,0,0,0,0,0,0
1748637958567,-18750000,4043251,5040299,4087226,0,0,0,0,0,0,0
1748637958667,-18750000,4024922,5040299,4050569,0,0,0,0,0,0,0
1748637958767,-18750000,4002928,5058629,3940601,0,0,0,0,0,0,0
1748637958867,-18750000,3995596,5095289,4050569,0,0,0,0,0,0,0
1748637958967,-18750000,3969935,5150276,4215524,0,0,0,0,0,0,0
1748637959067,-18750000,3966269,5113619,4563764,0,0,0,0,0,0,0
1748637959167,-18750000,3966269,5131949,4893678,0,0,0,0,0,0,0
1748637959267,-18750000,3980932,5131949,5260248,0,0,0,0,0,0,0
1748637959367,-18750000,4032251,5131949,5480189,0,0,0,0,0,0,0
1748637959467,-18750000,4072574,5113619,5461859,0,0,0,0,0,0,0
1748637959567,-18750000,4105565,5186932,5241918,0,0,0,0,0,0,0
1748637959667,-18750000,4120229,5296904,4912008,0,0,0,0,0,0,0
1748637959767,-18750000,4138557,5388547,4600424,0,0,0,0,0,0,0
1748637959867,-18750000,4134892,5370217,4123886,0,0,0,0,0,0,0
1748637959967,-18750000,4134892,5278574,3665673,0,0,0,0,0,0,0
1748637960067,-18750000,4109232,5205258,3152478,0,0,0,0,0,0,0
1748637960167,-18750000,4076241,5040303,2675939,0,0,0,0,0,0,0
1748637960267,-18750000,4039584,4985317,2107758,0,0,0,0,0,0,0
1748637960367,-18750000,3969936,4948661,1741188,0,0,0,0,0,0,0
1748637960467,-18750000,3889291,4857018,1741188,0,0,0,0,0,0,0
1748637960567,-18750000,3830640,4673737,1924469,0,0,0,0,0,0,0
1748637960667,-18750000,3790317,4527108,2199393,0,0,0,0,0,0,0
1748637960767,-18750000,3742664,4453792,2510977,0,0,0,0,0,0,0
1748637960867,-18750000,3687678,4472122,2914203,0,0,0,0,0,0,0
1748637960967,-18750000,3658353,4472122,3354086,0,0,0,0,0,0,0
1748637961067,-18750000,3676682,4490452,3812298,0,0,0,0,0,0,0
1748637961167,-18750000,3665684,4527108,4325493,0,0,0,0,0,0,0
1748637961267,-18750000,3702341,4563764,4875344,0,0,0,0,0,0,0
1748637961367,-18750000,3709673,4618751,5278571,0,0,0,0,0,0,0
1748637961467,-18750000,3757327,4747049,5260244,0,0,0,0,0,0,0
1748637961567,-18750000,3790318,4875348,5113619,0,0,0,0,0,0,0
1748637961667,-18750000,3779320,4912004,4893678,0,0,0,0,0,0,0
1748637961767,-18750000,3793983,4948664,4545434,0,0,0,0,0,0,0
1748637961867,-18750000,3823309,4875348,4197194,0,0,0,0,0,0,0
1748637961967,-18750000,3830640,4857018,4050569,0,0,0,0,0,0,0
1748637962067,-18750000,3815977,4802032,3977253,0,0,0,0,0,0,0
1748637962167,-18750000,3815977,4820358,3885610,0,0,0,0,0,0,0
1748637962267,-18750000,3790318,4783702,3903940,0,0,0,0,0,0,0
1748637962367,-18750000,3793983,4783702,3940597,0,0,0,0,0,0,0
1748637962467,-18750000,3782987,4728716,4123878,0,0,0,0,0,0,0
1748637962567,-18750000,3760993,4673729,4398806,0,0,0,0,0,0,0
1748637962667,-18750000,3786653,4655403,4728719,0,0,0,0,0,0,0
1748637962767,-18750000,3786653,4655403,4728719,0,0,0,0,0,0,0
1748637962867,-18750000,3786653,4655403,4728719,0,0,0,0,0,0,0
1748637962967,-18750000,3786653,4655403,4728719,0,0,0,0,0,0,0
1748637963067,-18750000,3786653,4655403,4728719,0,0,0,0,0,0,0
1748637963167,-18750000,3786653,4655403,4728719,0,0,0,0,0,0,0
1748637963267,-18750000,3786653,4655403,4728719,0,0,0,0,0,0,0
1748637963367,-18750000,3786653,4655403,4728719,0,0,0,0,0,0,0
1748637963467,-18750000,3786653,4655403,4728719,0,0,0,0,0,0,0
1748637963567,-18750000,3786653,4655403,4728719,0,0,0,0,0,0,0
1748637963667,-18750000,3837972,4655403,5205262,0,0,0,0,0,0,0
1748637963767,-18750000,3907620,4728719,5663471,0,0,0,0,0,0,0
1748637963867,-18750000,3988265,4783706,5901738,0,0,0,0,0,0,0
1748637963967,-18750000,4057913,4857022,6048367,0,0,0,0,0,0,0
1748637964067,-18750000,4142225,4930338,6121683,0,0,0,0,0,0,0
1748637964167,-18750000,4204541,5003651,6158339,0,0,0,0,0,0,0
1748637964267,-18750000,4277855,4948664,6249982,0,0,0,0,0,0,0
1748637964367,-18750000,4340172,5040307,6323298,0,0,0,0,0,0,0
1748637964467,-18750000,4442811,5168606,6304968,0,0,0,0,0,0,0
1748637964567,-18750000,4505128,5278574,6359954,0,0,0,0,0,0,0
1748637964667,-18750000,4560113,5315231,6396611,0,0,0,0,0,0,0
1748637964767,-18750000,4571110,5351887,6341628,0,0,0,0,0,0,0
1748637964867,-18750000,4582108,5370217,6341628,0,0,0,0,0,0,0
1748637964967,-18750000,4600436,5406873,6304972,0,0,0,0,0,0,0
1748637965067,-18750000,4604101,5498515,6396611,0,0,0,0,0,0,0
1748637965167,-18750000,4629761,5498515,6414941,0,0,0,0,0,0,0
1748637965267,-18750000,4651755,5608484,6396611,0,0,0,0,0,0,0
1748637965367,-18750000,4688412,5626814,6378281,0,0,0,0,0,0,0
1748637965467,-18750000,4684746,5626814,6451593,0,0,0,0,0,0,0
1748637965567,-18750000,4695743,5608488,6506576,0,0,0,0,0,0,0
1748637965667,-18750000,4692077,5626814,6506576,0,0,0,0,0,0,0
1748637965767,-18750000,4717737,5645141,6543232,0,0,0,0,0,0,0
1748637965867,-18750000,4743397,5553498,6543232,0,0,0,0,0,0,0
1748637965967,-18750000,4761725,5626811,6543232,0,0,0,0,0,0,0
1748637966067,-18750000,4794717,5553494,6488249,0,0,0,0,0,0,0
1748637966167,-18750000,4809380,5608481,6506576,0,0,0,0,0,0,0
1748637966267,-18750000,4835040,5645141,6524906,0,0,0,0,0,0,0
1748637966367,-18750000,4846037,5681797,6488249,0,0,0,0,0,0,0
1748637966467,-18750000,4853369,5718453,6304964,0,0,0,0,0,0,0
1748637966567,-18750000,4871697,5791766,5993384,0,0,0,0,0,0,0
1748637966667,-18750000,4886360,5828426,5590158,0,0,0,0,0,0,0
1748637966767,-18750000,4871697,5810099,5186932,0,0,0,0,0,0,0
1748637966867,-18750000,4860700,5810099,4802036,0,0,0,0,0,0,0
1748637966967,-18750000,4857034,5736787,4618751,0,0,0,0,0,0,0
1748637967067,-18750000,4849702,5718460,4527108,0,0,0,0,0,0,0
1748637967167,-18750000,4824042,5663474,4398809,0,0,0,0,0,0,0
1748637967267,-18750000,4798382,5571832,4307167,0,0,0,0,0,0,0
1748637967367,-18750000,4787386,5571832,4288837,0,0,0,0,0,0,0
1748637967467,-18750000,4787386,5498519,4435465,0,0,0,0,0,0,0
1748637967567,-18750000,4780054,5406877,4710389,0,0,0,0,0,0,0
1748637967667,-18750000,4769057,5480189,5131942,0,0,0,0,0,0,0
1748637967767,-18750000,4772723,5498515,5553494,0,0,0,0,0,0,0
1748637967867,-18750000,4783720,5626814,5938391,0,0,0,0,0,0,0
1748637967967,-18750000,4798384,5571828,6140002,0,0,0,0,0,0,0
1748637968067,-18750000,4805715,5571828,6286627,0,0,0,0,0,0,0
1748637968167,-18750000,4842372,5645144,6359943,0,0,0,0,0,0,0
1748637968267,-18750000,4882695,5681801,6433256,0,0,0,0,0,0,0
1748637968367,-18750000,4915686,5645144,6433256,0,0,0,0,0,0,0
1748637968467,-18750000,4904689,5681801,6286627,0,0,0,0,0,0,0
1748637968567,-18750000,4926683,5718457,6048359,0,0,0,0,0,0,0
1748637968667,-18750000,4937680,5571828,5626807,0,0,0,0,0,0,0
1748637968767,-18750000,4934014,5516846,5223581,0,0,0,0,0,0,0
1748637968867,-18750000,4930348,5553502,4857014,0,0,0,0,0,0,0
1748637968967,-18750000,4937679,5626814,4618747,0,0,0,0,0,0,0
1748637969067,-18750000,4923016,5663471,4472122,0,0,0,0,0,0,0
1748637969167,-18750000,4926682,5626811,4453792,0,0,0,0,0,0,0
1748637969267,-18750000,4893691,5681797,4380479,0,0,0,0,0,0,0
1748637969367,-18750000,4846037,5736783,4435466,0,0,0,0,0,0,0
1748637969467,-18750000,4864365,5736783,4582094,0,0,0,0,0,0,0
1748637969567,-18750000,4842371,5700127,4783705,0,0,0,0,0,0,0
1748637969667,-18750000,4835040,5736783,5168602,0,0,0,0,0,0,0
1748637969767,-18750000,4838706,5865082,5571828,0,0,0,0,0,0,0
1748637969867,-18750000,4853368,5883412,5920068,0,0,0,0,0,0,0
1748637969967,-18750000,4838706,5865086,6176666,0,0,0,0,0,0,0
1748637970067,-18750000,4860700,5883416,6268308,0,0,0,0,0,0,0
1748637970167,-18750000,4846038,5938402,6359951,0,0,0,0,0,0,0
1748637970267,-18750000,4868032,5938402,6396607,0,0,0,0,0,0,0
1748637970367,-18750000,4893691,5920072,6378281,0,0,0,0,0,0,0
1748637970467,-18750000,4904688,5938402,6249982,0,0,0,0,0,0,0
1748637970567,-18750000,4912019,5993388,5975054,0,0,0,0,0,0,0
1748637970667,-18750000,4934013,6066704,5608488,0,0,0,0,0,0,0
1748637970767,-18750000,4941344,6048374,5168606,0,0,0,0,0,0,0
1748637970867,-18750000,4923017,6011718,4820366,0,0,0,0,0,0,0
1748637970967,-18750000,4926682,5975062,4655411,0,0,0,0,0,0,0
1748637971067,-18750000,4923016,5956732,4545438,0,0,0,0,0,0,0
1748637971167,-18750000,4912019,5865089,4508782,0,0,0,0,0,0,0
1748637971267,-18750000,4897356,5846759,4527112,0,0,0,0,0,0,0
1748637971367,-18750000,4868031,5828433,4527112,0,0,0,0,0,0,0
1748637971467,-18750000,4853369,5883416,4692067,0,0,0,0,0,0,0
1748637971567,-18750000,4846037,5865086,4966994,0,0,0,0,0,0,0
1748637971667,-18750000,4831375,5810099,5333561,0,0,0,0,0,0,0
1748637971767,-18750000,4835041,5773443,5773443,0,0,0,0,0,0,0
1748637971867,-18750000,4842372,5755113,6194996,0,0,0,0,0,0,0
1748637971967,-18750000,4842372,5846756,6323294,0,0,0,0,0,0,0
1748637972067,-18750000,4849703,5828426,6469923,0,0,0,0,0,0,0
1748637972167,-18750000,4882694,5920068,6469923,0,0,0,0,0,0,0
1748637972267,-18750000,4890026,5956724,6488249,0,0,0,0,0,0,0
1748637972367,-18750000,4908354,5846752,6524906,0,0,0,0,0,0,0
1748637972467,-18750000,4934014,5755109,6506579,0,0,0,0,0,0,0
1748637972567,-18750000,4945011,5736783,6561566,0,0,0,0,0,0,0
1748637972667,-18750000,4948676,5773439,6634882,0,0,0,0,0,0,0
1748637972767,-18750000,4963339,5810096,6616555,0,0,0,0,0,0,0
1748637972867,-18750000,4967004,5846752,6561569,0,0,0,0,0,0,0
1748637972967,-18750000,4985333,5828422,6378284,0,0,0,0,0,0,0
1748637973067,-18750000,4974336,5883408,6011714,0,0,0,0,0,0,0
1748637973167,-18750000,4974336,5865082,5608488,0,0,0,0,0,0,0
1748637973267,-18750000,4967005,5865082,5168606,0,0,0,0,0,0,0
1748637973367,-18750000,4988999,5993380,4857022,0,0,0,0,0,0,0
1748637973467,-18750000,4967005,6048367,4692063,0,0,0,0,0,0,0
1748637973567,-18750000,4974336,6103353,4545434,0,0,0,0,0,0,0
1748637973667,-18750000,4970671,6085027,4417136,0,0,0,0,0,0,0
1748637973767,-18750000,4970671,6048371,4380479,0,0,0,0,0,0,0
1748637973867,-18750000,4974337,6048371,4270511,0,0,0,0,0,0,0
1748637973967,-18750000,4970671,5975058,4215524,0,0,0,0,0,0,0
1748637974067,-18750000,4967005,5938402,4252181,0,0,0,0,0,0,0
1748637974167,-18750000,4941345,5920072,4233851,0,0,0,0,0,0,0
1748637974267,-18750000,4934014,5920072,4288837,0,0,0,0,0,0,0
1748637974367,-18750000,4901023,5901746,4233851,0,0,0,0,0,0,0
1748637974467,-18750000,4901023,5865089,4215524,0,0,0,0,0,0,0
1748637974567,-18750000,4886360,5828429,4252181,0,0,0,0,0,0,0
1748637974667,-18750000,4893692,5846756,4215521,0,0,0,0,0,0,0
1748637974767,-18750000,4864366,5883412,4197191,0,0,0,0,0,0,0
1748637974867,-18750000,4838706,5865086,4288833,0,0,0,0,0,0,0
1748637974967,-18750000,4816712,5865086,4527104,0,0,0,0,0,0,0
1748637975067,-18750000,4813047,5828429,4802032,0,0,0,0,0,0,0
1748637975167,-18750000,4820378,5828429,5223588,0,0,0,0,0,0,0
1748637975267,-18750000,4809381,5773443,5590158,0,0,0,0,0,0,0
1748637975367,-18750000,4827710,5791769,5993384,0,0,0,0,0,0,0
1748637975467,-18750000,4816712,5810099,6213326,0,0,0,0,0,0,0
1748637975567,-18750000,4816712,5810099,6213326,0,0,0,0,0,0,0
1748637975667,-18750000,4816712,5810099,6213326,0,0,0,0,0,0,0
1748637975767,-18750000,4816712,5810099,6213326,0,0,0,0,0,0,0
1748637975867,-18750000,4816712,5810099,6213326,0,0,0,0,0,0,0
1748637975967,-18750000,4816712,5810099,6213326,0,0,0,0,0,0,0
1748637976067,-18750000,4816712,5810099,6213326,0,0,0,0,0,0,0
1748637976167,-18750000,4816712,5810099,6213326,0,0,0,0,0,0,0
1748637976267,-18750000,4816712,5810099,6213326,0,0,0,0,0,0,0
1748637976367,-18750000,4816712,5810099,6213326,0,0,0,0,0,0,0
1748637976467,-18750000,4816712,5810099,6213326,0,0,0,0,0,0,0
1748637976567,-18750000,4849703,5773443,6378284,0,0,0,0,0,0,0
1748637976667,-18750000,4893691,5755117,6506583,0,0,0,0,0,0,0
1748637976767,-18750000,4934013,5773443,6579895,0,0,0,0,0,0,0
1748637976867,-18750000,4963339,5883412,6616552,0,0,0,0,0,0,0
1748637976967,-18750000,4996330,5865082,6653208,0,0,0,0,0,0,0
1748637977067,-18750000,5025656,5846752,6689864,0,0,0,0,0,0,0
1748637977167,-18750000,5054981,5846752,6689864,0,0,0,0,0,0,0
1748637977267,-18750000,5080640,5828426,6708191,0,0,0,0,0,0,0
1748637977367,-18750000,5113631,5773439,6689861,0,0,0,0,0,0,0
1748637977467,-18750000,5124628,5755109,6708187,0,0,0,0,0,0,0
1748637977567,-18750000,5128294,5755109,6744843,0,0,0,0,0,0,0
1748637977667,-18750000,5128294,5755109,6744843,0,0,0,0,0,0,0
1748637977767,-18750000,5124629,5645141,6726513,0,0,0,0,0,0,0
1748637977867,-18750000,5142958,5681797,6708183,0,0,0,0,0,0,0
1748637977967,-18750000,5150289,5810096,6708183,0,0,0,0,0,0,0
1748637978067,-18750000,5164952,5846756,6744839,0,0,0,0,0,0,0
1748637978167,-18750000,5190612,5901742,6818152,0,0,0,0,0,0,0
1748637978267,-18750000,5194277,5956724,6818152,0,0,0,0,0,0,0
1748637978367,-18750000,5205275,6048367,6854808,0,0,0,0,0,0,0
1748637978467,-18750000,5208941,6140009,6928124,0,0,0,0,0,0,0
1748637978567,-18750000,5212606,6231652,6909798,0,0,0,0,0,0,0
1748637978667,-18750000,5208941,6176666,6891468,0,0,0,0,0,0,0
1748637978767,-18750000,5223603,6323291,6891468,0,0,0,0,0,0,0
1748637978867,-18750000,5219937,6249978,6964784,0,0,0,0,0,0,0
1748637978967,-18750000,5208940,6213322,7001440,0,0,0,0,0,0,0
1748637979067,-18750000,5208940,6286634,7001440,0,0,0,0,0,0,0
1748637979167,-18750000,5219936,6268308,6964784,0,0,0,0,0,0,0
1748637979267,-18750000,5219936,6268308,6928128,0,0,0,0,0,0,0
1748637979367,-18750000,5230934,6249978,6928128,0,0,0,0,0,0,0
1748637979467,-18750000,5238265,6158336,6928128,0,0,0,0,0,0,0
1748637979567,-18750000,5249262,6121679,6891472,0,0,0,0,0,0,0
1748637979667,-18750000,5271256,6213322,6946458,0,0,0,0,0,0,0
1748637979767,-18750000,5278587,6103353,6909802,0,0,0,0,0,0,0
1748637979867,-18750000,5282253,6140009,6891472,0,0,0,0,0,0,0
1748637979967,-18750000,5304248,6231652,6909802,0,0,0,0,0,0,0
1748637980067,-18750000,5318910,6213322,6836489,0,0,0,0,0,0,0
1748637980167,-18750000,5307914,6231648,6873145,0,0,0,0,0,0,0
1748637980267,-18750000,5318911,6213322,6891475,0,0,0,0,0,0,0
1748637980367,-18750000,5322576,6286634,6891475,0,0,0,0,0,0,0
1748637980467,-18750000,5337239,6359950,6818159,0,0,0,0,0,0,0
1748637980567,-18750000,5326241,6323294,6781503,0,0,0,0,0,0,0
1748637980667,-18750000,5329907,6341620,6726517,0,0,0,0,0,0,0
1748637980767,-18750000,5333573,6359947,6799833,0,0,0,0,0,0,0
1748637980867,-18750000,5344570,6414933,6818163,0,0,0,0,0,0,0
1748637980967,-18750000,5351901,6268304,6818163,0,0,0,0,0,0,0
1748637981067,-18750000,5337239,6268304,6891475,0,0,0,0,0,0,0
1748637981167,-18750000,5351901,6359947,6909805,0,0,0,0,0,0,0
1748637981267,-18750000,5344570,6341617,6909805,0,0,0,0,0,0,0
1748637981367,-18750000,5344570,6249978,6909805,0,0,0,0,0,0,0
1748637981467,-18750000,5359233,6194992,6909805,0,0,0,0,0,0,0
1748637981567,-18750000,5381228,6213322,7019774,0,0,0,0,0,0,0
1748637981667,-18750000,5381228,6194996,7001448,0,0,0,0,0,0,0
1748637981767,-18750000,5388559,6231656,6983118,0,0,0,0,0,0,0
1748637981867,-18750000,5399556,6066701,6909802,0,0,0,0,0,0,0
1748637981967,-18750000,5399556,6121687,6909802,0,0,0,0,0,0,0
1748637982067,-18750000,5399556,6158343,6909802,0,0,0,0,0,0,0
1748637982167,-18750000,5388559,6085031,6873142,0,0,0,0,0,0,0
1748637982267,-18750000,5392225,6140017,6928128,0,0,0,0,0,0,0
1748637982367,-18750000,5403222,6085031,6891472,0,0,0,0,0,0,0
1748637982467,-18750000,5381228,6066701,6946458,0,0,0,0,0,0,0
1748637982567,-18750000,5381228,6103357,6909802,0,0,0,0,0,0,0
1748637982667,-18750000,5381228,6103357,6909802,0,0,0,0,0,0,0
1748637982767,-18750000,5377562,6121683,6854816,0,0,0,0,0,0,0
1748637982867,-18750000,5362899,6194995,6928132,0,0,0,0,0,0,0
1748637982967,-18750000,5359233,6213325,6873146,0,0,0,0,0,0,0
1748637983067,-18750000,5366564,6085027,6818159,0,0,0,0,0,0,0
1748637983167,-18750000,5373896,6085027,6799833,0,0,0,0,0,0,0
1748637983267,-18750000,5384892,6066697,6763173,0,0,0,0,0,0,0
1748637983367,-18750000,5388558,6158339,6799829,0,0,0,0,0,0,0
1748637983467,-18750000,5399555,6194999,6726517,0,0,0,0,0,0,0
1748637983567,-18750000,5392224,6158343,6726517,0,0,0,0,0,0,0
1748637983667,-18750000,5388558,6158343,6781503,0,0,0,0,0,0,0
1748637983767,-18750000,5384893,6103357,6873146,0,0,0,0,0,0,0
1748637983867,-18750000,5395889,6176669,6836486,0,0,0,0,0,0,0
1748637983967,-18750000,5403221,6176669,6873142,0,0,0,0,0,0,0
1748637984067,-18750000,5410552,6304968,6891472,0,0,0,0,0,0,0
1748637984167,-18750000,5406886,6231652,6873142,0,0,0,0,0,0,0
1748637984267,-18750000,5403221,6213326,6909802,0,0,0,0,0,0,0
1748637984367,-18750000,5388558,6231652,6909802,0,0,0,0,0,0,0
1748637984467,-18750000,5392223,6231652,7001444,0,0,0,0,0,0,0
1748637984567,-18750000,5414217,6286634,7019770,0,0,0,0,0,0,0
1748637984667,-18750000,5410552,6249978,6983110,0,0,0,0,0,0,0
1748637984767,-18750000,5439877,6323294,6964784,0,0,0,0,0,0,0
1748637984867,-18750000,5447209,6286638,6928128,0,0,0,0,0,0,0
1748637984967,-18750000,5450875,6268308,6689860,0,0,0,0,0,0,0
1748637985067,-18750000,5450875,6213326,6396607,0,0,0,0,0,0,0
1748637985167,-18750000,5461871,6304968,6085023,0,0,0,0,0,0,0
1748637985267,-18750000,5476534,6304968,5626810,0,0,0,0,0,0,0
1748637985367,-18750000,5472868,6359954,5260244,0,0,0,0,0,0,0
1748637985467,-18750000,5472868,6341624,5040303,0,0,0,0,0,0,0
1748637985567,-18750000,5447209,6323298,4912004,0,0,0,0,0,0,0
1748637985667,-18750000,5439877,6414937,4783706,0,0,0,0,0,0,0
1748637985767,-18750000,5414218,6451593,4673733,0,0,0,0,0,0,0
1748637985867,-18750000,5410552,6488249,4673733,0,0,0,0,0,0,0
1748637985967,-18750000,5399554,6543236,4893674,0,0,0,0,0,0,0
1748637986067,-18750000,5384892,6561562,5186928,0,0,0,0,0,0,0
1748637986167,-18750000,5370229,6561562,5425199,0,0,0,0,0,0,0
1748637986267,-18750000,5370229,6653204,5846752,0,0,0,0,0,0,0
1748637986367,-18750000,5373895,6598218,6213318,0,0,0,0,0,0,0
1748637986467,-18750000,5359232,6671531,6414929,0,0,0,0,0,0,0
1748637986567,-18750000,5381227,6616544,6543228,0,0,0,0,0,0,0
1748637986667,-18750000,5392223,6488246,6708187,0,0,0,0,0,0,0
1748637986767,-18750000,5392223,6469916,6836486,0,0,0,0,0,0,0
1748637986867,-18750000,5381226,6451589,6891472,0,0,0,0,0,0,0
1748637986967,-18750000,5381226,6396603,6928128,0,0,0,0,0,0,0
1748637987067,-18750000,5395889,6378277,6983114,0,0,0,0,0,0,0
1748637987167,-18750000,5406886,6396607,7093083,0,0,0,0,0,0,0
1748637987267,-18750000,5395889,6304964,7111413,0,0,0,0,0,0,0
1748637987367,-18750000,5403220,6304964,7129743,0,0,0,0,0,0,0
1748637987467,-18750000,5417882,6268308,7111413,0,0,0,0,0,0,0
1748637987567,-18750000,5414216,6268308,7038100,0,0,0,0,0,0,0
1748637987667,-18750000,5425214,6323294,7019770,0,0,0,0,0,0,0
1748637987767,-18750000,5447208,6286638,7001444,0,0,0,0,0,0,0
1748637987867,-18750000,5465537,6194995,6928132,0,0,0,0,0,0,0
1748637987967,-18750000,5469203,6176669,6726520,0,0,0,0,0,0,0
1748637988067,-18750000,5480200,6121683,6341620,0,0,0,0,0,0,0
1748637988167,-18750000,5472869,6103353,5938398,0,0,0,0,0,0,0
1748637988267,-18750000,5469203,6030037,5480185,0,0,0,0,0,0,0
1748637988367,-18750000,5461872,5975054,5076959,0,0,0,0,0,0,0
1748637988467,-18750000,5454541,6085027,4893678,0,0,0,0,0,0,0
1748637988567,-18750000,5439878,6048371,4838692,0,0,0,0,0,0,0
1748637988667,-18750000,5436212,6066701,4728723,0,0,0,0,0,0,0
1748637988767,-18750000,5399555,6085031,4655407,0,0,0,0,0,0,0
1748637988867,-18750000,5373896,6140017,4655407,0,0,0,0,0,0,0
1748637988967,-18750000,5362898,6176673,4820362,0,0,0,0,0,0,0
1748637989067,-18750000,5344570,6213329,5168602,0,0,0,0,0,0,0
1748637989167,-18750000,5344570,6249985,5535168,0,0,0,0,0,0,0
1748637989267,-18750000,5351901,6341628,5956724,0,0,0,0,0,0,0
1748637989367,-18750000,5344570,6396610,6359951,0,0,0,0,0,0,0
1748637989467,-18750000,5337238,6323294,6506576,0,0,0,0,0,0,0
1748637989567,-18750000,5329907,6378281,6634874,0,0,0,0,0,0,0
1748637989667,-18750000,5326242,6378281,6708187,0,0,0,0,0,0,0
1748637989767,-18750000,5359233,6433263,6726517,0,0,0,0,0,0,0
1748637989867,-18750000,5370230,6488246,6763173,0,0,0,0,0,0,0
1748637989967,-18750000,5370230,6506572,6598218,0,0,0,0,0,0,0
1748637990067,-18750000,5359234,6433259,6304964,0,0,0,0,0,0,0
1748637990167,-18750000,5362899,6378277,6011711,0,0,0,0,0,0,0
1748637990267,-18750000,5337239,6433263,5608484,0,0,0,0,0,0,0
1748637990367,-18750000,5348237,6414937,5223588,0,0,0,0,0,0,0
1748637990467,-18750000,5351903,6378280,5021977,0,0,0,0,0,0,0
1748637990567,-18750000,5366565,6341620,4893678,0,0,0,0,0,0,0
1748637990667,-18750000,5366565,6359947,4802036,0,0,0,0,0,0,0
1748637990767,-18750000,5344571,6304964,4747049,0,0,0,0,0,0,0
1748637990867,-18750000,5322577,6231652,4710393,0,0,0,0,0,0,0
1748637990967,-18750000,5318912,6140009,4838692,0,0,0,0,0,0,0
1748637991067,-18750000,5315246,6158336,5058633,0,0,0,0,0,0,0
1748637991167,-18750000,5311580,6194992,5351887,0,0,0,0,0,0,0
1748637991267,-18750000,5329909,6140006,5773439,0,0,0,0,0,0,0
1748637991367,-18750000,5344571,6103349,6140005,0,0,0,0,0,0,0
1748637991467,-18750000,5370231,6085023,6359947,0,0,0,0,0,0,0
1748637991567,-18750000,5359234,6176666,6469919,0,0,0,0,0,0,0
1748637991667,-18750000,5344571,6158339,6579888,0,0,0,0,0,0,0
1748637991767,-18750000,5355568,6194996,6653200,0,0,0,0,0,0,0
1748637991867,-18750000,5381228,6323294,6689857,0,0,0,0,0,0,0
1748637991967,-18750000,5384893,6378281,6763169,0,0,0,0,0,0,0
1748637992067,-18750000,5388559,6414941,6781499,0,0,0,0,0,0,0
1748637992167,-18750000,5399555,6323298,6854815,0,0,0,0,0,0,0
1748637992267,-18750000,5395889,6249986,6854815,0,0,0,0,0,0,0
1748637992367,-18750000,5388558,6249986,6818159,0,0,0,0,0,0,0
1748637992467,-18750000,5366563,6268312,6818159,0,0,0,0,0,0,0
1748637992567,-18750000,5384892,6286642,6854815,0,0,0,0,0,0,0
1748637992667,-18750000,5399554,6304968,6873145,0,0,0,0,0,0,0
1748637992767,-18750000,5410552,6213326,6873145,0,0,0,0,0,0,0
1748637992867,-18750000,5388558,6140013,6799833,0,0,0,0,0,0,0
1748637992967,-18750000,5388558,6121687,6579892,0,0,0,0,0,0,0
1748637993067,-18750000,5403221,6140013,6304964,0,0,0,0,0,0,0
1748637993167,-18750000,5395889,6176669,5883408,0,0,0,0,0,0,0
1748637993267,-18750000,5388558,6231656,5461856,0,0,0,0,0,0,0
1748637993367,-18750000,5370230,6194996,5150272,0,0,0,0,0,0,0
1748637993467,-18750000,5377561,6176669,5021973,0,0,0,0,0,0,0
1748637993567,-18750000,5362898,6066697,4838688,0,0,0,0,0,0,0
1748637993667,-18750000,5355567,5993384,4765375,0,0,0,0,0,0,0
1748637993767,-18750000,5348236,5993384,4673737,0,0,0,0,0,0,0
1748637993867,-18750000,5355567,6030041,4765375,0,0,0,0,0,0,0
1748637993967,-18750000,5355567,6011711,4930330,0,0,0,0,0,0,0
1748637994067,-18750000,5348236,5993384,5205258,0,0,0,0,0,0,0
1748637994167,-18750000,5337239,6030041,5553498,0,0,0,0,0,0,0
1748637994267,-18750000,5359233,5920068,5956724,0,0,0,0,0,0,0
1748637994367,-18750000,5348236,6048367,6286638,0,0,0,0,0,0,0
1748637994467,-18750000,5329908,6066693,6396607,0,0,0,0,0,0,0
1748637994567,-18750000,5340904,6121679,6543236,0,0,0,0,0,0,0
1748637994667,-18750000,5351901,6176666,6598218,0,0,0,0,0,0,0
1748637994767,-18750000,5340904,6194996,6708187,0,0,0,0,0,0,0
1748637994867,-18750000,5348235,6140009,6708187,0,0,0,0,0,0,0
1748637994967,-18750000,5340904,6140009,6689861,0,0,0,0,0,0,0
1748637995067,-18750000,5333573,6176665,6744843,0,0,0,0,0,0,0
1748637995167,-18750000,5340904,6176665,6744843,0,0,0,0,0,0,0
1748637995267,-18750000,5329907,6304964,6763169,0,0,0,0,0,0,0
1748637995367,-18750000,5348236,6213326,6744839,0,0,0,0,0,0,0
1748637995467,-18750000,5370230,6286638,6763169,0,0,0,0,0,0,0
1748637995567,-18750000,5366564,6268312,6763169,0,0,0,0,0,0,0
1748637995667,-18750000,5362899,6268312,6763169,0,0,0,0,0,0,0
1748637995767,-18750000,5366565,6359951,6726513,0,0,0,0,0,0,0
1748637995867,-18750000,5370231,6433263,6708187,0,0,0,0,0,0,0
1748637995967,-18750000,5377562,6469919,6763169,0,0,0,0,0,0,0
1748637996067,-18750000,5384894,6396603,6799829,0,0,0,0,0,0,0
1748637996167,-18750000,5392225,6378277,6799829,0,0,0,0,0,0,0
1748637996267,-18750000,5388559,6286634,6744847,0,0,0,0,0,0,0
1748637996367,-18750000,5410553,6268304,6763177,0,0,0,0,0,0,0
1748637996467,-18750000,5392225,6249978,6763177,0,0,0,0,0,0,0
1748637996567,-18750000,5392225,6341617,6781503,0,0,0,0,0,0,0
1748637996667,-18750000,5381228,6323287,6726521,0,0,0,0,0,0,0
1748637996767,-18750000,5370230,6140006,6744847,0,0,0,0,0,0,0
1748637996867,-18750000,5359233,6011707,6726517,0,0,0,0,0,0,0
1748637996967,-18750000,5370230,6066693,6744847,0,0,0,0,0,0,0
1748637997067,-18750000,5373896,6140009,6689861,0,0,0,0,0,0,0
1748637997167,-18750000,5370230,6176666,6726517,0,0,0,0,0,0,0
1748637997267,-18750000,5370230,6286638,6763173,0,0,0,0,0,0,0
1748637997367,-18750000,5348235,6286638,6726517,0,0,0,0,0,0,0
1748637997467,-18750000,5359232,6323294,6781503,0,0,0,0,0,0,0
1748637997567,-18750000,5355566,6231656,6744847,0,0,0,0,0,0,0
1748637997667,-18750000,5359232,6249986,6781503,0,0,0,0,0,0,0
1748637997767,-18750000,5359232,6378284,6763177,0,0,0,0,0,0,0
1748637997867,-18750000,5366564,6396614,6781507,0,0,0,0,0,0,0
1748637997967,-18750000,5359232,6286642,6799837,0,0,0,0,0,0,0
1748637998067,-18750000,5355567,6286642,6818163,0,0,0,0,0,0,0
1748637998167,-18750000,5355567,6231656,6763181,0,0,0,0,0,0,0
1748637998267,-18750000,5362898,6158343,6763181,0,0,0,0,0,0,0
1748637998367,-18750000,5362898,6121687,6799837,0,0,0,0,0,0,0
1748637998467,-18750000,5340904,5975058,6763177,0,0,0,0,0,0,0
1748637998567,-18750000,5333573,5993384,6799833,0,0,0,0,0,0,0
1748637998667,-18750000,5333573,6011711,6836489,0,0,0,0,0,0,0
1748637998767,-18750000,5351901,5956724,6854815,0,0,0,0,0,0,0
1748637998867,-18750000,5351901,6030037,6909802,0,0,0,0,0,0,0
1748637998967,-18750000,5348235,6066697,6836485,0,0,0,0,0,0,0
1748637999067,-18750000,5348235,6085023,6873145,0,0,0,0,0,0,0
1748637999167,-18750000,5344570,6085023,6873145,0,0,0,0,0,0,0
1748637999267,-18750000,5348236,6158336,6891472,0,0,0,0,0,0,0
1748637999367,-18750000,5348236,6268304,6909798,0,0,0,0,0,0,0
1748637999467,-18750000,5370230,6286634,6891472,0,0,0,0,0,0,0
1748637999567,-18750000,5362899,6249978,6909802,0,0,0,0,0,0,0
1748637999667,-18750000,5355568,6249978,6891472,0,0,0,0,0,0,0
1748637999767,-18750000,5329908,6323291,6891472,0,0,0,0,0,0,0
1748637999867,-18750000,5329908,6378277,6818155,0,0,0,0,0,0,0
1748637999967,-18750000,5340905,6433259,6854812,0,0,0,0,0,0,0
1748638000067,-18750000,5344571,6414933,6799825,0,0,0,0,0,0,0
1748638000167,-18750000,5351902,6396607,6854808,0,0,0,0,0,0,0
1748638000267,-18750000,5359233,6378277,6836482,0,0,0,0,0,0,0
1748638000367,-18750000,5359233,6341621,6818156,0,0,0,0,0,0,0
1748638000467,-18750000,5355567,6396607,6799826,0,0,0,0,0,0,0
1748638000567,-18750000,5384893,6414937,6781496,0,0,0,0,0,0,0
1748638000667,-18750000,5395889,6414937,6781496,0,0,0,0,0,0,0
1748638000767,-18750000,5410552,6323294,6708183,0,0,0,0,0,0,0
1748638000867,-18750000,5399555,6140009,6744839,0,0,0,0,0,0,0
1748638000967,-18750000,5381227,6030041,6726513,0,0,0,0,0,0,0
1748638001067,-18750000,5370230,5938398,6708183,0,0,0,0,0,0,0
1748638001167,-18750000,5362899,5920068,6616544,0,0,0,0,0,0,0
1748638001267,-18750000,5340905,5938398,6579888,0,0,0,0,0,0,0
1748638001367,-18750000,5326243,5956728,6653201,0,0,0,0,0,0,0
1748638001467,-18750000,5311580,5846756,6708187,0,0,0,0,0,0,0
1748638001567,-18750000,5304248,5828426,6689861,0,0,0,0,0,0,0
1748638001667,-18750000,5300583,5755113,6653204,0,0,0,0,0,0,0
1748638001767,-18750000,5293252,5810099,6689861,0,0,0,0,0,0,0
1748638001867,-18750000,5289586,5901742,6634878,0,0,0,0,0,0,0
1748638001967,-18750000,5289586,5920068,6634878,0,0,0,0,0,0,0
1748638002067,-18750000,5293251,5956724,6634878,0,0,0,0,0,0,0
1748638002167,-18750000,5285920,6048367,6689861,0,0,0,0,0,0,0
1748638002267,-18750000,5282254,5975054,6763173,0,0,0,0,0,0,0
1748638002367,-18750000,5267591,5956724,6671531,0,0,0,0,0,0,0
1748638002467,-18750000,5285920,6048367,6653201,0,0,0,0,0,0,0
1748638002567,-18750000,5278589,6048367,6634871,0,0,0,0,0,0,0
1748638002667,-18750000,5267591,6030037,6616544,0,0,0,0,0,0,0
1748638002767,-18750000,5260260,6066693,6634874,0,0,0,0,0,0,0
1748638002867,-18750000,5263926,6048367,6634874,0,0,0,0,0,0,0
1748638002967,-18750000,5263926,6140009,6689861,0,0,0,0,0,0,0
1748638003067,-18750000,5245598,6231652,6689861,0,0,0,0,0,0,0
1748638003167,-18750000,5256594,6268308,6726517,0,0,0,0,0,0,0
1748638003267,-18750000,5252928,6249978,6708187,0,0,0,0,0,0,0
1748638003367,-18750000,5271257,6231652,6708187,0,0,0,0,0,0,0
1748638003467,-18750000,5241931,6268308,6708187,0,0,0,0,0,0,0
1748638003567,-18750000,5241931,6249978,6726517,0,0,0,0,0,0,0
1748638003667,-18750000,5234600,6249978,6781499,0,0,0,0,0,0,0
1748638003767,-18750000,5223602,6249978,6781499,0,0,0,0,0,0,0
1748638003867,-18750000,5212605,6304961,6781499,0,0,0,0,0,0,0
1748638003967,-18750000,5216271,6286634,6726513,0,0,0,0,0,0,0
1748638004067,-18750000,5212606,6176662,6799829,0,0,0,0,0,0,0
1748638004167,-18750000,5194277,5993377,6763173,0,0,0,0,0,0,0
1748638004267,-18750000,5197943,5975047,6726517,0,0,0,0,0,0,0
1748638004367,-18750000,5212606,6011703,6726517,0,0,0,0,0,0,0
1748638004467,-18750000,5223603,6011703,6708191,0,0,0,0,0,0,0
1748638004567,-18750000,5208941,6030033,6671534,0,0,0,0,0,0,0
1748638004667,-18750000,5223603,6048363,6653208,0,0,0,0,0,0,0
1748638004767,-18750000,5227269,6030037,6671534,0,0,0,0,0,0,0
1748638004867,-18750000,5230934,5901738,6689861,0,0,0,0,0,0,0
1748638004967,-18750000,5234600,5828422,6653204,0,0,0,0,0,0,0
1748638005067,-18750000,5245596,5828422,6579888,0,0,0,0,0,0,0
1748638005167,-18750000,5245596,5828422,6579888,0,0,0,0,0,0,0
1748638005267,-18750000,5245596,5828422,6579888,0,0,0,0,0,0,0
1748638005367,-18750000,5245596,5828422,6579888,0,0,0,0,0,0,0
1748638005467,-18750000,5245596,5828422,6579888,0,0,0,0,0,0,0
1748638005567,-18750000,5245596,5828422,6579888,0,0,0,0,0,0,0
1748638005667,-18750000,5245596,5828422,6579888,0,0,0,0,0,0,0
1748638005767,-18750000,5245596,5828422,6579888,0,0,0,0,0,0,0
1748638005867,-18750000,5245596,5828422,6579888,0,0,0,0,0,0,0
1748638005967,-18750000,5245596,5828422,6579888,0,0,0,0,0,0,0
1748638006067,-18750000,5245596,5828422,6579888,0,0,0,0,0,0,0
1748638006167,-18750000,5238265,6030037,6634874,0,0,0,0,0,0,0
1748638006267,-18750000,5212605,6048363,6634874,0,0,0,0,0,0,0
1748638006367,-18750000,5208939,5975051,6579888,0,0,0,0,0,0,0
1748638006467,-18750000,5186945,6030037,6451589,0,0,0,0,0,0,0
1748638006567,-18750000,5183279,6085023,6140006,0,0,0,0,0,0,0
1748638006667,-18750000,5186945,6030037,5736783,0,0,0,0,0,0,0
1748638006767,-18750000,5190611,6103353,5351887,0,0,0,0,0,0,0
1748638006867,-18750000,5183279,6158339,4948661,0,0,0,0,0,0,0
1748638006967,-18750000,5179614,6231656,4508778,0,0,0,0,0,0,0
1748638007067,-18750000,5186945,6213329,4013909,0,0,0,0,0,0,0
1748638007167,-18750000,5175948,6176673,3427398,0,0,0,0,0,0,0
1748638007267,-18750000,5172282,6140017,2859217,0,0,0,0,0,0,0
1748638007367,-18750000,5175948,6066704,2346022,0,0,0,0,0,0,0
1748638007467,-18750000,5186945,6048374,1961122,0,0,0,0,0,0,0
1748638007567,-18750000,5179613,6011718,1741181,0,0,0,0,0,0,0
1748638007667,-18750000,5172282,6121687,1539566,0,0,0,0,0,0,0
1748638007767,-18750000,5172282,6048370,1392937,0,0,0,0,0,0,0
1748638007867,-18750000,5168616,6011714,1227982,0,0,0,0,0,0,0
1748638007967,-18750000,5175947,5975058,1172996,0,0,0,0,0,0,0
1748638008067,-18750000,5168616,6011714,1136339,0,0,0,0,0,0,0
1748638008167,-18750000,5161285,5993384,1154669,0,0,0,0,0,0,0
1748638008267,-18750000,5164951,6011714,1154669,0,0,0,0,0,0,0
1748638008367,-18750000,5150288,6158339,1118013,0,0,0,0,0,0,0
1748638008467,-18750000,5139291,6121683,1118013,0,0,0,0,0,0,0
1748638008567,-18750000,5135626,6066697,1136339,0,0,0,0,0,0,0
1748638008667,-18750000,5128295,6011714,1154669,0,0,0,0,0,0,0
1748638008767,-18750000,5117297,6011714,1118013,0,0,0,0,0,0,0
1748638008867,-18750000,5106301,5975058,1154669,0,0,0,0,0,0,0
1748638008967,-18750000,5080641,5901742,1118013,0,0,0,0,0,0,0
1748638009067,-18750000,5084307,5901742,1118013,0,0,0,0,0,0,0
1748638009167,-18750000,5095304,5846755,1154669,0,0,0,0,0,0,0
1748638009267,-18750000,5080641,5846755,1154669,0,0,0,0,0,0,0
1748638009367,-18750000,5084306,5791773,1154669,0,0,0,0,0,0,0
1748638009467,-18750000,5080641,5810103,1154669,0,0,0,0,0,0,0
1748638009567,-18750000,5073310,5901745,1118013,0,0,0,0,0,0,0
1748638009667,-18750000,5073310,5773447,1136339,0,0,0,0,0,0,0
1748638009767,-18750000,5069645,5828433,1172996,0,0,0,0,0,0,0
1748638009867,-18750000,5069645,5901746,1172996,0,0,0,0,0,0,0
1748638009967,-18750000,5073310,5993388,1136339,0,0,0,0,0,0,0
1748638010067,-18750000,5051315,5938402,1099683,0,0,0,0,0,0,0
1748638010167,-18750000,5047649,5993388,1063027,0,0,0,0,0,0,0
1748638010267,-18750000,5047649,5938402,1099683,0,0,0,0,0,0,0
1748638010367,-18750000,5058647,5938402,1154666,0,0,0,0,0,0,0
1748638010467,-18750000,5087972,5956728,1118009,0,0,0,0,0,0,0
1748638010567,-18750000,5084306,5920072,1118009,0,0,0,0,0,0,0
1748638010667,-18750000,5084306,6066697,1118009,0,0,0,0,0,0,0
1748638010767,-18750000,5087972,6140009,1136339,0,0,0,0,0,0,0
1748638010867,-18750000,5073308,6140009,1172996,0,0,0,0,0,0,0
1748638010967,-18750000,5065977,6121683,1246308,0,0,0,0,0,0,0
1748638011067,-18750000,5069643,6140013,1337951,0,0,0,0,0,0,0
1748638011167,-18750000,5047649,6158343,1319621,0,0,0,0,0,0,0
1748638011267,-18750000,5054981,6176673,1356277,0,0,0,0,0,0,0
1748638011367,-18750000,5032987,6194999,1319621,0,0,0,0,0,0,0
1748638011467,-18750000,5018324,6194999,1356277,0,0,0,0,0,0,0
1748638011567,-18750000,5010992,6121683,1356277,0,0,0,0,0,0,0
1748638011667,-18750000,5007326,6066701,1356277,0,0,0,0,0,0,0
1748638011767,-18750000,4996329,5920076,1337947,0,0,0,0,0,0,0
1748638011867,-18750000,4992664,5920076,1337947,0,0,0,0,0,0,0
1748638011967,-18750000,5003661,5920076,1282964,0,0,0,0,0,0,0
1748638012067,-18750000,4999995,5883416,1209652,0,0,0,0,0,0,0
1748638012167,-18750000,5003660,5846759,1246308,0,0,0,0,0,0,0
1748638012267,-18750000,4985332,5828429,1209652,0,0,0,0,0,0,0
1748638012367,-18750000,4981667,5828429,1356281,0,0,0,0,0,0,0
1748638012467,-18750000,4963338,5828429,1722851,0,0,0,0,0,0,0
1748638012567,-18750000,4959672,5865086,2144407,0,0,0,0,0,0,0
1748638012667,-18750000,4952341,5773443,2639276,0,0,0,0,0,0,0
1748638012767,-18750000,4952341,5791769,3170801,0,0,0,0,0,0,0
1748638012867,-18750000,4967003,5755113,3592353,0,0,0,0,0,0,0
1748638012967,-18750000,4974334,5791769,3977249,0,0,0,0,0,0,0
1748638013067,-18750000,4978000,5846756,4270503,0,0,0,0,0,0,0
1748638013167,-18750000,4992664,5883412,4398806,0,0,0,0,0,0,0
1748638013267,-18750000,4988998,5920068,4545434,0,0,0,0,0,0,0
1748638013367,-18750000,4970669,5828425,4582091,0,0,0,0,0,0,0
1748638013467,-18750000,4978001,5755113,4600421,0,0,0,0,0,0,0
1748638013567,-18750000,4988998,5700130,4582091,0,0,0,0,0,0,0
1748638013667,-18750000,4992664,5773443,4600421,0,0,0,0,0,0,0
1748638013767,-18750000,4981667,5755117,4618751,0,0,0,0,0,0,0
1748638013867,-18750000,4985333,5773447,4673737,0,0,0,0,0,0,0
1748638013967,-18750000,4985333,5773447,4838692,0,0,0,0,0,0,0
1748638014067,-18750000,4985333,5718461,5095289,0,0,0,0,0,0,0
1748638014167,-18750000,4981667,5663474,5443529,0,0,0,0,0,0,0
1748638014267,-18750000,4996330,5590162,5810099,0,0,0,0,0,0,0
1748638014367,-18750000,5025656,5645148,6176669,0,0,0,0,0,0,0
1748638014467,-18750000,5025656,5663474,6085027,0,0,0,0,0,0,0
1748638014567,-18750000,5021990,5736787,5883416,0,0,0,0,0,0,0
1748638014667,-18750000,5014658,5718457,5516846,0,0,0,0,0,0,0
1748638014767,-18750000,5025655,5828426,5095289,0,0,0,0,0,0,0
1748638014867,-18750000,5014658,5828426,4673737,0,0,0,0,0,0,0
1748638014967,-18750000,4999995,5791769,4178868,0,0,0,0,0,0,0
1748638015067,-18750000,4999995,5846756,3720659,0,0,0,0,0,0,0
1748638015167,-18750000,4978001,5901742,3280777,0,0,0,0,0,0,0
1748638015267,-18750000,4974336,6030041,2767578,0,0,0,0,0,0,0
1748638015367,-18750000,4956008,6103353,2346022,0,0,0,0,0,0,0
1748638015467,-18750000,4970671,6121683,2382678,0,0,0,0,0,0,0
1748638015567,-18750000,4956008,6158339,2565963,0,0,0,0,0,0,0
1748638015667,-18750000,4970671,6213326,2804234,0,0,0,0,0,0,0
1748638015767,-18750000,4959674,6158339,3152478,0,0,0,0,0,0,0
1748638015867,-18750000,4959674,6103353,3574031,0,0,0,0,0,0,0
1748638015967,-18750000,4952343,6103353,4068899,0,0,0,0,0,0,0
1748638016067,-18750000,4948677,6066697,4508782,0,0,0,0,0,0,0
1748638016167,-18750000,4963340,5956724,4966991,0,0,0,0,0,0,0
1748638016267,-18750000,4948677,5865082,5535172,0,0,0,0,0,0,0
1748638016367,-18750000,4956008,5865082,6011711,0,0,0,0,0,0,0
1748638016467,-18750000,4934014,5846752,6213322,0,0,0,0,0,0,0
1748638016567,-18750000,4963339,5791766,6414933,0,0,0,0,0,0,0
1748638016667,-18750000,4963339,5736779,6543232,0,0,0,0,0,0,0
1748638016767,-18750000,4959673,5755109,6579888,0,0,0,0,0,0,0
1748638016867,-18750000,4970671,5828422,6616544,0,0,0,0,0,0,0
1748638016967,-18750000,4992664,5755106,6634874,0,0,0,0,0,0,0
1748638017067,-18750000,5007328,5755106,6689857,0,0,0,0,0,0,0
1748638017167,-18750000,5029322,5736779,6689857,0,0,0,0,0,0,0
1748638017267,-18750000,5051315,5755109,6708187,0,0,0,0,0,0,0
1748638017367,-18750000,5069644,5755109,6634874,0,0,0,0,0,0,0
1748638017467,-18750000,5073310,5755109,6488249,0,0,0,0,0,0,0
1748638017567,-18750000,5058647,5791769,6140009,0,0,0,0,0,0,0
1748638017667,-18750000,5065978,5846756,5828426,0,0,0,0,0,0,0
1748638017767,-18750000,5076975,5920068,5425199,0,0,0,0,0,0,0
1748638017867,-18750000,5076975,5828426,5058633,0,0,0,0,0,0,0
1748638017967,-18750000,5062313,5865082,4893678,0,0,0,0,0,0,0
1748638018067,-18750000,5065978,5846752,4747053,0,0,0,0,0,0,0
1748638018167,-18750000,5043984,5865078,4692071,0,0,0,0,0,0,0
1748638018267,-18750000,5036653,5865078,4563772,0,0,0,0,0,0,0
1748638018367,-18750000,5010993,5736779,4582102,0,0,0,0,0,0,0
1748638018467,-18750000,5018324,5755109,4710401,0,0,0,0,0,0,0
1748638018567,-18750000,5010993,5846748,4985328,0,0,0,0,0,0,0
1748638018667,-18750000,5003662,5718449,5278582,0,0,0,0,0,0,0
1748638018767,-18750000,5010993,5700123,5718464,0,0,0,0,0,0,0
1748638018867,-18750000,4999996,5755109,6048374,0,0,0,0,0,0,0
1748638018967,-18750000,4999996,5755109,5993388,0,0,0,0,0,0,0
1748638019067,-18750000,4985333,5791769,5810103,0,0,0,0,0,0,0
1748638019167,-18750000,4988999,5828426,5498519,0,0,0,0,0,0,0
1748638019267,-18750000,5003661,5810096,5205265,0,0,0,0,0,0,0
1748638019367,-18750000,5018324,5883412,4820365,0,0,0,0,0,0,0
1748638019467,-18750000,4999995,5920068,4362153,0,0,0,0,0,0,0
1748638019567,-18750000,5003661,5791769,3867284,0,0,0,0,0,0,0
1748638019667,-18750000,4978001,5865082,3390745,0,0,0,0,0,0,0
1748638019767,-18750000,4974335,5828426,2804234,0,0,0,0,0,0,0
1748638019867,-18750000,4974335,5865082,2291039,0,0,0,0,0,0,0
1748638019967,-18750000,4956007,5883412,1942799,0,0,0,0,0,0,0
1748638020067,-18750000,4959672,5828426,1686202,0,0,0,0,0,0,0
1748638020167,-18750000,4934012,5810099,1502917,0,0,0,0,0,0,0
1748638020267,-18750000,4904687,5791769,1356288,0,0,0,0,0,0,0
1748638020367,-18750000,4875361,5718453,1319632,0,0,0,0,0,0,0
1748638020467,-18750000,4857033,5608484,1557903,0,0,0,0,0,0,0
1748638020567,-18750000,4838704,5571828,1924473,0,0,0,0,0,0,0
1748638020667,-18750000,4838704,5626814,2346026,0,0,0,0,0,0,0
1748638020767,-18750000,4820377,5571828,2822564,0,0,0,0,0,0,0
1748638020867,-18750000,4813045,5516842,3335759,0,0,0,0,0,0,0
1748638020967,-18750000,4809379,5480185,3848954,0,0,0,0,0,0,0
1748638021067,-18750000,4805714,5516842,4398806,0,0,0,0,0,0,0
1748638021167,-18750000,4820377,5535168,4912001,0,0,0,0,0,0,0
1748638021267,-18750000,4824043,5535168,5425196,0,0,0,0,0,0,0
1748638021367,-18750000,4827709,5663467,5865078,0,0,0,0,0,0,0
1748638021467,-18750000,4846037,5755109,6103346,0,0,0,0,0,0,0
1748638021567,-18750000,4864366,5773439,6231644,0,0,0,0,0,0,0
1748638021667,-18750000,4871697,5773439,6323287,0,0,0,0,0,0,0
1748638021767,-18750000,4886360,5755109,6378273,0,0,0,0,0,0,0
1748638021867,-18750000,4882694,5718453,6378273,0,0,0,0,0,0,0
1748638021967,-18750000,4901022,5791766,6488246,0,0,0,0,0,0,0
1748638022067,-18750000,4901022,5718453,6488246,0,0,0,0,0,0,0
1748638022167,-18750000,4897356,5773439,6524902,0,0,0,0,0,0,0
1748638022267,-18750000,4915685,5663470,6524902,0,0,0,0,0,0,0
1748638022367,-18750000,4956007,5535172,6433259,0,0,0,0,0,0,0
1748638022467,-18750000,4974335,5516842,6249974,0,0,0,0,0,0,0
1748638022567,-18750000,4974335,5571828,5956717,0,0,0,0,0,0,0
1748638022667,-18750000,4967004,5553502,5590151,0,0,0,0,0,0,0
1748638022767,-18750000,4963338,5700131,5186924,0,0,0,0,0,0,0
1748638022867,-18750000,4959673,5791773,4838684,0,0,0,0,0,0,0
1748638022967,-18750000,4937679,5681804,4582083,0,0,0,0,0,0,0
1748638023067,-18750000,4937679,5810103,4472114,0,0,0,0,0,0,0
1748638023167,-18750000,4948676,5681804,4380472,0,0,0,0,0,0,0
1748638023267,-18750000,4923016,5791773,4307159,0,0,0,0,0,0,0
1748638023367,-18750000,4893691,5773447,4343819,0,0,0,0,0,0,0
1748638023467,-18750000,4886360,5773447,4508778,0,0,0,0,0,0,0
1748638023567,-18750000,4886360,5736787,4802036,0,0,0,0,0,0,0
1748638023667,-18750000,4904689,5755113,5113619,0,0,0,0,0,0,0
1748638023767,-18750000,4915686,5608484,5553502,0,0,0,0,0,0,0
1748638023867,-18750000,4934014,5571828,5883416,0,0,0,0,0,0,0
1748638023967,-18750000,4963339,5626811,5828433,0,0,0,0,0,0,0
1748638024067,-18750000,4967004,5516838,5645148,0,0,0,0,0,0,0
1748638024167,-18750000,4959673,5608481,5315238,0,0,0,0,0,0,0
1748638024267,-18750000,4963339,5608481,4948668,0,0,0,0,0,0,0
1748638024367,-18750000,4959673,5681793,4618754,0,0,0,0,0,0,0
1748638024467,-18750000,4945010,5718449,4472126,0,0,0,0,0,0,0
1748638024567,-18750000,4941344,5736779,4380483,0,0,0,0,0,0,0
1748638024667,-18750000,4930347,5645137,4343823,0,0,0,0,0,0,0
1748638024767,-18750000,4912019,5736779,4288841,0,0,0,0,0,0,0
1748638024867,-18750000,4882694,5626807,4343823,0,0,0,0,0,0,0
1748638024967,-18750000,4860700,5663467,4545434,0,0,0,0,0,0,0
1748638025067,-18750000,4857035,5700123,4802032,0,0,0,0,0,0,0
1748638025167,-18750000,4857035,5608481,5186928,0,0,0,0,0,0,0
1748638025267,-18750000,4860700,5645141,5608484,0,0,0,0,0,0,0
1748638025367,-18750000,4868031,5626811,5975054,0,0,0,0,0,0,0
1748638025467,-18750000,4871696,5626811,6140009,0,0,0,0,0,0,0
1748638025567,-18750000,4875362,5663467,6194996,0,0,0,0,0,0,0
1748638025667,-18750000,4875362,5718453,6231656,0,0,0,0,0,0,0
1748638025767,-18750000,4879028,5663467,6268312,0,0,0,0,0,0,0
1748638025867,-18750000,4915685,5791769,6249985,0,0,0,0,0,0,0
1748638025967,-18750000,4923017,5810096,6286642,0,0,0,0,0,0,0
1748638026067,-18750000,4919351,5810096,6359954,0,0,0,0,0,0,0
1748638026167,-18750000,4923016,5901738,6433267,0,0,0,0,0,0,0
1748638026267,-18750000,4937678,5901738,6469923,0,0,0,0,0,0,0
1748638026367,-18750000,4945010,5975054,6469923,0,0,0,0,0,0,0
1748638026467,-18750000,4959672,5956728,6268312,0,0,0,0,0,0,0
1748638026567,-18750000,4974335,5920072,6011710,0,0,0,0,0,0,0
1748638026667,-18750000,4981666,5901742,5736783,0,0,0,0,0,0,0
1748638026767,-18750000,4988997,5956728,5333557,0,0,0,0,0,0,0
1748638026867,-18750000,4985331,5883412,4985317,0,0,0,0,0,0,0
1748638026967,-18750000,4981666,5791769,4838692,0,0,0,0,0,0,0
1748638027067,-18750000,4981666,5755113,4673737,0,0,0,0,0,0,0
1748638027167,-18750000,4981666,5663471,4545438,0,0,0,0,0,0,0
1748638027267,-18750000,4963338,5681797,4527108,0,0,0,0,0,0,0
1748638027367,-18750000,4959673,5608481,4508778,0,0,0,0,0,0,0
1748638027467,-18750000,4959673,5626807,4655407,0,0,0,0,0,0,0
1748638027567,-18750000,4926682,5608477,4966991,0,0,0,0,0,0,0
1748638027667,-18750000,4919351,5608477,5315231,0,0,0,0,0,0,0
1748638027767,-18750000,4923016,5645133,5718457,0,0,0,0,0,0,0
1748638027867,-18750000,4904688,5718449,5956724,0,0,0,0,0,0,0
1748638027967,-18750000,4904688,5773436,5883408,0,0,0,0,0,0,0
1748638028067,-18750000,4912019,5810092,5755109,0,0,0,0,0,0,0
1748638028167,-18750000,4912019,5938391,5480186,0,0,0,0,0,0,0
1748638028267,-18750000,4904688,5846748,5058633,0,0,0,0,0,0,0
1748638028367,-18750000,4904688,5828422,4673737,0,0,0,0,0,0,0
1748638028467,-18750000,4904688,5828422,4545434,0,0,0,0,0,0,0
1748638028567,-18750000,4879028,5846752,4472122,0,0,0,0,0,0,0
1748638028667,-18750000,4879028,5846752,4362149,0,0,0,0,0,0,0
1748638028767,-18750000,4871697,5773439,4325493,0,0,0,0,0,0,0
1748638028867,-18750000,4871697,5773439,4398809,0,0,0,0,0,0,0
1748638028967,-18750000,4868032,5645137,4582094,0,0,0,0,0,0,0
1748638029067,-18750000,4860701,5626810,4783709,0,0,0,0,0,0,0
1748638029167,-18750000,4868032,5626810,4783709,0,0,0,0,0,0,0
1748638029267,-18750000,4890025,5645141,5590158,0,0,0,0,0,0,0
1748638029367,-18750000,4908354,5645141,6030041,0,0,0,0,0,0,0
1748638029467,-18750000,4904688,5681797,6249982,0,0,0,0,0,0,0
1748638029567,-18750000,4901022,5681797,6304968,0,0,0,0,0,0,0
1748638029667,-18750000,4923016,5718453,6304968,0,0,0,0,0,0,0
1748638029767,-18750000,4908353,5773439,6506579,0,0,0,0,0,0,0
1748638029867,-18750000,4926682,5755113,6506579,0,0,0,0,0,0,0
1748638029967,-18750000,4952341,5810099,6341624,0,0,0,0,0,0,0
1748638030067,-18750000,4948676,5810099,6341624,0,0,0,0,0,0,0
1748638030167,-18750000,4948676,5865086,6103353,0,0,0,0,0,0,0
1748638030267,-18750000,4912019,5865086,5700127,0,0,0,0,0,0,0
1748638030367,-18750000,4919350,5773443,5223588,0,0,0,0,0,0,0
1748638030467,-18750000,4915685,5773443,4233851,0,0,0,0,0,0,0
1748638030567,-18750000,4919351,5773443,4233851,0,0,0,0,0,0,0
1748638030667,-18750000,4919351,5718457,3244109,0,0,0,0,0,0,0
1748638030767,-18750000,4923017,5700127,3244109,0,0,0,0,0,0,0
1748638030867,-18750000,4904689,5718453,2639272,0,0,0,0,0,0,0
1748638030967,-18750000,4871697,5718453,2254372,0,0,0,0,0,0,0
1748638031067,-18750000,4846036,5700123,2236042,0,0,0,0,0,0,0
1748638031167,-18750000,4824042,5681793,2437653,0,0,0,0,0,0,0
1748638031267,-18750000,4835039,5718449,2785893,0,0,0,0,0,0,0
1748638031367,-18750000,4805713,5663467,3152463,0,0,0,0,0,0,0
1748638031467,-18750000,4798382,5571824,3537363,0,0,0,0,0,0,0
1748638031567,-18750000,4798382,5516838,3995576,0,0,0,0,0,0,0
1748638031667,-18750000,4772722,5553498,4490444,0,0,0,0,0,0,0
1748638031767,-18750000,4769056,5516842,5021969,0,0,0,0,0,0,0
1748638031867,-18750000,4772722,5553498,5590151,0,0,0,0,0,0,0
1748638031967,-18750000,4805714,5626814,6011707,0,0,0,0,0,0,0
1748638032067,-18750000,4838706,5626814,6213322,0,0,0,0,0,0,0
1748638032167,-18750000,4849703,5553502,6359951,0,0,0,0,0,0,0
1748638032267,-18750000,4827710,5645144,6433263,0,0,0,0,0,0,0
1748638032367,-18750000,4835042,5773443,6469919,0,0,0,0,0,0,0
1748638032467,-18750000,4849704,5865086,6524902,0,0,0,0,0,0,0
1748638032567,-18750000,4857035,5956728,6561558,0,0,0,0,0,0,0
1748638032667,-18750000,4882695,5956728,6524902,0,0,0,0,0,0,0
1748638032767,-18750000,4901024,5956728,6524902,0,0,0,0,0,0,0
1748638032867,-18750000,4901024,5883416,6506575,0,0,0,0,0,0,0
1748638032967,-18750000,4897358,5846756,6524902,0,0,0,0,0,0,0
1748638033067,-18750000,4912020,5791773,6524902,0,0,0,0,0,0,0
1748638033167,-18750000,4919351,5810099,6451589,0,0,0,0,0,0,0
1748638033267,-18750000,4948676,5810099,6433263,0,0,0,0,0,0,0
1748638033367,-18750000,4956008,5755113,6506575,0,0,0,0,0,0,0
1748638033467,-18750000,4963339,5700127,6506575,0,0,0,0,0,0,0
1748638033567,-18750000,4974335,5718457,6506575,0,0,0,0,0,0,0
1748638033667,-18750000,4996330,5681797,6543232,0,0,0,0,0,0,0
1748638033767,-18750000,4988999,5718453,6488249,0,0,0,0,0,0,0
1748638033867,-18750000,4996330,5700123,6506576,0,0,0,0,0,0,0
1748638033967,-18750000,4999996,5773439,6524906,0,0,0,0,0,0,0
1748638034067,-18750000,5007327,5865082,6598218,0,0,0,0,0,0,0
1748638034167,-18750000,5025656,5883412,6598218,0,0,0,0,0,0,0
1748638034267,-18750000,5040319,5865082,6634874,0,0,0,0,0,0,0
1748638034367,-18750000,5062313,5773439,6579892,0,0,0,0,0,0,0
1748638034467,-18750000,5065979,5883412,6506579,0,0,0,0,0,0,0
1748638034567,-18750000,5076976,5846756,6304968,0,0,0,0,0,0,0
1748638034667,-18750000,5062313,5883416,5993384,0,0,0,0,0,0,0
1748638034767,-18750000,5084306,5920076,5626814,0,0,0,0,0,0,0
1748638034867,-18750000,5095304,5828433,5186932,0,0,0,0,0,0,0
1748638034967,-18750000,5102635,5810103,4765375,0,0,0,0,0,0,0
1748638035067,-18750000,5084306,5810103,4215520,0,0,0,0,0,0,0
1748638035167,-18750000,5087972,5846759,3683995,0,0,0,0,0,0,0
1748638035267,-18750000,5069644,5791773,3170797,0,0,0,0,0,0,0
1748638035367,-18750000,5047650,5920072,2675928,0,0,0,0,0,0,0
1748638035467,-18750000,5021990,5828429,2291032,0,0,0,0,0,0,0
1748638035567,-18750000,5007328,5791769,2291032,0,0,0,0,0,0,0
1748638035667,-18750000,4985334,5736783,2455990,0,0,0,0,0,0,0
1748638035767,-18750000,4967005,5700123,2749244,0,0,0,0,0,0,0
1748638035867,-18750000,4945011,5791766,3115814,0,0,0,0,0,0,0
1748638035967,-18750000,4923016,5700123,3482384,0,0,0,0,0,0,0
1748638036067,-18750000,4912020,5700123,3922271,0,0,0,0,0,0,0
1748638036167,-18750000,4890025,5773436,4453796,0,0,0,0,0,0,0
1748638036267,-18750000,4882694,5773436,4966994,0,0,0,0,0,0,0
1748638036367,-18750000,4875363,5663467,5480189,0,0,0,0,0,0,0
1748638036467,-18750000,4893691,5663467,5938398,0,0,0,0,0,0,0
1748638036567,-18750000,4890025,5700127,6121683,0,0,0,0,0,0,0
1748638036667,-18750000,4904687,5718453,6249982,0,0,0,0,0,0,0
1748638036767,-18750000,4912018,5736783,6341624,0,0,0,0,0,0,0
1748638036867,-18750000,4915684,5700127,6396611,0,0,0,0,0,0,0
1748638036967,-18750000,4908353,5736783,6414941,0,0,0,0,0,0,0
1748638037067,-18750000,4934013,5736783,6469923,0,0,0,0,0,0,0
1748638037167,-18750000,4952342,5700127,6506579,0,0,0,0,0,0,0
1748638037267,-18750000,4978001,5755113,6524906,0,0,0,0,0,0,0
1748638037367,-18750000,5003661,5828426,6524906,0,0,0,0,0,0,0
1748638037467,-18750000,5010993,5865082,6506579,0,0,0,0,0,0,0
1748638037567,-18750000,5025656,5828422,6286638,0,0,0,0,0,0,0
1748638037667,-18750000,5025656,5901738,6011711,0,0,0,0,0,0,0
1748638037767,-18750000,5021991,5938394,5590158,0,0,0,0,0,0,0
1748638037867,-18750000,5029322,5993381,5205258,0,0,0,0,0,0,0
1748638037967,-18750000,5029322,6030041,4820358,0,0,0,0,0,0,0
1748638038067,-18750000,5007328,6048367,4655403,0,0,0,0,0,0,0
1748638038167,-18750000,4981668,6011711,4545431,0,0,0,0,0,0,0
1748638038267,-18750000,4978002,5938398,4435462,0,0,0,0,0,0,0
1748638038367,-18750000,4948676,5846756,4417136,0,0,0,0,0,0,0
1748638038467,-18750000,4923017,5791769,4398806,0,0,0,0,0,0,0
1748638038567,-18750000,4908353,5846756,4600417,0,0,0,0,0,0,0
1748638038667,-18750000,4904688,5773439,4875344,0,0,0,0,0,0,0
1748638038767,-18750000,4904688,5718453,5278570,0,0,0,0,0,0,0
1748638038867,-18750000,4912019,5736783,5663470,0,0,0,0,0,0,0
1748638038967,-18750000,4915685,5718453,5993384,0,0,0,0,0,0,0
1748638039067,-18750000,4919351,5773439,5938398,0,0,0,0,0,0,0
1748638039167,-18750000,4930349,5755109,5663474,0,0,0,0,0,0,0
1748638039267,-18750000,4904689,5773436,5315234,0,0,0,0,0,0,0
1748638039367,-18750000,4915686,5846748,4912008,0,0,0,0,0,0,0
1748638039467,-18750000,4908354,5883408,4582098,0,0,0,0,0,0,0
1748638039567,-18750000,4908354,5755110,4435469,0,0,0,0,0,0,0
1748638039667,-18750000,4912019,5773440,4325497,0,0,0,0,0,0,0
1748638039767,-18750000,4919351,5773440,4252181,0,0,0,0,0,0,0
1748638039867,-18750000,4904688,5773440,4233851,0,0,0,0,0,0,0
1748638039967,-18750000,4904688,5791770,4270507,0,0,0,0,0,0,0
1748638040067,-18750000,4901022,5681797,4508778,0,0,0,0,0,0,0
1748638040167,-18750000,4897356,5626815,4838688,0,0,0,0,0,0,0
1748638040267,-18750000,4908353,5645145,5223584,0,0,0,0,0,0,0
1748638040367,-18750000,4915685,5608488,5608480,0,0,0,0,0,0,0
1748638040467,-18750000,4930348,5608488,5938390,0,0,0,0,0,0,0
1748638040567,-18750000,4934014,5681801,6103349,0,0,0,0,0,0,0
1748638040667,-18750000,4934014,5736787,6231648,0,0,0,0,0,0,0
1748638040767,-18750000,4930348,5681804,6359947,0,0,0,0,0,0,0
1748638040867,-18750000,4945010,5681804,6378277,0,0,0,0,0,0,0
1748638040967,-18750000,4948676,5663474,6341620,0,0,0,0,0,0,0
1748638041067,-18750000,4963338,5718461,6140005,0,0,0,0,0,0,0
1748638041167,-18750000,4970669,5718461,5865078,0,0,0,0,0,0,0
1748638041267,-18750000,4981666,5773447,5480182,0,0,0,0,0,0,0
1748638041367,-18750000,4978000,5883419,5058629,0,0,0,0,0,0,0
1748638041467,-18750000,4992662,5865089,4710389,0,0,0,0,0,0,0
1748638041567,-18750000,4999994,5828433,4600417,0,0,0,0,0,0,0
1748638041667,-18750000,4988997,5736791,4453792,0,0,0,0,0,0,0
1748638041767,-18750000,4974335,5883416,4288837,0,0,0,0,0,0,0
1748638041867,-18750000,4967003,5956728,4215521,0,0,0,0,0,0,0
1748638041967,-18750000,4970669,5956728,4270507,0,0,0,0,0,0,0
1748638042067,-18750000,4959673,5901742,4472122,0,0,0,0,0,0,0
1748638042167,-18750000,4948676,5975054,4747049,0,0,0,0,0,0,0
1748638042267,-18750000,4948676,5938398,5205258,0,0,0,0,0,0,0
1748638042367,-18750000,4956008,5938398,5626810,0,0,0,0,0,0,0
1748638042467,-18750000,4948676,5938398,5956724,0,0,0,0,0,0,0
1748638042567,-18750000,4926683,6030041,5883412,0,0,0,0,0,0,0
1748638042667,-18750000,4941345,6103353,5718453,0,0,0,0,0,0,0
1748638042767,-18750000,4952342,6066697,5480185,0,0,0,0,0,0,0
1748638042867,-18750000,4937680,5975054,5113619,0,0,0,0,0,0,0
1748638042967,-18750000,4919351,5956724,4802035,0,0,0,0,0,0,0
1748638043067,-18750000,4908354,6011711,4600420,0,0,0,0,0,0,0
1748638043167,-18750000,4901023,6048367,4545434,0,0,0,0,0,0,0
1748638043267,-18750000,4879029,6030037,4417136,0,0,0,0,0,0,0
1748638043367,-18750000,4864366,5956721,4398809,0,0,0,0,0,0,0
1748638043467,-18750000,4849704,5901734,4417136,0,0,0,0,0,0,0
1748638043567,-18750000,4846038,5810092,4563764,0,0,0,0,0,0,0
1748638043667,-18750000,4838707,5700123,4875348,0,0,0,0,0,0,0
1748638043767,-18750000,4809381,5645137,5241914,0,0,0,0,0,0,0
1748638043867,-18750000,4816712,5645137,5645141,0,0,0,0,0,0,0
1748638043967,-18750000,4824044,5718453,5975051,0,0,0,0,0,0,0
1748638044067,-18750000,4849703,5608484,6213322,0,0,0,0,0,0,0
1748638044167,-18750000,4853369,5626814,6249982,0,0,0,0,0,0,0
1748638044267,-18750000,4868031,5626814,6341624,0,0,0,0,0,0,0
1748638044367,-18750000,4871697,5608488,6359951,0,0,0,0,0,0,0
1748638044467,-18750000,4893691,5663474,6396607,0,0,0,0,0,0,0
1748638044567,-18750000,4915685,5700131,6451589,0,0,0,0,0,0,0
1748638044667,-18750000,4937678,5810099,6451589,0,0,0,0,0,0,0
1748638044767,-18750000,4996330,5828429,6396607,0,0,0,0,0,0,0
1748638044867,-18750000,5014658,5810099,6451589,0,0,0,0,0,0,0
1748638044967,-18750000,5029321,5755113,6396607,0,0,0,0,0,0,0
1748638045067,-18750000,5036652,5810096,6194996,0,0,0,0,0,0,0
1748638045167,-18750000,5040318,5773439,6011711,0,0,0,0,0,0,0
1748638045267,-18750000,5047649,5736783,5681801,0,0,0,0,0,0,0
1748638045367,-18750000,5054981,5700127,5296905,0,0,0,0,0,0,0
1748638045467,-18750000,5040318,5718457,4985321,0,0,0,0,0,0,0
1748638045567,-18750000,5021990,5736787,4783709,0,0,0,0,0,0,0
1748638045667,-18750000,5010993,5773443,4673741,0,0,0,0,0,0,0
1748638045767,-18750000,4974336,5718457,4673741,0,0,0,0,0,0,0
1748638045867,-18750000,4959673,5700131,4600428,0,0,0,0,0,0,0
1748638045967,-18750000,4956008,5663474,4637084,0,0,0,0,0,0,0
1748638046067,-18750000,4937679,5736791,4728727,0,0,0,0,0,0,0
1748638046167,-18750000,4945010,5773447,4912012,0,0,0,0,0,0,0
1748638046267,-18750000,4923016,5846759,5241922,0,0,0,0,0,0,0
1748638046367,-18750000,4912019,5956728,5645148,0,0,0,0,0,0,0
1748638046467,-18750000,4912019,5920068,5938406,0,0,0,0,0,0,0
1748638046567,-18750000,4930347,5993380,6140017,0,0,0,0,0,0,0
1748638046667,-18750000,4923016,5901738,6231659,0,0,0,0,0,0,0
1748638046767,-18750000,4952341,5975054,6304972,0,0,0,0,0,0,0
1748638046867,-18750000,4956007,5956724,6396614,0,0,0,0,0,0,0
1748638046967,-18750000,4967004,6011711,6396614,0,0,0,0,0,0,0
1748638047067,-18750000,4970670,5938394,6451597,0,0,0,0,0,0,0
1748638047167,-18750000,4992664,5901738,6543236,0,0,0,0,0,0,0
1748638047267,-18750000,5032986,5901738,6561566,0,0,0,0,0,0,0
1748638047367,-18750000,5054981,5865082,6579892,0,0,0,0,0,0,0
1748638047467,-18750000,5091638,5865082,6561562,0,0,0,0,0,0,0
1748638047567,-18750000,5095304,5810099,6396607,0,0,0,0,0,0,0
1748638047667,-18750000,5120963,5773443,6103349,0,0,0,0,0,0,0
1748638047767,-18750000,5084307,5810099,5700123,0,0,0,0,0,0,0
1748638047867,-18750000,5073310,5883416,5223584,0,0,0,0,0,0,0
1748638047967,-18750000,5054981,5865086,4838684,0,0,0,0,0,0,0
1748638048067,-18750000,5065979,5865086,4600417,0,0,0,0,0,0,0
1748638048167,-18750000,5036654,5883412,4453792,0,0,0,0,0,0,0
1748638048267,-18750000,5003663,5846756,4325493,0,0,0,0,0,0,0
1748638048367,-18750000,5003663,5846756,4252180,0,0,0,0,0,0,0
1748638048467,-18750000,4988999,5846756,4160538,0,0,0,0,0,0,0
1748638048567,-18750000,4967006,5810096,4123882,0,0,0,0,0,0,0
1748638048667,-18750000,4937681,5828426,4087225,0,0,0,0,0,0,0
1748638048767,-18750000,4967006,5736783,4050569,0,0,0,0,0,0,0
1748638048867,-18750000,4981668,5755109,4105552,0,0,0,0,0,0,0
1748638048967,-18750000,4988999,5773439,4032239,0,0,0,0,0,0,0
1748638049067,-18750000,4970671,5773439,3757312,0,0,0,0,0,0,0
1748638049167,-18750000,4963340,5736783,3390742,0,0,0,0,0,0,0
1748638049267,-18750000,4959674,5718453,2969186,0,0,0,0,0,0,0
1748638049367,-18750000,4926682,5755109,2565959,0,0,0,0,0,0,0
1748638049467,-18750000,4897357,5681797,2217719,0,0,0,0,0,0,0
1748638049567,-18750000,4871697,5645141,2236046,0,0,0,0,0,0,0
1748638049667,-18750000,4857034,5645141,2364344,0,0,0,0,0,0,0
1748638049767,-18750000,4838705,5681797,2712584,0,0,0,0,0,0,0
1748638049867,-18750000,4813045,5626811,3024168,0,0,0,0,0,0,0
1748638049967,-18750000,4787386,5608481,3500707,0,0,0,0,0,0,0
1748638050067,-18750000,4765391,5571824,4013902,0,0,0,0,0,0,0
1748638050167,-18750000,4754394,5535168,4435458,0,0,0,0,0,0,0
1748638050267,-18750000,4747062,5516842,4930327,0,0,0,0,0,0,0
1748638050367,-18750000,4754394,5443529,5370209,0,0,0,0,0,0,0
1748638050467,-18750000,4736065,5480185,5828422,0,0,0,0,0,0,0
1748638050567,-18750000,4769057,5571828,6011707,0,0,0,0,0,0,0
1748638050667,-18750000,4787386,5590154,6231648,0,0,0,0,0,0,0
1748638050767,-18750000,4765392,5498512,6304961,0,0,0,0,0,0,0
1748638050867,-18750000,4772724,5516842,6341621,0,0,0,0,0,0,0
1748638050967,-18750000,4772724,5571828,6341621,0,0,0,0,0,0,0
1748638051067,-18750000,4787387,5608484,6359951,0,0,0,0,0,0,0
1748638051167,-18750000,4798384,5553498,6451589,0,0,0,0,0,0,0
1748638051267,-18750000,4824044,5571824,6524902,0,0,0,0,0,0,0
1748638051367,-18750000,4838707,5571824,6561558,0,0,0,0,0,0,0
1748638051467,-18750000,4864367,5663467,6579884,0,0,0,0,0,0,0
1748638051567,-18750000,4868032,5608481,6653201,0,0,0,0,0,0,0
1748638051667,-18750000,4864367,5553498,6708187,0,0,0,0,0,0,0
1748638051767,-18750000,4897358,5645141,6708187,0,0,0,0,0,0,0
1748638051867,-18750000,4912020,5663471,6799826,0,0,0,0,0,0,0
1748638051967,-18750000,4952342,5645141,6818156,0,0,0,0,0,0,0
1748638052067,-18750000,4974336,5700127,6799826,0,0,0,0,0,0,0
1748638052167,-18750000,4996330,5718457,6818156,0,0,0,0,0,0,0
1748638052267,-18750000,4996330,5755117,6781499,0,0,0,0,0,0,0
1748638052367,-18750000,5007327,5828429,6781499,0,0,0,0,0,0,0
1748638052467,-18750000,5014658,5773443,6726517,0,0,0,0,0,0,0
1748638052567,-18750000,5021990,5791773,6469916,0,0,0,0,0,0,0
1748638052667,-18750000,5036652,5846756,6158332,0,0,0,0,0,0,0
1748638052767,-18750000,5029321,5828426,5773436,0,0,0,0,0,0,0
1748638052867,-18750000,5010992,5828426,5260241,0,0,0,0,0,0,0
1748638052967,-18750000,4988999,5846756,4783702,0,0,0,0,0,0,0
1748638053067,-18750000,4963339,5846756,4582091,0,0,0,0,0,0,0
1748638053167,-18750000,4945010,5956724,4435462,0,0,0,0,0,0,0
1748638053267,-18750000,4934014,5920064,4362149,0,0,0,0,0,0,0
1748638053367,-18750000,4915685,5846752,4307167,0,0,0,0,0,0,0
1748638053467,-18750000,4908354,5883412,4307167,0,0,0,0,0,0,0
1748638053567,-18750000,4908354,5865082,4472126,0,0,0,0,0,0,0
1748638053667,-18750000,4912020,5883412,4710397,0,0,0,0,0,0,0
1748638053767,-18750000,4915685,5901742,5058637,0,0,0,0,0,0,0
1748638053867,-18750000,4930348,5828426,5498519,0,0,0,0,0,0,0
1748638053967,-18750000,4937679,5810096,5956728,0,0,0,0,0,0,0
1748638054067,-18750000,4963339,5791769,6158339,0,0,0,0,0,0,0
1748638054167,-18750000,4974336,5755113,6268312,0,0,0,0,0,0,0
1748638054267,-18750000,4985333,5791773,6341624,0,0,0,0,0,0,0
1748638054367,-18750000,5003661,5846759,6433263,0,0,0,0,0,0,0
1748638054467,-18750000,5025655,5810099,6433263,0,0,0,0,0,0,0
1748638054567,-18750000,5021990,5846759,6304964,0,0,0,0,0,0,0
1748638054667,-18750000,5007326,5846759,6030037,0,0,0,0,0,0,0
1748638054767,-18750000,5014658,5828429,5700127,0,0,0,0,0,0,0
1748638054867,-18750000,5018324,5883416,5333557,0,0,0,0,0,0,0
1748638054967,-18750000,5003662,5846760,4948661,0,0,0,0,0,0,0
1748638055067,-18750000,4988999,5828430,4747049,0,0,0,0,0,0,0
1748638055167,-18750000,4985333,5846760,4618750,0,0,0,0,0,0,0
1748638055267,-18750000,4970671,5828430,4563768,0,0,0,0,0,0,0
1748638055367,-18750000,4974336,5846756,4435469,0,0,0,0,0,0,0
1748638055467,-18750000,4948676,5846756,4435469,0,0,0,0,0,0,0
1748638055567,-18750000,4923017,5773439,4343827,0,0,0,0,0,0,0
1748638055667,-18750000,4908354,5755109,4288841,0,0,0,0,0,0,0
1748638055767,-18750000,4904688,5755109,4270511,0,0,0,0,0,0,0
1748638055867,-18750000,4897357,5755109,4252184,0,0,0,0,0,0,0
1748638055967,-18750000,4886360,5791766,4288841,0,0,0,0,0,0,0
1748638056067,-18750000,4868031,5810096,4288841,0,0,0,0,0,0,0
1748638056167,-18750000,4857035,5810096,4252184,0,0,0,0,0,0,0
1748638056267,-18750000,4860701,5810096,4178868,0,0,0,0,0,0,0
1748638056367,-18750000,4831376,5773439,4160542,0,0,0,0,0,0,0
1748638056467,-18750000,4838707,5773439,4160542,0,0,0,0,0,0,0
1748638056567,-18750000,4860701,5865082,4343827,0,0,0,0,0,0,0
1748638056667,-18750000,4868032,5883412,4692067,0,0,0,0,0,0,0
1748638056767,-18750000,4860701,6011711,5076963,0,0,0,0,0,0,0
1748638056867,-18750000,4879029,6011711,5480189,0,0,0,0,0,0,0
1748638056967,-18750000,4890026,5920068,5755117,0,0,0,0,0,0,0
1748638057067,-18750000,4897357,5773439,5773443,0,0,0,0,0,0,0
1748638057167,-18750000,4893691,5791766,5626814,0,0,0,0,0,0,0
1748638057267,-18750000,4882694,5755109,5333561,0,0,0,0,0,0,0
1748638057367,-18750000,4901022,5755109,5003647,0,0,0,0,0,0,0
1748638057467,-18750000,4879028,5645140,4600421,0,0,0,0,0,0,0
1748638057567,-18750000,4857035,5571828,4160534,0,0,0,0,0,0,0
1748638057667,-18750000,4860701,5498515,3683996,0,0,0,0,0,0,0
1748638057767,-18750000,4820378,5296904,3207457,0,0,0,0,0,0,0
1748638057867,-18750000,4772723,5296904,2657602,0,0,0,0,0,0,0
1748638057967,-18750000,4758060,5315234,2236045,0,0,0,0,0,0,0
1748638058067,-18750000,4743398,5388547,2254375,0,0,0,0,0,0,0
1748638058167,-18750000,4728735,5370221,2419330,0,0,0,0,0,0,0
1748638058267,-18750000,4714073,5351891,2767570,0,0,0,0,0,0,0
1748638058367,-18750000,4677416,5333561,3115810,0,0,0,0,0,0,0
1748638058467,-18750000,4677416,5406873,3464050,0,0,0,0,0,0,0
1748638058567,-18750000,4677416,5351887,3867277,0,0,0,0,0,0,0
1748638058667,-18750000,4651756,5443529,4288833,0,0,0,0,0,0,0
1748638058767,-18750000,4670085,5590158,4728716,0,0,0,0,0,0,0
1748638058867,-18750000,4673751,5535172,5241914,0,0,0,0,0,0,0
1748638058967,-18750000,4684748,5571828,5718457,0,0,0,0,0,0,0
1748638059067,-18750000,4688413,5608484,5901742,0,0,0,0,0,0,0
1748638059167,-18750000,4688413,5571824,5975058,0,0,0,0,0,0,0
1748638059267,-18750000,4692079,5608481,6048371,0,0,0,0,0,0,0
1748638059367,-18750000,4706741,5645141,6121687,0,0,0,0,0,0,0
1748638059467,-18750000,4725070,5626814,6213329,0,0,0,0,0,0,0
1748638059567,-18750000,4743398,5718457,6286646,0,0,0,0,0,0,0
1748638059667,-18750000,4761727,5645141,6323302,0,0,0,0,0,0,0
1748638059767,-18750000,4769059,5590154,6341632,0,0,0,0,0,0,0
1748638059867,-18750000,4791053,5681797,6341632,0,0,0,0,0,0,0
1748638059967,-18750000,4809381,5718453,6396614,0,0,0,0,0,0,0
1748638060067,-18750000,4827710,5645141,6323302,0,0,0,0,0,0,0
1748638060167,-18750000,4868032,5736783,6359958,0,0,0,0,0,0,0
1748638060267,-18750000,4904689,5736783,6304975,0,0,0,0,0,0,0
1748638060367,-18750000,4937680,5755109,6341632,0,0,0,0,0,0,0
1748638060467,-18750000,4948676,5865078,6341632,0,0,0,0,0,0,0
1748638060567,-18750000,4959673,5901734,6140017,0,0,0,0,0,0,0
1748638060667,-18750000,4974335,5975051,5865089,0,0,0,0,0,0,0
1748638060767,-18750000,4992663,5993381,5516849,0,0,0,0,0,0,0
1748638060867,-18750000,5010992,5883412,5168605,0,0,0,0,0,0,0
1748638060967,-18750000,4985332,5773443,4692067,0,0,0,0,0,0,0
1748638061067,-18750000,4978001,5901742,4215524,0,0,0,0,0,0,0
1748638061167,-18750000,4945010,5846759,3702326,0,0,0,0,0,0,0
1748638061267,-18750000,4915684,5828433,3280769,0,0,0,0,0,0,0
1748638061367,-18750000,4871696,5736791,2730914,0,0,0,0,0,0,0
1748638061467,-18750000,4860699,5663478,2346014,0,0,0,0,0,0,0
1748638061567,-18750000,4838705,5553509,2327688,0,0,0,0,0,0,0
1748638061667,-18750000,4802048,5498523,2437657,0,0,0,0,0,0,0
1748638061767,-18750000,4780055,5425207,2694254,0,0,0,0,0,0,0
1748638061867,-18750000,4736066,5388547,3060824,0,0,0,0,0,0,0
1748638061967,-18750000,4736066,5406873,3427394,0,0,0,0,0,0,0
1748638062067,-18750000,4717738,5296904,3885607,0,0,0,0,0,0,0
1748638062167,-18750000,4717738,5260244,4380476,0,0,0,0,0,0,0
1748638062267,-18750000,4706741,5296901,4893671,0,0,0,0,0,0,0
1748638062367,-18750000,4710407,5333557,5425196,0,0,0,0,0,0,0
1748638062467,-18750000,4703076,5351883,5810096,0,0,0,0,0,0,0
1748638062567,-18750000,4692079,5370209,6011707,0,0,0,0,0,0,0
1748638062667,-18750000,4721405,5388536,6140009,0,0,0,0,0,0,0
1748638062767,-18750000,4736067,5443522,6286634,0,0,0,0,0,0,0
1748638062867,-18750000,4754396,5590151,6323291,0,0,0,0,0,0,0
1748638062967,-18750000,4750730,5700123,6341621,0,0,0,0,0,0,0
1748638063067,-18750000,4769058,5773436,6414933,0,0,0,0,0,0,0
1748638063167,-18750000,4791052,5828422,6433263,0,0,0,0,0,0,0
1748638063267,-18750000,4813046,5810092,6414937,0,0,0,0,0,0,0
1748638063367,-18750000,4813046,5883408,6396611,0,0,0,0,0,0,0
1748638063467,-18750000,4813046,5828426,6378281,0,0,0,0,0,0,0
1748638063567,-18750000,4831374,5810099,6414937,0,0,0,0,0,0,0
1748638063667,-18750000,4838705,5810099,6488249,0,0,0,0,0,0,0
1748638063767,-18750000,4842371,5755113,6414937,0,0,0,0,0,0,0
1748638063867,-18750000,4860700,5700127,6469923,0,0,0,0,0,0,0
1748638063967,-18750000,4901023,5681797,6524906,0,0,0,0,0,0,0
1748638064067,-18750000,4930349,5700127,6579892,0,0,0,0,0,0,0
1748638064167,-18750000,4926683,5663471,6598218,0,0,0,0,0,0,0
1748638064267,-18750000,4934015,5681801,6598218,0,0,0,0,0,0,0
1748638064367,-18750000,4952343,5645144,6616544,0,0,0,0,0,0,0
1748638064467,-18750000,4981668,5700127,6653201,0,0,0,0,0,0,0
1748638064567,-18750000,5003663,5773439,6634874,0,0,0,0,0,0,0
1748638064667,-18750000,5003663,5791769,6616544,0,0,0,0,0,0,0
1748638064767,-18750000,4999997,5846756,6653201,0,0,0,0,0,0,0
1748638064867,-18750000,4999997,5901742,6524902,0,0,0,0,0,0,0
1748638064967,-18750000,4996331,5883416,6469919,0,0,0,0,0,0,0
1748638065067,-18750000,5007327,5865086,6469919,0,0,0,0,0,0,0
1748638065167,-18750000,5018324,5865086,6469919,0,0,0,0,0,0,0
1748638065267,-18750000,5021990,5846756,6488246,0,0,0,0,0,0,0
1748638065367,-18750000,5043983,5883412,6469919,0,0,0,0,0,0,0
1748638065467,-18750000,5032986,5920072,6396607,0,0,0,0,0,0,0
1748638065567,-18750000,5029320,5956728,6176666,0,0,0,0,0,0,0
1748638065667,-18750000,5029320,5901742,5865082,0,0,0,0,0,0,0
1748638065767,-18750000,5051315,5956728,5571828,0,0,0,0,0,0,0
1748638065867,-18750000,5058646,5883416,5241914,0,0,0,0,0,0,0
1748638065967,-18750000,5047649,5846756,4802028,0,0,0,0,0,0,0
1748638066067,-18750000,5021989,5846756,4288833,0,0,0,0,0,0,0
1748638066167,-18750000,5021989,5828426,3775638,0,0,0,0,0,0,0
1748638066267,-18750000,5021989,5828426,3225787,0,0,0,0,0,0,0
1748638066367,-18750000,5007326,5865082,2730918,0,0,0,0,0,0,0
1748638066467,-18750000,4992664,5773439,2401004,0,0,0,0,0,0,0
1748638066567,-18750000,4970670,5755113,2455987,0,0,0,0,0,0,0
1748638066667,-18750000,4967004,5791769,2620946,0,0,0,0,0,0,0
1748638066767,-18750000,4926681,5718453,2822557,0,0,0,0,0,0,0
1748638066867,-18750000,4908352,5791766,3152471,0,0,0,0,0,0,0
1748638066967,-18750000,4904687,5755109,3610683,0,0,0,0,0,0,0
1748638067067,-18750000,4897356,5828422,4050566,0,0,0,0,0,0,0
1748638067167,-18750000,4879028,5901738,4508778,0,0,0,0,0,0,0
1748638067267,-18750000,4882694,5828426,5021973,0,0,0,0,0,0,0
1748638067367,-18750000,4886359,5755113,5516842,0,0,0,0,0,0,0
1748638067467,-18750000,4897356,5828426,5828426,0,0,0,0,0,0,0
1748638067567,-18750000,4893690,5736783,5828426,0,0,0,0,0,0,0
1748638067667,-18750000,4886359,5773443,5700127,0,0,0,0,0,0,0
1748638067767,-18750000,4893691,5828429,5443529,0,0,0,0,0,0,0
1748638067867,-18750000,4901022,5773443,5113616,0,0,0,0,0,0,0
1748638067967,-18750000,4882694,5846759,4765376,0,0,0,0,0,0,0
1748638068067,-18750000,4868031,5755117,4545434,0,0,0,0,0,0,0
1748638068167,-18750000,4849703,5645144,4453792,0,0,0,0,0,0,0
1748638068267,-18750000,4835040,5681801,4343823,0,0,0,0,0,0,0
1748638068367,-18750000,4816712,5535172,4307167,0,0,0,0,0,0,0
1748638068467,-18750000,4798384,5516842,4362153,0,0,0,0,0,0,0
1748638068567,-18750000,4783721,5535168,4527112,0,0,0,0,0,0,0
1748638068667,-18750000,4783721,5553494,4747053,0,0,0,0,0,0,0
1748638068767,-18750000,4776389,5516838,5040311,0,0,0,0,0,0,0
1748638068867,-18750000,4769058,5535168,5425211,0,0,0,0,0,0,0
1748638068967,-18750000,4787387,5516838,5846763,0,0,0,0,0,0,0
1748638069067,-18750000,4813046,5461856,6048374,0,0,0,0,0,0,0
1748638069167,-18750000,4846037,5406869,6194999,0,0,0,0,0,0,0
1748638069267,-18750000,4857034,5443526,6286642,0,0,0,0,0,0,0
1748638069367,-18750000,4868031,5608481,6341624,0,0,0,0,0,0,0
1748638069467,-18750000,4875362,5571824,6378281,0,0,0,0,0,0,0
1748638069567,-18750000,4890025,5663467,6396607,0,0,0,0,0,0,0
1748638069667,-18750000,4901022,5626811,6396607,0,0,0,0,0,0,0
1748638069767,-18750000,4923016,5626811,6488246,0,0,0,0,0,0,0
1748638069867,-18750000,4930348,5626811,6488246,0,0,0,0,0,0,0
1748638069967,-18750000,4923016,5663467,6451589,0,0,0,0,0,0,0
1748638070067,-18750000,4926682,5773436,6488246,0,0,0,0,0,0,0
1748638070167,-18750000,4923016,5865078,6469919,0,0,0,0,0,0,0
1748638070267,-18750000,4934013,5920064,6524902,0,0,0,0,0,0,0
1748638070367,-18750000,4948676,5956721,6469919,0,0,0,0,0,0,0
1748638070467,-18750000,4974336,6030037,6396607,0,0,0,0,0,0,0
1748638070567,-18750000,4992664,6048367,6158339,0,0,0,0,0,0,0
1748638070667,-18750000,5003662,6030037,5956724,0,0,0,0,0,0,0
1748638070767,-18750000,5003662,6030037,5571828,0,0,0,0,0,0,0
1748638070867,-18750000,5014659,6085023,5150272,0,0,0,0,0,0,0
1748638070967,-18750000,5021990,6048367,4673733,0,0,0,0,0,0,0
1748638071067,-18750000,5021990,5975054,4197194,0,0,0,0,0,0,0
1748638071167,-18750000,5025656,5975054,3738982,0,0,0,0,0,0,0
1748638071267,-18750000,5010993,5865086,3189131,0,0,0,0,0,0,0
1748638071367,-18750000,4970670,5755117,2749244,0,0,0,0,0,0,0
1748638071467,-18750000,4923017,5700131,2419331,0,0,0,0,0,0,0
1748638071567,-18750000,4890026,5681801,2474313,0,0,0,0,0,0,0
1748638071667,-18750000,4864366,5663474,2584286,0,0,0,0,0,0,0
1748638071767,-18750000,4846037,5626818,2840883,0,0,0,0,0,0,0
1748638071867,-18750000,4824043,5553502,3207453,0,0,0,0,0,0,0
1748638071967,-18750000,4805715,5626814,3647336,0,0,0,0,0,0,0
1748638072067,-18750000,4769059,5645141,4032232,0,0,0,0,0,0,0
1748638072167,-18750000,4758061,5645141,4508771,0,0,0,0,0,0,0
1748638072267,-18750000,4743399,5718453,5003639,0,0,0,0,0,0,0
1748638072367,-18750000,4758062,5736779,5425196,0,0,0,0,0,0,0
1748638072467,-18750000,4776391,5773436,5773439,0,0,0,0,0,0,0
1748638072567,-18750000,4802050,5718449,5956724,0,0,0,0,0,0,0
1748638072667,-18750000,4794718,5791762,6103349,0,0,0,0,0,0,0
1748638072767,-18750000,4809381,5883404,6194992,0,0,0,0,0,0,0
1748638072867,-18750000,4805715,5938391,6268304,0,0,0,0,0,0,0
1748638072967,-18750000,4831375,5883408,6304961,0,0,0,0,0,0,0
1748638073067,-18750000,4853368,5938394,6323291,0,0,0,0,0,0,0
1748638073167,-18750000,4871697,5993381,6304964,0,0,0,0,0,0,0
1748638073267,-18750000,4890025,5975051,6304964,0,0,0,0,0,0,0
1748638073367,-18750000,4904688,6030037,6378277,0,0,0,0,0,0,0
1748638073467,-18750000,4930348,6048367,6433259,0,0,0,0,0,0,0
1748638073567,-18750000,4926682,6103353,6414933,0,0,0,0,0,0,0
1748638073667,-18750000,4952342,6103353,6414933,0,0,0,0,0,0,0
1748638073767,-18750000,4956008,5993380,6433263,0,0,0,0,0,0,0
1748638073867,-18750000,4981667,5938394,6414937,0,0,0,0,0,0,0
1748638073967,-18750000,4978001,5956720,6378281,0,0,0,0,0,0,0
1748638074067,-18750000,4978001,5920064,6268308,0,0,0,0,0,0,0
1748638074167,-18750000,4970670,5865078,5993381,0,0,0,0,0,0,0
1748638074267,-18750000,4967004,5920064,5700123,0,0,0,0,0,0,0
1748638074367,-18750000,4963338,5883408,5296897,0,0,0,0,0,0,0
1748638074467,-18750000,4948675,5865078,4966987,0,0,0,0,0,0,0
1748638074567,-18750000,4952341,5755109,4747046,0,0,0,0,0,0,0
1748638074667,-18750000,4937678,5755109,4655403,0,0,0,0,0,0,0
1748638074767,-18750000,4923016,5846752,4563761,0,0,0,0,0,0,0
1748638074867,-18750000,4908353,5828426,4545431,0,0,0,0,0,0,0
1748638074967,-18750000,4919351,5810099,4527104,0,0,0,0,0,0,0
1748638075067,-18750000,4923017,5736787,4618747,0,0,0,0,0,0,0
1748638075167,-18750000,4930348,5736787,4893674,0,0,0,0,0,0,0
1748638075267,-18750000,4926683,5736787,5205258,0,0,0,0,0,0,0
1748638075367,-18750000,4919351,5718457,5645141,0,0,0,0,0,0,0
1748638075467,-18750000,4934015,5718457,5920068,0,0,0,0,0,0,0
1748638075567,-18750000,4934015,5810099,6194992,0,0,0,0,0,0,0
1748638075667,-18750000,4956009,5810099,6323291,0,0,0,0,0,0,0
1748638075767,-18750000,4970672,5755113,6396603,0,0,0,0,0,0,0
1748638075867,-18750000,4989000,5810099,6451589,0,0,0,0,0,0,0
1748638075967,-18750000,4974338,5846756,6451589,0,0,0,0,0,0,0
1748638076067,-18750000,4992666,6030037,6323291,0,0,0,0,0,0,0
1748638076167,-18750000,4970672,6030037,6011707,0,0,0,0,0,0,0
1748638076267,-18750000,4963341,5956724,5590154,0,0,0,0,0,0,0
1748638076367,-18750000,4974338,5993384,5186932,0,0,0,0,0,0,0
1748638076467,-18750000,4959675,5975054,4912004,0,0,0,0,0,0,0
1748638076567,-18750000,4959675,5938394,4728723,0,0,0,0,0,0,0
1748638076667,-18750000,4945012,5975051,4618754,0,0,0,0,0,0,0
1748638076767,-18750000,4930349,5975051,4527112,0,0,0,0,0,0,0
1748638076867,-18750000,4915686,5975051,4417139,0,0,0,0,0,0,0
1748638076967,-18750000,4904689,5901734,4435466,0,0,0,0,0,0,0
1748638077067,-18750000,4879029,5828422,4618751,0,0,0,0,0,0,0
1748638077167,-18750000,4890025,5901738,4966991,0,0,0,0,0,0,0
1748638077267,-18750000,4882693,5920064,5388543,0,0,0,0,0,0,0
1748638077367,-18750000,4893691,5956721,5791766,0,0,0,0,0,0,0
1748638077467,-18750000,4893691,5920064,6030033,0,0,0,0,0,0,0
1748638077567,-18750000,4886359,5920064,5938391,0,0,0,0,0,0,0
1748638077667,-18750000,4875363,5883408,5755106,0,0,0,0,0,0,0
1748638077767,-18750000,4879028,5901738,5553494,0,0,0,0,0,0,0
1748638077867,-18750000,4868032,5828422,5260241,0,0,0,0,0,0,0
1748638077967,-18750000,4871698,5773439,4985313,0,0,0,0,0,0,0
1748638078067,-18750000,4882694,5718453,4838684,0,0,0,0,0,0,0
1748638078167,-18750000,4853369,5645137,4692056,0,0,0,0,0,0,0
1748638078267,-18750000,4860701,5663467,4600413,0,0,0,0,0,0,0
1748638078367,-18750000,4846038,5608481,4472114,0,0,0,0,0,0,0
1748638078467,-18750000,4831375,5608481,4545431,0,0,0,0,0,0,0
1748638078567,-18750000,4835041,5663467,4765372,0,0,0,0,0,0,0
1748638078667,-18750000,4846037,5535168,5003643,0,0,0,0,0,0,0
1748638078767,-18750000,4857034,5516838,5278570,0,0,0,0,0,0,0
1748638078867,-18750000,4860700,5516838,5663467,0,0,0,0,0,0,0
1748638078967,-18750000,4849702,5516838,5993381,0,0,0,0,0,0,0
1748638079067,-18750000,4842371,5535168,6158339,0,0,0,0,0,0,0
1748638079167,-18750000,4864365,5461856,6286638,0,0,0,0,0,0,0
1748638079267,-18750000,4879028,5461856,6359954,0,0,0,0,0,0,0
1748638079367,-18750000,4879028,5498512,6469927,0,0,0,0,0,0,0
1748638079467,-18750000,4890025,5480186,6469927,0,0,0,0,0,0,0
1748638079567,-18750000,4901022,5498516,6524909,0,0,0,0,0,0,0
1748638079667,-18750000,4912019,5535172,6598222,0,0,0,0,0,0,0
1748638079767,-18750000,4912019,5590158,6598222,0,0,0,0,0,0,0
1748638079867,-18750000,4926682,5645144,6579895,0,0,0,0,0,0,0
1748638079967,-18750000,4952342,5791769,6524909,0,0,0,0,0,0,0
1748638080067,-18750000,4967004,5773439,6359950,0,0,0,0,0,0,0
1748638080167,-18750000,4967004,5920068,6085027,0,0,0,0,0,0,0
1748638080267,-18750000,4981667,5938398,5718457,0,0,0,0,0,0,0
1748638080367,-18750000,4985333,5883412,5241918,0,0,0,0,0,0,0
1748638080467,-18750000,4974335,5938394,4912004,0,0,0,0,0,0,0
1748638080567,-18750000,4974335,5865078,4692063,0,0,0,0,0,0,0
1748638080667,-18750000,4956007,5975051,4563764,0,0,0,0,0,0,0
1748638080767,-18750000,4952341,5883408,4453792,0,0,0,0,0,0,0
1748638080867,-18750000,4934013,5865078,4398806,0,0,0,0,0,0,0
1748638080967,-18750000,4937678,5828422,4398806,0,0,0,0,0,0,0
1748638081067,-18750000,4926682,5883408,4563764,0,0,0,0,0,0,0
1748638081167,-18750000,4934013,5865078,4802032,0,0,0,0,0,0,0
1748638081267,-18750000,4919350,5865078,5186928,0,0,0,0,0,0,0
1748638081367,-18750000,4919350,5901738,5645137,0,0,0,0,0,0,0
1748638081467,-18750000,4930348,5920068,5975051,0,0,0,0,0,0,0
1748638081567,-18750000,4941345,5975054,6158336,0,0,0,0,0,0,0
1748638081667,-18750000,4952342,5975054,6176666,0,0,0,0,0,0,0
1748638081767,-18750000,4948677,5975054,6304964,0,0,0,0,0,0,0
1748638081867,-18750000,4959674,6011714,6414933,0,0,0,0,0,0,0
1748638081967,-18750000,4956008,5956728,6488246,0,0,0,0,0,0,0
1748638082067,-18750000,4959673,5901742,6524902,0,0,0,0,0,0,0
1748638082167,-18750000,4967005,5810099,6579888,0,0,0,0,0,0,0
1748638082267,-18750000,4967005,5773439,6598218,0,0,0,0,0,0,0
1748638082367,-18750000,4974336,5773439,6616548,0,0,0,0,0,0,0
1748638082467,-18750000,4988999,5846752,6598218,0,0,0,0,0,0,0
1748638082567,-18750000,4992664,5810096,6433263,0,0,0,0,0,0,0
1748638082667,-18750000,4992664,5773439,6176662,0,0,0,0,0,0,0
1748638082767,-18750000,5007326,5865082,5810096,0,0,0,0,0,0,0
1748638082867,-18750000,5003661,5901738,5315231,0,0,0,0,0,0,0
1748638082967,-18750000,4999995,5975054,4912008,0,0,0,0,0,0,0
1748638083067,-18750000,4992664,5956728,4747053,0,0,0,0,0,0,0
1748638083167,-18750000,4981667,6048371,4637081,0,0,0,0,0,0,0
1748638083267,-18750000,4985333,6030044,4527108,0,0,0,0,0,0,0
1748638083367,-18750000,4959673,5993384,4453796,0,0,0,0,0,0,0
1748638083467,-18750000,4956007,5901742,4435469,0,0,0,0,0,0,0
1748638083567,-18750000,4930347,5938398,4563768,0,0,0,0,0,0,0
1748638083667,-18750000,4926681,5993380,4820369,0,0,0,0,0,0,0
1748638083767,-18750000,4904687,5938394,5223592,0,0,0,0,0,0,0
1748638083867,-18750000,4908353,5920064,5663474,0,0,0,0,0,0,0
1748638083967,-18750000,4901021,5865078,6048371,0,0,0,0,0,0,0
1748638084067,-18750000,4915684,5938391,6194996,0,0,0,0,0,0,0
1748638084167,-18750000,4923015,5938391,6268312,0,0,0,0,0,0,0
1748638084267,-18750000,4926681,5975047,6396611,0,0,0,0,0,0,0
1748638084367,-18750000,4930347,6030033,6433267,0,0,0,0,0,0,0
1748638084467,-18750000,4926682,6030033,6469923,0,0,0,0,0,0,0
1748638084567,-18750000,4934013,6011707,6543235,0,0,0,0,0,0,0
1748638084667,-18750000,4945010,5938394,6598218,0,0,0,0,0,0,0
1748638084767,-18750000,4963338,5956724,6598218,0,0,0,0,0,0,0
1748638084867,-18750000,4978001,5975054,6616544,0,0,0,0,0,0,0
1748638084967,-18750000,4992664,5993384,6543232,0,0,0,0,0,0,0
1748638085067,-18750000,5003661,5993384,6359947,0,0,0,0,0,0,0
1748638085167,-18750000,5007326,5938398,6085019,0,0,0,0,0,0,0
1748638085267,-18750000,5010992,5938398,5663467,0,0,0,0,0,0,0
1748638085367,-18750000,5014658,5901742,5296897,0,0,0,0,0,0,0
1748638085467,-18750000,5018323,5956728,4985313,0,0,0,0,0,0,0
1748638085567,-18750000,5014658,5901742,4747046,0,0,0,0,0,0,0
1748638085667,-18750000,4999995,5846756,4710389,0,0,0,0,0,0,0
1748638085767,-18750000,5003661,5791769,4637077,0,0,0,0,0,0,0
1748638085867,-18750000,4996329,5791769,4600420,0,0,0,0,0,0,0
1748638085967,-18750000,4999995,5791769,4618747,0,0,0,0,0,0,0
1748638086067,-18750000,4978002,5718457,4600420,0,0,0,0,0,0,0
1748638086167,-18750000,4959674,5773443,4545434,0,0,0,0,0,0,0
1748638086267,-18750000,4930348,5846755,4545434,0,0,0,0,0,0,0
1748638086367,-18750000,4934014,5920068,4490448,0,0,0,0,0,0,0
1748638086467,-18750000,4945011,5865082,4398805,0,0,0,0,0,0,0
1748638086567,-18750000,4948676,5828426,4398805,0,0,0,0,0,0,0
1748638086667,-18750000,4948676,5920068,4307163,0,0,0,0,0,0,0
1748638086767,-18750000,4934014,6011711,4307163,0,0,0,0,0,0,0
1748638086867,-18750000,4926683,5901738,4307163,0,0,0,0,0,0,0
1748638086967,-18750000,4904689,5938394,4325493,0,0,0,0,0,0,0
1748638087067,-18750000,4897357,5956721,4527104,0,0,0,0,0,0,0
1748638087167,-18750000,4904689,5865078,4857018,0,0,0,0,0,0,0
1748638087267,-18750000,4915686,5773436,5186932,0,0,0,0,0,0,0
1748638087367,-18750000,4945011,5736779,5626814,0,0,0,0,0,0,0
1748638087467,-18750000,4926683,5828422,6048367,0,0,0,0,0,0,0
1748638087567,-18750000,4937680,5883404,6103353,0,0,0,0,0,0,0
1748638087667,-18750000,4941345,5883404,5938398,0,0,0,0,0,0,0
1748638087767,-18750000,4934014,5883404,5571828,0,0,0,0,0,0,0
1748638087867,-18750000,4919351,5938391,5241918,0,0,0,0,0,0,0
1748638087967,-18750000,4930348,5883404,4893678,0,0,0,0,0,0,0
1748638088067,-18750000,4937679,5901734,4655411,0,0,0,0,0,0,0
1748638088167,-18750000,4926682,5938391,4545438,0,0,0,0,0,0,0
1748638088267,-18750000,4912018,5993377,4527108,0,0,0,0,0,0,0
1748638088367,-18750000,4871696,5883408,4490452,0,0,0,0,0,0,0
1748638088467,-18750000,4871696,5865082,4490452,0,0,0,0,0,0,0
1748638088567,-18750000,4857034,5883412,4600420,0,0,0,0,0,0,0
1748638088667,-18750000,4846037,5883412,4838692,0,0,0,0,0,0,0
1748638088767,-18750000,4842371,5846756,5186936,0,0,0,0,0,0,0
1748638088867,-18750000,4835040,5828426,5608488,0,0,0,0,0,0,0
1748638088967,-18750000,4816711,5901738,5956728,0,0,0,0,0,0,0
1748638089067,-18750000,4813045,5901738,6176669,0,0,0,0,0,0,0
1748638089167,-18750000,4816711,5901738,6323298,0,0,0,0,0,0,0
1748638089267,-18750000,4842371,5901738,6396611,0,0,0,0,0,0,0
1748638089367,-18750000,4864365,6011707,6396611,0,0,0,0,0,0,0
1748638089467,-18750000,4860700,5901734,6359954,0,0,0,0,0,0,0
1748638089567,-18750000,4864365,5901734,6231656,0,0,0,0,0,0,0
1748638089667,-18750000,4868030,5938391,5993384,0,0,0,0,0,0,0
1748638089767,-18750000,4868030,5975047,5663470,0,0,0,0,0,0,0
1748638089867,-18750000,4886359,5993377,5168602,0,0,0,0,0,0,0
1748638089967,-18750000,4901022,5901734,4783702,0,0,0,0,0,0,0
1748638090067,-18750000,4897357,5901734,4600417,0,0,0,0,0,0,0
1748638090167,-18750000,4897357,6011707,4508774,0,0,0,0,0,0,0
1748638090267,-18750000,4893692,5993381,4472118,0,0,0,0,0,0,0
1748638090367,-18750000,4868032,5828426,4453792,0,0,0,0,0,0,0
1748638090467,-18750000,4864366,5883412,4453792,0,0,0,0,0,0,0
1748638090567,-18750000,4864366,5920068,4618747,0,0,0,0,0,0,0
1748638090667,-18750000,4871697,5791769,4875344,0,0,0,0,0,0,0
1748638090767,-18750000,4875363,5736783,5205258,0,0,0,0,0,0,0
1748638090867,-18750000,4871697,5755113,5645141,0,0,0,0,0,0,0
1748638090967,-18750000,4886359,5755113,6066697,0,0,0,0,0,0,0
1748638091067,-18750000,4886359,5773443,6249982,0,0,0,0,0,0,0
1748638091167,-18750000,4886359,5663471,6359951,0,0,0,0,0,0,0
1748638091267,-18750000,4879028,5590154,6396607,0,0,0,0,0,0,0
1748638091367,-18750000,4886360,5828422,6451589,0,0,0,0,0,0,0
1748638091467,-18750000,4897357,5846752,6488246,0,0,0,0,0,0,0
1748638091567,-18750000,4882695,5736783,6524902,0,0,0,0,0,0,0
1748638091667,-18750000,4890026,5810099,6598214,0,0,0,0,0,0,0
1748638091767,-18750000,4904689,5810099,6671527,0,0,0,0,0,0,0
1748638091867,-18750000,4926683,5773439,6671527,0,0,0,0,0,0,0
1748638091967,-18750000,4919352,5810099,6616541,0,0,0,0,0,0,0
1748638092067,-18750000,4930348,5773439,6469912,0,0,0,0,0,0,0
1748638092167,-18750000,4941345,5810099,6121672,0,0,0,0,0,0,0
1748638092267,-18750000,4956007,5865086,5736776,0,0,0,0,0,0,0
1748638092367,-18750000,4959673,5828430,5333549,0,0,0,0,0,0,0
1748638092467,-18750000,4948676,5791770,4966983,0,0,0,0,0,0,0
1748638092567,-18750000,4963338,5901738,4710385,0,0,0,0,0,0,0
1748638092667,-18750000,4948676,5920064,4508774,0,0,0,0,0,0,0
1748638092767,-18750000,4937678,5956724,4435462,0,0,0,0,0,0,0
1748638092867,-18750000,4923015,5920068,4380479,0,0,0,0,0,0,0
1748638092967,-18750000,4930346,5920068,4417136,0,0,0,0,0,0,0
1748638093067,-18750000,4915684,5975054,4563764,0,0,0,0,0,0,0
1748638093167,-18750000,4919350,5901738,4875348,0,0,0,0,0,0,0
1748638093267,-18750000,4915684,5901738,5205262,0,0,0,0,0,0,0
1748638093367,-18750000,4926681,5773439,5626818,0,0,0,0,0,0,0
1748638093467,-18750000,4919350,5773439,5993384,0,0,0,0,0,0,0
1748638093567,-18750000,4912019,5663471,6249982,0,0,0,0,0,0,0
1748638093667,-18750000,4930347,5626814,6433267,0,0,0,0,0,0,0
1748638093767,-18750000,4926682,5626814,6524906,0,0,0,0,0,0,0
1748638093867,-18750000,4934013,5718457,6598218,0,0,0,0,0,0,0
1748638093967,-18750000,4926682,5645141,6561562,0,0,0,0,0,0,0
1748638094067,-18750000,4952342,5681797,6396603,0,0,0,0,0,0,0
1748638094167,-18750000,4963339,5736783,6158336,0,0,0,0,0,0,0
1748638094267,-18750000,4974336,5736783,5883408,0,0,0,0,0,0,0
1748638094367,-18750000,4974336,5810099,5443526,0,0,0,0,0,0,0
1748638094467,-18750000,4996330,5901742,5076959,0,0,0,0,0,0,0
1748638094567,-18750000,5010992,5993384,4875348,0,0,0,0,0,0,0
1748638094667,-18750000,4996330,5920072,4820362,0,0,0,0,0,0,0
1748638094767,-18750000,4996330,5920072,4728723,0,0,0,0,0,0,0
1748638094867,-18750000,4992665,5865086,4692067,0,0,0,0,0,0,0
1748638094967,-18750000,4992665,5901742,4710397,0,0,0,0,0,0,0
1748638095067,-18750000,4974336,5810100,4930338,0,0,0,0,0,0,0
1748638095167,-18750000,4963339,5846756,5205262,0,0,0,0,0,0,0
1748638095267,-18750000,4948676,5883412,5535172,0,0,0,0,0,0,0
1748638095367,-18750000,4959674,5883412,5956724,0,0,0,0,0,0,0
1748638095467,-18750000,4963340,5846756,6286634,0,0,0,0,0,0,0
1748638095567,-18750000,4956008,5828426,6286634,0,0,0,0,0,0,0
1748638095667,-18750000,4963339,5846752,6011707,0,0,0,0,0,0,0
1748638095767,-18750000,4967005,5810092,5700123,0,0,0,0,0,0,0
1748638095867,-18750000,4948676,5828422,5315223,0,0,0,0,0,0,0
1748638095967,-18750000,4945010,5773439,4985309,0,0,0,0,0,0,0
1748638096067,-18750000,4941345,5773439,4783698,0,0,0,0,0,0,0
1748638096167,-18750000,4923016,5718453,4637073,0,0,0,0,0,0,0
1748638096267,-18750000,4897357,5645141,4600417,0,0,0,0,0,0,0
1748638096367,-18750000,4879028,5608481,4508774,0,0,0,0,0,0,0
1748638096467,-18750000,4857034,5608481,4490448,0,0,0,0,0,0,0
1748638096567,-18750000,4849703,5590151,4655403,0,0,0,0,0,0,0
1748638096667,-18750000,4849703,5645137,4948661,0,0,0,0,0,0,0
1748638096767,-18750000,4849703,5645137,5315227,0,0,0,0,0,0,0
1748638096867,-18750000,4868032,5681793,5718453,0,0,0,0,0,0,0
1748638096967,-18750000,4846038,5700119,6085023,0,0,0,0,0,0,0
1748638097067,-18750000,4857035,5773436,6249978,0,0,0,0,0,0,0
1748638097167,-18750000,4864366,5718453,6359947,0,0,0,0,0,0,0
1748638097267,-18750000,4886360,5755109,6414933,0,0,0,0,0,0,0
1748638097367,-18750000,4879028,5810096,6506576,0,0,0,0,0,0,0
1748638097467,-18750000,4879028,5755109,6561558,0,0,0,0,0,0,0
1748638097567,-18750000,4897357,5791769,6543232,0,0,0,0,0,0,0
1748638097667,-18750000,4919351,5828426,6598214,0,0,0,0,0,0,0
1748638097767,-18750000,4926682,5901742,6561558,0,0,0,0,0,0,0
1748638097867,-18750000,4937679,5901742,6598214,0,0,0,0,0,0,0
1748638097967,-18750000,4974336,6030041,6506572,0,0,0,0,0,0,0
1748638098067,-18750000,4992665,6011711,6359947,0,0,0,0,0,0,0
1748638098167,-18750000,5007327,6011711,6103349,0,0,0,0,0,0,0
1748638098267,-18750000,5003662,6030041,5718453,0,0,0,0,0,0,0
1748638098367,-18750000,5014658,6011714,5315227,0,0,0,0,0,0,0
1748638098467,-18750000,5029321,6085031,4948660,0,0,0,0,0,0,0
1748638098567,-18750000,5021990,6048371,4765375,0,0,0,0,0,0,0
1748638098667,-18750000,4992665,6011714,4582094,0,0,0,0,0,0,0
1748638098767,-18750000,4999996,5956728,4545438,0,0,0,0,0,0,0
1748638098867,-18750000,4974336,5901742,4472126,0,0,0,0,0,0,0
1748638098967,-18750000,4963339,5865086,4508782,0,0,0,0,0,0,0
1748638099067,-18750000,4945010,5865086,4655407,0,0,0,0,0,0,0
1748638099167,-18750000,4930348,5993384,4893678,0,0,0,0,0,0,0
1748638099267,-18750000,4952341,5975054,5260244,0,0,0,0,0,0,0
1748638099367,-18750000,4956007,6030037,5663471,0,0,0,0,0,0,0
1748638099467,-18750000,4967005,5956721,6048367,0,0,0,0,0,0,0
1748638099567,-18750000,4970670,5993381,6268308,0,0,0,0,0,0,0
1748638099667,-18750000,4974335,6030037,6359951,0,0,0,0,0,0,0
1748638099767,-18750000,4974335,6030037,6451593,0,0,0,0,0,0,0
1748638099867,-18750000,4978001,5993381,6524906,0,0,0,0,0,0,0
1748638099967,-18750000,4967003,5938394,6543236,0,0,0,0,0,0,0
1748638100067,-18750000,4978001,5938394,6579892,0,0,0,0,0,0,0
1748638100167,-18750000,4996329,5920064,6598218,0,0,0,0,0,0,0
1748638100267,-18750000,4985332,5975051,6598218,0,0,0,0,0,0,0
1748638100367,-18750000,4985332,5975051,6671534,0,0,0,0,0,0,0
1748638100467,-18750000,4974335,6066693,6671534,0,0,0,0,0,0,0
1748638100567,-18750000,4970669,6048363,6653204,0,0,0,0,0,0,0
1748638100667,-18750000,4978001,5956721,6708187,0,0,0,0,0,0,0
1748638100767,-18750000,4988998,5956721,6708187,0,0,0,0,0,0,0
1748638100867,-18750000,5010992,5993377,6744847,0,0,0,0,0,0,0
1748638100967,-18750000,5018324,6011707,6726517,0,0,0,0,0,0,0
1748638101067,-18750000,5021990,6030037,6543236,0,0,0,0,0,0,0
1748638101167,-18750000,5032987,6011711,6268312,0,0,0,0,0,0,0
1748638101267,-18750000,5036653,6011711,5901746,0,0,0,0,0,0,0
1748638101367,-18750000,5040318,5993384,5406877,0,0,0,0,0,0,0
1748638101467,-18750000,5032987,5956728,4948664,0,0,0,0,0,0,0
1748638101567,-18750000,5029321,5975058,4453796,0,0,0,0,0,0,0
1748638101667,-18750000,5021990,6048374,3995587,0,0,0,0,0,0,0
1748638101767,-18750000,5021990,6085031,3427405,0,0,0,0,0,0,0
1748638101867,-18750000,4992664,6140017,2822564,0,0,0,0,0,0,0
1748638101967,-18750000,4981667,6121687,2419338,0,0,0,0,0,0,0
1748638102067,-18750000,4956007,6048371,2309366,0,0,0,0,0,0,0
1748638102167,-18750000,4937679,6011711,2419334,0,0,0,0,0,0,0
1748638102267,-18750000,4897357,5975054,2694258,0,0,0,0,0,0,0
1748638102367,-18750000,4879029,5901738,3024168,0,0,0,0,0,0,0
1748638102467,-18750000,4882694,5791769,3464051,0,0,0,0,0,0,0
1748638102567,-18750000,4882694,5718453,3903937,0,0,0,0,0,0,0
1748638102667,-18750000,4882694,5681793,4307163,0,0,0,0,0,0,0
1748638102767,-18750000,4871697,5663467,4893671,0,0,0,0,0,0,0
1748638102867,-18750000,4879028,5681797,5425196,0,0,0,0,0,0,0
1748638102967,-18750000,4886359,5681797,5901734,0,0,0,0,0,0,0
1748638103067,-18750000,4897356,5736783,6194988,0,0,0,0,0,0,0
1748638103167,-18750000,4904687,5736783,6378273,0,0,0,0,0,0,0
1748638103267,-18750000,4923016,5681797,6469916,0,0,0,0,0,0,0
1748638103367,-18750000,4945010,5700127,6561558,0,0,0,0,0,0,0
1748638103467,-18750000,4956007,5828426,6524902,0,0,0,0,0,0,0
1748638103567,-18750000,4963338,5975054,6341617,0,0,0,0,0,0,0
1748638103667,-18750000,4963338,6030041,6085016,0,0,0,0,0,0,0
1748638103767,-18750000,4948676,6030041,5718449,0,0,0,0,0,0,0
1748638103867,-18750000,4948676,5938398,5333553,0,0,0,0,0,0,0
1748638103967,-18750000,4959672,6048371,4966987,0,0,0,0,0,0,0
1748638104067,-18750000,4967003,6048371,4783706,0,0,0,0,0,0,0
1748638104167,-18750000,4952341,6140013,4692063,0,0,0,0,0,0,0
1748638104267,-18750000,4967003,6121683,4692063,0,0,0,0,0,0,0
1748638104367,-18750000,4963337,6140013,4692063,0,0,0,0,0,0,0
1748638104467,-18750000,4945009,6085027,4673737,0,0,0,0,0,0,0
1748638104567,-18750000,4926681,5993384,4618751,0,0,0,0,0,0,0
1748638104667,-18750000,4912019,5865086,4618751,0,0,0,0,0,0,0
1748638104767,-18750000,4915685,5865086,4563764,0,0,0,0,0,0,0
1748638104867,-18750000,4912019,5846756,4508778,0,0,0,0,0,0,0
1748638104967,-18750000,4893692,5700127,4453792,0,0,0,0,0,0,0
1748638105067,-18750000,4868032,5700127,4435462,0,0,0,0,0,0,0
1748638105167,-18750000,4853368,5663471,4398806,0,0,0,0,0,0,0
1748638105267,-18750000,4842371,5736787,4288837,0,0,0,0,0,0,0
1748638105367,-18750000,4820377,5718457,4215524,0,0,0,0,0,0,0
1748638105467,-18750000,4809380,5663471,4215524,0,0,0,0,0,0,0
1748638105567,-18750000,4809380,5645141,4527108,0,0,0,0,0,0,0
1748638105667,-18750000,4805714,5700127,4820366,0,0,0,0,0,0,0
1748638105767,-18750000,4809379,5663467,5205262,0,0,0,0,0,0,0
1748638105867,-18750000,4809379,5755109,5626818,0,0,0,0,0,0,0
1748638105967,-18750000,4809379,5810096,5975058,0,0,0,0,0,0,0
1748638106067,-18750000,4820377,5828426,6121687,0,0,0,0,0,0,0
1748638106167,-18750000,4835040,5773439,6304972,0,0,0,0,0,0,0
1748638106267,-18750000,4857034,5791766,6469927,0,0,0,0,0,0,0
1748638106367,-18750000,4875363,5755109,6561569,0,0,0,0,0,0,0
1748638106467,-18750000,4897357,5791766,6616552,0,0,0,0,0,0,0
1748638106567,-18750000,4915685,5846752,6634878,0,0,0,0,0,0,0
1748638106667,-18750000,4941345,5920064,6689860,0,0,0,0,0,0,0
1748638106767,-18750000,4952342,5920064,6689860,0,0,0,0,0,0,0
1748638106867,-18750000,4967005,5883408,6763173,0,0,0,0,0,0,0
1748638106967,-18750000,4967005,5901738,6818159,0,0,0,0,0,0,0
1748638107067,-18750000,4974336,5810096,6836486,0,0,0,0,0,0,0
1748638107167,-18750000,4985333,5810096,6799826,0,0,0,0,0,0,0
1748638107267,-18750000,4978001,5791769,6781496,0,0,0,0,0,0,0
1748638107367,-18750000,4992663,5810096,6836482,0,0,0,0,0,0,0
1748638107467,-18750000,4999994,5901738,6836482,0,0,0,0,0,0,0
1748638107567,-18750000,5007326,5938394,6598214,0,0,0,0,0,0,0
1748638107667,-18750000,5007326,5883408,6268304,0,0,0,0,0,0,0
1748638107767,-18750000,4988998,5883408,5883408,0,0,0,0,0,0,0
1748638107867,-18750000,4978001,5883408,5443525,0,0,0,0,0,0,0
1748638107967,-18750000,4988997,5901734,5040299,0,0,0,0,0,0,0
1748638108067,-18750000,4978001,5956721,4857014,0,0,0,0,0,0,0
1748638108167,-18750000,4970669,5956721,4710389,0,0,0,0,0,0,0
1748638108267,-18750000,4974335,5938391,4637077,0,0,0,0,0,0,0
1748638108367,-18750000,4963338,5956721,4472118,0,0,0,0,0,0,0
1748638108467,-18750000,4967004,5883408,4417135,0,0,0,0,0,0,0
1748638108567,-18750000,4941344,5791766,4380479,0,0,0,0,0,0,0
1748638108667,-18750000,4926682,5828426,4362149,0,0,0,0,0,0,0
1748638108767,-18750000,4934013,5828426,4362149,0,0,0,0,0,0,0
1748638108867,-18750000,4930348,5865082,4288837,0,0,0,0,0,0,0
1748638108967,-18750000,4912019,5773439,4325493,0,0,0,0,0,0,0
1748638109067,-18750000,4912019,5773439,4362153,0,0,0,0,0,0,0
1748638109167,-18750000,4886360,5773439,4343823,0,0,0,0,0,0,0
1748638109267,-18750000,4853369,5810096,4307167,0,0,0,0,0,0,0
1748638109367,-18750000,4842372,5791766,4325497,0,0,0,0,0,0,0
1748638109467,-18750000,4824044,5791766,4307167,0,0,0,0,0,0,0
1748638109567,-18750000,4816712,5828426,4490452,0,0,0,0,0,0,0
1748638109667,-18750000,4802049,5773439,4747053,0,0,0,0,0,0,0
1748638109767,-18750000,4794718,5810099,5168606,0,0,0,0,0,0,0
1748638109867,-18750000,4794718,5791773,5608488,0,0,0,0,0,0,0
1748638109967,-18750000,4794718,5828429,5993384,0,0,0,0,0,0,0
1748638110067,-18750000,4794718,5846756,6140009,0,0,0,0,0,0,0
1748638110167,-18750000,4827709,5901742,6249982,0,0,0,0,0,0,0
1748638110267,-18750000,4846037,5846756,6286638,0,0,0,0,0,0,0
1748638110367,-18750000,4846037,5846756,6378281,0,0,0,0,0,0,0
1748638110467,-18750000,4838706,5920068,6451593,0,0,0,0,0,0,0
1748638110567,-18750000,4838706,5920068,6488249,0,0,0,0,0,0,0
1748638110667,-18750000,4857035,5938394,6543232,0,0,0,0,0,0,0
1748638110767,-18750000,4879028,5956721,6543232,0,0,0,0,0,0,0
1748638110867,-18750000,4886359,5956721,6598214,0,0,0,0,0,0,0
1748638110967,-18750000,4915685,5975051,6524902,0,0,0,0,0,0,0
1748638111067,-18750000,4945011,5975051,6378277,0,0,0,0,0,0,0
1748638111167,-18750000,4978002,5993381,6140006,0,0,0,0,0,0,0
1748638111267,-18750000,4978002,5993381,5810096,0,0,0,0,0,0,0
1748638111367,-18750000,4974336,6030041,5370213,0,0,0,0,0,0,0
1748638111467,-18750000,4963339,6048371,5021973,0,0,0,0,0,0,0
1748638111567,-18750000,4970670,6011714,5021973,0,0,0,0,0,0,0
1748638111667,-18750000,4948676,5975054,4820362,0,0,0,0,0,0,0
1748638111767,-18750000,4937680,5975054,4820362,0,0,0,0,0,0,0
1748638111867,-18750000,4923017,5956728,4618754,0,0,0,0,0,0,0
1748638111967,-18750000,4893692,5865086,4582098,0,0,0,0,0,0,0
1748638112067,-18750000,4864366,5901742,4582098,0,0,0,0,0,0,0
1748638112167,-18750000,4853369,5901742,5021977,0,0,0,0,0,0,0
1748638112267,-18750000,4831375,5901742,5021977,0,0,0,0,0,0,0
1748638112367,-18750000,4835041,5828426,5736787,0,0,0,0,0,0,0
1748638112467,-18750000,4864366,5810096,5736787,0,0,0,0,0,0,0
1748638112567,-18750000,4857035,5755109,6085027,0,0,0,0,0,0,0
1748638112667,-18750000,4879028,5755109,6085027,0,0,0,0,0,0,0
1748638112767,-18750000,4886360,5791769,5810099,0,0,0,0,0,0,0
1748638112867,-18750000,4901022,5773439,5186928,0,0,0,0,0,0,0
1748638112967,-18750000,4919351,5810096,5186928,0,0,0,0,0,0,0
1748638113067,-18750000,4926682,5700123,4637077,0,0,0,0,0,0,0
1748638113167,-18750000,4923017,5645137,4637077,0,0,0,0,0,0,0
1748638113267,-18750000,4912019,5608481,4508778,0,0,0,0,0,0,0
1748638113367,-18750000,4886360,5645137,4527104,0,0,0,0,0,0,0
1748638113467,-18750000,4864366,5608481,4527104,0,0,0,0,0,0,0
1748638113567,-18750000,4853368,5663467,4472122,0,0,0,0,0,0,0
1748638113667,-18750000,4842372,5663467,4545434,0,0,0,0,0,0,0
1748638113767,-18750000,4835041,5663467,4875348,0,0,0,0,0,0,0
1748638113867,-18750000,4824044,5608481,5168605,0,0,0,0,0,0,0
1748638113967,-18750000,4824044,5608481,5626818,0,0,0,0,0,0,0
1748638114067,-18750000,4820379,5700123,5993384,0,0,0,0,0,0,0
1748638114167,-18750000,4827710,5700123,6213326,0,0,0,0,0,0,0
1748638114267,-18750000,4827710,5645137,6359954,0,0,0,0,0,0,0
1748638114367,-18750000,4868032,5645137,6451597,0,0,0,0,0,0,0
1748638114467,-18750000,4882695,5736779,6488253,0,0,0,0,0,0,0
1748638114567,-18750000,4901023,5718453,6524909,0,0,0,0,0,0,0
1748638114667,-18750000,4901023,5681797,6598222,0,0,0,0,0,0,0
1748638114767,-18750000,4912020,5681797,6634878,0,0,0,0,0,0,0
1748638114867,-18750000,4934014,5663471,6689861,0,0,0,0,0,0,0
1748638114967,-18750000,4952342,5663471,6634874,0,0,0,0,0,0,0
1748638115067,-18750000,4974336,5736787,6579892,0,0,0,0,0,0,0
1748638115167,-18750000,4988999,5755117,6359951,0,0,0,0,0,0,0
1748638115267,-18750000,5003661,5810103,6048367,0,0,0,0,0,0,0
1748638115367,-18750000,4992664,5828433,5608484,0,0,0,0,0,0,0
1748638115467,-18750000,4988999,5773447,5168602,0,0,0,0,0,0,0
1748638115567,-18750000,4981667,5828429,4802032,0,0,0,0,0,0,0
1748638115667,-18750000,5007327,5865086,4582091,0,0,0,0,0,0,0
1748638115767,-18750000,5003662,5773443,4435462,0,0,0,0,0,0,0
1748638115867,-18750000,4988999,5865086,4398805,0,0,0,0,0,0,0
1748638115967,-18750000,4978002,5846756,4362149,0,0,0,0,0,0,0
1748638116067,-18750000,4959674,5828426,4270507,0,0,0,0,0,0,0
1748638116167,-18750000,4934014,5791766,4233850,0,0,0,0,0,0,0
1748638116267,-18750000,4919351,5828422,4233850,0,0,0,0,0,0,0
1748638116367,-18750000,4908355,5810092,4270507,0,0,0,0,0,0,0
1748638116467,-18750000,4915686,5755109,4233850,0,0,0,0,0,0,0
1748638116567,-18750000,4912020,5663467,4270507,0,0,0,0,0,0,0
1748638116667,-18750000,4875363,5663467,4252181,0,0,0,0,0,0,0
1748638116767,-18750000,4864366,5718449,4233854,0,0,0,0,0,0,0
1748638116867,-18750000,4857035,5681789,4178868,0,0,0,0,0,0,0
1748638116967,-18750000,4842372,5700119,4215524,0,0,0,0,0,0,0
1748638117067,-18750000,4824044,5626807,4288837,0,0,0,0,0,0,0
1748638117167,-18750000,4824044,5626807,4508778,0,0,0,0,0,0,0
1748638117267,-18750000,4824044,5608481,4802032,0,0,0,0,0,0,0
1748638117367,-18750000,4835040,5590154,5095289,0,0,0,0,0,0,0
1748638117467,-18750000,4831374,5626811,5553498,0,0,0,0,0,0,0
1748638117567,-18750000,4835040,5645141,5920068,0,0,0,0,0,0,0
1748638117667,-18750000,4857034,5700127,6213322,0,0,0,0,0,0,0
1748638117767,-18750000,4868031,5755113,6341621,0,0,0,0,0,0,0
1748638117867,-18750000,4879028,5810099,6451593,0,0,0,0,0,0,0
1748638117967,-18750000,4882693,5755113,6488249,0,0,0,0,0,0,0
1748638118067,-18750000,4912018,5810099,6616548,0,0,0,0,0,0,0
1748638118167,-18750000,4923016,5846759,6634878,0,0,0,0,0,0,0
1748638118267,-18750000,4923016,5883415,6671534,0,0,0,0,0,0,0
1748638118367,-18750000,4930347,5846759,6744847,0,0,0,0,0,0,0
1748638118467,-18750000,4923016,5883416,6799833,0,0,0,0,0,0,0
1748638118567,-18750000,4923016,5920072,6799833,0,0,0,0,0,0,0
1748638118667,-18750000,4919351,5865086,6781503,0,0,0,0,0,0,0
1748638118767,-18750000,4923016,5865086,6891472,0,0,0,0,0,0,0
1748638118867,-18750000,4937679,5791773,6873142,0,0,0,0,0,0,0
1748638118967,-18750000,4970671,5883416,6873142,0,0,0,0,0,0,0
1748638119067,-18750000,4981668,5883416,6781499,0,0,0,0,0,0,0
1748638119167,-18750000,5003662,5901742,6616541,0,0,0,0,0,0,0
1748638119267,-18750000,5029322,5828426,6286631,0,0,0,0,0,0,0
1748638119367,-18750000,5029322,5938394,5975047,0,0,0,0,0,0,0
1748638119467,-18750000,5054981,5883408,5498508,0,0,0,0,0,0,0
1748638119567,-18750000,5084306,5883408,5003639,0,0,0,0,0,0,0
1748638119667,-18750000,5087972,5883408,4472114,0,0,0,0,0,0,0
1748638119767,-18750000,5073309,5920064,3885603,0,0,0,0,0,0,0
1748638119867,-18750000,5069643,5938391,3372408,0,0,0,0,0,0,0
1748638119967,-18750000,5007326,5920064,2785900,0,0,0,0,0,0,0
1748638120067,-18750000,4970669,5956721,2346018,0,0,0,0,0,0,0
1748638120167,-18750000,4937678,5920064,2382678,0,0,0,0,0,0,0
1748638120267,-18750000,4893690,5938394,2565963,0,0,0,0,0,0,0
1748638120367,-18750000,4857034,5920068,2804234,0,0,0,0,0,0,0
1748638120467,-18750000,4816712,6011711,3152474,0,0,0,0,0,0,0
1748638120567,-18750000,4783721,6011711,3610687,0,0,0,0,0,0,0
1748638120667,-18750000,4761727,5975054,4068899,0,0,0,0,0,0,0
1748638120767,-18750000,4761727,5883412,4508786,0,0,0,0,0,0,0
1748638120867,-18750000,4736067,5901742,5003654,0,0,0,0,0,0,0
1748638120967,-18750000,4765392,5938398,5498523,0,0,0,0,0,0,0
1748638121067,-18750000,4780055,5901742,6011718,0,0,0,0,0,0,0
1748638121167,-18750000,4791052,5920072,6194999,0,0,0,0,0,0,0
1748638121267,-18750000,4820378,5901742,6304968,0,0,0,0,0,0,0
1748638121367,-18750000,4842371,5883412,6359951,0,0,0,0,0,0,0
1748638121467,-18750000,4860700,5901742,6414937,0,0,0,0,0,0,0
1748638121567,-18750000,4860700,5901742,6488249,0,0,0,0,0,0,0
1748638121667,-18750000,4886360,5993384,6561562,0,0,0,0,0,0,0
1748638121767,-18750000,4897357,5975058,6616544,0,0,0,0,0,0,0
1748638121867,-18750000,4912019,6030044,6653201,0,0,0,0,0,0,0
1748638121967,-18750000,4912019,6048371,6708183,0,0,0,0,0,0,0
1748638122067,-18750000,4934014,6048371,6689857,0,0,0,0,0,0,0
1748638122167,-18750000,4945010,6048371,6653201,0,0,0,0,0,0,0
1748638122267,-18750000,4941344,5993388,6708187,0,0,0,0,0,0,0
1748638122367,-18750000,4959673,6048374,6744843,0,0,0,0,0,0,0
1748638122467,-18750000,4963338,6066701,6763169,0,0,0,0,0,0,0
1748638122567,-18750000,4974335,6011714,6781499,0,0,0,0,0,0,0
1748638122667,-18750000,4978001,5975058,6781499,0,0,0,0,0,0,0
1748638122767,-18750000,4996329,6066701,6781499,0,0,0,0,0,0,0
1748638122867,-18750000,5018324,6011714,6799826,0,0,0,0,0,0,0
1748638122967,-18750000,5014658,5920072,6799826,0,0,0,0,0,0,0
1748638123067,-18750000,5014658,5883412,6763169,0,0,0,0,0,0,0
1748638123167,-18750000,5014658,5846752,6781499,0,0,0,0,0,0,0
1748638123267,-18750000,5029322,5920064,6744843,0,0,0,0,0,0,0
1748638123367,-18750000,5021990,5846748,6726517,0,0,0,0,0,0,0
1748638123467,-18750000,5043985,5883404,6744847,0,0,0,0,0,0,0
1748638123567,-18750000,5054982,5846748,6653204,0,0,0,0,0,0,0
1748638123667,-18750000,5065979,5901734,6451593,0,0,0,0,0,0,0
1748638123767,-18750000,5054982,5901734,6158339,0,0,0,0,0,0,0
1748638123867,-18750000,5051316,5956721,5773443,0,0,0,0,0,0,0
1748638123967,-18750000,5065979,5993381,5370217,0,0,0,0,0,0,0
1748638124067,-18750000,5065979,6030041,4966991,0,0,0,0,0,0,0
1748638124167,-18750000,5069645,6011714,4508778,0,0,0,0,0,0,0
1748638124267,-18750000,5051316,6066700,3977253,0,0,0,0,0,0,0
1748638124367,-18750000,5073310,6103360,3464054,0,0,0,0,0,0,0
1748638124467,-18750000,5051315,6030048,2914199,0,0,0,0,0,0,0
1748638124567,-18750000,5040318,6085034,2547629,0,0,0,0,0,0,0
1748638124667,-18750000,5014658,6030048,2529299,0,0,0,0,0,0,0
1748638124767,-18750000,5007327,6030048,2657598,0,0,0,0,0,0,0
1748638124867,-18750000,4974336,6011718,2932526,0,0,0,0,0,0,0
1748638124967,-18750000,4967005,5920076,3299096,0,0,0,0,0,0,0
1748638125067,-18750000,4952342,5901746,3665666,0,0,0,0,0,0,0
1748638125167,-18750000,4934013,6011714,4050566,0,0,0,0,0,0,0
1748638125267,-18750000,4941344,5938398,4563761,0,0,0,0,0,0,0
1748638125367,-18750000,4915684,5975054,5040303,0,0,0,0,0,0,0
1748638125467,-18750000,4912019,5920068,5608484,0,0,0,0,0,0,0
1748638125567,-18750000,4904688,5938398,5993381,0,0,0,0,0,0,0
1748638125667,-18750000,4904688,5975054,6231652,0,0,0,0,0,0,0
1748638125767,-18750000,4908353,5956724,6451593,0,0,0,0,0,0,0
1748638125867,-18750000,4941344,5938398,6561562,0,0,0,0,0,0,0
1748638125967,-18750000,4934013,5993381,6634874,0,0,0,0,0,0,0
1748638126067,-18750000,4945010,6011711,6671530,0,0,0,0,0,0,0
1748638126167,-18750000,4963339,5993384,6708187,0,0,0,0,0,0,0
1748638126267,-18750000,4967004,6048371,6744843,0,0,0,0,0,0,0
1748638126367,-18750000,4978001,5938398,6781499,0,0,0,0,0,0,0
1748638126467,-18750000,4981667,5993384,6763173,0,0,0,0,0,0,0
1748638126567,-18750000,4992663,5993384,6799829,0,0,0,0,0,0,0
1748638126667,-18750000,5014658,6030041,6708187,0,0,0,0,0,0,0
1748638126767,-18750000,5029321,5993384,6708187,0,0,0,0,0,0,0
1748638126867,-18750000,5029321,5956724,6689860,0,0,0,0,0,0,0
1748638126967,-18750000,5036652,6011711,6653204,0,0,0,0,0,0,0
1748638127067,-18750000,5032986,6048367,6708187,0,0,0,0,0,0,0
1748638127167,-18750000,5047649,5975051,6726513,0,0,0,0,0,0,0
1748638127267,-18750000,5054981,5975051,6744843,0,0,0,0,0,0,0
1748638127367,-18750000,5058647,6085023,6763169,0,0,0,0,0,0,0
1748638127467,-18750000,5069644,6121679,6726513,0,0,0,0,0,0,0
1748638127567,-18750000,5087972,6066693,6671530,0,0,0,0,0,0,0
1748638127667,-18750000,5073309,6085023,6524902,0,0,0,0,0,0,0
1748638127767,-18750000,5065977,6121679,6213318,0,0,0,0,0,0,0
1748638127867,-18750000,5058646,6121679,5810092,0,0,0,0,0,0,0
1748638127967,-18750000,5062311,6140009,5406865,0,0,0,0,0,0,0
1748638128067,-18750000,5073308,6140009,4930327,0,0,0,0,0,0,0
1748638128167,-18750000,5051315,6194995,4453788,0,0,0,0,0,0,0
1748638128267,-18750000,5043983,6103353,3903933,0,0,0,0,0,0,0
1748638128367,-18750000,5040317,6030037,3354082,0,0,0,0,0,0,0
1748638128467,-18750000,5018323,5993380,2877539,0,0,0,0,0,0,0
1748638128567,-18750000,4988998,5975050,2492639,0,0,0,0,0,0,0
1748638128667,-18750000,4978001,5920064,2455983,0,0,0,0,0,0,0
1748638128767,-18750000,4963339,5846752,2565955,0,0,0,0,0,0,0
1748638128867,-18750000,4941345,5846752,2822553,0,0,0,0,0,0,0
1748638128967,-18750000,4930349,5718453,3152467,0,0,0,0,0,0,0
1748638129067,-18750000,4908355,5663467,3574023,0,0,0,0,0,0,0
1748638129167,-18750000,4890026,5608481,4013905,0,0,0,0,0,0,0
1748638129267,-18750000,4893692,5681797,4508774,0,0,0,0,0,0,0
1748638129367,-18750000,4868033,5755113,4966987,0,0,0,0,0,0,0
1748638129467,-18750000,4875364,5663471,5443529,0,0,0,0,0,0,0
1748638129567,-18750000,4893692,5828426,5883412,0,0,0,0,0,0,0
1748638129667,-18750000,4908355,5846756,6085027,0,0,0,0,0,0,0
1748638129767,-18750000,4919352,5956724,6213325,0,0,0,0,0,0,0
1748638129867,-18750000,4919352,5938398,6323298,0,0,0,0,0,0,0
1748638129967,-18750000,4926683,6030041,6414940,0,0,0,0,0,0,0
1748638130067,-18750000,4937680,6011711,6433267,0,0,0,0,0,0,0
1748638130167,-18750000,4963340,6066697,6469923,0,0,0,0,0,0,0
1748638130267,-18750000,4956008,6085023,6469923,0,0,0,0,0,0,0
1748638130367,-18750000,4967006,6066693,6561562,0,0,0,0,0,0,0
1748638130467,-18750000,4978002,6103349,6598218,0,0,0,0,0,0,0
1748638130567,-18750000,4981667,5938394,6561562,0,0,0,0,0,0,0
1748638130667,-18750000,4988999,5920064,6414933,0,0,0,0,0,0,0
1748638130767,-18750000,4974336,5920064,6121676,0,0,0,0,0,0,0
1748638130867,-18750000,4988999,5956721,5828418,0,0,0,0,0,0,0
1748638130967,-18750000,4985333,5956721,5406862,0,0,0,0,0,0,0
1748638131067,-18750000,4981667,5993381,5058622,0,0,0,0,0,0,0
1748638131167,-18750000,4981667,5938394,4966979,0,0,0,0,0,0,0
1748638131267,-18750000,4981667,5993381,4875337,0,0,0,0,0,0,0
1748638131367,-18750000,4985332,5938394,4783698,0,0,0,0,0,0,0
1748638131467,-18750000,4985332,5901738,4673726,0,0,0,0,0,0,0
1748638131567,-18750000,4970670,5920068,4618743,0,0,0,0,0,0,0
1748638131667,-18750000,4981667,5920068,4563757,0,0,0,0,0,0,0
1748638131767,-18750000,4978001,5846756,4600417,0,0,0,0,0,0,0
1748638131867,-18750000,4974335,5865086,4545434,0,0,0,0,0,0,0
1748638131967,-18750000,4974335,5846756,4563764,0,0,0,0,0,0,0
1748638132067,-18750000,4967004,5736783,4563764,0,0,0,0,0,0,0
1748638132167,-18750000,4963338,5755113,4508782,0,0,0,0,0,0,0
1748638132267,-18750000,4937678,5590158,4490456,0,0,0,0,0,0,0
1748638132367,-18750000,4930347,5553502,4545438,0,0,0,0,0,0,0
1748638132467,-18750000,4919351,5645144,4563768,0,0,0,0,0,0,0
1748638132567,-18750000,4904688,5773443,4563768,0,0,0,0,0,0,0
1748638132667,-18750000,4871697,5773443,4783709,0,0,0,0,0,0,0
1748638132767,-18750000,4886360,5791773,5040307,0,0,0,0,0,0,0
1748638132867,-18750000,4886360,5718457,5370217,0,0,0,0,0,0,0
1748638132967,-18750000,4886360,5755113,5755113,0,0,0,0,0,0,0
1748638133067,-18750000,4875362,5846756,6085027,0,0,0,0,0,0,0
1748638133167,-18750000,4860700,5846756,6249982,0,0,0,0,0,0,0
1748638133267,-18750000,4882693,5975054,6359951,0,0,0,0,0,0,0
1748638133367,-18750000,4893691,6158339,6396607,0,0,0,0,0,0,0
1748638133467,-18750000,4886359,6194996,6451593,0,0,0,0,0,0,0
1748638133567,-18750000,4901022,6176666,6543232,0,0,0,0,0,0,0
1748638133667,-18750000,4919350,6121679,6561562,0,0,0,0,0,0,0
1748638133767,-18750000,4930347,6103349,6616544,0,0,0,0,0,0,0
1748638133867,-18750000,4945010,6249978,6671531,0,0,0,0,0,0,0
1748638133967,-18750000,4945010,6231652,6708187,0,0,0,0,0,0,0
1748638134067,-18750000,4967004,6286638,6744843,0,0,0,0,0,0,0
1748638134167,-18750000,4978001,6268308,6744843,0,0,0,0,0,0,0
1748638134267,-18750000,4985333,6231652,6763173,0,0,0,0,0,0,0
1748638134367,-18750000,4985333,6103353,6708191,0,0,0,0,0,0,0
1748638134467,-18750000,5010992,6048371,6726517,0,0,0,0,0,0,0
1748638134567,-18750000,5018324,5956728,6708191,0,0,0,0,0,0,0
1748638134667,-18750000,5036652,6011714,6506576,0,0,0,0,0,0,0
1748638134767,-18750000,5025655,6030044,6158336,0,0,0,0,0,0,0
1748638134867,-18750000,5014658,5993388,5773439,0,0,0,0,0,0,0
1748638134967,-18750000,5036652,5975058,5296901,0,0,0,0,0,0,0
1748638135067,-18750000,5043984,5975058,4783702,0,0,0,0,0,0,0
1748638135167,-18750000,5036653,5993388,4252177,0,0,0,0,0,0,0
1748638135267,-18750000,5036653,5956728,3775638,0,0,0,0,0,0,0
1748638135367,-18750000,5032987,5956728,3262439,0,0,0,0,0,0,0
1748638135467,-18750000,5010992,5901742,2730914,0,0,0,0,0,0,0
1748638135567,-18750000,4988999,5865086,2254376,0,0,0,0,0,0,0
1748638135667,-18750000,4970670,5773443,2236049,0,0,0,0,0,0,0
1748638135767,-18750000,4967005,5755113,2437664,0,0,0,0,0,0,0
1748638135867,-18750000,4948676,5700127,2712588,0,0,0,0,0,0,0
1748638135967,-18750000,4912019,5755113,3152471,0,0,0,0,0,0,0
1748638136067,-18750000,4890025,5681797,3574027,0,0,0,0,0,0,0
1748638136167,-18750000,4893690,5681797,4087222,0,0,0,0,0,0,0
1748638136267,-18750000,4879028,5736783,4563761,0,0,0,0,0,0,0
1748638136367,-18750000,4875362,5755113,5040303,0,0,0,0,0,0,0
1748638136467,-18750000,4886360,5773439,5571828,0,0,0,0,0,0,0
1748638136567,-18750000,4886360,5773439,6030037,0,0,0,0,0,0,0
1748638136667,-18750000,4879028,5865082,6249978,0,0,0,0,0,0,0
1748638136767,-18750000,4871697,5901738,6378277,0,0,0,0,0,0,0
1748638136867,-18750000,4871697,5938394,6506576,0,0,0,0,0,0,0
1748638136967,-18750000,4897357,5956721,6561562,0,0,0,0,0,0,0
1748638137067,-18750000,4912019,5975051,6543232,0,0,0,0,0,0,0
1748638137167,-18750000,4915685,5901738,6359947,0,0,0,0,0,0,0
1748638137267,-18750000,4923016,5938394,6066693,0,0,0,0,0,0,0
1748638137367,-18750000,4926682,5975051,5773436,0,0,0,0,0,0,0
1748638137467,-18750000,4926682,6048367,5370209,0,0,0,0,0,0,0
1748638137567,-18750000,4930347,6121683,5076956,0,0,0,0,0,0,0
1748638137667,-18750000,4912018,6066697,4857014,0,0,0,0,0,0,0
1748638137767,-18750000,4912018,6011711,4747042,0,0,0,0,0,0,0
1748638137867,-18750000,4923016,5920068,4692059,0,0,0,0,0,0,0
1748638137967,-18750000,4915684,5755113,4545431,0,0,0,0,0,0,0
1748638138067,-18750000,4901022,5663471,4637073,0,0,0,0,0,0,0
1748638138167,-18750000,4893691,5736783,4802032,0,0,0,0,0,0,0
1748638138267,-18750000,4886360,5718457,5058629,0,0,0,0,0,0,0
1748638138367,-18750000,4886360,5681801,5425199,0,0,0,0,0,0,0
1748638138467,-18750000,4871697,5700127,5828426,0,0,0,0,0,0,0
1748638138567,-18750000,4890026,5681797,6066697,0,0,0,0,0,0,0
1748638138667,-18750000,4912020,5645141,6323294,0,0,0,0,0,0,0
1748638138767,-18750000,4923017,5645141,6414937,0,0,0,0,0,0,0
1748638138867,-18750000,4923017,5773439,6451593,0,0,0,0,0,0,0
1748638138967,-18750000,4930348,5846752,6579892,0,0,0,0,0,0,0
1748638139067,-18750000,4930348,5901738,6524909,0,0,0,0,0,0,0
1748638139167,-18750000,4941344,5901738,6304968,0,0,0,0,0,0,0
1748638139267,-18750000,4948676,5938394,6085027,0,0,0,0,0,0,0
1748638139367,-18750000,4948676,5938394,5736787,0,0,0,0,0,0,0
1748638139467,-18750000,4963338,5828426,5333561,0,0,0,0,0,0,0
1748638139567,-18750000,4945010,5901738,5058633,0,0,0,0,0,0,0
1748638139667,-18750000,4948675,5938394,4820362,0,0,0,0,0,0,0
1748638139767,-18750000,4945010,5956724,4783706,0,0,0,0,0,0,0
1748638139867,-18750000,4934012,5901742,4692063,0,0,0,0,0,0,0
1748638139967,-18750000,4923015,5846759,4563764,0,0,0,0,0,0,0
1748638140067,-18750000,4923015,5901746,4582091,0,0,0,0,0,0,0
1748638140167,-18750000,4923015,5883416,4802032,0,0,0,0,0,0,0
1748638140267,-18750000,4926681,5828429,5021973,0,0,0,0,0,0,0
1748638140367,-18750000,4926681,5828429,5351883,0,0,0,0,0,0,0
1748638140467,-18750000,4934012,5975054,5755109,0,0,0,0,0,0,0
1748638140567,-18750000,4945010,6011711,6048363,0,0,0,0,0,0,0
1748638140667,-18750000,4941344,6048371,6048363,0,0,0,0,0,0,0
1748638140767,-18750000,4934013,6011714,5755109,0,0,0,0,0,0,0
1748638140867,-18750000,4937679,6030041,5498512,0,0,0,0,0,0,0
1748638140967,-18750000,4941345,6085023,5186928,0,0,0,0,0,0,0
1748638141067,-18750000,4934014,6030037,4838688,0,0,0,0,0,0,0
1748638141167,-18750000,4919351,6085023,4655403,0,0,0,0,0,0,0
1748638141267,-18750000,4890025,6140009,4582087,0,0,0,0,0,0,0
1748638141367,-18750000,4886360,6140009,4453788,0,0,0,0,0,0,0
1748638141467,-18750000,4875363,6048371,4380476,0,0,0,0,0,0,0
1748638141567,-18750000,4857034,6011714,4362149,0,0,0,0,0,0,0
1748638141667,-18750000,4838706,5956728,4545434,0,0,0,0,0,0,0
1748638141767,-18750000,4849702,6030041,4857018,0,0,0,0,0,0,0
1748638141867,-18750000,4846036,6048371,5168602,0,0,0,0,0,0,0
1748638141967,-18750000,4835039,6085031,5571828,0,0,0,0,0,0,0
1748638142067,-18750000,4849702,6085031,6011711,0,0,0,0,0,0,0
1748638142167,-18750000,4849702,6030044,6231652,0,0,0,0,0,0,0
1748638142267,-18750000,4886359,5993388,6378281,0,0,0,0,0,0,0
1748638142367,-18750000,4904687,6011714,6506579,0,0,0,0,0,0,0
1748638142467,-18750000,4904687,6030040,6561566,0,0,0,0,0,0,0
1748638142567,-18750000,4926681,5975058,6616548,0,0,0,0,0,0,0
1748638142667,-18750000,4941344,5993384,6616548,0,0,0,0,0,0,0
1748638142767,-18750000,4952341,5975058,6689861,0,0,0,0,0,0,0
1748638142867,-18750000,4959672,5975058,6744843,0,0,0,0,0,0,0
1748638142967,-18750000,4978001,5993384,6818159,0,0,0,0,0,0,0
1748638143067,-18750000,4996329,6048371,6726517,0,0,0,0,0,0,0
1748638143167,-18750000,5007326,6048371,6561562,0,0,0,0,0,0,0
1748638143267,-18750000,5007326,5993384,6286634,0,0,0,0,0,0,0
1748638143367,-18750000,5007326,5938398,5901738,0,0,0,0,0,0,0
1748638143467,-18750000,5003661,5901742,5535168,0,0,0,0,0,0,0
1748638143567,-18750000,4996330,5883412,5205258,0,0,0,0,0,0,0
1748638143667,-18750000,4985333,5883412,5003647,0,0,0,0,0,0,0
1748638143767,-18750000,4981667,5810096,4875348,0,0,0,0,0,0,0
1748638143867,-18750000,4978002,5773439,4783709,0,0,0,0,0,0,0
1748638143967,-18750000,4978002,5755113,4673737,0,0,0,0,0,0,0
1748638144067,-18750000,4967005,5773439,4655411,0,0,0,0,0,0,0
1748638144167,-18750000,4970670,5773439,4582094,0,0,0,0,0,0,0
1748638144267,-18750000,4948676,5810096,4435469,0,0,0,0,0,0,0
1748638144367,-18750000,4930348,5791769,4435469,0,0,0,0,0,0,0
1748638144467,-18750000,4930348,5791769,4398813,0,0,0,0,0,0,0
1748638144567,-18750000,4934014,5828426,4343827,0,0,0,0,0,0,0
1748638144667,-18750000,4934014,5828426,4380483,0,0,0,0,0,0,0
1748638144767,-18750000,4908354,5810099,4343827,0,0,0,0,0,0,0
1748638144867,-18750000,4897357,5736783,4380483,0,0,0,0,0,0,0
1748638144967,-18750000,4875363,5718453,4343827,0,0,0,0,0,0,0
1748638145067,-18750000,4871698,5736783,4380483,0,0,0,0,0,0,0
1748638145167,-18750000,4857035,5736783,4618754,0,0,0,0,0,0,0
1748638145267,-18750000,4868032,5736783,4966994,0,0,0,0,0,0,0
1748638145367,-18750000,4864366,5773439,5425207,0,0,0,0,0,0,0
1748638145467,-18750000,4860700,5700127,5846759,0,0,0,0,0,0,0
1748638145567,-18750000,4838705,5626814,6213329,0,0,0,0,0,0,0
1748638145667,-18750000,4849702,5553502,6396614,0,0,0,0,0,0,0
1748638145767,-18750000,4868030,5645144,6561569,0,0,0,0,0,0,0
1748638145867,-18750000,4890024,5681801,6616552,0,0,0,0,0,0,0
1748638145967,-18750000,4904686,5681801,6708194,0,0,0,0,0,0,0
1748638146067,-18750000,4901020,5645144,6744851,0,0,0,0,0,0,0
1748638146167,-18750000,4915683,5681804,6744851,0,0,0,0,0,0,0
1748638146267,-18750000,4923014,5590162,6818163,0,0,0,0,0,0,0
1748638146367,-18750000,4934011,5626818,6763177,0,0,0,0,0,0,0
1748638146467,-18750000,4948674,5681801,6763177,0,0,0,0,0,0,0
1748638146567,-18750000,4974334,5736787,6744847,0,0,0,0,0,0,0
1748638146667,-18750000,4978000,5846759,6543232,0,0,0,0,0,0,0
1748638146767,-18750000,4999994,5810099,6249978,0,0,0,0,0,0,0
1748638146867,-18750000,5010992,5865086,5883412,0,0,0,0,0,0,0
1748638146967,-18750000,5010992,5938398,5480186,0,0,0,0,0,0,0
1748638147067,-18750000,5010992,5883412,5095289,0,0,0,0,0,0,0
1748638147167,-18750000,5003660,5883412,4966991,0,0,0,0,0,0,0
1748638147267,-18750000,5014657,5975054,4783706,0,0,0,0,0,0,0
1748638147367,-18750000,5018323,5938398,4710393,0,0,0,0,0,0,0
1748638147467,-18750000,5007326,5938398,4673737,0,0,0,0,0,0,0
1748638147567,-18750000,4999995,5883412,4673737,0,0,0,0,0,0,0
1748638147667,-18750000,4978000,5846752,4838695,0,0,0,0,0,0,0
1748638147767,-18750000,4948675,5828426,5058637,0,0,0,0,0,0,0
1748638147867,-18750000,4926681,5865082,5406877,0,0,0,0,0,0,0
1748638147967,-18750000,4919350,5773439,5791773,0,0,0,0,0,0,0
1748638148067,-18750000,4923016,5810096,6176669,0,0,0,0,0,0,0
1748638148167,-18750000,4923016,5810096,6231656,0,0,0,0,0,0,0
1748638148267,-18750000,4919351,5810096,6378284,0,0,0,0,0,0,0
1748638148367,-18750000,4923017,5810096,6488253,0,0,0,0,0,0,0
1748638148467,-18750000,4934013,5810096,6524909,0,0,0,0,0,0,0
1748638148567,-18750000,4934013,5865082,6561566,0,0,0,0,0,0,0
1748638148667,-18750000,4956008,5901742,6396607,0,0,0,0,0,0,0
1748638148767,-18750000,4970670,5920068,6158336,0,0,0,0,0,0,0
1748638148867,-18750000,4985333,5791769,5755109,0,0,0,0,0,0,0
1748638148967,-18750000,4978001,5846756,5370213,0,0,0,0,0,0,0
1748638149067,-18750000,4963339,5828426,4985317,0,0,0,0,0,0,0
1748638149167,-18750000,4956008,5828426,4875344,0,0,0,0,0,0,0
1748638149267,-18750000,4941344,5718457,4747046,0,0,0,0,0,0,0
1748638149367,-18750000,4923016,5755113,4600417,0,0,0,0,0,0,0
1748638149467,-18750000,4904688,5810099,4563761,0,0,0,0,0,0,0
1748638149567,-18750000,4901023,5773439,4545434,0,0,0,0,0,0,0
1748638149667,-18750000,4886360,5773439,4728719,0,0,0,0,0,0,0
1748638149767,-18750000,4886360,5718457,5003647,0,0,0,0,0,0,0
1748638149867,-18750000,4882694,5846756,5370217,0,0,0,0,0,0,0
1748638149967,-18750000,4912019,5828429,5755113,0,0,0,0,0,0,0
1748638150067,-18750000,4923016,5883416,6085023,0,0,0,0,0,0,0
1748638150167,-18750000,4937678,5901742,6066693,0,0,0,0,0,0,0
1748638150267,-18750000,4930347,5956724,5883408,0,0,0,0,0,0,0
1748638150367,-18750000,4934013,5956724,5590154,0,0,0,0,0,0,0
1748638150467,-18750000,4941344,5901738,5278571,0,0,0,0,0,0,0
1748638150567,-18750000,4930347,5865082,4912001,0,0,0,0,0,0,0
1748638150667,-18750000,4934012,5883408,4747046,0,0,0,0,0,0,0
1748638150767,-18750000,4915685,5938391,4618747,0,0,0,0,0,0,0
1748638150867,-18750000,4912019,5901734,4600417,0,0,0,0,0,0,0
1748638150967,-18750000,4897357,5920060,4563760,0,0,0,0,0,0,0
1748638151067,-18750000,4912020,5901734,4600417,0,0,0,0,0,0,0
1748638151167,-18750000,4915686,5883408,4765375,0,0,0,0,0,0,0
1748638151267,-18750000,4937681,5883408,5058629,0,0,0,0,0,0,0
1748638151367,-18750000,4934015,5883408,5498512,0,0,0,0,0,0,0
1748638151467,-18750000,4934015,5883408,5846752,0,0,0,0,0,0,0
1748638151567,-18750000,4952343,5993381,6213322,0,0,0,0,0,0,0
1748638151667,-18750000,4959674,5938394,6433263,0,0,0,0,0,0,0
1748638151767,-18750000,4963340,6011711,6579888,0,0,0,0,0,0,0
1748638151867,-18750000,4970671,5975054,6598218,0,0,0,0,0,0,0
1748638151967,-18750000,4967005,5938398,6689860,0,0,0,0,0,0,0
1748638152067,-18750000,4956008,5956724,6744847,0,0,0,0,0,0,0
1748638152167,-18750000,4941345,5865082,6836489,0,0,0,0,0,0,0
1748638152267,-18750000,4937679,5920068,6818163,0,0,0,0,0,0,0
1748638152367,-18750000,4952342,5883412,6818163,0,0,0,0,0,0,0
1748638152467,-18750000,4959673,5938398,6818163,0,0,0,0,0,0,0
1748638152567,-18750000,4963338,5883412,6873145,0,0,0,0,0,0,0
1748638152667,-18750000,4967004,5956728,6854815,0,0,0,0,0,0,0
1748638152767,-18750000,5007327,5975054,6854815,0,0,0,0,0,0,0
1748638152867,-18750000,5018324,6048367,6909798,0,0,0,0,0,0,0
1748638152967,-18750000,5032988,6066697,6836485,0,0,0,0,0,0,0
1748638153067,-18750000,5043985,6030041,6744843,0,0,0,0,0,0,0
1748638153167,-18750000,5051316,6140009,6488242,0,0,0,0,0,0,0
1748638153267,-18750000,5054982,6085023,6194984,0,0,0,0,0,0,0
1748638153367,-18750000,5054982,6103353,5828414,0,0,0,0,0,0,0
1748638153467,-18750000,5069645,6048367,5406862,0,0,0,0,0,0,0
1748638153567,-18750000,5076977,6066697,4930323,0,0,0,0,0,0,0
1748638153667,-18750000,5091639,6085023,4435458,0,0,0,0,0,0,0
1748638153767,-18750000,5069645,6085023,3922263,0,0,0,0,0,0,0
1748638153867,-18750000,5054981,5993381,3299099,0,0,0,0,0,0,0
1748638153967,-18750000,5040318,6011707,2804231,0,0,0,0,0,0,0
1748638154067,-18750000,5014658,5993377,2401004,0,0,0,0,0,0,0
1748638154167,-18750000,4999996,5883408,2382678,0,0,0,0,0,0,0
1748638154267,-18750000,4985332,5920068,2547637,0,0,0,0,0,0,0
1748638154367,-18750000,4959673,5846752,2785908,0,0,0,0,0,0,0
1748638154467,-18750000,4941344,5883412,3134148,0,0,0,0,0,0,0
1748638154567,-18750000,4923016,5810096,3537374,0,0,0,0,0,0,0
1748638154667,-18750000,4893691,5718453,3940601,0,0,0,0,0,0,0
1748638154767,-18750000,4875362,5626811,4380483,0,0,0,0,0,0,0
1748638154867,-18750000,4871697,5663471,4966991,0,0,0,0,0,0,0
1748638154967,-18750000,4857034,5645144,5498516,0,0,0,0,0,0,0
1748638155067,-18750000,4864366,5608488,5975054,0,0,0,0,0,0,0
1748638155167,-18750000,4868031,5718457,6158339,0,0,0,0,0,0,0
1748638155267,-18750000,4853369,5718457,6286638,0,0,0,0,0,0,0
1748638155367,-18750000,4868032,5736787,6359951,0,0,0,0,0,0,0
1748638155467,-18750000,4871698,5755113,6451593,0,0,0,0,0,0,0
1748638155567,-18750000,4879029,5828429,6543236,0,0,0,0,0,0,0
1748638155667,-18750000,4908354,5883416,6579892,0,0,0,0,0,0,0
1748638155767,-18750000,4915685,6011714,6671534,0,0,0,0,0,0,0
1748638155867,-18750000,4937679,5956728,6708190,0,0,0,0,0,0,0
1748638155967,-18750000,4974336,5956728,6744847,0,0,0,0,0,0,0
1748638156067,-18750000,4992664,6048370,6671534,0,0,0,0,0,0,0
1748638156167,-18750000,4999996,6048370,6524905,0,0,0,0,0,0,0
1748638156267,-18750000,5032987,6011710,6249978,0,0,0,0,0,0,0
1748638156367,-18750000,5051315,6085023,5920068,0,0,0,0,0,0,0
1748638156467,-18750000,5054980,6066697,5480185,0,0,0,0,0,0,0
1748638156567,-18750000,5051314,5975054,4985317,0,0,0,0,0,0,0
1748638156667,-18750000,5036652,5956728,4527104,0,0,0,0,0,0,0
1748638156767,-18750000,5025655,5828429,3995579,0,0,0,0,0,0,0
1748638156867,-18750000,4999996,5846756,3482384,0,0,0,0,0,0,0
1748638156967,-18750000,4959673,5865082,2950859,0,0,0,0,0,0,0
1748638157067,-18750000,4948675,5773439,2492647,0,0,0,0,0,0,0
1748638157167,-18750000,4941344,5736783,2419334,0,0,0,0,0,0,0
1748638157267,-18750000,4915685,5755113,2620946,0,0,0,0,0,0,0
1748638157367,-18750000,4890025,5755113,2822557,0,0,0,0,0,0,0
1748638157467,-18750000,4871697,5718453,3207453,0,0,0,0,0,0,0
1748638157567,-18750000,4860700,5810096,3610679,0,0,0,0,0,0,0
1748638157667,-18750000,4857034,5810096,4105548,0,0,0,0,0,0,0
1748638157767,-18750000,4871697,5810096,4490444,0,0,0,0,0,0,0
1748638157867,-18750000,4875363,5791769,5021969,0,0,0,0,0,0,0
1748638157967,-18750000,4886360,5755113,5516838,0,0,0,0,0,0,0
1748638158067,-18750000,4893692,5828429,6011707,0,0,0,0,0,0,0
1748638158167,-18750000,4893692,5700131,6249974,0,0,0,0,0,0,0
1748638158267,-18750000,4901023,5681801,6378273,0,0,0,0,0,0,0
1748638158367,-18750000,4912019,5590158,6506572,0,0,0,0,0,0,0
1748638158467,-18750000,4926682,5553502,6543228,0,0,0,0,0,0,0
1748638158567,-18750000,4941344,5535172,6561558,0,0,0,0,0,0,0
1748638158667,-18750000,4948676,5553498,6598214,0,0,0,0,0,0,0
1748638158767,-18750000,4959673,5608484,6689857,0,0,0,0,0,0,0
1748638158867,-18750000,4970669,5681797,6616544,0,0,0,0,0,0,0
1748638158967,-18750000,4978001,5718453,6653201,0,0,0,0,0,0,0
1748638159067,-18750000,4974335,5736779,6689857,0,0,0,0,0,0,0
1748638159167,-18750000,4996329,5810092,6689857,0,0,0,0,0,0,0
1748638159267,-18750000,5010992,5828422,6689857,0,0,0,0,0,0,0
1748638159367,-18750000,5014658,5938394,6726513,0,0,0,0,0,0,0
1748638159467,-18750000,5018324,5993380,6744843,0,0,0,0,0,0,0
1748638159567,-18750000,5040317,6030037,6744843,0,0,0,0,0,0,0
1748638159667,-18750000,5062312,6011710,6506572,0,0,0,0,0,0,0
1748638159767,-18750000,5058646,6048367,6231648,0,0,0,0,0,0,0
1748638159867,-18750000,5073309,5993381,5865078,0,0,0,0,0,0,0
1748638159967,-18750000,5087972,5975054,5388539,0,0,0,0,0,0,0
1748638160067,-18750000,5087972,5920068,4912001,0,0,0,0,0,0,0
1748638160167,-18750000,5076975,5920068,4398806,0,0,0,0,0,0,0
1748638160267,-18750000,5058647,5920068,3903941,0,0,0,0,0,0,0
1748638160367,-18750000,5043984,5883412,3372416,0,0,0,0,0,0,0
1748638160467,-18750000,5054981,5975054,2859217,0,0,0,0,0,0,0
1748638160567,-18750000,5032988,6011711,2309362,0,0,0,0,0,0,0
1748638160667,-18750000,5014659,5975051,2016108,0,0,0,0,0,0,0
1748638160767,-18750000,4985333,5846752,1759507,0,0,0,0,0,0,0
1748638160867,-18750000,4952342,5901738,1612878,0,0,0,0,0,0,0
1748638160967,-18750000,4926682,5883408,1466249,0,0,0,0,0,0,0
1748638161067,-18750000,4897357,5883408,1429593,0,0,0,0,0,0,0
1748638161167,-18750000,4868032,5938394,1759503,0,0,0,0,0,0,0
1748638161267,-18750000,4849703,5975051,2107743,0,0,0,0,0,0,0
1748638161367,-18750000,4838706,5956721,2474313,0,0,0,0,0,0,0
1748638161467,-18750000,4805715,5846748,2914199,0,0,0,0,0,0,0
1748638161567,-18750000,4780055,5755106,3409068,0,0,0,0,0,0,0
1748638161667,-18750000,4747064,5773436,3885607,0,0,0,0,0,0,0
1748638161767,-18750000,4743399,5810092,4398806,0,0,0,0,0,0,0
1748638161867,-18750000,4750730,5663463,4930331,0,0,0,0,0,0,0
1748638161967,-18750000,4750730,5663463,5498512,0,0,0,0,0,0,0
1748638162067,-18750000,4769059,5663463,5975051,0,0,0,0,0,0,0
1748638162167,-18750000,4783722,5700119,6158336,0,0,0,0,0,0,0
1748638162267,-18750000,4783722,5718449,6268304,0,0,0,0,0,0,0
1748638162367,-18750000,4798385,5681793,6451589,0,0,0,0,0,0,0
1748638162467,-18750000,4798385,5681793,6488246,0,0,0,0,0,0,0
1748638162567,-18750000,4813047,5681793,6598214,0,0,0,0,0,0,0
1748638162667,-18750000,4835041,5700123,6579888,0,0,0,0,0,0,0
1748638162767,-18750000,4846038,5700123,6598214,0,0,0,0,0,0,0
1748638162867,-18750000,4838707,5846752,6634871,0,0,0,0,0,0,0
1748638162967,-18750000,4849703,5883408,6653201,0,0,0,0,0,0,0
1748638163067,-18750000,4846037,5865082,6653201,0,0,0,0,0,0,0
1748638163167,-18750000,4860700,5865082,6653201,0,0,0,0,0,0,0
1748638163267,-18750000,4882693,5828426,6671531,0,0,0,0,0,0,0
1748638163367,-18750000,4890025,5883412,6634874,0,0,0,0,0,0,0
1748638163467,-18750000,4908353,5883412,6671531,0,0,0,0,0,0,0
1748638163567,-18750000,4919350,5993384,6653204,0,0,0,0,0,0,0
1748638163667,-18750000,4930348,5993384,6671531,0,0,0,0,0,0,0
1748638163767,-18750000,4952341,6011714,6708187,0,0,0,0,0,0,0
1748638163867,-18750000,4981666,5956728,6708187,0,0,0,0,0,0,0
1748638163967,-18750000,4981666,5938402,6708187,0,0,0,0,0,0,0
1748638164067,-18750000,5003661,5956728,6708187,0,0,0,0,0,0,0
1748638164167,-18750000,5003661,5883416,6708187,0,0,0,0,0,0,0
1748638164267,-18750000,5032987,5901742,6726513,0,0,0,0,0,0,0
1748638164367,-18750000,5043984,5901742,6708183,0,0,0,0,0,0,0
1748638164467,-18750000,5040318,5883416,6689853,0,0,0,0,0,0,0
1748638164567,-18750000,5047649,5865086,6708179,0,0,0,0,0,0,0
1748638164667,-18750000,5051315,5901742,6781496,0,0,0,0,0,0,0
1748638164767,-18750000,5047649,5865086,6781496,0,0,0,0,0,0,0
1748638164867,-18750000,5043984,5920072,6781496,0,0,0,0,0,0,0
1748638164967,-18750000,5054981,5865085,6836482,0,0,0,0,0,0,0
1748638165067,-18750000,5051315,5938402,6836482,0,0,0,0,0,0,0
1748638165167,-18750000,5054981,5975058,6598214,0,0,0,0,0,0,0
1748638165267,-18750000,5043983,5975058,6249974,0,0,0,0,0,0,0
1748638165367,-18750000,5043983,5938398,5920064,0,0,0,0,0,0,0
1748638165467,-18750000,5051315,5883412,5480182,0,0,0,0,0,0,0
1748638165567,-18750000,5058646,5755113,4985317,0,0,0,0,0,0,0
1748638165667,-18750000,5047649,5755113,4472118,0,0,0,0,0,0,0
1748638165767,-18750000,5051315,5828425,3977253,0,0,0,0,0,0,0
1748638165867,-18750000,5032986,5865082,3464058,0,0,0,0,0,0,0
1748638165967,-18750000,5021989,5846752,2914203,0,0,0,0,0,0,0
1748638166067,-18750000,5003660,5791766,2455994,0,0,0,0,0,0,0
1748638166167,-18750000,4985333,5791766,2474320,0,0,0,0,0,0,0
1748638166267,-18750000,4959673,5773439,2639279,0,0,0,0,0,0,0
1748638166367,-18750000,4945010,5791769,2914207,0,0,0,0,0,0,0
1748638166467,-18750000,4923017,5883412,3280777,0,0,0,0,0,0,0
1748638166567,-18750000,4912019,5975054,3702329,0,0,0,0,0,0,0
1748638166667,-18750000,4901022,5956724,4087229,0,0,0,0,0,0,0
1748638166767,-18750000,4875362,5865082,4545438,0,0,0,0,0,0,0
1748638166867,-18750000,4879028,5791769,5040307,0,0,0,0,0,0,0
1748638166967,-18750000,4886359,5883412,5535176,0,0,0,0,0,0,0
1748638167067,-18750000,4904687,5920068,5975058,0,0,0,0,0,0,0
1748638167167,-18750000,4915684,5846756,6048374,0,0,0,0,0,0,0
1748638167267,-18750000,4941344,5846756,5901746,0,0,0,0,0,0,0
1748638167367,-18750000,4941344,5883412,5590162,0,0,0,0,0,0,0
1748638167467,-18750000,4956006,5883412,5241922,0,0,0,0,0,0,0
1748638167567,-18750000,4956006,5846756,4912012,0,0,0,0,0,0,0
1748638167667,-18750000,4959672,5773443,4765383,0,0,0,0,0,0,0
1748638167767,-18750000,4952341,5865086,4655414,0,0,0,0,0,0,0
1748638167867,-18750000,4941344,5883416,4563772,0,0,0,0,0,0,0
1748638167967,-18750000,4937679,5828429,4545442,0,0,0,0,0,0,0
1748638168067,-18750000,4945010,5755117,4508786,0,0,0,0,0,0,0
1748638168167,-18750000,4941345,5846759,4637084,0,0,0,0,0,0,0
1748638168267,-18750000,4923017,5755117,4948668,0,0,0,0,0,0,0
1748638168367,-18750000,4930348,5755117,5351891,0,0,0,0,0,0,0
1748638168467,-18750000,4926683,5736787,5755117,0,0,0,0,0,0,0
1748638168567,-18750000,4919351,5773443,6121683,0,0,0,0,0,0,0
1748638168667,-18750000,4945011,5718457,6304968,0,0,0,0,0,0,0
1748638168767,-18750000,4959673,5663471,6451593,0,0,0,0,0,0,0
1748638168867,-18750000,4988998,5700127,6561562,0,0,0,0,0,0,0
1748638168967,-18750000,4985332,5773443,6598218,0,0,0,0,0,0,0
1748638169067,-18750000,4974335,5755113,6671530,0,0,0,0,0,0,0
1748638169167,-18750000,4988998,5773439,6726513,0,0,0,0,0,0,0
1748638169267,-18750000,5003661,5810095,6726513,0,0,0,0,0,0,0
1748638169367,-18750000,5003661,5773439,6708187,0,0,0,0,0,0,0
1748638169467,-18750000,5025655,5810099,6763169,0,0,0,0,0,0,0
1748638169567,-18750000,5029321,5755113,6726513,0,0,0,0,0,0,0
1748638169667,-18750000,5018324,5865086,6561554,0,0,0,0,0,0,0
1748638169767,-18750000,5036652,5920072,6249974,0,0,0,0,0,0,0
1748638169867,-18750000,5036652,5846756,5828422,0,0,0,0,0,0,0
1748638169967,-18750000,5025656,5828426,5351883,0,0,0,0,0,0,0
1748638170067,-18750000,5018324,5846756,4985313,0,0,0,0,0,0,0
1748638170167,-18750000,5003662,5846756,4783702,0,0,0,0,0,0,0
1748638170267,-18750000,4988998,5920068,4673729,0,0,0,0,0,0,0
1748638170367,-18750000,4992664,5975054,4600417,0,0,0,0,0,0,0
1748638170467,-18750000,4963339,5975054,4545434,0,0,0,0,0,0,0
1748638170567,-18750000,4959673,6030040,4582091,0,0,0,0,0,0,0
1748638170667,-18750000,4948675,6048367,4765376,0,0,0,0,0,0,0
1748638170767,-18750000,4941344,6011710,5095286,0,0,0,0,0,0,0
1748638170867,-18750000,4923016,6066697,5461856,0,0,0,0,0,0,0
1748638170967,-18750000,4952341,6103353,5883412,0,0,0,0,0,0,0
1748638171067,-18750000,4948675,6121679,6176669,0,0,0,0,0,0,0
1748638171167,-18750000,4959672,6085023,6121683,0,0,0,0,0,0,0
1748638171267,-18750000,4948675,6066697,5975058,0,0,0,0,0,0,0
1748638171367,-18750000,4956007,6048367,5663474,0,0,0,0,0,0,0
1748638171467,-18750000,4974335,6066693,5260248,0,0,0,0,0,0,0
1748638171567,-18750000,4974335,6066693,4765379,0,0,0,0,0,0,0
1748638171667,-18750000,4988999,6011707,4288840,0,0,0,0,0,0,0
1748638171767,-18750000,4988999,6011707,3720659,0,0,0,0,0,0,0
1748638171867,-18750000,4974336,6048363,3244117,0,0,0,0,0,0,0
1748638171967,-18750000,4959674,5956721,2749248,0,0,0,0,0,0,0
1748638172067,-18750000,4948676,5956721,2309362,0,0,0,0,0,0,0
1748638172167,-18750000,4923016,5920064,2291036,0,0,0,0,0,0,0
1748638172267,-18750000,4919350,5883404,2382678,0,0,0,0,0,0,0
1748638172367,-18750000,4897356,5828418,2657602,0,0,0,0,0,0,0
1748638172467,-18750000,4875362,5773432,3042498,0,0,0,0,0,0,0
1748638172567,-18750000,4864366,5755106,3500711,0,0,0,0,0,0,0
1748638172667,-18750000,4838706,5773436,3977249,0,0,0,0,0,0,0
1748638172767,-18750000,4827709,5755106,4508774,0,0,0,0,0,0,0
1748638172867,-18750000,4849702,5608481,5003643,0,0,0,0,0,0,0
1748638172967,-18750000,4842371,5553498,5516838,0,0,0,0,0,0,0
1748638173067,-18750000,4853369,5553498,6011707,0,0,0,0,0,0,0
1748638173167,-18750000,4882694,5571825,6268304,0,0,0,0,0,0,0
1748638173267,-18750000,4897357,5626811,6396603,0,0,0,0,0,0,0
1748638173367,-18750000,4904688,5645141,6488246,0,0,0,0,0,0,0
1748638173467,-18750000,4908354,5718457,6561558,0,0,0,0,0,0,0
1748638173567,-18750000,4908354,5736783,6598214,0,0,0,0,0,0,0
1748638173667,-18750000,4923017,5718453,6653201,0,0,0,0,0,0,0
1748638173767,-18750000,4937679,5773439,6689857,0,0,0,0,0,0,0
1748638173867,-18750000,4923017,5883408,6708187,0,0,0,0,0,0,0
1748638173967,-18750000,4923017,6011707,6744843,0,0,0,0,0,0,0
1748638174067,-18750000,4930348,6066693,6763173,0,0,0,0,0,0,0
1748638174167,-18750000,4919350,6085023,6781499,0,0,0,0,0,0,0
1748638174267,-18750000,4912019,6121679,6836482,0,0,0,0,0,0,0
1748638174367,-18750000,4923017,6194992,6781499,0,0,0,0,0,0,0
1748638174467,-18750000,4959673,6176662,6689861,0,0,0,0,0,0,0
1748638174567,-18750000,4970669,6158336,6634878,0,0,0,0,0,0,0
1748638174667,-18750000,4981667,6231652,6469923,0,0,0,0,0,0,0
1748638174767,-18750000,4988999,6158339,6121683,0,0,0,0,0,0,0
1748638174867,-18750000,5014658,6158339,5736787,0,0,0,0,0,0,0
1748638174967,-18750000,5029321,6140009,5260248,0,0,0,0,0,0,0
1748638175067,-18750000,5029321,6140009,4802036,0,0,0,0,0,0,0
1748638175167,-18750000,5029321,6121679,4252184,0,0,0,0,0,0,0
1748638175267,-18750000,5036652,5975054,3684003,0,0,0,0,0,0,0
1748638175367,-18750000,5014658,5938398,3170804,0,0,0,0,0,0,0
1748638175467,-18750000,4978002,5883412,2767578,0,0,0,0,0,0,0
1748638175567,-18750000,4963339,5791769,2346022,0,0,0,0,0,0,0
1748638175667,-18750000,4934014,5736783,2236049,0,0,0,0,0,0,0
1748638175767,-18750000,4912019,5755109,2437661,0,0,0,0,0,0,0
1748638175867,-18750000,4879028,5645141,2749244,0,0,0,0,0,0,0
1748638175967,-18750000,4864366,5626814,3134144,0,0,0,0,0,0,0
1748638176067,-18750000,4838706,5516846,3592357,0,0,0,0,0,0,0
1748638176167,-18750000,4827709,5535176,4050569,0,0,0,0,0,0,0
1748638176267,-18750000,4831375,5608488,4545438,0,0,0,0,0,0,0
1748638176367,-18750000,4831375,5571832,5113619,0,0,0,0,0,0,0
1748638176467,-18750000,4842372,5571832,5608484,0,0,0,0,0,0,0
1748638176567,-18750000,4868032,5700131,6121679,0,0,0,0,0,0,0
1748638176667,-18750000,4871698,5663474,6341621,0,0,0,0,0,0,0
1748638176767,-18750000,4879029,5626818,6414937,0,0,0,0,0,0,0
1748638176867,-18750000,4912020,5681801,6524906,0,0,0,0,0,0,0
1748638176967,-18750000,4923016,5663471,6579888,0,0,0,0,0,0,0
1748638177067,-18750000,4956007,5736783,6579888,0,0,0,0,0,0,0
1748638177167,-18750000,4956007,5773439,6433259,0,0,0,0,0,0,0
1748638177267,-18750000,4952341,5810096,6121676,0,0,0,0,0,0,0
1748638177367,-18750000,4956007,5883408,5755109,0,0,0,0,0,0,0
1748638177467,-18750000,4945010,5938394,5333557,0,0,0,0,0,0,0
1748638177567,-18750000,4941344,5828422,4985317,0,0,0,0,0,0,0
1748638177667,-18750000,4941344,5865078,4838692,0,0,0,0,0,0,0
1748638177767,-18750000,4919351,5938394,4747049,0,0,0,0,0,0,0
1748638177867,-18750000,4901022,5901738,4655407,0,0,0,0,0,0,0
1748638177967,-18750000,4886360,5883408,4618750,0,0,0,0,0,0,0
1748638178067,-18750000,4864366,5920064,4545438,0,0,0,0,0,0,0
1748638178167,-18750000,4864366,5883408,4692067,0,0,0,0,0,0,0
1748638178267,-18750000,4860701,5883408,5058637,0,0,0,0,0,0,0
1748638178367,-18750000,4879029,5791766,5370221,0,0,0,0,0,0,0
1748638178467,-18750000,4882694,5791766,5755117,0,0,0,0,0,0,0
1748638178567,-18750000,4875363,5865082,6048374,0,0,0,0,0,0,0
1748638178667,-18750000,4893691,5810096,6231656,0,0,0,0,0,0,0
1748638178767,-18750000,4915685,5718453,6359954,0,0,0,0,0,0,0
1748638178867,-18750000,4919351,5791769,6378284,0,0,0,0,0,0,0
1748638178967,-18750000,4934013,5865086,6433271,0,0,0,0,0,0,0
1748638179067,-18750000,4948676,5791773,6433271,0,0,0,0,0,0,0
1748638179167,-18750000,4970669,5865086,6341628,0,0,0,0,0,0,0
1748638179267,-18750000,4985332,5865086,6030044,0,0,0,0,0,0,0
1748638179367,-18750000,4978001,5883416,5700131,0,0,0,0,0,0,0
1748638179467,-18750000,4996329,5865089,5296904,0,0,0,0,0,0,0
1748638179567,-18750000,4996329,5828429,4857022,0,0,0,0,0,0,0
1748638179667,-18750000,4974335,5920072,4288841,0,0,0,0,0,0,0
1748638179767,-18750000,4945010,5938398,3775642,0,0,0,0,0,0,0
1748638179867,-18750000,4937679,5975054,3262443,0,0,0,0,0,0,0
1748638179967,-18750000,4919351,5920068,2675932,0,0,0,0,0,0,0
1748638180067,-18750000,4897357,5993381,2272705,0,0,0,0,0,0,0
1748638180167,-18750000,4864366,5920068,2236045,0,0,0,0,0,0,0
1748638180267,-18750000,4835040,5846756,2382674,0,0,0,0,0,0,0
1748638180367,-18750000,4809380,5791769,2675928,0,0,0,0,0,0,0
1748638180467,-18750000,4787386,5755109,2950856,0,0,0,0,0,0,0
1748638180567,-18750000,4761727,5755109,3354082,0,0,0,0,0,0,0
1748638180667,-18750000,4776389,5700123,3830624,0,0,0,0,0,0,0
1748638180767,-18750000,4776389,5755109,4325493,0,0,0,0,0,0,0
1748638180867,-18750000,4787386,5681793,4820362,0,0,0,0,0,0,0
1748638180967,-18750000,4794717,5663463,5406873,0,0,0,0,0,0,0
1748638181067,-18750000,4802049,5681793,5810099,0,0,0,0,0,0,0
1748638181167,-18750000,4824043,5663463,5956728,0,0,0,0,0,0,0
1748638181267,-18750000,4838706,5700119,6048371,0,0,0,0,0,0,0
1748638181367,-18750000,4849703,5791762,6140013,0,0,0,0,0,0,0
1748638181467,-18750000,4846037,5828422,6323298,0,0,0,0,0,0,0
1748638181567,-18750000,4868032,5846752,6378281,0,0,0,0,0,0,0
1748638181667,-18750000,4857035,5901738,6469919,0,0,0,0,0,0,0
1748638181767,-18750000,4890026,5975051,6506576,0,0,0,0,0,0,0
1748638181867,-18750000,4886361,5938394,6524906,0,0,0,0,0,0,0
1748638181967,-18750000,4890026,5938394,6543232,0,0,0,0,0,0,0
1748638182067,-18750000,4904689,5920064,6634870,0,0,0,0,0,0,0
1748638182167,-18750000,4901023,5938394,6671527,0,0,0,0,0,0,0
1748638182267,-18750000,4904689,5993381,6726509,0,0,0,0,0,0,0
1748638182367,-18750000,4915685,5920068,6744839,0,0,0,0,0,0,0
1748638182467,-18750000,4945011,5938394,6708183,0,0,0,0,0,0,0
1748638182567,-18750000,4959673,5938394,6671527,0,0,0,0,0,0,0
1748638182667,-18750000,4970670,5846752,6451586,0,0,0,0,0,0,0
1748638182767,-18750000,4963339,5755109,6121676,0,0,0,0,0,0,0
1748638182867,-18750000,4952342,5810096,5773436,0,0,0,0,0,0,0
1748638182967,-18750000,4952342,5773439,5351883,0,0,0,0,0,0,0
1748638183067,-18750000,4948676,5736783,4985317,0,0,0,0,0,0,0
1748638183167,-18750000,4941344,5718453,4783706,0,0,0,0,0,0,0
1748638183267,-18750000,4948676,5663467,4673737,0,0,0,0,0,0,0
1748638183367,-18750000,4941344,5700123,4618750,0,0,0,0,0,0,0
1748638183467,-18750000,4930347,5718453,4563764,0,0,0,0,0,0,0
1748638183567,-18750000,4915685,5645141,4545438,0,0,0,0,0,0,0
1748638183667,-18750000,4923016,5700127,4747053,0,0,0,0,0,0,0
1748638183767,-18750000,4919350,5755113,5058637,0,0,0,0,0,0,0
1748638183867,-18750000,4941344,5791769,5370221,0,0,0,0,0,0,0
1748638183967,-18750000,4952342,5846756,5736791,0,0,0,0,0,0,0
1748638184067,-18750000,4945010,5883412,6066701,0,0,0,0,0,0,0
1748638184167,-18750000,4956007,5901742,6048371,0,0,0,0,0,0,0
1748638184267,-18750000,4952342,5865086,5865086,0,0,0,0,0,0,0
1748638184367,-18750000,4945010,5846756,5498516,0,0,0,0,0,0,0
1748638184467,-18750000,4930348,5810099,5113619,0,0,0,0,0,0,0
1748638184567,-18750000,4930348,5865082,4783706,0,0,0,0,0,0,0
1748638184667,-18750000,4912020,5901738,4582091,0,0,0,0,0,0,0
1748638184767,-18750000,4919351,5846752,4417136,0,0,0,0,0,0,0
1748638184867,-18750000,4897357,5846752,4398806,0,0,0,0,0,0,0
1748638184967,-18750000,4886359,5846752,4398806,0,0,0,0,0,0,0
1748638185067,-18750000,4893691,5846752,4343823,0,0,0,0,0,0,0
1748638185167,-18750000,4882694,5846752,4582094,0,0,0,0,0,0,0
1748638185267,-18750000,4886359,5828422,4875348,0,0,0,0,0,0,0
1748638185367,-18750000,4908353,5791766,5260248,0,0,0,0,0,0,0
1748638185467,-18750000,4919350,5810092,5718457,0,0,0,0,0,0,0
1748638185567,-18750000,4915684,5755109,6103353,0,0,0,0,0,0,0
1748638185667,-18750000,4926680,5626811,6286638,0,0,0,0,0,0,0
1748638185767,-18750000,4930346,5700127,6433263,0,0,0,0,0,0,0
1748638185867,-18750000,4952341,5645141,6488249,0,0,0,0,0,0,0
1748638185967,-18750000,4963338,5590154,6524906,0,0,0,0,0,0,0
1748638186067,-18750000,4967004,5608484,6579888,0,0,0,0,0,0,0
1748638186167,-18750000,4988998,5663470,6396603,0,0,0,0,0,0,0
1748638186267,-18750000,4985333,5755113,6140006,0,0,0,0,0,0,0
1748638186367,-18750000,4981667,5755113,5828422,0,0,0,0,0,0,0
1748638186467,-18750000,4985333,5755113,5388539,0,0,0,0,0,0,0
1748638186567,-18750000,4978002,5846755,5003643,0,0,0,0,0,0,0
1748638186667,-18750000,4974337,5993384,4875344,0,0,0,0,0,0,0
1748638186767,-18750000,4959674,5938398,4783702,0,0,0,0,0,0,0
1748638186867,-18750000,4941346,5938398,4728716,0,0,0,0,0,0,0
1748638186967,-18750000,4930348,5938398,4655403,0,0,0,0,0,0,0
1748638187067,-18750000,4912020,5938398,4655403,0,0,0,0,0,0,0
1748638187167,-18750000,4890026,5956724,4802032,0,0,0,0,0,0,0
1748638187267,-18750000,4886360,5975054,5113616,0,0,0,0,0,0,0
1748638187367,-18750000,4875363,6011711,5443526,0,0,0,0,0,0,0
1748638187467,-18750000,4879028,5883412,5883408,0,0,0,0,0,0,0
1748638187567,-18750000,4893691,5901738,6213322,0,0,0,0,0,0,0
1748638187667,-18750000,4897356,5883408,6158336,0,0,0,0,0,0,0
1748638187767,-18750000,4915684,5883408,5975054,0,0,0,0,0,0,0
1748638187867,-18750000,4908352,5883408,5681801,0,0,0,0,0,0,0
1748638187967,-18750000,4912018,5993381,5333557,0,0,0,0,0,0,0
1748638188067,-18750000,4923016,5901738,4985317,0,0,0,0,0,0,0
1748638188167,-18750000,4915684,5828426,4802032,0,0,0,0,0,0,0
1748638188267,-18750000,4897355,5791769,4600421,0,0,0,0,0,0,0
1748638188367,-18750000,4890024,5773443,4545438,0,0,0,0,0,0,0
1748638188467,-18750000,4875361,5901742,4508782,0,0,0,0,0,0,0
1748638188567,-18750000,4875361,5938398,4582094,0,0,0,0,0,0,0
1748638188667,-18750000,4868030,5828429,4747053,0,0,0,0,0,0,0
1748638188767,-18750000,4864365,5773443,5003651,0,0,0,0,0,0,0
1748638188867,-18750000,4875361,5810103,5425203,0,0,0,0,0,0,0
1748638188967,-18750000,4864364,5773447,5846759,0,0,0,0,0,0,0
1748638189067,-18750000,4879027,5828433,6176673,0,0,0,0,0,0,0
1748638189167,-18750000,4904687,5828433,6396614,0,0,0,0,0,0,0
1748638189267,-18750000,4919350,5846759,6543239,0,0,0,0,0,0,0
1748638189367,-18750000,4934012,5920072,6598222,0,0,0,0,0,0,0
1748638189467,-18750000,4956007,5920072,6598222,0,0,0,0,0,0,0
1748638189567,-18750000,4967004,5883416,6543236,0,0,0,0,0,0,0
1748638189667,-18750000,4992664,5865086,6378277,0,0,0,0,0,0,0
1748638189767,-18750000,4985333,5920072,6085019,0,0,0,0,0,0,0
1748638189867,-18750000,4985333,5846756,5700123,0,0,0,0,0,0,0
1748638189967,-18750000,4981667,5791769,5296897,0,0,0,0,0,0,0
1748638190067,-18750000,4967005,5736783,4948657,0,0,0,0,0,0,0
1748638190167,-18750000,4945011,5773439,4765372,0,0,0,0,0,0,0
1748638190267,-18750000,4934014,5718453,4673729,0,0,0,0,0,0,0
1748638190367,-18750000,4934014,5626810,4600417,0,0,0,0,0,0,0
1748638190467,-18750000,4893692,5626810,4582091,0,0,0,0,0,0,0
1748638190567,-18750000,4879029,5535168,4655403,0,0,0,0,0,0,0
1748638190667,-18750000,4857035,5608480,4783706,0,0,0,0,0,0,0
1748638190767,-18750000,4853369,5535168,5113619,0,0,0,0,0,0,0
1748638190867,-18750000,4853369,5645140,5388547,0,0,0,0,0,0,0
1748638190967,-18750000,4868032,5718453,5810099,0,0,0,0,0,0,0
1748638191067,-18750000,4868032,5755109,6176666,0,0,0,0,0,0,0
1748638191167,-18750000,4886360,5700123,6286638,0,0,0,0,0,0,0
1748638191267,-18750000,4886360,5700123,6414937,0,0,0,0,0,0,0
1748638191367,-18750000,4915686,5810096,6469923,0,0,0,0,0,0,0
1748638191467,-18750000,4934015,5810096,6524906,0,0,0,0,0,0,0
1748638191567,-18750000,4934015,5810096,6543236,0,0,0,0,0,0,0
1748638191667,-18750000,4945011,5883412,6616548,0,0,0,0,0,0,0
1748638191767,-18750000,4945011,5883412,6634874,0,0,0,0,0,0,0
1748638191867,-18750000,4956008,5956724,6671530,0,0,0,0,0,0,0
1748638191967,-18750000,4963340,5920068,6689860,0,0,0,0,0,0,0
1748638192067,-18750000,4985334,5920068,6689860,0,0,0,0,0,0,0
1748638192167,-18750000,4988999,6011711,6543232,0,0,0,0,0,0,0
1748638192267,-18750000,5007328,6011711,6213322,0,0,0,0,0,0,0
1748638192367,-18750000,5007328,6048371,5846752,0,0,0,0,0,0,0
1748638192467,-18750000,5014659,6048371,5351887,0,0,0,0,0,0,0
1748638192567,-18750000,5018324,6011714,5351887,0,0,0,0,0,0,0
1748638192667,-18750000,5025655,6011714,4765375,0,0,0,0,0,0,0
1748638192767,-18750000,5029321,6030044,4765375,0,0,0,0,0,0,0
1748638192867,-18750000,5040319,5993388,4655407,0,0,0,0,0,0,0
1748638192967,-18750000,5029321,5993388,4655407,0,0,0,0,0,0,0
1748638193067,-18750000,5007327,6011718,4563764,0,0,0,0,0,0,0
1748638193167,-18750000,5025655,5846763,4783705,0,0,0,0,0,0,0
1748638193267,-18750000,5018324,5883419,4783705,0,0,0,0,0,0,0
1748638193367,-18750000,5007327,5810103,5480185,0,0,0,0,0,0,0
1748638193467,-18750000,5018324,5755117,5480185,0,0,0,0,0,0,0
1748638193567,-18750000,5025656,5755117,6176669,0,0,0,0,0,0,0
1748638193667,-18750000,5014658,5791773,6176669,0,0,0,0,0,0,0
1748638193767,-18750000,5043984,5828429,6158339,0,0,0,0,0,0,0
1748638193867,-18750000,5032987,5718457,5956724,0,0,0,0,0,0,0
1748638193967,-18750000,5054981,5681801,5608484,0,0,0,0,0,0,0
1748638194067,-18750000,5058647,5645141,4820362,0,0,0,0,0,0,0
1748638194167,-18750000,5051316,5718453,4820362,0,0,0,0,0,0,0
1748638194267,-18750000,5043984,5718453,4655407,0,0,0,0,0,0,0
1748638194367,-18750000,5040318,5828426,4600421,0,0,0,0,0,0,0
1748638194467,-18750000,5036652,5810096,4453796,0,0,0,0,0,0,0
1748638194567,-18750000,5018324,5736783,4490452,0,0,0,0,0,0,0
1748638194667,-18750000,5010993,5736783,4508778,0,0,0,0,0,0,0
1748638194767,-18750000,4970670,5736783,4692063,0,0,0,0,0,0,0
1748638194867,-18750000,4974335,5883412,4985317,0,0,0,0,0,0,0
1748638194967,-18750000,4970669,5920068,5388543,0,0,0,0,0,0,0
1748638195067,-18750000,4967003,5975054,5828426,0,0,0,0,0,0,0
1748638195167,-18750000,4963337,6030040,6249978,0,0,0,0,0,0,0
1748638195267,-18750000,4967003,5938398,6378277,0,0,0,0,0,0,0
1748638195367,-18750000,4978001,5828425,6451589,0,0,0,0,0,0,0
1748638195467,-18750000,4970669,5883412,6671531,0,0,0,0,0,0,0
1748638195567,-18750000,4996329,5993380,6653201,0,0,0,0,0,0,0
1748638195667,-18750000,5003660,5938394,6653201,0,0,0,0,0,0,0
1748638195767,-18750000,5021989,5938394,6524902,0,0,0,0,0,0,0
1748638195867,-18750000,5032986,5975050,6194992,0,0,0,0,0,0,0
1748638195967,-18750000,5018324,5956720,5828422,0,0,0,0,0,0,0
1748638196067,-18750000,5025655,5975050,5406869,0,0,0,0,0,0,0
1748638196167,-18750000,5007327,6011707,4893674,0,0,0,0,0,0,0
1748638196267,-18750000,4999996,6103349,4417132,0,0,0,0,0,0,0
1748638196367,-18750000,4981667,6103349,3958923,0,0,0,0,0,0,0
1748638196467,-18750000,4963339,6121679,3354082,0,0,0,0,0,0,0
1748638196567,-18750000,4941344,6085023,2822557,0,0,0,0,0,0,0
1748638196667,-18750000,4945010,6066697,2437661,0,0,0,0,0,0,0
1748638196767,-18750000,4937679,5993381,2401004,0,0,0,0,0,0,0
1748638196867,-18750000,4904688,5901738,2620946,0,0,0,0,0,0,0
1748638196967,-18750000,4890025,5975054,2859217,0,0,0,0,0,0,0
1748638197067,-18750000,4860700,5846756,3207457,0,0,0,0,0,0,0
1748638197167,-18750000,4857034,5755113,3683996,0,0,0,0,0,0,0
1748638197267,-18750000,4842372,5645144,4197194,0,0,0,0,0,0,0
1748638197367,-18750000,4835041,5681801,4637077,0,0,0,0,0,0,0
1748638197467,-18750000,4849703,5645144,5150276,0,0,0,0,0,0,0
1748638197567,-18750000,4846038,5645144,5663474,0,0,0,0,0,0,0
1748638197667,-18750000,4831375,5718457,6121683,0,0,0,0,0,0,0
1748638197767,-18750000,4831375,5791773,6323294,0,0,0,0,0,0,0
1748638197867,-18750000,4849704,5828429,6433263,0,0,0,0,0,0,0
1748638197967,-18750000,4857035,5791773,6543232,0,0,0,0,0,0,0
1748638198067,-18750000,4882695,5846756,6671531,0,0,0,0,0,0,0
1748638198167,-18750000,4893692,5846756,6726517,0,0,0,0,0,0,0
1748638198267,-18750000,4893692,5901738,6744843,0,0,0,0,0,0,0
1748638198367,-18750000,4915686,5901738,6799825,0,0,0,0,0,0,0
1748638198467,-18750000,4923017,5901738,6763169,0,0,0,0,0,0,0
1748638198567,-18750000,4937680,5920068,6726513,0,0,0,0,0,0,0
1748638198667,-18750000,4963340,5956724,6708187,0,0,0,0,0,0,0
1748638198767,-18750000,4963340,5938394,6708187,0,0,0,0,0,0,0
1748638198867,-18750000,4974337,5938394,6708187,0,0,0,0,0,0,0
1748638198967,-18750000,4985333,5993377,6744843,0,0,0,0,0,0,0
1748638199067,-18750000,4992665,5993377,6689857,0,0,0,0,0,0,0
1748638199167,-18750000,4999996,6048363,6598214,0,0,0,0,0,0,0
1748638199267,-18750000,5021990,6085023,6433259,0,0,0,0,0,0,0
1748638199367,-18750000,5032987,6140009,6121679,0,0,0,0,0,0,0
1748638199467,-18750000,5036653,6213322,5755109,0,0,0,0,0,0,0
1748638199567,-18750000,5032987,6268304,5388539,0,0,0,0,0,0,0
1748638199667,-18750000,5029321,6176662,5021969,0,0,0,0,0,0,0
1748638199767,-18750000,5032986,6249974,4857014,0,0,0,0,0,0,0
1748638199867,-18750000,5007326,6213318,4728716,0,0,0,0,0,0,0
1748638199967,-18750000,5014658,6158336,4637077,0,0,0,0,0,0,0
1748638200067,-18750000,5003661,6231652,4563764,0,0,0,0,0,0,0
1748638200167,-18750000,4999995,6231652,4582094,0,0,0,0,0,0,0
1748638200267,-18750000,4992664,6194992,4673737,0,0,0,0,0,0,0
1748638200367,-18750000,4974335,6176666,4930334,0,0,0,0,0,0,0
1748638200467,-18750000,4974335,6194992,5278574,0,0,0,0,0,0,0
1748638200567,-18750000,4992664,6121679,5681801,0,0,0,0,0,0,0
1748638200667,-18750000,4985332,6158339,5993384,0,0,0,0,0,0,0
1748638200767,-18750000,4978001,6085027,5975054,0,0,0,0,0,0,0
1748638200867,-18750000,4996329,6103357,5736787,0,0,0,0,0,0,0
1748638200967,-18750000,4996329,6103357,5443529,0,0,0,0,0,0,0
1748638201067,-18750000,4996329,6048371,5131945,0,0,0,0,0,0,0
1748638201167,-18750000,4999995,5993384,4838688,0,0,0,0,0,0,0
1748638201267,-18750000,4996329,6011714,4710389,0,0,0,0,0,0,0
1748638201367,-18750000,4988998,5993384,4600417,0,0,0,0,0,0,0
1748638201467,-18750000,4978000,5938402,4527104,0,0,0,0,0,0,0
1748638201567,-18750000,4948675,5975058,4453788,0,0,0,0,0,0,0
1748638201667,-18750000,4956007,5920072,4472118,0,0,0,0,0,0,0
1748638201767,-18750000,4959673,5920072,4655403,0,0,0,0,0,0,0
1748638201867,-18750000,4952341,5810099,5021969,0,0,0,0,0,0,0
1748638201967,-18750000,4930347,5828426,5406865,0,0,0,0,0,0,0
1748638202067,-18750000,4937678,5828426,5791762,0,0,0,0,0,0,0
1748638202167,-18750000,4941344,5883412,6066689,0,0,0,0,0,0,0
1748638202267,-18750000,4945010,5938398,6011703,0,0,0,0,0,0,0
1748638202367,-18750000,4956007,5920068,5791762,0,0,0,0,0,0,0
1748638202467,-18750000,4948676,5883412,5535164,0,0,0,0,0,0,0
1748638202567,-18750000,4952341,5883412,5223580,0,0,0,0,0,0,0
1748638202667,-18750000,4945010,5883412,4857010,0,0,0,0,0,0,0
1748638202767,-18750000,4934012,5865086,4655399,0,0,0,0,0,0,0
1748638202867,-18750000,4923016,5975058,4490444,0,0,0,0,0,0,0
1748638202967,-18750000,4923016,5901746,4362145,0,0,0,0,0,0,0
1748638203067,-18750000,4912019,5883416,4270503,0,0,0,0,0,0,0
1748638203167,-18750000,4904688,5920072,4270503,0,0,0,0,0,0,0
1748638203267,-18750000,4886360,5828429,4453788,0,0,0,0,0,0,0
1748638203367,-18750000,4879028,5865089,4728715,0,0,0,0,0,0,0
1748638203467,-18750000,4897357,5883416,5076955,0,0,0,0,0,0,0
1748638203567,-18750000,4901023,5883416,5443525,0,0,0,0,0,0,0
1748638203667,-18750000,4882694,5901742,5828422,0,0,0,0,0,0,0
1748638203767,-18750000,4890026,5901742,6011707,0,0,0,0,0,0,0
1748638203867,-18750000,4904688,5901742,6103349,0,0,0,0,0,0,0
1748638203967,-18750000,4915685,5993384,6176665,0,0,0,0,0,0,0
1748638204067,-18750000,4945010,6085027,6249982,0,0,0,0,0,0,0
1748638204167,-18750000,4937679,6030044,6231655,0,0,0,0,0,0,0
1748638204267,-18750000,4963339,6121687,6085027,0,0,0,0,0,0,0
1748638204367,-18750000,4974335,6103357,5846755,0,0,0,0,0,0,0
1748638204467,-18750000,4978001,6121687,5461855,0,0,0,0,0,0,0
1748638204567,-18750000,4970670,6066701,5040303,0,0,0,0,0,0,0
1748638204667,-18750000,4981667,6121687,4655407,0,0,0,0,0,0,0
1748638204767,-18750000,4974336,6158343,4490448,0,0,0,0,0,0,0
1748638204867,-18750000,4970670,6140013,4398805,0,0,0,0,0,0,0
1748638204967,-18750000,4963339,6140013,4325489,0,0,0,0,0,0,0
1748638205067,-18750000,4926683,6030044,4270503,0,0,0,0,0,0,0
1748638205167,-18750000,4912020,5938402,4288829,0,0,0,0,0,0,0
1748638205267,-18750000,4890026,5865086,4453788,0,0,0,0,0,0,0
1748638205367,-18750000,4879030,5846756,4710389,0,0,0,0,0,0,0
1748638205467,-18750000,4860701,5810099,5076959,0,0,0,0,0,0,0
1748638205567,-18750000,4882695,5810099,5498512,0,0,0,0,0,0,0
1748638205667,-18750000,4882695,5810099,5828426,0,0,0,0,0,0,0
1748638205767,-18750000,4875364,5736783,5791769,0,0,0,0,0,0,0
1748638205867,-18750000,4864367,5773439,5571828,0,0,0,0,0,0,0
1748638205967,-18750000,4860701,5736783,5296904,0,0,0,0,0,0,0
1748638206067,-18750000,4860701,5791769,4912008,0,0,0,0,0,0,0
1748638206167,-18750000,4860701,5773439,4618754,0,0,0,0,0,0,0
1748638206267,-18750000,4860701,5736783,4398813,0,0,0,0,0,0,0
1748638206367,-18750000,4846038,5700127,4307171,0,0,0,0,0,0,0
1748638206467,-18750000,4835041,5626811,4197202,0,0,0,0,0,0,0
1748638206567,-18750000,4805715,5681797,4142216,0,0,0,0,0,0,0
1748638206667,-18750000,4802049,5590154,4123886,0,0,0,0,0,0,0
1748638206767,-18750000,4794718,5590154,4288844,0,0,0,0,0,0,0
1748638206867,-18750000,4798383,5553498,4600428,0,0,0,0,0,0,0
1748638206967,-18750000,4805714,5461856,4948668,0,0,0,0,0,0,0
1748638207067,-18750000,4816711,5406869,5333564,0,0,0,0,0,0,0
1748638207167,-18750000,4820376,5498512,5608492,0,0,0,0,0,0,0
1748638207267,-18750000,4831372,5553498,5791777,0,0,0,0,0,0,0
1748638207367,-18750000,4853367,5553498,5938402,0,0,0,0,0,0,0
1748638207467,-18750000,4868029,5590154,6066701,0,0,0,0,0,0,0
1748638207567,-18750000,4901021,5571828,6176673,0,0,0,0,0,0,0
1748638207667,-18750000,4908352,5608484,6213329,0,0,0,0,0,0,0
1748638207767,-18750000,4934012,5626814,6030044,0,0,0,0,0,0,0
1748638207867,-18750000,4934012,5553502,5736791,0,0,0,0,0,0,0
1748638207967,-18750000,4915684,5626814,5296908,0,0,0,0,0,0,0
1748638208067,-18750000,4897355,5700127,4930338,0,0,0,0,0,0,0
1748638208167,-18750000,4893690,5718457,4563768,0,0,0,0,0,0,0
1748638208267,-18750000,4875361,5755113,4453796,0,0,0,0,0,0,0
1748638208367,-18750000,4857033,5810099,4343827,0,0,0,0,0,0,0
1748638208467,-18750000,4849702,5828429,4215528,0,0,0,0,0,0,0
1748638208567,-18750000,4820376,5755113,4087229,0,0,0,0,0,0,0
1748638208667,-18750000,4794716,5755113,4050573,0,0,0,0,0,0,0
1748638208767,-18750000,4787385,5700127,4197198,0,0,0,0,0,0,0
1748638208867,-18750000,4769057,5755109,4472126,0,0,0,0,0,0,0
1748638208967,-18750000,4780054,5718453,4893678,0,0,0,0,0,0,0
1748638209067,-18750000,4798382,5663467,5278578,0,0,0,0,0,0,0
1748638209167,-18750000,4809380,5663467,5700131,0,0,0,0,0,0,0
1748638209267,-18750000,4813046,5645141,5846759,0,0,0,0,0,0,0
1748638209367,-18750000,4827708,5645141,5883416,0,0,0,0,0,0,0
1748638209467,-18750000,4827708,5626811,5975058,0,0,0,0,0,0,0
1748638209567,-18750000,4827708,5626811,5993384,0,0,0,0,0,0,0
1748638209667,-18750000,4853368,5645141,5975054,0,0,0,0,0,0,0
1748638209767,-18750000,4860699,5663471,6066697,0,0,0,0,0,0,0
1748638209867,-18750000,4886359,5736787,6066697,0,0,0,0,0,0,0
1748638209967,-18750000,4871696,5810099,6048371,0,0,0,0,0,0,0
1748638210067,-18750000,4860700,5755117,6085027,0,0,0,0,0,0,0
1748638210167,-18750000,4875362,5791773,6030044,0,0,0,0,0,0,0
1748638210267,-18750000,4890025,5718457,6011714,0,0,0,0,0,0,0
1748638210367,-18750000,4893691,5645144,6030044,0,0,0,0,0,0,0
1748638210467,-18750000,4915685,5681804,6085027,0,0,0,0,0,0,0
1748638210567,-18750000,4926682,5773447,6158343,0,0,0,0,0,0,0
1748638210667,-18750000,4923017,5736790,6249986,0,0,0,0,0,0,0
1748638210767,-18750000,4926683,5755117,6176673,0,0,0,0,0,0,0
1748638210867,-18750000,4930349,5681801,6213329,0,0,0,0,0,0,0
1748638210967,-18750000,4945011,5571832,6231656,0,0,0,0,0,0,0
1748638211067,-18750000,4959674,5626814,6213326,0,0,0,0,0,0,0
1748638211167,-18750000,4974336,5535172,6231652,0,0,0,0,0,0,0
1748638211267,-18750000,4996331,5608488,6213326,0,0,0,0,0,0,0
1748638211367,-18750000,4996331,5718457,6231652,0,0,0,0,0,0,0
1748638211467,-18750000,4985333,5736783,6194995,0,0,0,0,0,0,0
1748638211567,-18750000,4992664,5755113,6194995,0,0,0,0,0,0,0
1748638211667,-18750000,5018324,5810099,6121683,0,0,0,0,0,0,0
1748638211767,-18750000,5021990,5883416,6231652,0,0,0,0,0,0,0
1748638211867,-18750000,5029321,5883416,6213322,0,0,0,0,0,0,0
1748638211967,-18750000,5036653,6066697,6249978,0,0,0,0,0,0,0
1748638212067,-18750000,5043984,6121683,6213322,0,0,0,0,0,0,0
1748638212167,-18750000,5036653,6103353,6194996,0,0,0,0,0,0,0
1748638212267,-18750000,5021990,6030037,6030037,0,0,0,0,0,0,0
1748638212367,-18750000,5032987,5975050,5755109,0,0,0,0,0,0,0
1748638212467,-18750000,5047649,5938394,5443526,0,0,0,0,0,0,0
1748638212567,-18750000,5051315,5828422,5058626,0,0,0,0,0,0,0
1748638212667,-18750000,5018324,5791762,4673729,0,0,0,0,0,0,0
1748638212767,-18750000,4999995,5718446,4142204,0,0,0,0,0,0,0
1748638212867,-18750000,4978001,5755106,3702322,0,0,0,0,0,0,0
1748638212967,-18750000,4974336,5571824,3189127,0,0,0,0,0,0,0
1748638213067,-18750000,4952342,5516838,2675932,0,0,0,0,0,0,0
1748638213167,-18750000,4919351,5498512,2272705,0,0,0,0,0,0,0
1748638213267,-18750000,4893692,5516842,2309362,0,0,0,0,0,0,0
1748638213367,-18750000,4857035,5535172,2474321,0,0,0,0,0,0,0
1748638213467,-18750000,4827710,5516842,2675936,0,0,0,0,0,0,0
1748638213567,-18750000,4813047,5498516,2969193,0,0,0,0,0,0,0
1748638213667,-18750000,4816712,5425203,3372419,0,0,0,0,0,0,0
1748638213767,-18750000,4805715,5461863,3793976,0,0,0,0,0,0,0
1748638213867,-18750000,4805715,5370221,4197202,0,0,0,0,0,0,0
1748638213967,-18750000,4802049,5443533,4618754,0,0,0,0,0,0,0
1748638214067,-18750000,4820377,5480193,5186936,0,0,0,0,0,0,0
1748638214167,-18750000,4824042,5535176,5516846,0,0,0,0,0,0,0
1748638214267,-18750000,4824042,5571832,5480189,0,0,0,0,0,0,0
1748638214367,-18750000,4831373,5590162,5296904,0,0,0,0,0,0,0
1748638214467,-18750000,4816710,5553506,5095289,0,0,0,0,0,0,0
1748638214567,-18750000,4813045,5571832,4765376,0,0,0,0,0,0,0
1748638214667,-18750000,4794716,5663474,4398806,0,0,0,0,0,0,0
1748638214767,-18750000,4776388,5608488,4270507,0,0,0,0,0,0,0
1748638214867,-18750000,4743396,5645144,4105552,0,0,0,0,0,0,0
1748638214967,-18750000,4721402,5553502,4050569,0,0,0,0,0,0,0
1748638215067,-18750000,4677414,5498516,3958927,0,0,0,0,0,0,0
1748638215167,-18750000,4677414,5498516,3995583,0,0,0,0,0,0,0
1748638215267,-18750000,4666417,5425203,4142212,0,0,0,0,0,0,0
1748638215367,-18750000,4655420,5388543,4380479,0,0,0,0,0,0,0
1748638215467,-18750000,4659086,5425199,4692063,0,0,0,0,0,0,0
1748638215567,-18750000,4637092,5480186,5095289,0,0,0,0,0,0,0
1748638215667,-18750000,4644423,5553498,5443529,0,0,0,0,0,0,0
1748638215767,-18750000,4662751,5645141,5571828,0,0,0,0,0,0,0
1748638215867,-18750000,4695743,5590154,5773439,0,0,0,0,0,0,0
1748638215967,-18750000,4695743,5590154,5773439,0,0,0,0,0,0,0
1748638216067,-18750000,4695743,5590154,5773439,0,0,0,0,0,0,0
1748638216167,-18750000,4695743,5590154,5773439,0,0,0,0,0,0,0
1748638216267,-18750000,4695743,5590154,5773439,0,0,0,0,0,0,0
1748638216367,-18750000,4695743,5590154,5773439,0,0,0,0,0,0,0
1748638216467,-18750000,4695743,5590154,5773439,0,0,0,0,0,0,0
1748638216567,-18750000,4695743,5590154,5773439,0,0,0,0,0,0,0
1748638216667,-18750000,4695743,5590154,5773439,0,0,0,0,0,0,0
1748638216767,-18750000,4695743,5590154,5773439,0,0,0,0,0,0,0
1748638216867,-18750000,4699408,5626811,5828422,0,0,0,0,0,0,0
1748638216967,-18750000,4728734,5700123,5810092,0,0,0,0,0,0,0
1748638217067,-18750000,4736066,5773439,5755109,0,0,0,0,0,0,0
1748638217167,-18750000,4754395,5920064,5791766,0,0,0,0,0,0,0
1748638217267,-18750000,4765392,5883408,5810096,0,0,0,0,0,0,0
1748638217367,-18750000,4765392,5938394,5810096,0,0,0,0,0,0,0
1748638217467,-18750000,4783720,5956724,5736783,0,0,0,0,0,0,0
1748638217567,-18750000,4783720,5791769,5736783,0,0,0,0,0,0,0
1748638217667,-18750000,4805715,5718453,5718453,0,0,0,0,0,0,0
1748638217767,-18750000,4805715,5846752,5718453,0,0,0,0,0,0,0
1748638217867,-18750000,4805715,5883408,5718453,0,0,0,0,0,0,0
1748638217967,-18750000,4794718,5828422,5773439,0,0,0,0,0,0,0
1748638218067,-18750000,4794718,5755106,5883408,0,0,0,0,0,0,0
1748638218167,-18750000,4794718,5681793,5865082,0,0,0,0,0,0,0
1748638218267,-18750000,4798384,5700123,5901738,0,0,0,0,0,0,0
1748638218367,-18750000,4816712,5571824,5828426,0,0,0,0,0,0,0
1748638218467,-18750000,4816712,5608481,5828426,0,0,0,0,0,0,0
1748638218567,-18750000,4827709,5681793,5810096,0,0,0,0,0,0,0
1748638218667,-18750000,4831375,5700123,5755113,0,0,0,0,0,0,0
1748638218767,-18750000,4849703,5608481,5663471,0,0,0,0,0,0,0
1748638218867,-18750000,4860700,5626811,5626814,0,0,0,0,0,0,0
1748638218967,-18750000,4868032,5608484,5608484,0,0,0,0,0,0,0
1748638219067,-18750000,4857035,5553502,5553498,0,0,0,0,0,0,0
1748638219167,-18750000,4857035,5571832,5480182,0,0,0,0,0,0,0
1748638219267,-18750000,4864366,5516846,5480182,0,0,0,0,0,0,0
1748638219367,-18750000,4864366,5553502,5498508,0,0,0,0,0,0,0
1748638219467,-18750000,4868032,5480186,5480178,0,0,0,0,0,0,0
1748638219567,-18750000,4871698,5498516,5498508,0,0,0,0,0,0,0
1748638219667,-18750000,4849704,5443529,5571821,0,0,0,0,0,0,0
1748638219767,-18750000,4842373,5498516,5590151,0,0,0,0,0,0,0
1748638219867,-18750000,4849704,5461859,5626807,0,0,0,0,0,0,0
1748638219967,-18750000,4842372,5535172,5608481,0,0,0,0,0,0,0
1748638220067,-18750000,4842372,5590154,5645141,0,0,0,0,0,0,0
1748638220167,-18750000,4838706,5590154,5663471,0,0,0,0,0,0,0
1748638220267,-18750000,4835040,5663467,5571828,0,0,0,0,0,0,0
1748638220367,-18750000,4838705,5755109,5571828,0,0,0,0,0,0,0
1748638220467,-18750000,4846037,5773439,5590158,0,0,0,0,0,0,0
1748638220567,-18750000,4838705,5773439,5571828,0,0,0,0,0,0,0
1748638220667,-18750000,4853368,5846756,5571828,0,0,0,0,0,0,0
1748638220767,-18750000,4842371,5828426,5553498,0,0,0,0,0,0,0
1748638220867,-18750000,4853368,5865082,5516842,0,0,0,0,0,0,0
1748638220967,-18750000,4871697,5828426,5535168,0,0,0,0,0,0,0
1748638221067,-18750000,4879028,5865086,5498508,0,0,0,0,0,0,0
1748638221167,-18750000,4882694,5883412,5480178,0,0,0,0,0,0,0
1748638221267,-18750000,4897357,5828429,5480178,0,0,0,0,0,0,0
1748638221367,-18750000,4893691,5791773,5443522,0,0,0,0,0,0,0
1748638221467,-18750000,4897357,5791773,5461848,0,0,0,0,0,0,0
1748638221567,-18750000,4882693,5828429,5461848,0,0,0,0,0,0,0
1748638221667,-18750000,4864365,5828429,5406862,0,0,0,0,0,0,0
1748638221767,-18750000,4864365,5883416,5480178,0,0,0,0,0,0,0
1748638221867,-18750000,4849702,5901746,5498508,0,0,0,0,0,0,0
1748638221967,-18750000,4846037,5920076,5498508,0,0,0,0,0,0,0
1748638222067,-18750000,4842371,5956732,5461852,0,0,0,0,0,0,0
1748638222167,-18750000,4853368,5865089,5516838,0,0,0,0,0,0,0
1748638222267,-18750000,4842371,5865089,5535168,0,0,0,0,0,0,0
1748638222367,-18750000,4831374,5865089,5590154,0,0,0,0,0,0,0
1748638222467,-18750000,4813045,5791777,5571828,0,0,0,0,0,0,0
1748638222567,-18750000,4838705,5681808,5571828,0,0,0,0,0,0,0
1748638222667,-18750000,4853368,5663478,5608484,0,0,0,0,0,0,0
1748638222767,-18750000,4849702,5626822,5571824,0,0,0,0,0,0,0
1748638222867,-18750000,4864365,5535179,5590151,0,0,0,0,0,0,0
1748638222967,-18750000,4842370,5498519,5571824,0,0,0,0,0,0,0
1748638223067,-18750000,4860699,5480189,5608481,0,0,0,0,0,0,0
1748638223167,-18750000,4860699,5571832,5626811,0,0,0,0,0,0,0
1748638223267,-18750000,4879027,5590158,5590154,0,0,0,0,0,0,0
1748638223367,-18750000,4882693,5645144,5571824,0,0,0,0,0,0,0
1748638223467,-18750000,4882693,5681801,5590151,0,0,0,0,0,0,0
1748638223567,-18750000,4868031,5791769,5590151,0,0,0,0,0,0,0
1748638223667,-18750000,4864365,5736783,5590151,0,0,0,0,0,0,0
1748638223767,-18750000,4871696,5718453,5608481,0,0,0,0,0,0,0
1748638223867,-18750000,4857034,5828422,5608481,0,0,0,0,0,0,0
1748638223967,-18750000,4871697,5791765,5645137,0,0,0,0,0,0,0
1748638224067,-18750000,4864366,5773439,5681797,0,0,0,0,0,0,0
1748638224167,-18750000,4849703,5736783,5590155,0,0,0,0,0,0,0
1748638224267,-18750000,4827709,5791769,5645137,0,0,0,0,0,0,0
1748638224367,-18750000,4838705,5755113,5645137,0,0,0,0,0,0,0
1748638224467,-18750000,4853369,5773439,5608481,0,0,0,0,0,0,0
1748638224567,-18750000,4864366,5755113,5571824,0,0,0,0,0,0,0
1748638224667,-18750000,4857035,5791769,5590154,0,0,0,0,0,0,0
1748638224767,-18750000,4853369,5865086,5590154,0,0,0,0,0,0,0
1748638224867,-18750000,4846037,5755117,5571828,0,0,0,0,0,0,0
1748638224967,-18750000,4853369,5810103,5553498,0,0,0,0,0,0,0
1748638225067,-18750000,4835040,5736787,5498512,0,0,0,0,0,0,0
1748638225167,-18750000,4835040,5736787,5516838,0,0,0,0,0,0,0
1748638225267,-18750000,4816712,5736787,5480182,0,0,0,0,0,0,0
1748638225367,-18750000,4802049,5645144,5498512,0,0,0,0,0,0,0
1748638225467,-18750000,4791052,5700131,5535168,0,0,0,0,0,0,0
1748638225567,-18750000,4805714,5608488,5571824,0,0,0,0,0,0,0
1748638225667,-18750000,4809380,5626818,5516838,0,0,0,0,0,0,0
1748638225767,-18750000,4813046,5626818,5516838,0,0,0,0,0,0,0
1748638225867,-18750000,4835040,5681801,5498508,0,0,0,0,0,0,0
1748638225967,-18750000,4824043,5663471,5480182,0,0,0,0,0,0,0
1748638226067,-18750000,4820377,5681801,5443526,0,0,0,0,0,0,0
1748638226167,-18750000,4816711,5626814,5461856,0,0,0,0,0,0,0
1748638226267,-18750000,4838706,5626814,5498512,0,0,0,0,0,0,0
1748638226367,-18750000,4846037,5700127,5516842,0,0,0,0,0,0,0
1748638226467,-18750000,4842371,5626814,5516842,0,0,0,0,0,0,0
1748638226567,-18750000,4813045,5645141,5516842,0,0,0,0,0,0,0
1748638226667,-18750000,4827708,5681797,5553498,0,0,0,0,0,0,0
1748638226767,-18750000,4824043,5626811,5535168,0,0,0,0,0,0,0
1748638226867,-18750000,4816711,5681797,5516842,0,0,0,0,0,0,0
1748638226967,-18750000,4805714,5681797,5590154,0,0,0,0,0,0,0
1748638227067,-18750000,4835039,5736783,5608481,0,0,0,0,0,0,0
1748638227167,-18750000,4849703,5755113,5645137,0,0,0,0,0,0,0
1748638227267,-18750000,4838705,5810099,5590154,0,0,0,0,0,0,0
1748638227367,-18750000,4838705,5773443,5571824,0,0,0,0,0,0,0
1748638227467,-18750000,4831374,5828429,5590154,0,0,0,0,0,0,0
1748638227567,-18750000,4849703,5920072,5535172,0,0,0,0,0,0,0
1748638227667,-18750000,4820377,5846759,5571832,0,0,0,0,0,0,0
1748638227767,-18750000,4809380,5883415,5571832,0,0,0,0,0,0,0
1748638227867,-18750000,4816711,5883415,5645144,0,0,0,0,0,0,0
1748638227967,-18750000,4838705,5938402,5626818,0,0,0,0,0,0,0
1748638228067,-18750000,4824043,5865085,5681805,0,0,0,0,0,0,0
1748638228167,-18750000,4816712,5883412,5626818,0,0,0,0,0,0,0
1748638228267,-18750000,4813046,5901738,5663474,0,0,0,0,0,0,0
1748638228367,-18750000,4794717,5865082,5626818,0,0,0,0,0,0,0
1748638228467,-18750000,4813046,5883408,5626818,0,0,0,0,0,0,0
1748638228567,-18750000,4794717,5828422,5700131,0,0,0,0,0,0,0
1748638228667,-18750000,4809380,5865078,5645144,0,0,0,0,0,0,0
1748638228767,-18750000,4816711,5883408,5645144,0,0,0,0,0,0,0
1748638228867,-18750000,4794717,5828422,5626814,0,0,0,0,0,0,0
1748638228967,-18750000,4798382,5791766,5553498,0,0,0,0,0,0,0
1748638229067,-18750000,4813045,5865082,5553498,0,0,0,0,0,0,0
1748638229167,-18750000,4820376,5791769,5590154,0,0,0,0,0,0,0
1748638229267,-18750000,4827708,5736787,5608481,0,0,0,0,0,0,0
1748638229367,-18750000,4842371,5846756,5571824,0,0,0,0,0,0,0
1748638229467,-18750000,4849702,5810099,5571824,0,0,0,0,0,0,0
1748638229567,-18750000,4853368,5791773,5535168,0,0,0,0,0,0,0
1748638229667,-18750000,4846036,5773443,5553494,0,0,0,0,0,0,0
1748638229767,-18750000,4849702,5700127,5571824,0,0,0,0,0,0,0
1748638229867,-18750000,4853368,5645144,5516842,0,0,0,0,0,0,0
1748638229967,-18750000,4846037,5681801,5553498,0,0,0,0,0,0,0
1748638230067,-18750000,4831375,5700127,5480186,0,0,0,0,0,0,0
1748638230167,-18750000,4809380,5810099,5498516,0,0,0,0,0,0,0
1748638230267,-18750000,4813045,5810099,5516846,0,0,0,0,0,0,0
1748638230367,-18750000,4820377,5718457,5535172,0,0,0,0,0,0,0
1748638230467,-18750000,4824043,5736787,5571828,0,0,0,0,0,0,0
1748638230567,-18750000,4824043,5828429,5571828,0,0,0,0,0,0,0
1748638230667,-18750000,4846037,5828429,5590158,0,0,0,0,0,0,0
1748638230767,-18750000,4853369,5828429,5590158,0,0,0,0,0,0,0
1748638230867,-18750000,4857035,5883412,5626814,0,0,0,0,0,0,0
1748638230967,-18750000,4864366,5773443,5608488,0,0,0,0,0,0,0
1748638231067,-18750000,4864366,5718457,5700131,0,0,0,0,0,0,0
1748638231167,-18750000,4879029,5736783,5681801,0,0,0,0,0,0,0
1748638231267,-18750000,4875364,5700123,5590158,0,0,0,0,0,0,0
1748638231367,-18750000,4868032,5700123,5626814,0,0,0,0,0,0,0
1748638231467,-18750000,4849704,5663463,5553502,0,0,0,0,0,0,0
1748638231567,-18750000,4853370,5626807,5590158,0,0,0,0,0,0,0
1748638231667,-18750000,4835041,5645137,5608488,0,0,0,0,0,0,0
1748638231767,-18750000,4831375,5663467,5553502,0,0,0,0,0,0,0
1748638231867,-18750000,4838707,5663467,5553502,0,0,0,0,0,0,0
1748638231967,-18750000,4831375,5791766,5516846,0,0,0,0,0,0,0
1748638232067,-18750000,4831375,5791766,5498516,0,0,0,0,0,0,0
1748638232167,-18750000,4813047,5736779,5461859,0,0,0,0,0,0,0
1748638232267,-18750000,4816712,5773439,5535172,0,0,0,0,0,0,0
1748638232367,-18750000,4813046,5755113,5590158,0,0,0,0,0,0,0
1748638232467,-18750000,4838706,5810099,5626814,0,0,0,0,0,0,0
1748638232567,-18750000,4849703,5846756,5571828,0,0,0,0,0,0,0
1748638232667,-18750000,4853369,5791769,5535168,0,0,0,0,0,0,0
1748638232767,-18750000,4838706,5810099,5553498,0,0,0,0,0,0,0
1748638232867,-18750000,4831375,5810099,5535168,0,0,0,0,0,0,0
1748638232967,-18750000,4838706,5736783,5590151,0,0,0,0,0,0,0
1748638233067,-18750000,4838706,5736783,5553494,0,0,0,0,0,0,0
1748638233167,-18750000,4857034,5736783,5608481,0,0,0,0,0,0,0
1748638233267,-18750000,4842372,5736783,5571824,0,0,0,0,0,0,0
1748638233367,-18750000,4849703,5828426,5571824,0,0,0,0,0,0,0
1748638233467,-18750000,4831375,5736783,5553494,0,0,0,0,0,0,0
1748638233567,-18750000,4831375,5681797,5590151,0,0,0,0,0,0,0
1748638233667,-18750000,4835040,5608484,5608481,0,0,0,0,0,0,0
1748638233767,-18750000,4857034,5608484,5645137,0,0,0,0,0,0,0
1748638233867,-18750000,4871696,5626814,5700123,0,0,0,0,0,0,0
1748638233967,-18750000,4857034,5700131,5663467,0,0,0,0,0,0,0
1748638234067,-18750000,4857034,5700131,5663467,0,0,0,0,0,0,0
1748638234167,-18750000,4857034,5700131,5663467,0,0,0,0,0,0,0
1748638234267,-18750000,4857034,5700131,5663467,0,0,0,0,0,0,0
1748638234367,-18750000,4857034,5700131,5663467,0,0,0,0,0,0,0
1748638234467,-18750000,4857034,5700131,5663467,0,0,0,0,0,0,0
1748638234567,-18750000,4857034,5700131,5663467,0,0,0,0,0,0,0
1748638234667,-18750000,4857034,5700131,5663467,0,0,0,0,0,0,0
1748638234767,-18750000,4857034,5700131,5663467,0,0,0,0,0,0,0
1748638234867,-18750000,4857034,5700131,5663467,0,0,0,0,0,0,0
1748638234967,-18750000,4849703,5718461,5645137,0,0,0,0,0,0,0
1748638235067,-18750000,4849703,5736791,5645137,0,0,0,0,0,0,0
1748638235167,-18750000,4868031,5736791,5700123,0,0,0,0,0,0,0
1748638235267,-18750000,4860700,5736791,5810096,0,0,0,0,0,0,0
1748638235367,-18750000,4860700,5755121,5956724,0,0,0,0,0,0,0
1748638235467,-18750000,4875363,5626822,6103353,0,0,0,0,0,0,0
1748638235567,-18750000,4868032,5718464,6176666,0,0,0,0,0,0,0
1748638235667,-18750000,4868032,5626822,6249978,0,0,0,0,0,0,0
1748638235767,-18750000,4853369,5626822,6323291,0,0,0,0,0,0,0
1748638235867,-18750000,4860701,5553506,6414933,0,0,0,0,0,0,0
1748638235967,-18750000,4886360,5516849,6524906,0,0,0,0,0,0,0
1748638236067,-18750000,4901023,5553506,6561562,0,0,0,0,0,0,0
1748638236167,-18750000,4901023,5443533,6598218,0,0,0,0,0,0,0
1748638236267,-18750000,4919351,5406873,6524902,0,0,0,0,0,0,0
1748638236367,-18750000,4941346,5461859,6433259,0,0,0,0,0,0,0
1748638236467,-18750000,4923017,5590158,6323291,0,0,0,0,0,0,0
1748638236567,-18750000,4941346,5718457,6323291,0,0,0,0,0,0,0
1748638236667,-18750000,4956009,5773439,6304964,0,0,0,0,0,0,0
1748638236767,-18750000,4981669,5773439,6304964,0,0,0,0,0,0,0
1748638236867,-18750000,4996331,5828426,6286638,0,0,0,0,0,0,0
1748638236967,-18750000,5014660,5883412,6286638,0,0,0,0,0,0,0
1748638237067,-18750000,5014660,5865086,6286638,0,0,0,0,0,0,0
1748638237167,-18750000,5025656,6030041,6323294,0,0,0,0,0,0,0
1748638237267,-18750000,5043985,6085027,6323294,0,0,0,0,0,0,0
1748638237367,-18750000,5032988,6085027,6341624,0,0,0,0,0,0,0
1748638237467,-18750000,5043984,6194996,6359951,0,0,0,0,0,0,0
1748638237567,-18750000,5032987,6030041,6268308,0,0,0,0,0,0,0
1748638237667,-18750000,5032987,5975058,6249978,0,0,0,0,0,0,0
1748638237767,-18750000,5021990,5993388,6176666,0,0,0,0,0,0,0
1748638237867,-18750000,5032987,5993388,6213322,0,0,0,0,0,0,0
1748638237967,-18750000,5010992,6048371,6121679,0,0,0,0,0,0,0
1748638238067,-18750000,5010992,5938398,6103353,0,0,0,0,0,0,0
1748638238167,-18750000,5018324,5846756,6066697,0,0,0,0,0,0,0
1748638238267,-18750000,4996330,5810099,6066697,0,0,0,0,0,0,0
1748638238367,-18750000,4996330,5755113,6030041,0,0,0,0,0,0,0
1748638238467,-18750000,4985333,5681801,6011714,0,0,0,0,0,0,0
1748638238567,-18750000,4992664,5736783,6066701,0,0,0,0,0,0,0
1748638238667,-18750000,4992664,5846752,6048374,0,0,0,0,0,0,0
1748638238767,-18750000,4996330,5828422,6085031,0,0,0,0,0,0,0
1748638238867,-18750000,4985333,5828422,6085031,0,0,0,0,0,0,0
1748638238967,-18750000,4996330,5755109,6140017,0,0,0,0,0,0,0
1748638239067,-18750000,4996330,5865082,6140017,0,0,0,0,0,0,0
1748638239167,-18750000,4999995,5956724,6158347,0,0,0,0,0,0,0
1748638239267,-18750000,4992664,5993381,6066704,0,0,0,0,0,0,0
1748638239367,-18750000,4988998,6066693,6103361,0,0,0,0,0,0,0
1748638239467,-18750000,4985332,6066693,6140017,0,0,0,0,0,0,0
1748638239567,-18750000,4996329,6048367,6121691,0,0,0,0,0,0,0
1748638239667,-18750000,4996329,6066697,6066704,0,0,0,0,0,0,0
1748638239767,-18750000,4988998,6085027,5865093,0,0,0,0,0,0,0
1748638239867,-18750000,5003661,6066701,5553509,0,0,0,0,0,0,0
1748638239967,-18750000,5003661,6085031,5223596,0,0,0,0,0,0,0
1748638240067,-18750000,5007326,6103357,4875352,0,0,0,0,0,0,0
1748638240167,-18750000,4988998,6011714,4453796,0,0,0,0,0,0,0
1748638240267,-18750000,4999995,5956728,4087229,0,0,0,0,0,0,0
1748638240367,-18750000,4999995,5846759,3629017,0,0,0,0,0,0,0
1748638240467,-18750000,5003661,5791773,3060836,0,0,0,0,0,0,0
1748638240567,-18750000,4988999,5901742,2602623,0,0,0,0,0,0,0
1748638240667,-18750000,4952342,5828426,2254383,0,0,0,0,0,0,0
1748638240767,-18750000,4952342,5773439,2217727,0,0,0,0,0,0,0
1748638240867,-18750000,4908353,5663467,2346025,0,0,0,0,0,0,0
1748638240967,-18750000,4893691,5645137,2639279,0,0,0,0,0,0,0
1748638241067,-18750000,4882694,5461852,2914207,0,0,0,0,0,0,0
1748638241167,-18750000,4882694,5461852,3280777,0,0,0,0,0,0,0
1748638241267,-18750000,4868032,5498512,3647343,0,0,0,0,0,0,0
1748638241367,-18750000,4864367,5480182,4032239,0,0,0,0,0,0,0
1748638241467,-18750000,4871698,5498512,4545434,0,0,0,0,0,0,0
1748638241567,-18750000,4868032,5425199,4966987,0,0,0,0,0,0,0
1748638241667,-18750000,4886360,5388543,5333553,0,0,0,0,0,0,0
1748638241767,-18750000,4879029,5406869,5571821,0,0,0,0,0,0,0
1748638241867,-18750000,4897358,5553498,5681789,0,0,0,0,0,0,0
1748638241967,-18750000,4904689,5553498,5700119,0,0,0,0,0,0,0
1748638242067,-18750000,4893692,5700127,5791762,0,0,0,0,0,0,0
1748638242167,-18750000,4890026,5626814,5810092,0,0,0,0,0,0,0
1748638242267,-18750000,4901023,5645141,5865078,0,0,0,0,0,0,0
1748638242367,-18750000,4904688,5681797,5901738,0,0,0,0,0,0,0
1748638242467,-18750000,4901022,5681797,5883408,0,0,0,0,0,0,0
1748638242567,-18750000,4897357,5736783,5938394,0,0,0,0,0,0,0
1748638242667,-18750000,4901022,5773439,5993381,0,0,0,0,0,0,0
1748638242767,-18750000,4908353,5773439,5993381,0,0,0,0,0,0,0
1748638242867,-18750000,4908353,5663467,5993381,0,0,0,0,0,0,0
1748638242967,-18750000,4901022,5681797,6030037,0,0,0,0,0,0,0
1748638243067,-18750000,4912019,5663467,5993381,0,0,0,0,0,0,0
1748638243167,-18750000,4923016,5810096,6011707,0,0,0,0,0,0,0
1748638243267,-18750000,4926682,5736783,6011707,0,0,0,0,0,0,0
1748638243367,-18750000,4926682,5736783,6048363,0,0,0,0,0,0,0
1748638243467,-18750000,4926682,5791769,6103349,0,0,0,0,0,0,0
1748638243567,-18750000,4952342,5755113,6085023,0,0,0,0,0,0,0
1748638243667,-18750000,4952342,5773443,6048367,0,0,0,0,0,0,0
1748638243767,-18750000,4952342,5773443,5901738,0,0,0,0,0,0,0
1748638243867,-18750000,4959673,5773443,5626814,0,0,0,0,0,0,0
1748638243967,-18750000,4948675,5718457,5296904,0,0,0,0,0,0,0
1748638244067,-18750000,4945009,5700130,4930334,0,0,0,0,0,0,0
1748638244167,-18750000,4934013,5681800,4545438,0,0,0,0,0,0,0
1748638244267,-18750000,4915684,5718457,4343827,0,0,0,0,0,0,0
1748638244367,-18750000,4915684,5700131,4215528,0,0,0,0,0,0,0
1748638244467,-18750000,4908353,5663474,4105559,0,0,0,0,0,0,0
1748638244567,-18750000,4879027,5645144,4068899,0,0,0,0,0,0,0
1748638244667,-18750000,4882693,5608488,4068899,0,0,0,0,0,0,0
1748638244767,-18750000,4871697,5663474,4160542,0,0,0,0,0,0,0
1748638244867,-18750000,4849702,5755117,4453796,0,0,0,0,0,0,0
1748638244967,-18750000,4857034,5773443,4692063,0,0,0,0,0,0,0
1748638245067,-18750000,4838705,5810099,5058633,0,0,0,0,0,0,0
1748638245167,-18750000,4831374,5718457,5443529,0,0,0,0,0,0,0
1748638245267,-18750000,4838705,5700127,5663471,0,0,0,0,0,0,0
1748638245367,-18750000,4831374,5773439,5755113,0,0,0,0,0,0,0
1748638245467,-18750000,4838705,5755109,5828426,0,0,0,0,0,0,0
1748638245567,-18750000,4857034,5791766,5865086,0,0,0,0,0,0,0
1748638245667,-18750000,4849703,5791766,5901742,0,0,0,0,0,0,0
1748638245767,-18750000,4846037,5828422,5901742,0,0,0,0,0,0,0
1748638245867,-18750000,4860700,5828422,5956728,0,0,0,0,0,0,0
1748638245967,-18750000,4860700,5883408,5993384,0,0,0,0,0,0,0
1748638246067,-18750000,4879028,5846752,5975054,0,0,0,0,0,0,0
1748638246167,-18750000,4882694,5865082,5956728,0,0,0,0,0,0,0
1748638246267,-18750000,4886360,5846755,5920072,0,0,0,0,0,0,0
1748638246367,-18750000,4882694,5828425,5975054,0,0,0,0,0,0,0
1748638246467,-18750000,4886360,5755113,6048367,0,0,0,0,0,0,0
1748638246567,-18750000,4890026,5681800,6066693,0,0,0,0,0,0,0
1748638246667,-18750000,4908354,5755113,6011707,0,0,0,0,0,0,0
1748638246767,-18750000,4912020,5645144,5920064,0,0,0,0,0,0,0
1748638246867,-18750000,4930349,5626818,5571824,0,0,0,0,0,0,0
1748638246967,-18750000,4926683,5571832,5296901,0,0,0,0,0,0,0
1748638247067,-18750000,4915686,5590158,5003647,0,0,0,0,0,0,0
1748638247167,-18750000,4912021,5700127,4673733,0,0,0,0,0,0,0
1748638247267,-18750000,4897357,5773439,4508774,0,0,0,0,0,0,0
1748638247367,-18750000,4879029,5736783,4307163,0,0,0,0,0,0,0
1748638247467,-18750000,4871698,5791766,4178864,0,0,0,0,0,0,0
1748638247567,-18750000,4842373,5865078,4142208,0,0,0,0,0,0,0
1748638247667,-18750000,4824044,5791766,4142208,0,0,0,0,0,0,0
1748638247767,-18750000,4824044,5810092,4233850,0,0,0,0,0,0,0
1748638247867,-18750000,4805716,5791762,4563760,0,0,0,0,0,0,0
1748638247967,-18750000,4794719,5810092,4857014,0,0,0,0,0,0,0
1748638248067,-18750000,4798385,5700123,5186928,0,0,0,0,0,0,0
1748638248167,-18750000,4794719,5681797,5516842,0,0,0,0,0,0,0
1748638248267,-18750000,4809382,5645141,5718457,0,0,0,0,0,0,0
1748638248367,-18750000,4820378,5681797,5828426,0,0,0,0,0,0,0
1748638248467,-18750000,4813047,5736783,5901742,0,0,0,0,0,0,0
1748638248567,-18750000,4831376,5700127,5883412,0,0,0,0,0,0,0
1748638248667,-18750000,4824044,5645141,5956728,0,0,0,0,0,0,0
1748638248767,-18750000,4831376,5700127,5975058,0,0,0,0,0,0,0
1748638248867,-18750000,4827710,5681797,5938402,0,0,0,0,0,0,0
1748638248967,-18750000,4853369,5663467,5920072,0,0,0,0,0,0,0
1748638249067,-18750000,4860701,5700123,5938398,0,0,0,0,0,0,0
1748638249167,-18750000,4853369,5681793,5938398,0,0,0,0,0,0,0
1748638249267,-18750000,4849703,5718449,5920068,0,0,0,0,0,0,0
1748638249367,-18750000,4871698,5681793,5975054,0,0,0,0,0,0,0
1748638249467,-18750000,4864366,5681793,6011711,0,0,0,0,0,0,0
1748638249567,-18750000,4871697,5626807,6066697,0,0,0,0,0,0,0
1748638249667,-18750000,4879028,5718449,6066697,0,0,0,0,0,0,0
1748638249767,-18750000,4890025,5700123,6103353,0,0,0,0,0,0,0
1748638249867,-18750000,4901022,5663467,6103353,0,0,0,0,0,0,0
1748638249967,-18750000,4901022,5681797,6140013,0,0,0,0,0,0,0
1748638250067,-18750000,4908353,5736783,6158343,0,0,0,0,0,0,0
1748638250167,-18750000,4937678,5736783,6140013,0,0,0,0,0,0,0
1748638250267,-18750000,4948675,5626814,6158343,0,0,0,0,0,0,0
1748638250367,-18750000,4941344,5663471,6140017,0,0,0,0,0,0,0
1748638250467,-18750000,4963339,5700127,6066701,0,0,0,0,0,0,0
1748638250567,-18750000,4967004,5736783,6085031,0,0,0,0,0,0,0
1748638250667,-18750000,4956007,5718453,6030044,0,0,0,0,0,0,0
1748638250767,-18750000,4952341,5736779,5901746,0,0,0,0,0,0,0
1748638250867,-18750000,4956007,5791766,5700134,0,0,0,0,0,0,0
1748638250967,-18750000,4948676,5773436,5333564,0,0,0,0,0,0,0
1748638251067,-18750000,4934013,5791762,4912008,0,0,0,0,0,0,0
1748638251167,-18750000,4930348,5736776,4563768,0,0,0,0,0,0,0
1748638251267,-18750000,4919351,5828418,4307171,0,0,0,0,0,0,0
1748638251367,-18750000,4923016,5791762,4197198,0,0,0,0,0,0,0
1748638251467,-18750000,4919350,5755106,4215528,0,0,0,0,0,0,0
1748638251567,-18750000,4901022,5700123,4142212,0,0,0,0,0,0,0
1748638251667,-18750000,4904688,5700123,4178868,0,0,0,0,0,0,0
1748638251767,-18750000,4897357,5645137,4307167,0,0,0,0,0,0,0
1748638251867,-18750000,4886360,5645137,4490448,0,0,0,0,0,0,0
1748638251967,-18750000,4879029,5590154,4820358,0,0,0,0,0,0,0
1748638252067,-18750000,4897357,5645141,5260241,0,0,0,0,0,0,0
1748638252167,-18750000,4890026,5645141,5590151,0,0,0,0,0,0,0
1748638252267,-18750000,4886361,5645141,5828418,0,0,0,0,0,0,0
1748638252367,-18750000,4871698,5736783,5938391,0,0,0,0,0,0,0
1748638252467,-18750000,4860702,5663471,5956721,0,0,0,0,0,0,0
1748638252567,-18750000,4875364,5773439,5975051,0,0,0,0,0,0,0
1748638252667,-18750000,4882696,5773439,5938394,0,0,0,0,0,0,0
1748638252767,-18750000,4871698,5755113,5975051,0,0,0,0,0,0,0
1748638252867,-18750000,4875364,5791769,6011711,0,0,0,0,0,0,0
1748638252967,-18750000,4864366,5846752,6066697,0,0,0,0,0,0,0
1748638253067,-18750000,4860700,5846752,5993384,0,0,0,0,0,0,0
1748638253167,-18750000,4846037,5956724,6066701,0,0,0,0,0,0,0
1748638253267,-18750000,4842371,5883408,6048374,0,0,0,0,0,0,0
1748638253367,-18750000,4849702,5846752,6066701,0,0,0,0,0,0,0
1748638253467,-18750000,4864365,5883408,6030041,0,0,0,0,0,0,0
1748638253567,-18750000,4860699,5846752,6048371,0,0,0,0,0,0,0
1748638253667,-18750000,4868030,5920068,6121683,0,0,0,0,0,0,0
1748638253767,-18750000,4904687,6011711,6030041,0,0,0,0,0,0,0
1748638253867,-18750000,4897356,5956724,5993381,0,0,0,0,0,0,0
1748638253967,-18750000,4934013,6011711,6011711,0,0,0,0,0,0,0
1748638254067,-18750000,4937679,5993384,6048367,0,0,0,0,0,0,0
1748638254167,-18750000,4956007,5883412,5975051,0,0,0,0,0,0,0
1748638254267,-18750000,4981667,5993384,6030033,0,0,0,0,0,0,0
1748638254367,-18750000,4992664,5920072,6048363,0,0,0,0,0,0,0
1748638254467,-18750000,4988998,6030041,6121679,0,0,0,0,0,0,0
1748638254567,-18750000,4996330,6030041,6121679,0,0,0,0,0,0,0
1748638254667,-18750000,4985333,5956724,6030037,0,0,0,0,0,0,0
1748638254767,-18750000,4967004,5883408,5938394,0,0,0,0,0,0,0
1748638254867,-18750000,4967004,5883408,5736783,0,0,0,0,0,0,0
1748638254967,-18750000,4945010,5901738,5315227,0,0,0,0,0,0,0
1748638255067,-18750000,4934012,5883408,4912001,0,0,0,0,0,0,0
1748638255167,-18750000,4930347,5920068,4618747,0,0,0,0,0,0,0
1748638255267,-18750000,4923016,5846752,4380479,0,0,0,0,0,0,0
1748638255367,-18750000,4923016,5920064,4252181,0,0,0,0,0,0,0
1748638255467,-18750000,4912019,5791766,4105552,0,0,0,0,0,0,0
1748638255567,-18750000,4893692,5791766,4013909,0,0,0,0,0,0,0
1748638255667,-18750000,4886360,5773439,4013909,0,0,0,0,0,0,0
1748638255767,-18750000,4868032,5663471,4123882,0,0,0,0,0,0,0
1748638255867,-18750000,4860700,5681801,4380479,0,0,0,0,0,0,0
1748638255967,-18750000,4857035,5718457,4747049,0,0,0,0,0,0,0
1748638256067,-18750000,4849704,5700127,5095289,0,0,0,0,0,0,0
1748638256167,-18750000,4842373,5681797,5406873,0,0,0,0,0,0,0
1748638256267,-18750000,4831375,5681797,5553498,0,0,0,0,0,0,0
1748638256367,-18750000,4820378,5626811,5663467,0,0,0,0,0,0,0
1748638256467,-18750000,4816712,5626811,5791766,0,0,0,0,0,0,0
1748638256567,-18750000,4835040,5626811,5901734,0,0,0,0,0,0,0
1748638256667,-18750000,4831374,5773436,5883408,0,0,0,0,0,0,0
1748638256767,-18750000,4846036,5846748,5681797,0,0,0,0,0,0,0
1748638256867,-18750000,4849702,5773436,5333557,0,0,0,0,0,0,0
1748638256967,-18750000,4838705,5626807,5040303,0,0,0,0,0,0,0
1748638257067,-18750000,4846037,5590151,4673737,0,0,0,0,0,0,0
1748638257167,-18750000,4846037,5571821,4380483,0,0,0,0,0,0,0
1748638257267,-18750000,4827708,5608481,4270514,0,0,0,0,0,0,0
1748638257367,-18750000,4824043,5663467,4105559,0,0,0,0,0,0,0
1748638257467,-18750000,4813046,5681797,4050573,0,0,0,0,0,0,0
1748638257567,-18750000,4780055,5626811,3995587,0,0,0,0,0,0,0
1748638257667,-18750000,4780055,5461856,4013913,0,0,0,0,0,0,0
1748638257767,-18750000,4758061,5498512,4197194,0,0,0,0,0,0,0
1748638257867,-18750000,4750729,5553494,4453792,0,0,0,0,0,0,0
1748638257967,-18750000,4761726,5571824,4728716,0,0,0,0,0,0,0
1748638258067,-18750000,4758061,5626811,5095282,0,0,0,0,0,0,0
1748638258167,-18750000,4743398,5571828,5425192,0,0,0,0,0,0,0
1748638258267,-18750000,4754395,5553498,5590147,0,0,0,0,0,0,0
1748638258367,-18750000,4754395,5535168,5755102,0,0,0,0,0,0,0
1748638258467,-18750000,4754395,5571824,5810088,0,0,0,0,0,0,0
1748638258567,-18750000,4769058,5571824,5865074,0,0,0,0,0,0,0
1748638258667,-18750000,4780055,5626811,5901734,0,0,0,0,0,0,0
1748638258767,-18750000,4805715,5516842,5993377,0,0,0,0,0,0,0
1748638258867,-18750000,4802050,5516842,6066693,0,0,0,0,0,0,0
1748638258967,-18750000,4798384,5480186,6066693,0,0,0,0,0,0,0
1748638259067,-18750000,4802049,5461856,6158336,0,0,0,0,0,0,0
1748638259167,-18750000,4827709,5443526,6103349,0,0,0,0,0,0,0
1748638259267,-18750000,4831375,5498512,6121679,0,0,0,0,0,0,0
1748638259367,-18750000,4842371,5480186,6103353,0,0,0,0,0,0,0
1748638259467,-18750000,4871697,5443529,6048367,0,0,0,0,0,0,0
1748638259567,-18750000,4879028,5480186,6048367,0,0,0,0,0,0,0
1748638259667,-18750000,4864366,5571828,6011707,0,0,0,0,0,0,0
1748638259767,-18750000,4864366,5700127,5956724,0,0,0,0,0,0,0
1748638259867,-18750000,4875363,5700127,5938394,0,0,0,0,0,0,0
1748638259967,-18750000,4882694,5700127,5993381,0,0,0,0,0,0,0
1748638260067,-18750000,4897357,5700127,5920068,0,0,0,0,0,0,0
1748638260167,-18750000,4897357,5810099,5920068,0,0,0,0,0,0,0
1748638260267,-18750000,4897357,5810099,5920068,0,0,0,0,0,0,0
1748638260367,-18750000,4897357,5810099,5920068,0,0,0,0,0,0,0
1748638260467,-18750000,4897357,5810099,5920068,0,0,0,0,0,0,0
1748638260567,-18750000,4897357,5810099,5920068,0,0,0,0,0,0,0
1748638260667,-18750000,4897357,5810099,5920068,0,0,0,0,0,0,0
1748638260767,-18750000,4897357,5810099,5920068,0,0,0,0,0,0,0
1748638260867,-18750000,4897357,5810099,5920068,0,0,0,0,0,0,0
1748638260967,-18750000,4897357,5810099,5920068,0,0,0,0,0,0,0
1748638261067,-18750000,4897357,5810099,5920068,0,0,0,0,0,0,0
1748638261167,-18750000,4897357,5810099,5920068,0,0,0,0,0,0,0
1748638261267,-18750000,4857035,5645141,5828422,0,0,0,0,0,0,0
1748638261367,-18750000,4831375,5681797,5700123,0,0,0,0,0,0,0
1748638261467,-18750000,4820378,5736783,5443526,0,0,0,0,0,0,0
1748638261567,-18750000,4827709,5553498,5278571,0,0,0,0,0,0,0
1748638261667,-18750000,4798383,5535168,4966987,0,0,0,0,0,0,0
1748638261767,-18750000,4776389,5498512,4728716,0,0,0,0,0,0,0
1748638261867,-18750000,4758060,5535168,4435462,0,0,0,0,0,0,0
1748638261967,-18750000,4714072,5535168,4197191,0,0,0,0,0,0,0
1748638262067,-18750000,4673750,5498508,3922267,0,0,0,0,0,0,0
1748638262167,-18750000,4662752,5443526,3610683,0,0,0,0,0,0,0
1748638262267,-18750000,4640758,5553494,3317429,0,0,0,0,0,0,0
1748638262367,-18750000,4633426,5443526,3152474,0,0,0,0,0,0,0
1748638262467,-18750000,4604101,5370213,3097488,0,0,0,0,0,0,0
1748638262567,-18750000,4585772,5406869,2950859,0,0,0,0,0,0,0
1748638262667,-18750000,4560112,5351887,2932529,0,0,0,0,0,0,0
1748638262767,-18750000,4545450,5333561,2895873,0,0,0,0,0,0,0
1748638262867,-18750000,4512459,5315231,2895873,0,0,0,0,0,0,0
1748638262967,-18750000,4486799,5296904,2822560,0,0,0,0,0,0,0
1748638263067,-18750000,4464805,5186936,2804230,0,0,0,0,0,0,0
1748638263167,-18750000,4417151,5205262,2895873,0,0,0,0,0,0,0
1748638263267,-18750000,4406153,5113619,2895873,0,0,0,0,0,0,0
1748638263367,-18750000,4373162,5131945,2895873,0,0,0,0,0,0,0
1748638263467,-18750000,4347502,5113615,2895873,0,0,0,0,0,0,0
1748638263567,-18750000,4310845,5150272,2932533,0,0,0,0,0,0,0
1748638263667,-18750000,4288851,5076955,2969189,0,0,0,0,0,0,0
1748638263767,-18750000,4263191,5058625,2950863,0,0,0,0,0,0,0
1748638263867,-18750000,4244863,5076955,2859220,0,0,0,0,0,0,0
1748638263967,-18750000,4226534,4966983,2877550,0,0,0,0,0,0,0
1748638264067,-18750000,4186212,4985309,2840894,0,0,0,0,0,0,0
1748638264167,-18750000,4175216,5003639,2712596,0,0,0,0,0,0,0
1748638264267,-18750000,4138559,5040299,2712596,0,0,0,0,0,0,0
1748638264367,-18750000,4109234,5021973,2749252,0,0,0,0,0,0,0
1748638264467,-18750000,4079908,4966987,2785908,0,0,0,0,0,0,0
1748638264567,-18750000,4046917,4820362,2785908,0,0,0,0,0,0,0
1748638264667,-18750000,4002929,4912004,2785908,0,0,0,0,0,0,0
1748638264767,-18750000,3969937,4930334,2767578,0,0,0,0,0,0,0
1748638264867,-18750000,3922283,4912004,2804234,0,0,0,0,0,0,0
1748638264967,-18750000,3885626,4893678,2804234,0,0,0,0,0,0,0
1748638265067,-18750000,3859967,4912008,2859220,0,0,0,0,0,0,0
1748638265167,-18750000,3812312,4838692,2914207,0,0,0,0,0,0,0
1748638265267,-18750000,3782987,4692063,2914207,0,0,0,0,0,0,0
1748638265367,-18750000,3742664,4655403,2914207,0,0,0,0,0,0,0
1748638265467,-18750000,3695011,4600421,2877550,0,0,0,0,0,0,0
1748638265567,-18750000,3665685,4637077,2804234,0,0,0,0,0,0,0
1748638265667,-18750000,3636359,4582091,2804234,0,0,0,0,0,0,0
1748638265767,-18750000,3603368,4490448,2767578,0,0,0,0,0,0,0
1748638265867,-18750000,3585040,4398806,2785908,0,0,0,0,0,0,0
1748638265967,-18750000,3548383,4362149,2730922,0,0,0,0,0,0,0
1748638266067,-18750000,3526388,4307163,2749248,0,0,0,0,0,0,0
1748638266167,-18750000,3508060,4270507,2749248,0,0,0,0,0,0,0
1748638266267,-18750000,3482400,4362149,2749248,0,0,0,0,0,0,0
1748638266367,-18750000,3431081,4270510,2712592,0,0,0,0,0,0,0
1748638266467,-18750000,3409086,4160538,2749248,0,0,0,0,0,0,0
1748638266567,-18750000,3376095,4123882,2822564,0,0,0,0,0,0,0
1748638266667,-18750000,3350435,4050569,2767578,0,0,0,0,0,0,0
1748638266767,-18750000,3317444,3995583,2822564,0,0,0,0,0,0,0
1748638266867,-18750000,3280788,3995583,2767578,0,0,0,0,0,0,0
1748638266967,-18750000,3255128,4013909,2840890,0,0,0,0,0,0,0
1748638267067,-18750000,3218471,3922267,2804234,0,0,0,0,0,0,0
1748638267167,-18750000,3196478,3885611,2785904,0,0,0,0,0,0,0
1748638267267,-18750000,3159821,3793968,2785904,0,0,0,0,0,0,0
1748638267367,-18750000,3145158,3757308,2785904,0,0,0,0,0,0,0
1748638267467,-18750000,3097505,3830624,2712592,0,0,0,0,0,0,0
1748638267567,-18750000,3038854,3885607,2694262,0,0,0,0,0,0,0
1748638267667,-18750000,3009528,3848950,2657605,0,0,0,0,0,0,0
1748638267767,-18750000,2980202,3867280,2657605,0,0,0,0,0,0,0
1748638267867,-18750000,2954542,3812298,2694262,0,0,0,0,0,0,0
1748638267967,-18750000,2925216,3812298,2620949,0,0,0,0,0,0,0
1748638268067,-18750000,2877563,3885614,2565963,0,0,0,0,0,0,0
1748638268167,-18750000,2833574,3830628,2565963,0,0,0,0,0,0,0
1748638268267,-18750000,2774923,3793972,2510977,0,0,0,0,0,0,0
1748638268367,-18750000,2738266,3793972,2455991,0,0,0,0,0,0,0
1748638268467,-18750000,2738266,3793972,2455991,0,0,0,0,0,0,0
1748638268567,-18750000,2738266,3793972,2455991,0,0,0,0,0,0,0
1748638268667,-18750000,2738266,3793972,2455991,0,0,0,0,0,0,0
1748638268767,-18750000,2738266,3793972,2455991,0,0,0,0,0,0,0
1748638268867,-18750000,2738266,3793972,2455991,0,0,0,0,0,0,0
1748638268967,-18750000,2738266,3793972,2455991,0,0,0,0,0,0,0
1748638269067,-18750000,2738266,3793972,2455991,0,0,0,0,0,0,0
1748638269167,-18750000,2738266,3793972,2455991,0,0,0,0,0,0,0
1748638269267,-18750000,2738266,3793972,2455991,0,0,0,0,0,0,0
1748638269367,-18750000,2738266,3793972,2455991,0,0,0,0,0,0,0
1748638269467,-18750000,2646623,3464058,2474321,0,0,0,0,0,0,0
1748638269567,-18750000,2576975,3409072,2474321,0,0,0,0,0,0,0
1748638269667,-18750000,2510993,3390742,2474321,0,0,0,0,0,0,0
1748638269767,-18750000,2452343,3335756,2565963,0,0,0,0,0,0,0
1748638269867,-18750000,2390026,3299099,2694262,0,0,0,0,0,0,0
1748638269967,-18750000,2360700,3152471,2895877,0,0,0,0,0,0,0
1748638270067,-18750000,2331374,3225787,3060832,0,0,0,0,0,0,0
1748638270167,-18750000,2338706,3097488,3317429,0,0,0,0,0,0,0
1748638270267,-18750000,2327709,3097488,3574027,0,0,0,0,0,0,0
1748638270367,-18750000,2338706,3244117,3848951,0,0,0,0,0,0,0
1748638270467,-18750000,2393692,3335759,4032236,0,0,0,0,0,0,0
1748638270567,-18750000,2441346,3445732,4343819,0,0,0,0,0,0,0
1748638270667,-18750000,2499997,3372419,4563761,0,0,0,0,0,0,0
1748638270767,-18750000,2551316,3354089,4710389,0,0,0,0,0,0,0
1748638270867,-18750000,2551316,3409076,4893674,0,0,0,0,0,0,0
1748638270967,-18750000,2672284,3555704,4966987,0,0,0,0,0,0,0
1748638271067,-18750000,2672284,3482388,5076959,0,0,0,0,0,0,0
1748638271167,-18750000,2804248,3702329,5186932,0,0,0,0,0,0,0
1748638271267,-18750000,2892225,3793972,5241918,0,0,0,0,0,0,0
1748638271367,-18750000,2892225,3812302,5223592,0,0,0,0,0,0,0
1748638271467,-18750000,3009526,3793976,5296904,0,0,0,0,0,0,0
1748638271567,-18750000,3009526,3812302,5333561,0,0,0,0,0,0,0
1748638271667,-18750000,3104834,3977257,5315231,0,0,0,0,0,0,0
1748638271767,-18750000,3104834,4142212,5315231,0,0,0,0,0,0,0
1748638271867,-18750000,3163486,4142212,5278574,0,0,0,0,0,0,0
1748638271967,-18750000,3229469,4160538,5370217,0,0,0,0,0,0,0
1748638272067,-18750000,3284454,4160538,5370217,0,0,0,0,0,0,0
1748638272167,-18750000,3361432,4343819,5315231,0,0,0,0,0,0,0
1748638272267,-18750000,3361432,4343819,5315231,0,0,0,0,0,0,0
1748638272367,-18750000,3394423,4343819,5351887,0,0,0,0,0,0,0
1748638272467,-18750000,3427414,4398802,5351887,0,0,0,0,0,0,0
1748638272567,-18750000,3467737,4398802,5351887,0,0,0,0,0,0,0
1748638272667,-18750000,3519056,4417132,5406873,0,0,0,0,0,0,0
1748638272767,-18750000,3555712,4417132,5406873,0,0,0,0,0,0,0
1748638272867,-18750000,3599701,4545434,5516838,0,0,0,0,0,0,0
1748638272967,-18750000,3614363,4545434,5498508,0,0,0,0,0,0,0
1748638273067,-18750000,3643689,4563764,5498508,0,0,0,0,0,0,0
1748638273167,-18750000,3676681,4600424,5553494,0,0,0,0,0,0,0
1748638273267,-18750000,3717004,4637084,5553494,0,0,0,0,0,0,0
1748638273367,-18750000,3731667,4728723,5553494,0,0,0,0,0,0,0
1748638273467,-18750000,3775655,4820366,5553494,0,0,0,0,0,0,0
1748638273567,-18750000,3790319,4893682,5645137,0,0,0,0,0,0,0
1748638273667,-18750000,3808647,4948668,5645137,0,0,0,0,0,0,0
1748638273767,-18750000,3845304,5003654,5626807,0,0,0,0,0,0,0
1748638273867,-18750000,3870964,4912012,5700123,0,0,0,0,0,0,0
1748638273967,-18750000,3933280,4838696,5700123,0,0,0,0,0,0,0
1748638274067,-18750000,3966271,4875352,5700123,0,0,0,0,0,0,0
1748638274167,-18750000,4010260,4857022,5700123,0,0,0,0,0,0,0
1748638274267,-18750000,4043251,4912004,5773436,0,0,0,0,0,0,0
1748638274367,-18750000,4072576,4948664,5810092,0,0,0,0,0,0,0
1748638274467,-18750000,4087239,4930338,5791762,0,0,0,0,0,0,0
1748638274567,-18750000,4134892,4948664,5700119,0,0,0,0,0,0,0
1748638274667,-18750000,4178881,4838692,5736779,0,0,0,0,0,0,0
1748638274767,-18750000,4197209,4820362,5718449,0,0,0,0,0,0,0
1748638274867,-18750000,4237531,4985317,5718449,0,0,0,0,0,0,0
1748638274967,-18750000,4255860,5040303,5681793,0,0,0,0,0,0,0
1748638275067,-18750000,4281520,5076959,5626807,0,0,0,0,0,0,0
1748638275167,-18750000,4303514,5113616,5681793,0,0,0,0,0,0,0
1748638275267,-18750000,4310845,5058633,5645137,0,0,0,0,0,0,0
1748638275367,-18750000,4336505,5040303,5681797,0,0,0,0,0,0,0
1748638275467,-18750000,4380493,5076959,5736783,0,0,0,0,0,0,0
1748638275567,-18750000,4380493,5076959,5736783,0,0,0,0,0,0,0
1748638275667,-18750000,4380493,5076959,5736783,0,0,0,0,0,0,0
1748638275767,-18750000,4380493,5076959,5736783,0,0,0,0,0,0,0
1748638275867,-18750000,4380493,5076959,5736783,0,0,0,0,0,0,0
1748638275967,-18750000,4380493,5076959,5736783,0,0,0,0,0,0,0
1748638276067,-18750000,4380493,5076959,5736783,0,0,0,0,0,0,0
1748638276167,-18750000,4380493,5076959,5736783,0,0,0,0,0,0,0
1748638276267,-18750000,4380493,5076959,5736783,0,0,0,0,0,0,0
1748638276367,-18750000,4380493,5076959,5736783,0,0,0,0,0,0,0
1748638276467,-18750000,4417150,5113616,5773439,0,0,0,0,0,0,0
1748638276567,-18750000,4453807,5296901,5718453,0,0,0,0,0,0,0
1748638276667,-18750000,4508792,5333557,5700127,0,0,0,0,0,0,0
1748638276767,-18750000,4512458,5333557,5553502,0,0,0,0,0,0,0
1748638276867,-18750000,4523456,5370213,5315231,0,0,0,0,0,0,0
1748638276967,-18750000,4530787,5351887,5168606,0,0,0,0,0,0,0
1748638277067,-18750000,4516124,5406873,4893678,0,0,0,0,0,0,0
